:10000000C8AB0020AD3D0200D9E40300993D0200D9
:10001000993D0200993D0200993D0200993D020080
:100020000000000000000000000000004D3F020042
:10003000993D020000000000A93E0200993D020027
:100040007D4102007D4102007D4102007D410200B0
:100050007D4102007D4102007D4102007D410200A0
:100060007D4102007D4102007D4102007D41020090
:100070007D4102007D4102007D4102007D41020080
:100080007D4102007D4102007D4102007D41020070
:100090007D4102007D4102007D4102007D41020060
:1000A0007D4102007D4102007D4102007D41020050
:1000B0007D4102007D4102007D4102007D41020040
:1000C0007D4102007D4102007D4102007D41020030
:1000D0007D4102007D4102007D4102007D41020020
:1000E0007D4102007D4102007D4102007D41020010
:1000F0007D4102007D4102007D4102007D41020000
:100100007D4102007D4102007D4102007D410200EF
:100110007D4102007D4102007D4102007D410200DF
:100120007D4102007D4102007D4102007D410200CF
:100130007D4102007D4102007D4102007D410200BF
:100140007D4102007D4102007D4102007D410200AF
:100150007D4102007D4102007D4102007D4102009F
:100160007D4102007D4102007D4102007D4102008F
:100170007D4102007D4102007D4102007D4102007F
:100180007D4102007D4102007D4102007D4102006F
:100190007D4102007D4102007D4102007D4102005F
:1001A0007D4102007D4102007D4102007D4102004F
:1001B0007D4102007D4102007D4102007D4102003F
:1001C0007D4102007D4102007D4102007D4102002F
:1001D0007D4102007D4102007D4102007D4102001F
:1001E0007D4102007D4102007D4102007D4102000F
:1001F0007D4102007D4102007D4102007D410200FF
:100200007D4102007D4102007D4102007D410200EE
:100210007D4102007D4102007D4102007D410200DE
:100220007D4102007D4102007D4102007D410200CE
:100230007D4102007D4102007D4102007D410200BE
:100240007D4102007D4102007D4102007D410200AE
:100250007D410200931704007D4102007D410200B0
:100260007D4102007D4102007D1704007D410200B6
:100270007D4102007D4102007D4102007D4102007E
:100280007D4102007D4102007D4102007D4102006E
:100290007D4102007D4102007D4102007D4102005E
:1002A0007D4102007D4102007D4102007D4102004E
:1002B0007D4102007D4102007D4102007D4102003E
:1002C0007D4102007D4102007D4102007D4102002E
:1002D0007D4102007D4102007D4102007D4102001E
:1002E0007D4102007D4102007D4102007D4102000E
:1002F0007D4102007D4102007D4102007D410200FE
:100300007D4102007D4102007D4102007D410200ED
:100310007D4102007D4102007D4102007D410200DD
:100320007D4102007D4102007D4102007D410200CD
:100330007D4102007D4102007D4102007D410200BD
:100340007D4102007D4102007D4102007D410200AD
:100350007D4102007D4102007D4102007D4102009D
:100360007D4102007D4102007D4102007D4102008D
:100370007D4102007D4102007D4102007D4102007D
:100380007D4102007D4102007D4102007D4102006D
:100390007D4102007D4102007D4102007D4102005D
:1003A0007D4102007D4102007D4102007D4102004D
:1003B0007D4102007D4102007D4102007D4102003D
:1003C0007D4102007D4102007D4102007D4102002D
:1003D0007D410200671704007D4102007D4102005B
:1003E0007D4102007D4102007D4102007D4102000D
:1003F0007D4102007D4102007D4102007D410200FD
:100400007D4102007D4102007D4102007D410200EC
:100410007D4102007D4102007D4102007D410200DC
:100420007D4102007D4102007D4102007D410200CC
:100430007D4102007D4102007D4102007D410200BC
:100440007D4102007D4102007D4102007D410200AC
:100450007D4102007D4102007D4102007D4102009C
:100460007D4102007D4102007D4102007D4102008C
:0C0470007D4102007D4102007D41020040
:10048000054B00221B78826001330260034A426000
:10049000C371FF2303727047800C002080010800A5
:1004A000064A074B02604FF424729B788280082230
:1004B000C371002382710372704700BFADD4010085
:1004C000800C0020084B094A1B7892F828201B0258
:1004D0000749C27103F52E7301608380082383717D
:1004E000FF230372704700BFB00D0020800C002076
:1004F00089830100074A9378D2781344064A026040
:100500004FF4BA72C371FF23828004220372827196
:10051000704700BF800C00209F830100064A93783B
:10052000D2781344002282600260044A4260C371A0
:10053000FF230372704700BF800C0020700008008A
:1005400008B50122094B83F82A2005F00BFA08F0C0
:10055000FDF81AF07EFA06490D2000F0C3FC0549AB
:100560000E20BDE8084000F0BDBC00BF800C00209C
:10057000C5040000F50400002DE9F341C41D002866
:10058000064624F007040CBF0020204600F0BCFC07
:10059000071E04DA6FF00B0002B0BDE8F081374DA2
:1005A000E988A88803316B7A03302A7A89B280B24D
:1005B00016F032FB0028EDDB3C44A978EB78002EE6
:1005C00004F10304194424F0030400FB01F10CBFFF
:1005D0000020204600F046FE20440EB90028D9DB5A
:1005E000EA7A0446B2B1EB7B697C13441944FF29D3
:1005F000D0D80330002EAA89C9B220F003040CBF62
:100600000020204600F0A0FE0028C3DB04440EB901
:10061000002CBFDB012000F06DFCB0B1A97BA1B1C3
:1006200095F82B3033B340234FF481720734002EFA
:1006300024F007040CBF0020204604F0C1F8002875
:10064000A8DB04440EB9002CA4DBAB7AFBB1EB7A37
:10065000B3B10734002EA97A24F007040CBF0020A0
:1006600020460AF043F9002894DB04447EB9002CAC
:100670000DDA8FE725232822D8E700BF800C002061
:10068000012000F037FC10B1AB7B002BE1D1734BA4
:100690001B6893B1A97D81B10334002EEA7D24F05B
:1006A00003040CBF0020204698470028FFF672AFD5
:1006B000044416B9002CFFF66DAF694B1B688BB173
:1006C000297C79B10334002E24F003040CBF0020F0
:1006D000204698470028FFF65DAF044416B9002C69
:1006E000FFF658AF5F4B1F68B7B1697CA1B1033407
:1006F000002E2B7D24F0030408BF0020009318BFB8
:100700002046EB7CAA7CB8470028FFF643AF0444A0
:1007100016B9002CFFF63EAF072000F0EBFB98B1B6
:10072000A97D89B10334002E2A7E24F003040CBF76
:100730000020204600F0DEFE0028FFF62BAF044428
:1007400016B9002CFFF626AFB6FA86F795F8230007
:100750007F09A0B103346B7FA97E24F007041944FC
:100760003B4644F00404C9B2224600F003FF0028CF
:10077000FFF610AF044416B9002CFFF60BAF95F846
:10078000241000294CD004F10708002EEA8C28F030
:1007900007080CBF0020404616F052FA041EFFF670
:1007A000F9AE4444002E3ED1002CFFF6F3AEA97FF3
:1007B000002945D095F82230002B41D02A8C0734EF
:1007C000002E02F1240224F007080CBF002040464E
:1007D00092B216F035FA0028FFF6DCAE404416B9A6
:1007E0000028FFF6D7AE03302B7FA97E20F007004C
:1007F00019443B4640F0040495F82200C9B2224651
:1008000000F0AAFE0028FFF6C5AE044486B9002C0D
:10081000FFF6C0AEEB6AF3B1C6B1EC620020BBE6F6
:10082000002EC4D08846E98C40460EF02BFDBEE772
:100830002A8C4046A97F083292B20EF029FDE9E7E2
:10084000002EE7D0002211461046F6E728343FF587
:10085000A1AE2046A0E6002EE0D1FAE77C1A0020E7
:10086000801A0020841A00201FB572B6194B1C6B29
:10087000ECB9BFF34F8F1849184BCA6802F4E06215
:100880001343CB60BFF34F8F00BFFDE7B2FBF6F21F
:100890002B465D1C002AF9D1DBB203F110056D4433
:1008A00005F80C2C0A2233B901A8A047E1E702465B
:1008B00000230A26EDE7013BDBB203F110050DEB47
:1008C0000506B0FBF2F502FB1500303006F80C0C03
:1008D0002846E8E7800C002000ED00E00400FA055F
:1008E00013B5124C68462389ADF80030E388ADF8A3
:1008F0000430A388ADF8023007F0C6FA18B1FC2125
:100900009C20FFF7B1FF207D07F014FB08B1FF2109
:10091000F6E7E07C07F008FB10B14FF48071EFE7D9
:1009200094F829000CF074FC02B010BD800C00207B
:1009300070B50546002857D015F0A2F818B94FF049
:10094000FF34204670BD13F0DDFBB0F5FA7FF6D81A
:10095000274C012625630025284684F8345025704D
:1009600084F82B50E56284F82A500DF0B3FF1A2268
:10097000294604F10F001DF08FFF1B2308210322DD
:10098000A3802846E3800223A1721F216372E375CE
:10099000F72322722384FB23A2734922E3840A23D0
:1009A000A1812946E27484F82930A670E670E672C7
:1009B000A674267605F014F82A463146304604F02F
:1009C000E1FF044620B140F2B7319C20FFF74CFF15
:1009D000014604F0F3FFEFF3108572B600F0F0FD6E
:1009E000002DAED162B6ACE76FF01504A9E700BFE9
:1009F000800C002038B51446002840F0EE80784D79
:100A000095F83430032B00F0E58019B312B96FF07C
:100A1000150038BD0139172900F2DF80DFE811F039
:100A2000180029002C0042006C007500940048005A
:100A300078007B008E004E005400620067009A0030
:100A40009D00AC00AF00B200A300B500B900D20019
:100A50001378AB700020FFF78FFD0028B7BF01238C
:100A600002236FF00B0085F83430A8BF85F83430CE
:100A7000CFE71378EB70EDE71379002BC7D05379EC
:100A8000002BC4D01288FB2AC1D863881B3B9BB2C1
:100A9000E02BBCD81A2ABAD92368A2886B60514BC4
:100AA0009A80D7E71378EA7B9342B0D3EB72D1E711
:100AB0001378EA7A9342AAD8EB73CBE71378EA7AF1
:100AC0009342A4D86B74C5E71378002B9FD053785A
:100AD000013BDBB2F82B9AD8138892786B82424B99
:100AE0009A70B7E7107868750CF0ECF9B2E71378F4
:100AF000002B8CD02B76ADE7012000F0FBF923789A
:100B000008B1012B83D9AB73A4E71388AB81A1E7AC
:100B10001378AB759EE7072000F0ECF918B923783D
:100B2000012B7FF674AF072000F0E4F918B12378A9
:100B3000002B3FF46CAF2378EB758BE71378082B11
:100B40003FF665AF2B7485E71388FF2B3FF65FAF49
:100B5000AB727FE713786B767CE713780E2B3FF64A
:100B600056AFAB7676E72368204AC5F81E30636837
:100B70005360238913816DE71378EB766AE7137866
:100B80006B7767E713782B7764E7137885F828305D
:100B900060E704F0F1FE98B1007900F0010261789D
:100BA000207804F0EFFE00287FF433AF6378012B48
:100BB0007FF650AF0EF0C4FA00287FF44BAF26E763
:100BC0000246ECE713785A1E092A3FF620AF85F853
:100BD00029303FE74FF0FF301BE76FF02C0018E79C
:100BE000800C0020840C0020920C00209E0C002021
:100BF000F8B50D46064630B329B311F0070422D1EB
:100C0000124F97F83430012B02D16FF00B00F8BD72
:100C1000032B02D14FF0FF30F9E700F08BF80028EA
:100C2000F8D02846FFF7A8FC0028EEDB1DF06CF892
:100C30003046F96A07F0A8FDFFF752FE032320466D
:100C400087F83430E3E76FF01500E0E7800C002010
:100C500010B5074C94F83430032B03D107F0ACFDEA
:100C600008F098FC16F071F8002084F8340010BDEC
:100C7000800C002050B1074B03F1140253F8041B01
:100C8000934240F8041BF9D1002070476FF0150023
:100C9000704700BFC9FB040008B5094B93F82B301F
:100CA0005BB107F01DFD0749012000F01BF9064963
:100CB0000020BDE8084000F015B907F0F3FCF2E7AA
:100CC000800C002081040000A104000008B507F09A
:100CD00029FD07F04BF903490F20BDE8084000F05B
:100CE00001B900BF1D05000008B50A4B93F82A3072
:100CF0000BB9FFF725FC04F03FFEC1780120C1F3DA
:100D0000400104F06DFE10F05FF9BDE8084012F0FC
:100D1000DBBC00BF800C002002680020014B1A6081
:100D2000704700BFB80C0020014B1B68184700BF7C
:100D3000B80C0020024B1868003818BF012070471B
:100D4000B80C0020074B4FF0FF3141F6FF72C3E9AA
:100D5000001205490022C1E900221F21C3E9021245
:100D6000704700BF60000020BC0C00203F280CD85A
:100D700001380B4BC0F3421200F01F0053F8223031
:100D800023FA00F000F001007047FF2806D0403839
:100D9000044BC0F3421200F01F00EFE70120704740
:100DA00060000020BC0C0020074B01460068496829
:100DB0001A4603C240F48C2200201A6041F01072DF
:100DC00042F4FF625A607047600000200246034B05
:100DD0000068516803C30020704700BFBC0C0020AE
:100DE0000246034B0068516803C30020704700BFF0
:100DF000680000200138064BC0F3421200F01F00CB
:100E000003EB82039B6823FA00F000F001007047B7
:100E1000600000200A8870B595B2C67CC2F30E024D
:100E20000488023602F118033444C35AA4B233448E
:100E30002344013BB3FBF4F303FB0422438892B247
:100E40009342044B8BBF2B40AB4313439BB20B80AD
:100E500070BD00BF0080FFFF4A1E062A08B503468A
:100E6000084604D84FF4D1711520FFF7FDFC094A5C
:100E7000914202D940F2A311F6E711B903B119600A
:100E800008BD2BB11B680022C3E901211A1D1A609D
:100E90000430F5E7FAFFFF7F10B5114B00EB41047A
:100EA0001A786389B3FBF2F303FB0223013A1A4475
:100EB000B2F5706F0279807828BF00231A440B18AE
:100EC000B2FBF0F100FB11215B1AB3FBF0F100FB68
:100ED000113313446FEA43436FEA5343638110BDF8
:100EE000C40C0020024B03EB80035960704700BF25
:100EF000C40C0020034B03EB80035868003818BF74
:100F000001207047C40C00202DE9F04F10F0070AB3
:100F100085B0054604D040F26F111720FFF7A4FCFE
:100F2000534F04464FF0010B07F15406B146B0464B
:100F300057F8043B8DF80BA03BB101A898479DF8EA
:100F40000A30082B01D9F521E7E79DF80B1041BBCA
:100F500005B131604F4506F10406E9D1002D6FD08F
:100F60000022DFF810911427964689F8002058F8DF
:100F700027A0013FBAF1000F55D09AF804609AF803
:100F800002C0FF2E60D039460023481C38D19C4453
:100F9000BCF1FF0F3FD90AB189F800E04FF49A7114
:100FA000BBE79DF80AC04B1D60465A0004EB4303A3
:100FB000022838BF0220441E40422344BDF80840A6
:100FC0006444CCF1000C0340013C04EA0C04B4F589
:100FD000803F02D340F205119FE775B19A1A326043
:100FE0009170148082F803B09DF80C001071019884
:100FF0004FEA104C1081A2F806C004FB0134A9E7A7
:1010000058F8210028B190F804B0B34504BF8078A7
:101010001B180139B9E7DBB2E6458AF804303CBF5A
:101020005FFA8CFE01227B1CA1D10AB189F800E095
:10103000142640F6FF6A58F82670B7B9013EFAD276
:10104000601B05B0BDE8F08F0023E5E707EB410327
:1010500009F101093846A3F80AA0FFF71DFF5FFA5E
:1010600089F1BB788B42F1D8E8E74FF00009F6E749
:10107000C80C0020C40C002038B54FF6FF730246A0
:101080000380184B03EB8103986DA8B18478037932
:10109000B3FBF4F104FB1133DBB2194600EB41055D
:1010A000B5F90A50002D0EDB0131B1FBF4F504FB5C
:1010B0001511C9B28B42F1D1002038BD6381BDE862
:1010C000384015F076BD00EB41046389C3F30E038D
:1010D0001380C278002AF1D14FF4E5711720FFF791
:1010E000C3FB00BFC40C00201C4B03EB810370B595
:1010F0009C6D054644B3030404D54FF4EC711720EE
:10110000FFF7B2FB0146204615F036FDFF280146E9
:1011100004D02046BDE8704015F04BBDA078B5FB6B
:10112000F0F300FB1353DBB219460A1D04EB420631
:10113000B6F90260002E09DB0131B1FBF0F200FBD1
:101140001211C9B28B42F0D1002070BD8B4201D088
:101150000023E37004EB42025580DAE7C40C002060
:10116000094B03EB8103014610B59C6D204615F039
:1011700003FDFF28014604D02046BDE8104015F0CD
:1011800018BD002010BD00BFC40C0020F8B5104BE6
:10119000074603EB810301469C6D204615F0ECFCED
:1011A000FF28054611D0E288238953EA024606D07B
:1011B0000146204615F0FDFC01463846B047204662
:1011C0002946FFF769FE0020F8BD0520FCE700BFB7
:1011D000C40C002038B50E4B0446827903EB820321
:1011E000986D08B9052038BD8278E1799142F9D22D
:1011F0004B1CE37100EB41035D89B3F90A30002B0E
:10120000F3DBA58015F0D5FC20600020EBE700BFE4
:10121000C40C002008B5124B03EB81039A6D22B970
:1012200040F246211720FFF71FFB9178831A481DD3
:10123000A3EB40031088B3FBF0F3002B01DB9942D2
:1012400002DC40F24921EDE702EB4302B2F90A3039
:101250005089002B02DA40F24B21E3E708BD00BFC2
:10126000C40C002070B5044610F003000E4603D0F5
:101270004E211820FFF7F8FAFFF7EEFD054624B1DE
:10128000034831460460FFF7E7FD284670BD00BF04
:10129000700D00202DE9F14FDFF870B01E460746B3
:1012A0000D46DBF8003090469DF828A09DF82C9064
:1012B0001BB960211820FFF7D7FA52460921404692
:1012C00015F0DEFA4A4684B20921304615F0D8FA04
:1012D00081B2DBF80000214415F022FC386018B917
:1012E000286001B0BDE8F08F04445346414609220E
:1012F0002C60386815F087FA4B4609223146286879
:1013000001B0BDE8F04F15F07EBA00BF700D0020AF
:1013100070B50E46044615F0C6FA0546304615F07F
:10132000C2FA044B2A1821461868BDE8704015F02F
:101330001CBC00BF700D0020024B186808B115F0EE
:10134000E3BB7047700D00201F2AF8B50446134612
:101350000ED89200033222F00303B3F5803F2DD262
:10136000184DACB1A00710D068210920FFF77CFA16
:10137000FF2B4FEA420204D9FF339A42A8BF1A4614
:10138000E8E77C2AB8BF7C22E4E729706C602B81F7
:1013900022F0030228230127120403FB01F06B68EB
:1013A0000025120CEEB2B14200D8F8BD14B12618D7
:1013B0001F705E60104401352833F3E74FF0FF30B3
:1013C000F3E700BF740D0020154A002170B5536883
:1013D0001578C8B2854203D8BA210920FFF744FA2C
:1013E0001C461846013114F8286B0EB92346F0E765
:1013F0000021997001241289996103F126055C701E
:101400009208D96103F11E04596824F8022FA542FD
:1014100043F8041F1144F8D100234361037070BDE9
:10142000740D00204B782DE9F04106460C4602F081
:10143000040702F0FB05E3B1A5BBFF23A3707B0803
:1014400004EB57073A7D032A02D1022D18BF01335E
:10145000E2180121117503F10C01002204EB830352
:1014600024F811205B68A27030463360B280BDE87A
:10147000F081002DE1D1012301F11E028D61204692
:101480004B7004F1260C1A4BCD611B8949689B08EF
:1014900022F8023F944540F8041F1944F8D1002374
:1014A0006361CAE7D1F8048014220021A01861709A
:1014B0001DF0F2F90E4B1B89B3F5FF7F0FD25A08CE
:1014C0009B1A9BB208EB0301C4F804802384A1603B
:1014D0006284C4F80C80A3842161E284ADE7B3F593
:1014E000EE6F4FF0FF02EBD940F27263EAE700BF04
:1014F000740D00202DE9F84305460C46F720052120
:10150000914615F0BDF9061E21DB1DB906FB04F05E
:10151000BDE8F88315F0030703D098211920FFF7E1
:10152000A3F9DFF83080C8F81050A8F81460BBB2F7
:101530009C42EBD9B8F814504B46D8F8100005225D
:10154000F72107FB0500013715F05DF9EFE74FF0D4
:10155000FF30DDE7880D002007B5CDE900230B46FD
:1015600003490246081D15F0CAFB03B05DF804FBF1
:10157000A00D002013B5064CCDE900230B46024612
:1015800004F1080104F10C0015F0B9FB02B010BD24
:10159000A00D002008B54B1E032B03D9232190205A
:1015A000FFF762F90028054A0CBF05230C2303EB63
:1015B0008103053323F00103137008BDB00D002033
:1015C000114B01224FF0FF3000215A60C3F808038D
:1015D000C3F80015C3F804255A6040F6FE72C3F83C
:1015E00008034020C3F8001503F570330749C3F81A
:1015F0000825C1F88800BFF34F8FBFF36F8FC1F884
:101600008801C3F8082570470060045000E100E03D
:101610000A4606483D2302F8033BC368C1F803307D
:101620000369536043699360704700BFB40D0020A5
:10163000024B5A8C02435A845B6A1847B40D00204F
:10164000014B00215B6A1847B40D002070B5194C9E
:10165000054694F828604EB1012807D1638C1A071B
:1016600004D594F830300BB1012070BD0129FBD8AE
:10167000636B284698470028F6D094F83800002875
:10168000F2D11EB9012D0BD03046EEE7002DECD182
:10169000638C9B0704D594F8300080F00100E4E7E8
:1016A000608C0028E0D194F83930002BDDD194F81B
:1016B0003A00F2E7B40D002010B5154C0CF0A6FB73
:1016C0000DF0CAF8A08FFFF7BBFF237E63B122465F
:1016D000104904F1190052F80C3BE3606368536051
:1016E000A36893601AF0EFFE0B4BA28F93E8030000
:1016F00009F066FAE36A188809F092F8236C94F806
:10170000381094F83E009847002384F8443010BD08
:10171000B40D002011160000DC0D0020034B93F8DF
:1017200044300BB1FFF7C8BF704700BFB40D0020B5
:1017300070B5214C0646A36DE56AA3644FF481732E
:1017400094F85C00A4F84C3095F8933095F8751037
:1017500000EB83002EB9FF2803D195F874308B423B
:1017600001D00CF0E7F995F89330FBB1206E0CF046
:1017700033FC216EA06C0CF0F5FF5EB995F8753066
:10178000033B012B2B8F8CBF00202820184480B2F4
:101790000CF086FCA88E0CF059F995F87410002016
:1017A0000CF0C4FC022384F8443070BDA06C0CF033
:1017B00013FC0DF051F8E0E7B40D0020F0B591F8FE
:1017C000686087B00C4606BBCA883346134F04F1E5
:1017D000800190F87500903497F82850013897F8F8
:1017E0005C70003DC0B218BF0125032810D80596D3
:1017F000002604960A4E305CCDE902700220CDE945
:1018000000540CF0CBFE07B0F0BDD1E91E23DDE79C
:1018100040F22C410620FFF727F800BFB40D00204E
:101820005B4E04002DE9F041234C06460F4694F828
:101830004430012B5FFA83F804D040F62F012720B3
:10184000FFF712F8E56A95F8843053B100210420BF
:1018500085F88410FFF7ECFE94F828300BB185F87A
:10186000858095F88830042B0DD114490220FFF7AC
:10187000DFFE94F8283033B1E36E1B789A1E534292
:10188000534184F8303095F8933023B105F180014D
:10189000E06AFFF793FF1EB1BDE8F041FFF70CBF10
:1018A000002FF9D031463046FFF7D0FE0028F3D1A3
:1018B000BDE8F041FFF73CBFB40D0020200E002032
:1018C00008B5094B93F84420022A04D040F2E621DF
:1018D0002720FEF7C9FFDA7A42F00102DA72BDE88A
:1018E0000840FFF7E9BE00BFB40D0020F7B5184C63
:1018F0000646656F0DB1236D23B940F2E7712720CD
:10190000FEF7B2FFB4F8543001F003012F466B70BC
:101910002B7823F003030B4307F8033B3846B4F856
:101920005420216D14F004FA0DF1020201A9A06FF8
:10193000A564276515F0DEF8019815F0C9F80122B5
:10194000B4F854103060A06F15F06DF803B0F0BD1E
:10195000B40D002070B591F8686086B00C4606BBE7
:10196000CA88334690F8740004F18001114D903418
:10197000013895F82850C0B2B5FA85F503284FEA2A
:10198000551511D805960026009504960A4E305C30
:101990000390FB20CDE9014004200CF0FFFD06B0D0
:1019A00070BDD1E91C23DDE740F22C410620FEF793
:1019B0005BFF00BFB40D00205B4E04002DE9F04F2B
:1019C000B94C85B0E76A97F8741058B997F8932026
:1019D00094F85C3003EB8203FF2B03D197F875304A
:1019E0008B4202D0FF200CF0A5F802A9AF4818F0F6
:1019F000A6F88346A0B3029A53786266A4F87030C2
:101A000003B1D31CE36600251378C3F3001384F8F5
:101A1000393097F89230002B00F06B81B4F87030B9
:101A2000002B00F06681206E0CF0D6FA2A46D4E92D
:101A300018100CF0D1FC18B9D4E918010CF028FEEC
:101A4000F88E0CF003F897F8751001200CF06EFB7F
:101A5000012384F8883084F8443005B0BDE8F08F65
:101A6000E66A8DF8050096F88830ADF80600052B7B
:101A700000F20C81DFE813F006000D01E100E10047
:101A8000FA00FA0094F87F300DF1060103A8A6F8D9
:101A90006430ADF8063006F0C9FF40B1039D35B1A2
:101AA000012384F88030042386F88830DBE096F840
:101AB000CF30002B40F0A6800DF105020DF106019C
:101AC000D4F8840014F016FF0546002800F09A8030
:101AD0009DF805B0BBF1000F1FD00146D4F884007B
:101AE00014F0F2FF14F0F4FFD0F800A0D0F8049046
:101AF00080465AEA09037ED1002388F8003088F82E
:101B0000013088F8023088F8033088F8043088F80B
:101B1000053088F8063088F80730BDF80630002B0D
:101B200078D1012386F8883001234FF0000B84F828
:101B30008030BDF806306566A4F8703003B1EB1C48
:101B400096F8888096F889A0B8F1020F96F88A90E6
:101B5000E36600F0A380A8F10408B8F1010F00F2D9
:101B60009B80BBF1000F00F0A5800025E36E1B7881
:101B70001B2B40F0BB80012106F110000CF022F875
:101B80004FF003080122616E4FEACA0A4FEA890941
:101B90000B780AF0080A09F0040903F0F30343EA9A
:101BA0000A0343EA090323F0100343EA051323F071
:101BB000030348EA03030B70B4F870304B70022340
:101BC000606EA4F86830037823F0200343EA4213E0
:101BD000037052B1E36A197C5B7C032903F01F0395
:101BE00008BF002143EA8113837005F0010584F8E2
:101BF000395015460DE71CF0BBFA824579EB01011F
:101C0000BFF47AAF00230122294DADF8063086F8E3
:101C1000882090E79DF805301BB92B80AB7003231B
:101C200080E72B7803F00303012BF8D0022386F81A
:101C30008830002386F8953076E7B6F864300DF1E9
:101C400005020DF10601D4F88400ADF8063014F059
:101C500051FE054620B940F20D512720FEF704FE43
:101C6000012384F88030BDF8063064E70DF10601E9
:101C700003A806F0DBFE08B1039D15B940F21C5124
:101C8000EBE7012384F8803005230DE740F226516D
:101C9000E3E7074D00234EE74FF00108BBF1000FCB
:101CA0000ED000252A466EE7B40D0020DC0D002082
:101CB000300E00201B78022B3FF457AF4FF0030883
:101CC000D4F8840014F06EFE50B9B8F1030F3FF45D
:101CD0004CAF06F0C7FE80F00105EDB2002252E7DE
:101CE000B8F1030F4FF00105F8D13FE74FF00308BB
:101CF000F4E7606E0CF070F90CF0AEFD2946606EF2
:101D00001CF02DF89CE600BF2DE9F04F0023794C24
:101D100085B080468A46E56ACDE9003394F84430C0
:101D2000022B04D04FF40C612720FEF79DFDA26C1E
:101D300051781378A4F8541003210A44A4F84C10E5
:101D4000226503EA01028DF80820C3F3C0028DF872
:101D50000920C3F380028DF80A20C3F30012C3F3F5
:101D600040138DF80B208DF80C3095F89330002837
:101D700000F06F81D3B10CF08DFD831EDBB2012B1F
:101D800004D8FFF799FC05B0BDE8F08F70B9B4F83E
:101D900054305BB195F88A309DF8092003F00103B7
:101DA0009A4203D1012384F83E30EAE7524A02A95D
:101DB000A2F1280017F0C5FE8346002849D1B4F8E7
:101DC000541011B1A06F14F00EFEA38F9DF80A10ED
:101DD00043F400736067A38795F889300133DAB262
:101DE00003F00103994236D0C146BBF1000F2DD15B
:101DF00095F88A309DF8092003F001039A4225D115
:101E0000B4F854609DF80830002E7BD05A1E012A89
:101E100078D8A38F95F8937043F48053A3870BF081
:101E20002BFE042894F8893006D1002F0CBF1F2206
:101E30001B22934228BF1346B4F854209A424ED92D
:101E400094F8383043F0100384F8383000263746D1
:101E500070E00020B9E795F888305BB3013B85F866
:101E60008920DBB2042B0FD8244A13441B79002BA2
:101E7000BAD0022B0BD16946D4F8840014F05CFD73
:101E800088B940F2F7614FE740F2D6614CE7032B87
:101E900010D106F0D9FD10B940F2017144E70021DC
:101EA0000820FFF7C5FBD5E93C32013342F10002BF
:101EB000C5E93C32002194F8283085F888103BB100
:101EC00095F8853023B1102085F88510FFF7B0FB19
:101ED000A38F4FF0000943F40063A38785E7636F86
:101EE000002BB3D094F88A3053B12020FFF7A8FB21
:101EF000ACE700BFB40D0020040E00205B4E0400D0
:101F00009DF8083095F88A20032B02F1010285F82C
:101F10008A2000F093805A1E012A00F28180002E50
:101F200094D000264746D5E93E32013342F1000203
:101F3000C5E93E3295F8923023B105F1800128467B
:101F4000FFF708FDBBF1000F40F0AD80636F9DF817
:101F50000B20002B40F0A580B4F85430B3FA83F383
:101F60005B09012A14BF002303F0010384F83A300F
:101F7000BAF1000F00F099800CF002F9002F40F048
:101F8000A7800126A38F5A0606D44020FFF758FBEE
:101F9000A38F43F04003A387B9F1000F10D094F84A
:101FA000283043B1B4F80720B4F805301343B5F82E
:101FB0008620134304D0B4F809300133A4F8093063
:101FC000B8F1000F00F08A80B4F805300133A4F8AE
:101FD0000530002384F88B30434808F087FB0098D5
:101FE00030B114F075FD00220272294607F0ECFBB7
:101FF000019B33B100221A720C222946019807F086
:10200000B1FB002E7FF4BDAEA38F1B063FF5BBAE28
:102010008020FFF715FBA38F43F08003A387B2E670
:10202000002E3FF414AF002B7FF410AFD5E93E3201
:10203000013342F10002C5E93E3207E7A38F0120D8
:102040002A4943F4805385F88400A387FFF7F0FA08
:10205000ECE70BB10CF038FC94F88B30013384F8CA
:102060008B30A38F43F48063A38795F87530033BCF
:10207000012B0DD80BF000FD04280DD1B4F85460ED
:1020800000271B2EBB46B94694BF0026012651E708
:1020900007F04EFC0028EDD100263746B346B14686
:1020A00048E701235DE7002360E794F88B100120E7
:1020B000FFF7CCFA00287FF45FAFFFF77FFC002F1B
:1020C0003FF460AF9DF8081001A8FFF70FFC59E737
:1020D0009DF8081001A8FFF709FC52E7B4F8073093
:1020E0000133A4F8073077E7DC0D0020040E002050
:1020F000064B10B593F8442002F0FF0422B91C7679
:1021000008F056FD204610BD0C24FBE7B40D00205E
:10211000094B0A4A10B51A60FFF7EAFF20B14FF4E5
:10212000A4712720FEF7A0FB054C06F061FBA0651B
:1021300006F062FB206610BD881A0020A023000074
:10214000B40D00202DE9F341924C089FCDE9000128
:1021500094F8441001F0FF0511B90AB103B127B991
:102160004FF408712720FEF77FFBDDE9000104F141
:10217000280C63639DF82430626284F88A302764F7
:1021800084F8385084F88B5084F83E5084F8885096
:102190006584A58784F8395084F83A5084F88050D3
:1021A00084F830508CE8030017F0CFFC6566E566D4
:1021B000A4F87050A5642565A4F85450E56A0BF0A6
:1021C00023FD0CF049FB95F97C0005F180070BF02D
:1021D00083FDAE6A286A0BF085FD30460BF0E0FE09
:1021E00095F8A4000BF088FDAB8E4E2B02D9EB8E38
:1021F0004E2B01D80BF030FC94F82860002E40F0F4
:1022000089801AF047FF95F87420634B4FF47A7178
:1022100053F8223003F5FA73B3FBF1F34633191880
:1022200030460BF0DFFD5D4B18680BF0BFFE6B69AD
:10223000E26AC4F88430AB6992F87460A36792F8DC
:102240008D30A3F12A01012903D992F88E102A2991
:102250006BD194F82830002B64D192F83A123046B2
:1022600014F075FD064605F13C08314640461AF06B
:102270002FFA314619F07EFAB5F8483095F8751006
:10228000834228BF0346404684F87F301AF0CEF9D7
:1022900095F8751095F893800429B5F8506008BF3B
:1022A000032119F067FAB8F1000F01D1043080B2B0
:1022B000864228BF0646F6B284F8896007F038FBEC
:1022C00028B107F03BFB864238BF0646F6B294F8C9
:1022D000283084F85C60002B4CD195F892301BB10B
:1022E00039462846FFF736FB0120FFF767FB00233E
:1022F00023606360A360B5F8863063802B882380F9
:1023000095F8A4302371AB6F0BB101221A6002B0B3
:10231000BDE8F0811AF0BEFE95F8752000F1650168
:1023200001207EE792F8CA1299E7253B012B10D8CD
:10233000282910D094F82830C3B192F836315A07C2
:1023400012D413F001018AD1C3F340035B00D9B268
:1023500085E728290AD194F828303BB192F8363124
:1023600092F86D201340EAE7042178E7032E08BFB6
:10237000042678E795F893301BB139462846FFF7D5
:102380001DFA0120FFF7D4F9E36AD3F8E0010BF05E
:1023900055FEACE7B40D002068510400881A0020F7
:1023A000C1180000091D0000251800001D170000BD
:1023B0000D4B0321186830B50D4690F8A52090F814
:1023C0004B400132B2FBF5F303EB4303D31ADAB20D
:1023D00044FA03F3DB0703D4013911F0FF01F0D114
:1023E00080F8A52030BD00BF400E0020014B1868CA
:1023F00014F07ABD400E002008B50AF0CDFE014B66
:10240000187008BD70000020064B10B41C68827C58
:10241000836804F1420194F841005DF8044B19F01F
:1024200009B900BF400E00202DE9F04105461746CE
:102430001E460C4619B1AB6853BB01201FE0DFF804
:102440006080D8F8000000F15B0390F85A2000F19A
:10245000780190F87E0019F0EDF8D8F804305A7938
:10246000D8F80030082A04D093F84E40A21A5442FB
:10247000544193F85630012BDDD023B1002000F0F9
:102480000100BDE8F0810028D5D1002CD3D1F5E7BB
:10249000002FD2D1002EF1D02846FFF7B5FFEEE78E
:1024A000400E0020024B18686C3002F0F1B900BFFA
:1024B000400E002038B50F4CFFF7F4FF656802F0BE
:1024C000A1F963682860186820B940F2F54132200C
:1024D000FEF7CAF914F0FFFE10B940F2F741F6E733
:1024E0000BF07AFD00200BF0DBFD636804221A710B
:1024F00038BD00BF400E002038B5194D04466B684A
:102500001B79022B04D940F608113220FEF7ACF9F2
:102510002B68027C83F8A4201A44C168996692F85B
:102520007C2183F878214268C3F88820037A022B43
:102530000ED00BF069FB0BF0DFFD0AF0E1FE09485D
:102540000BF034FD08480BF02BFD08480BF0CAFBDC
:10255000637C23B12B685B6E0BB101221A6038BD1E
:10256000400E00202042000055555500D6BE898EF1
:1025700038B505460C4606F091F9420704D4A37815
:1025800003F0E003402B30D006F088F9830704D431
:10259000A37803F0E003202B27D0237803F03F0338
:1025A000242B22D80BF06EFA94F90030A278002B7D
:1025B000637802F01F02B4BF4FF496711E2143EA04
:1025C00002234B431A1AB2F5877F0ED398420CD8D8
:1025D000074B294618682388A0F87931A37880F83A
:1025E0007B31BDE8384015F05CB9002038BD00BF34
:1025F000400E002008B5074B93F900207F2A04D134
:1026000040F29B313220FEF72FF902707F221A70C0
:1026100008BD00BF7000002010B504788EB004F033
:102620000F0404A9224614F095FEFFF7E5FE042CE2
:1026300033D11B4C059A2368107893F878108842A0
:102640002BD1507893F87910884226D1907893F85E
:102650007A10884221D1D07893F87B1088421CD11F
:10266000107993F87C10884217D1517993F87D2026
:10267000914212D19DF8212093F87E309A420CD1DC
:102680000DF10F00FFF7B6FF9DF90F3004A900937D
:10269000237B227A606814F030FE03200EB010BD58
:1026A000400E00202DE9F04387B0194C06460F4636
:1026B0000DF11700FFF79EFF65682B79032B20D0E3
:1026C0002B79062B14BF4FF001094FF00309236843
:1026D00003F142080BF0D0F99DF917303A46CDF8D6
:1026E0000C9031460293237ACDE9000343462846F5
:1026F00002F054F940B1606807B0BDE8F04302F061
:10270000E9B84FF00009E2E707B0BDE8F08300BF89
:10271000400E00202DE9F043304D87B004460F46AF
:102720006E68B3798BB3D5F8008098F8953033B9DB
:102730000378002B14BF0223012388F895303379E6
:10274000062BDAB225D0072A0CBF4FF002094FF052
:1027500001090DF11700FFF74DFF0BF08DF99DF901
:102760001730CDF80C903A46029321462B7ACDE9EA
:10277000000308F14203304602F010F928B16378F3
:10278000DB0609D4686802F0A5F8002007B0BDE8B0
:10279000F0834FF00309DCE7A1690220FFF7E8FEB0
:1027A000B8B100222B6883F8962062696AB151782B
:1027B000C1F3031183F897101178527802F00F02D9
:1027C00041EA0222A3F89820E0E7FF2283F897204D
:1027D000DCE7686802F0AEF8D7E700BF400E0020E3
:1027E00010B504468AB0FFF707FE237803F00F0305
:1027F000072B02D001200AB010BD6946204614F014
:102800003CFE684614F0E1FE9DF80030002BF1D14B
:102810009DF80130DB07EDD50C4C019922689DF83D
:10282000110002F1780392F87E2018F003FF0028CF
:10283000E0D020680121A03018F012FDFF21684689
:10284000FFF768FF0130C0B2D5E700BF400E00209F
:102850000D4A536810B51979022904D841F2D141C3
:102860003220FEF701F81979082902D941F2D24144
:10287000F6E71B79126903F180439268033BBDE8D8
:10288000104052F823301847400E002010B5054C78
:10289000637A2BB10BF030FC0AF032FD0023637237
:1028A00010BD00BF400E002010B5054C23792BB1A0
:1028B0000BF022FC0AF024FD0023237110BD00BFA1
:1028C0009015002010B5094CFFF7E0FF0122636866
:1028D0001A7100232268A2F8793182F87B31FFF760
:1028E000E1FD2068BDE8104015F0A2B9400E0020BF
:1028F00008B5044B586802F01DF8BDE8084014F014
:1029000000BB00BF400E0020062938B51D469DF8CB
:10291000104019D908291BD802B18CB143689BB962
:1029200012B94378DB0615D40B4B5B68186814F0BA
:10293000F3FC00B134B92DB906F038FA00F0010407
:10294000204638BD0120F9E79DF814402C43F7E7F5
:102950000024F5E70124F3E7400E002038B50D1EF2
:1029600004460CBF05200320104406F035FB094B3C
:10297000587270B15DB9033C012C8CBF50245524B2
:102980000AF098FC2046BDE838400BF0A9BB402473
:10299000F6E738BD400E0020F8B53D4CFFF782FD4C
:1029A000656801F02FFF63682860186820B940F25D
:1029B00052413220FDF758FF14F08DFC054610B946
:1029C00040F25441F5E7236893F8A6306BB12368D1
:1029D0001A6D93F8A710C3F8102193F854200A43F6
:1029E00083F85420002283F8A620206890F8A430B1
:1029F000034493F87C71636880F878711A7952B156
:102A00001B79012B07D0002114F04BFF18B9BDE84A
:102A1000F840FFF757BF23681E4A93F8A530D05CF3
:102A20000BF06AF9236893F8A420134493F87C61AF
:102A3000022E2BD004D8012E05D040F60501B8E7B0
:102A4000F31E012BF9D801F0D7FE31460BF072F8D6
:102A500028460BF0C1FA314601200BF05BF97B1ED2
:102A60002A46384659425941FFF778FF62680821E3
:102A70000023517121722168D3801372E37281F8AF
:102A80009530A372237303231371F8BD0D20DCE787
:102A9000400E0020644E0400124A10B5536800B97D
:102AA00031B9184601F046FFBDE81040FFF70ABFF4
:102AB0001979082904D841F2A1413220FDF7D4FE4A
:102AC00019790C2902D941F2A241F6E71B79126962
:102AD00003F180435268093BBDE8104052F82330AF
:102AE000184700BF400E002010B50B4C0521206890
:102AF00014F0D7FE30B9606801F01CFFBDE810404B
:102B0000FFF7E0BE2368012093F878110BF00EFB6D
:102B100063680B221A7110BD400E0020054B1A6825
:102B200092F85420920703D05B68186801F094BEB5
:102B300058697047400E002070B5304D06466B68EE
:102B40001A79032A0BD01A79042A08D0FFF7E6FF76
:102B5000044640B941F2D9313220FDF785FE1868AC
:102B600014F0B9FBF4E72B6893F8543013B941F231
:102B7000DF31F1E776B119F058F930B16B681A79A5
:102B8000022A0ED841F25F31E6E7204619F068F9D3
:102B90000028F3D16B681A79022A17D841F2BF31A5
:102BA000DAE71A79082A02D94FF49B51D4E71B7946
:102BB00020462A6903F180431269033B52F823300F
:102BC00098470C2812D941F2F231C5E71A79082A40
:102BD00002D94FF49E51BFE71B792A6903F1804364
:102BE0005269033B52F823309847EAE72B69DB68C8
:102BF000BDE8704053F82030184700BF400E002059
:102C000038B5FFF78BFF044620B940F21C51322043
:102C1000FDF72AFE0B4DFF202B6893F878110AF080
:102C200089FF20460BF0D8F92B6893F87831033BE5
:102C3000012B94BF282000200BF032FA6B6807228A
:102C40001A7138BD400E002038B5134C0E20236891
:102C500093F878110AF06EFFFFF760FF054620B980
:102C600040F209513220FDF7FFFD0BF0B5F9236862
:102C700093F87831033B012B94BF282000200BF000
:102C80000FFA23682A46002193F87801FFF766FEC1
:102C9000636808221A7138BD400E002010B5074C39
:102CA000606801F017FEFFF7A7FB20680021A03045
:102CB00018F0D6FABDE81040FFF704BE400E002021
:102CC00007292DE9F043064687B00F469046456830
:102CD000634C23D11DBB002A49D1D4E9001091F8DF
:102CE000543013F0030218BF012213F00403827161
:102CF00003D033785A1E53425341C37191F8943034
:102D00004BB12368D3F8900050301AF067F910B92E
:102D1000636801221A7207B0BDE8F0833DB329460B
:102D2000707C14F026F8072F814661D1637A63B175
:102D300058B1B8F1000F52D0656818F0BFFC636855
:102D400068715B7923720123A3726368587908283C
:102D500055D17168707C1AF037F962680546716860
:102D60000532707C06F028F86368002859D0236883
:102D700093F8540010F003000AD093F84C30394611
:102D8000019530466268927900924246FFF7BCFD99
:102D900062682368907193F8540010F0040009D021
:102DA00093F84D30394601953046D279009242462B
:102DB000FFF7AAFD2B4B65681B68E8711BB1414604
:102DC00030469847287272686AB3717C236883F82A
:102DD0007E10116899679288A3F87C2023E023680D
:102DE00093F878110129A7D1284606F0C7F8607238
:102DF000637A002BA9D0B9F1000FA6D09CE704AAF2
:102E00000DF10F0106F0A2F820B940F6BA313220D8
:102E1000FDF72AFD04A99DF80F001AF0D5F8054624
:102E2000A5E7D88018726268137AB3B9D388003BDB
:102E300018BF0123B06800283FF46DAF072F7FF45F
:102E40006AAF517908293FF466AF002B3FF463AFB6
:102E500006F0B2F80123E3725DE70123EAE700BF61
:102E6000400E0020901A00202DE9F84FDFF8C0A096
:102E7000914604468846DAF800201F468168807C27
:102E800013F077FF92F848609AF80930054686F00B
:102E90000106002B3AD092F854305B071DD592F80A
:102EA0004D30D3B192F84EB0BBF1080F23D0584645
:102EB00005F060FF3043C6B245B39AF80B303BB320
:102EC00018F006FC002304468AF80B3089F800400D
:102ED00088F800503E70BDE8F88F636823B1DAF8D7
:102EE000043093F805B0DFE7DAF80430186814F01E
:102EF00013FA0028F3D1CDB19AF80A1031B9A068BD
:102F000006F03CF804468AF8090038B90024DDE7E9
:102F1000A168584606F0A6F80446D7E718F0CEFB9D
:102F20000828F3D0DAF804305871CFE72C46CDE703
:102F3000400E00202DE9F043874D87B004462E68EF
:102F400096F85730002B47D06F68BB7923B9FA79D0
:102F500012B93A7A002A3FD094F80080B8F1010FF4
:102F600072D0B8F1020F00F0D380B8F1000F33D166
:102F700096F8542091072FD00BB93B7A63B363784E
:102F800013F0100FC3F300170CBF012208229A435D
:102F900022D10022A3688DF814208DF81520002B73
:102FA00047D00DF1160305AA0DF115012046FFF7D4
:102FB0005BFF2B6893F841609DF8143083B920467D
:102FC000FFF722FA70B92B6893F85530023B012BBA
:102FD00002D89DF8153083BB032007B0BDE8F0830D
:102FE00046F002065FB30DF117004FF00008FFF73F
:102FF00001FBD5E9003903F142070AF03DFD9DF9D7
:1030000017303246CDF80C80214602932B7ACDE959
:1030100000033B46484601F0C1FC0028DCD0A16912
:103020000120FFF7A5FA0028D6D02B6883F89680F8
:103030003BE0FF268DF81630D4E7FE26D2E7314676
:103040002046FFF72FFBC7E796F878216378022A1E
:103050003DD103F01903192BBED196F854305A070D
:1030600039D40DF11700FFF7C5FAD5E9003703F1A0
:1030700042060AF001FD0023FF22214603939DF939
:10308000173002932B7ACDE900033346384601F01E
:1030900085FC0028A0D0A1690120FFF769FA00286B
:1030A0009AD02B68012283F896206269002A4ED0BC
:1030B0005178C1F3031183F897101178527802F018
:1030C0000F0241EA0222A3F89820022085E703F0CC
:1030D0001803182BC0E7616800232046B1FA81F17C
:1030E0001A464909FFF7A0F900283FF475AFA36914
:1030F0002A689B781F2B04D892F84930002BB0D156
:103100006AE703F0E003402BABD192F84A30F5E7D1
:1031100096F854309B073FF45FAF637803F01803D1
:10312000182B7FF459AF0DF11700FFF763FA0AF07F
:10313000A3FC0023FF22214603939DF9173002933D
:103140002B7ACDE9000306F14203384663E7FF22FC
:1031500083F89720B9E700BF400E0020014B586864
:1031600001F0E8BB400E00202DE9F04F044689B085
:10317000062900F2C580DFE811F06000E7000700D3
:10318000C300C300C30026006E4D0AF03FFE2F6847
:1031900097F85430980714D06E68B3798BB10DF15D
:1031A0001F00FFF727FA9DF91F30022221460293E4
:1031B00030462B7A0193FF23009307F1420314F06A
:1031C0008CF803201FE05F4D6E68B379002B00F090
:1031D00097802F6897F85420910717D50DF11F009D
:1031E000FFF708FA9DF91F30304606220293214668
:1031F0002B7A0193FF23009307F1420314F06DF83B
:10320000002309202B7309B0BDE8F08FD30777D5D1
:10321000570701D50AF0FAFD0DF11F00FFF7EAF993
:103220009DF91F202B6802922A7A42330192FF22D5
:103230000092062221466868C1E7424D2B6893F848
:103240005420560737D56968CA79002A33D04268B6
:1032500093F85B001678864255D1567893F85C0057
:10326000864250D1967893F85D0086424BD1D6784D
:1032700093F85E00864246D1167993F85F00864245
:1032800041D1507993F8602090423CD1627C93F810
:103290005A00101A4242424193F8560001284ED07B
:1032A000002A4CD193F84E30082B02D04A799A422A
:1032B00045D00AF0ABFD6E68B379002B3DD02F6886
:1032C00097F85420930720D50DF11F00FFF792F9CE
:1032D0009DF91F3030460022029321462B7A01933C
:1032E000FF23009307F1420313F0F7FF01230920A6
:1032F0002B736B68DA79002A85D19B79002B82D1F8
:103300000AF084FD5DE70022C6E7D60715D5500711
:1033100001D50AF07BFD0DF11F00FFF76BF99DF958
:103320001F202B68214602922A7A42330192FF2203
:1033300000920022686813F0D0FF0320D9E70A202A
:10334000D7E700BF400E0020644D81682A68807C6A
:1033500013F00FFD92F854306E68074692F84890CB
:10336000590796F806A096F807B089F0010940F1D0
:103370008E8092F84D30002B00F0898092F84E60DC
:10338000082E00F08680304605F0F4FC49EA000083
:103390005FFA80F9002F7ED03046A16805F062FE0A
:1033A00006462B6893F8542093F84180520749D57C
:1033B000626893F85B10107888426ED1507893F869
:1033C0005C10884269D1907893F85D10884264D18E
:1033D000D07893F85E1088425FD1107993F85F102F
:1033E00088425AD1517993F86020914255D1627C3C
:1033F00093F85A10501A42424241696849790829A3
:103400004DD093F84E30591A4B424B41002E48D1C3
:10341000B9F1000F47D02046CDE90423FEF7F4FFB1
:10342000DDE90423BBF1000F0AD0296891F856109A
:1034300001294ED021B9002A4BD108B1002B4AD125
:103440000AF0E4FC2B6893F854309B073FF4B9AEC4
:103450000AF0DCFCBAF1000F3FF4B3AE2046FEF7F1
:10346000D3FFD5F8009000B9FEB10DF11F0048EA76
:103470004608FFF7BFF89DF91F3002932B7A01939E
:103480005FFA88F30093012209F14203D2E67679CC
:1034900076E7002685E73E4683E70022ADE7002376
:1034A000B4E70120BEE73046BCE799F85530023B4F
:1034B000012B3FF686AE002F3FF483AE0DF11F00C7
:1034C000FFF798F89DF91F3002932B7A0193FE23A2
:1034D000D8E70028B4D00A2095E600BF400E0020AF
:1034E00030B58BB00546FEF787FF114B1B6893F88C
:1034F000543013F0060F04D00122962100201AF058
:1035000022FC2C786946284604F00F04224613F06A
:1035100021FF002221466846FFF7D2FB214668467C
:10352000FFF722FE0446FFF7B1F920460BB030BD8D
:10353000400E002030B505468BB0FEF75DFF2C78BD
:1035400028466946294D04F00F0413F096FF2B68B6
:10355000072C16D193F87811684613F097FF0022D4
:1035600021466846FFF7ACFB2B6893F87831022BB5
:1035700032D017D8012B1AD041F25A213220FDF750
:1035800073F993F8542012F0060FE8D093F8A420B2
:10359000134493F87C21012AE1D1962100201AF0EE
:1035A000D2FBDCE7033B012BE6D8072C19E0062C05
:1035B00002D00BD8022C0BD821466846FFF7D4FD69
:1035C0000446FFF763F920460BB030BD072C09D045
:1035D0000AF01CFC0324F4E7072CFBD19DF8003013
:1035E000012BF7D16846FFF7A5FCE9E7400E002064
:1035F00038B5154D2C6894F84830F3B16FF000439E
:10360000D4E920129A4208BFB1F1FF3F15D01AF059
:10361000E8FCD4E92023904299410ED32B6893F81B
:1036200048305BB92D6805F08BFC04461AF0D9FCD4
:10363000064BE4FB0301C5E9200138BD012005F07C
:10364000DDFC0028F9D0EDE7400E002040420F00DD
:1036500010B50446FEF750FF237A032B04D140F641
:103660003A113220FDF700F90BB9FEF7A1FE064B27
:103670001B6893F958000AF02FFBFFF78DF9BDE89E
:103680001040FFF7B5BF00BF400E002070B51E4DC3
:1036900006462A6892F87B3192F879015F2B4FEA4F
:1036A000531100F03F0097BF184B00245B18DC78E3
:1036B0000AF022FB2B6893F958000AF00DFBFEB1CB
:1036C0002B682246996E01200AF08CFB2B6821465C
:1036D00093F89630022B14BFFF2040200AF02AFAFC
:1036E000FFF71CFA2B68064693F8951019B90246A5
:1036F0002046FFF733F93046BDE870400AF06CBC55
:1037000022468221DFE700BF400E0020644E040005
:10371000F7B52C4C0746226892F87B315F2B4FEAB5
:10372000531197BF284B00255B18DD78936E13B1BA
:103730000120FFF7ABFF2368D3F888000AF07EFC76
:10374000236893F85420910703D593F89610022923
:1037500005D052070ED593F89620012A0AD1042DE0
:1037600026D193F85930012B0CBF032104210020EE
:103770000AF0DCFCD4E9006318689A36D7B913F074
:10378000CBFD63680746186813F0CCFD216802463C
:10379000304691F8963091F878110091394613F03F
:1037A000C8FE236883F878510023A37203B0F0BDEC
:1037B0002946DCE713F0C2FD0146304613F0AEFEA9
:1037C000EFE700BF400E0020644E040008B5012062
:1037D000FFF79EFF024B06225B681A7108BD00BF0F
:1037E000400E002008B50020FFF792FF024B052293
:1037F0005B681A7108BD00BF400E002010B504467A
:10380000FEF77AFE237A032B0AD1194B1B68986EB8
:1038100020B14FF415613220FDF726F8FFF736FF8F
:10382000237A012B06D003D9023B012B12D910BDFC
:10383000FEF7BEFD0E4C236893F958000AF04CFACF
:103840002368002283F89520FFF7A6F8BDE8104012
:10385000FFF7CEBE064B1B6893F895301BB9BDE849
:103860001040FFF7BFBFBDE81040FFF7AFBF00BF7C
:10387000400E002008B5044B586801F02BF8FEF705
:10388000BBFD012008BD00BF400E002008B5FEF7BB
:10389000B3FD054B00211868A03017F0E1FCBDE82E
:1038A0000840FFF70FB800BF400E00202DE9F3419C
:1038B0004C4D00230E4607462A6841F27070116D88
:1038C00053720B885381CB69A3F57A74844295BFF8
:1038D0004FF47A7040F2E240B3FBF0F3B3FBF0F345
:1038E00098BF03F550639BB213848B8C5384CB8CAD
:1038F00093844FF47F43D3844FF6FF73138517B33C
:103900000121304618F006FA01463078C0092C68CB
:1039100094F8483004F11402FBB113F02AFAE0B134
:103920000B6863618B88287A938004F10E02082863
:103930004AD004F10D0105F009FB88B941F2284194
:103940003220FCF791FF6946686918F035F96B6918
:1039500069461878C0F38010D9E700236361E2E775
:103960002C68637B04F11A0843F00203637347B3C6
:103970000021304618F0CEF90368C4F81A30838865
:10398000A8F804302B6893F95810186D05F0DCFB8B
:103990002868154918F08EFD28681449036D2A30EF
:1039A0001A88A0F8092093F89630C37218F08BFD9E
:1039B0000221286801F0B2FAFEF774FD02B0BDE8FA
:1039C000F08104F17800D7E794F87E306373A36F39
:1039D000C4F80E30B4F87C3093800023C4F81A3059
:1039E000E383CFE7400E0020CF6D01008B6D010017
:1039F00008B5FEF74BFF044B00205969FFF756FF4F
:103A0000BDE80840FEF7F2BC400E00202DE9F0476B
:103A100005468AB0FEF7F0FC2B7803F00F03082B65
:103A200005D04FF0010840460AB0BDE8F08769466E
:103A3000284613F0C0FC9DF80080B8F1000FF0D1CB
:103A40009DF8013003F00303032BEAD12D4C2668C7
:103A500096F84D30002B3BD096F84E70637A002BD1
:103A600039D14FF0000906F1780396F87E200199CC
:103A70009DF8110017F0DEFDB9F1000F01D100280B
:103A8000CFD0236893F8419003F1420A96F848306A
:103A900023B1384605F020FB024638BB52469DF85C
:103AA00012A00299504613F064F9134606464A469E
:103AB000504617F0BFFDE0B120680121A03017F09B
:103AC000CFFBFEF7E3FE29460120FFF7EFFEAAE752
:103AD00063685F79C2E717F0F1FD0828C1D0C31B06
:103AE0002072D3F1000949EB0309BCE74FF001094B
:103AF000D5E7002E95D00299384605F0B3FA002894
:103B0000DAD18EE7400E00202DE9F8436D4F0023F7
:103B1000064689467869D7F80080037043700AF03A
:103B200077FA054630B90025032005F03BFE28460C
:103B3000BDE8F8837C69032E237834D123F00F038A
:103B400043F0030323700C236370D8F8783078694E
:103B5000C0F80930B8F87C30A0F80D3098F87E1025
:103B600018F03EF8002178691AF0F9F83B6893F8EC
:103B7000482003F1420993F84180002A7FD14C4646
:103B8000236841467869C0F80330A388A0F807305D
:103B900018F019F84C4BD3F80C32002B00F084804D
:103BA0000AF034F9BFE723F02F032222396843EAF1
:103BB0004913627043F0050323700B6D1B6AC4F850
:103BC0000F300A6D936A180AE3741B0C2075637535
:103BD00092F87E00138E00284BD04FF0640CB3FB9C
:103BE000FCF3A375D36A002846D06420B3FBF0F33E
:103BF000E375C3F3072341F270702376D369A3F50D
:103C00007A7C844595BF4FF47A7040F2E240B3FB72
:103C1000F0F3B3FBF0F398BF03F550639BB2637608
:103C20001B0AA376938CE3761B0A2377D38C6377E6
:103C30001B0AA377D2F89730C4F81F3092F89B3054
:103C400094F8242084F823300B6D22F01F0293F89F
:103C5000A23003F01F03134384F8243004F044FE21
:103C600094F8243003F01F0343EA401384F824300F
:103C70006BE740F2E24CB2E740F2E240B6E793F87D
:103C8000542052070DD593F84D2052B193F84E00B1
:103C900005F022FA044600283FF471AF4FF0010806
:103CA0006EE77B685879F3E7052E7FF440AF3B68F9
:103CB00021681A6DC2F80A10A188D1811B6D83F8A2
:103CC000098034E7400E002000A0085010B5002104
:103CD0000320FFF719FF18B9BDE81040FEF7F2BD49
:103CE000074C0321206813F0DCFD0028F4D00121EB
:103CF00008460AF01BFA636809221A7110BD00BF5A
:103D0000400E002038B5184D6B68186813F0E3FAC0
:103D1000044620B940F261513220FCF7A5FD6B68E2
:103D20000A22002128681A7101F0F8F82B68052092
:103D30001A6D237892F8964004EA531404F00104B3
:103D40002146FFF7E1FE18B9BDE83840FEF7BABDDD
:103D50000421286813F0A5FD0028F5D02B681B6D01
:103D600083F8964038BD00BF400E002010B5114CBE
:103D70000C220121636820681A7101F0CFF800213C
:103D80000520FFF7C1FE18B9BDE81040FEF79ABD47
:103D90000621206813F085FD0028F5D02368012056
:103DA00093F878110AF0C2F9236801221B6D83F899
:103DB000962010BD400E00202DE9F041044690B041
:103DC0000D46FEF719FB237803F00F03072B06D0EF
:103DD0000124FFF7C3F9204610B0BDE8F08120466A
:103DE000A14C06A913F049FB206806A99A3013F0EC
:103DF000BEFB23689DF8181093F89620914248D195
:103E0000032D03D193F89720FF2A13D09DF8192092
:103E100012073ED50B9993F897004A78B0EB121F22
:103E200037D1097802F00F02B3F8983041EA022244
:103E30009A422ED12A46072106A8FEF741FF636861
:103E4000DA880AB91B7A23B30023089E8DF8143050
:103E50008DF815308DF81630F6B10DF1160305AA60
:103E60000DF1150106A8FEF7FFFF23689DF8146009
:103E700093F8415045EA4605EDB29DF818209DF8AB
:103E80001580012A9DF8163008D0022A7AD0002A1F
:103E90004BD0FFF763F914E0FF25EEE79DF819001A
:103EA000226800F0090792F89A10092F02D041B158
:103EB000070706D592F85420500704D463689B790D
:103EC0009BB9012459E06268D279002AF6D03246C3
:103ED00006A8FEF7A9FA0028F0D02068A03017F055
:103EE000E1F90028EAD00C2447E0236893F8543025
:103EF0009A07E6D09DF819309B0700F1BC80FF219E
:103F000006A8FEF7CFFBDCE706A8FEF77DFA00283F
:103F100040F0B480236893F85530023B012BD0D891
:103F2000B8F1000FCDD0FE21EAE7236893F85430B2
:103F30009F07C6D09DF81930980721D56EB906A8FD
:103F4000FEF762FA48B9236893F85530023B012B1B
:103F5000B7D8B8F1000FB4D0FE2563681B7A33B12F
:103F6000424B1B681BB10D9808B10F999847294621
:103F700006A8FEF7CFFB441CE4B2FEF787FC2AE755
:103F8000FF25EAE7226892F85420910799D06168EA
:103F90008979002995D09DF8197007F00901092940
:103FA0008FD1920707F0020762D5002F38D026B3D1
:103FB0000DF11700FEF71EFB00210320FFF7A4FD03
:103FC0000646D4E9003803F1420709F055FD012304
:103FD0002A4606A903939DF917300293237ACDE967
:103FE00000033B46404600F0D9FC76B900283FF478
:103FF00068AF606800F06EFC63E7002B8AD006A80B
:10400000FEF702FA0028D3D184E700283FF459AF25
:104010002068A03017F046F90028EAD00B24ACE75E
:104020000DF11700FEF7E6FA39460320FFF76CFDA5
:104030000646D4E9003803F1420709F01DFD0123CB
:104040002A4606A903939DF917300293237ACDE9F6
:1040500000033B46404600F0A1FC0EB10028D7D13A
:10406000606800F067FC2CE7400E00208C1A0020EE
:10407000002F3FF444AF002E3FF446AF29463FE700
:10408000036D10B5044623B940F261313220FCF7CC
:10409000EBFB0222074942721B884381FF2380F811
:1040A00027304FF6FF73038518F004FA00232365C9
:1040B00010BD00BFCF6D0100F8B5194F064604F0E2
:1040C00097FB012178610020FDF70EF8054620B925
:1040D00040F691013220FCF7C7FB4FF4C07200217B
:1040E0001AF0DAFB01210846FCF7FEFF044620B176
:1040F0004FF4C07200211AF0CFFB3B6913B940F6B0
:104100009B01E7E7304612F03FFF284613F037FCEB
:1041100024B12046BDE8F84013F031BCF8BD00BF23
:10412000400E0020014B024A1A617047400E0020E9
:1041300010430000014B024A1A617047400E0020F4
:1041400028430000036810B523B940F67F113220E0
:10415000FCF78AFB044A13606C3353601369BDE8B3
:1041600010401B68184700BF400E002008B5044BE4
:10417000586800F0DFFBBDE80840FEF7A3BB00BFB6
:10418000400E002038B5044690F8400000F0FD00D5
:1041900004F14201003818BF012084F8410004F006
:1041A00083FC94F84030023BDBB2012B94BF012327
:1041B000002384F8483015D804F0C2FE054619F0F3
:1041C00010FF094BE5FB030194F84830C4E92001D6
:1041D00043B1002004F012FF20B940F6292132201B
:1041E000FCF742FB38BD00BF40420F0001493630AA
:1041F00018F063B9AD6D010010B5084C0222636878
:1042000020681A7100F058FD38B9206813F01CF8C6
:104210002068BDE8104013F00BBD10BD400E00201B
:1042200051280000392B0000992A0000B56F0100C9
:10423000B5240000F1390000B5240000F139000078
:10424000012C0000492C0000236F0100116F0100B8
:10425000236F0100116F0100036F0100F1280000BE
:104260009D2C00008D380000ED230000C5280000C3
:10427000A16D010099290000A16D0100A16D01004F
:10428000A16D0100A16D0100A16D0100CD3C0000F8
:10429000053D0000A16D0100A16D0100ED230000AE
:1042A000C5280000F941000099290000A16D010016
:1042B000E5370000CD370000A16D0100A16D0100C0
:1042C000CD3C0000053D0000E92A00006D3D0000E6
:1042D000E1340000192600003535000019260000E1
:1042E0006D6F0100676F0100E12700000D3A0000CB
:1042F000556F0100476F0100556F0100476F0100C6
:10430000396F0100396F010075380000F96E010046
:104310005136000030420000484200006842000070
:10432000D0420000F0420000FD370000384200009B
:10433000504200009C420000D8420000F8420000B9
:10434000013808B5C0B20A4B41B1032801D8185C46
:1043500008BD4FF4E9713320FCF786FA032802D830
:1043600003441879F4E740F211310620F4E700BF66
:104370006A4E040008B512F09BFC054AD2E84F3F94
:104380000133DBB2C2E8413F0029F7D108BD00BFCD
:10439000580E0020024BA0F108015868FFF7EABF51
:1043A000580E00202DE9F84F1E463C4B0D46934613
:1043B00000211A7804689DF828709DF82C809DF9DA
:1043C00030909DF834A0016032B9A4F1080158681A
:1043D000BDE8F84FFFF7CEBF1A2204F109001AF02A
:1043E0005BFA0123A372BBF1060F4FD8DFE80BF095
:1043F0000433394E434E3D00E37A23F0130343F078
:104400001303E372012304F10E024146284623758B
:1044100047F6FF7384F81890E38204F10D0312F05D
:104420002EFFE37A5B0736D5BA1E04F11C03012A7E
:104430008BBFAA6832681168E2618ABFE161B28805
:1044400092889A80E7760023237215492046BDE8BA
:10445000F84F18F032B8E37A23F0150343F0150350
:10446000CFE7E37A43F01003CBE7E37A23F01203BC
:1044700043F01203C5E7E27A4AF01A0A22F01B025F
:104480000AF01B0A42EA0A02E272BBE740F2444128
:104490003320FCF7E9F9FF23E376D4E7580E002038
:1044A000A54400002DE9F04F05468DB00C460020D4
:1044B0000121FCF755FE064620B94FF4F071332078
:1044C000FCF7D2F9A83013F0DFF918B196F85430A0
:1044D000042B2ED1304612F04CFD50BBB64C04F1EB
:1044E000080604F10C07AB6A93B92846FFF752FFA0
:1044F0004FF40073ADF804309DF80430002063F3EE
:1045000007009DF8053063F30F200DB0BDE8F08F74
:10451000A96A0B68B142AB624FF000030B704B709D
:104520008B70CB70DFD0B942DDD06068FFF722FF1F
:10453000D9E7AF6A37B3A14B9F4226D0043B9F42D5
:1045400023D007F13B0A4FF0000804F05FF98146E1
:10455000B8F1000F40F0008102A9504612F08DFF23
:10456000B9F1000F16D004F10D00EE7A16F0100626
:1045700013D09DF818600599324611F0D9FB4FF021
:10458000010828E005F1330ADDE74FF001084FF09C
:10459000000ADAE704F11C00E7E7002FEFD09DF8EE
:1045A0000830022BEBD0014695F83230E522504618
:1045B00017F0BFFB95F8323006460344504685F8A5
:1045C000323017F0AEFB95F83280A8EB0000D0F146
:1045D000000848EB0008B9F1000F00F0C180EB7A49
:1045E000D90604D45B216AE7C8460026F7E713F032
:1045F000040FAA7A95F80DE004F1060005F10E0CFF
:1046000030D0E97EFE292DD11123E27084F805E037
:10461000237013010233637001232371D5F80E3028
:10462000C4F80630BCF8043083802173EB69C4F809
:104630000D302B8CA4F811302B7EE3745E4E06F106
:10464000080A57453BD12379022205F1280062F37D
:104650004613237112F02FFE02272846FFF79AFE19
:1046600004263FE006F10A030321E2705343217060
:10467000023384F805E06370D5F80E30C4F80630D4
:10468000BCF804308380267326442B7E7373EA7A49
:1046900012F0080002D004232371CFE702F00303D5
:1046A000032B01D12071C9E7520701D50123F3E79C
:1046B000022BF1D00BB92171C0E7A221FFE606F170
:1046C0000C094F4515D105F1280012F0F4FD6A7D63
:1046D0006AB92379042662F3461323710227284618
:1046E000FFF758FE8DF804608DF8057004E700268A
:1046F000F4E747B3B8F1000F20D005F12808404691
:1047000012F0D9FD39467068FFF734FEAB6A00221B
:10471000534585F8322096D04B4505D12379404644
:1047200062F34613237195E79DF80830022B05D1FB
:10473000237923F068030127237191E7237901226C
:1047400062F34613F7E7EE7A16F01006CAD0237923
:1047500067F3461323717FE700287FF445AF0646D1
:10476000042305F12301237006F11803AA7A5343A9
:10477000E270221D0233637005F10B0353F8040B42
:104780008B4242F8040BF9D195F814A095F815B0B6
:1047900004F07AF8C1F3402950464946FFF7D0FDAE
:1047A0006073BBF1000F04D049465846FFF7C8FDBF
:1047B000A073E67642E700BF580E0020640E00208A
:1047C000343270B5054692B20C461E4612F038FAE5
:1047D00025B1034A556014745674147070BD00BF3F
:1047E000580E002010B5034C606812F04BFA237C81
:1047F000237010BD580E0020014B587C704700BF3D
:10480000580E002038B5134D686812F041FA04467E
:1048100020B940F255113320FCF726F8D5E84F3F78
:10482000013BDBB2C5E8413F0029F7D104F10803A1
:10483000342218461AF030F847F6FF720121E4627C
:10484000E283FF22627584F82320E27C61F3461242
:10485000E27438BD580E002038B5436A044693B957
:104860000A4D686812F014FA606220B94FF4B7710B
:104870003320FBF7F9FFD5E84F3F013BDBB2C5E83A
:10488000423F002AF7D1606A3B3038BD580E002005
:10489000036810B504468BB19A6A22B140F28B11BD
:1048A0003320FBF7E1FF596A41B101F1080083426F
:1048B000074B08BF22605868FFF75CFD216831B1E3
:1048C000034B08395868FFF755FD0023236010BDDE
:1048D000580E002038B5046805469CB1134920469F
:1048E00017F0F4FD124B00221A735A739A73DA739D
:1048F000EFF3108272B6A16A0C3399B9A362E36236
:1049000002B962B62C68616A49B101F108039C42A0
:1049100003D0074B5868FFF72DFD00236362002387
:104920002B6038BDE16A0B60E9E700BFA5440000D9
:10493000580E002070B50668044656B3716A154DCE
:1049400041B101F108039E4202D06868FFF712FDF1
:104950000023736221684E7DB6B100232B726B7207
:10496000AB72EB72EFF3108272B6886A0A4B40B9F1
:104970008B62CB6202B962B62046BDE87040FFF799
:10498000A9BFC86A0360F4E708396868FFF7F2FC5A
:10499000266070BD580E0020600E00202DE9F04703
:1049A0000468914606460D469A469DF820209DF8DB
:1049B0002C8024B940F239313320FBF755FF664F84
:1049C0003B78B3B9B8F1020F0DD009D9B8F1030F94
:1049D0000CD03368002B00F08A8040F25631EBE7B0
:1049E000FFF756FFF5E7FFF775FFF2E7FFF7A2FFC6
:1049F000EFE7636A0BB94021DEE783F81180CB68EB
:104A00007BB1097C238E0B4440F272618B4207DD3F
:104A1000FFF790FF3368002B69D040F27331CBE78A
:104A200023860123A3729DF928302376B8F1000F65
:104A300060D122756B691BB15B78C3F30313A37557
:104A4000EB6913B15B88A4F819302A78511E4B42E8
:104A50004B41E17A63F30001C1F34003022A08BF2E
:104A600043F0010363F34101C1F34003002A14BF83
:104A7000002303F0010363F3C301AB68E1721BB1D0
:104A8000CBB243F00403E3722B6A13B193F9003005
:104A9000E3756B6843B104F10D0304F10E029DF858
:104AA0002410284612F0EBFBAB688BB1A9F1020190
:104AB00004F11C02012995BFDAF800301968E3619E
:104AC000E16194BFBAF804309B88938084F81B900E
:104AD000A969B8F1000F0FD179B38B784A7803F048
:104AE0001F0352EA032228D13046FFF7D1FE0020EF
:104AF000BDE8F08762759DE70022636A1A705A70FC
:104B00009A70DA70A26AEAB9A362E36289B14A785C
:104B1000897801F01F0152EA01220AD1A16A3A7292
:104B20007A72BA72FA720D4A79B9A2620023E2620D
:104B300033600B49204617F0C9FC636A3BB94FF458
:104B4000D77139E7E26A1360DFE71A60EEE7002306
:104B500001206362CCE700BF580E0020600E0020E9
:104B6000A544000010B504460246064900F58C70C5
:104B700019F099FB224604F5A4700249BDE81040E3
:104B800019F091BBAB79010010B590F854308A1E32
:104B9000012BD2B205D1022A2CD8184B33F81200BF
:104BA00010BD03291DD002291FD14FF4E17000244C
:104BB000124B03EB4403DB8803390344012903F15F
:104BC00096038CBF00202820022A4FEA400094BFA1
:104BD0000B4940F64802184498BF31F8122010449F
:104BE000DEE740F264600124E2E740F2E6204FF4A1
:104BF000B073E1E740F64800D2E700BF724E040010
:104C0000724E0400014B1870704700BF7100002005
:104C10007FB590F8143103F0FF0223B140F2A521D3
:104C20002120FBF721FE0C78039214F0010318BF3A
:104C30008D68CDE9012218BF0195A60707D504ADFF
:104C4000CE6805EB83050133DBB245F80C6C6507D4
:104C50002BD504AD0E6905EB83050133DBB245F8B6
:104C60000C6C013B134D80F845314B68C0F8C830DF
:104C7000C0F8F83040F27123A0F8FC30002315F89A
:104C8000011B0C420BD004A900EB820601EB820150
:104C9000013251F80C1CD2B22B39C6F8CC100133BA
:104CA000DBB2032BEBD104B070BD002BD9D140F2A5
:104CB000BE21B5E77E4E040090F87B315F2B4FEAB2
:104CC00053112DE9F04F044689B000F2A9808F4AB4
:104CD0000A4492F80F80B8F1040F04D100224FF07B
:104CE000030880F8702194F9792103F01F0394F8E8
:104CF0007A91002A49EA032994F87931B4BF4FF434
:104D000096721E22DB0902FB09F90CBF4FF01E0B45
:104D10004FF4967B08F0B6FEA9EB000608F0F4FE0F
:104D200094F87931074606EB0B0A13F0400F4F4415
:104D30000CBF4FF4FA75322516F0C3FA744B0544D4
:104D4000B6F5837F0AFB05F505F5742505F23F25C9
:104D5000B5FBF3F56FD394F8153103F0FF02002B88
:104D600061D14046019209F027FB6A4B4FF47A7AF1
:104D700053F8289009F52243B133B3FBFAF6BA365B
:104D80005E4406EB45060644404609F015FB0090DC
:104D9000404609F019FB414683462046FFF7F4FEE2
:104DA00000F18C08009BA9EB0B09B044019AA8EB19
:104DB000030804238DF808208DF81130D4E92C3233
:104DC000B9FBFAF9933BA8EB090842F1FF32DB1972
:104DD000CDF80C8042F100025B1B62F10002CDE9CC
:104DE00006324D4B1878FE2803D094F854305A07F9
:104DF00001D419F0C1F98DF8100002A904F58C70E6
:104E0000C4F8D880C4F84061DDE90623C4E92E2344
:104E100010F06CF938B940F2EE612120FBF724FD67
:104E20004FF000085FE709F04DF810F04BF9012052
:104E300009B0BDE8F08F40464FF47A7A09F0BCFA29
:104E4000344B53F8289009F2E736B6FBFAF62036D1
:104E50005E443E442E440644404609F0ADFA0090BC
:104E6000404609F0B1FA834641462046FFF78CFEE2
:104E7000A9EB0B0900F18C03009AD4F8D8803344D5
:104E8000B9FBFAF99B1AA3EB090AD0452BD2224BA6
:104E900093F80090B9F1FE0F03D094F854305B07FB
:104EA00002D419F069F98146484619F0FFF8AAEBD7
:104EB00008034946192B38BF1923834228BF0346EC
:104EC0001846984619F01CF90028B1D019F08DF851
:104ED000D4F8D83008EB0300C4F8D8008238C4F8FE
:104EE000E00019F080F894F84431103F02A80294D1
:104EF0008DF8183002237F1B03968DF810300023A5
:104F000005978DF81930FFF71DF990E7724E0400F0
:104F100040420F00545104007100002001292DE986
:104F2000F347064605D9022900F0A08040F6420169
:104F300050E001F00104D0E92CA708F0C1FD96F87B
:104F4000788181462046414616F04AFC0546404697
:104F500009F03AFA0246002C3FD0A8F10203DBB276
:104F6000022B3AD8574901EB43035B8A15EB09053D
:104F70002CBF0121002115EB0A0547EB010752491F
:104F800051F8280000F2E73010444FF47A72B0FB79
:104F9000F2F02D1A67F10007ED1847F1000718F03D
:104FA00079F84630D6F810812C1AD8F81C9067F1A1
:104FB000000505F033FD06F1E803834210D04A46B0
:104FC000CDE90045D8E9740118F072F881451DD289
:104FD00040F261312120FBF747FC4FF4FC73C5E739
:104FE00098F87D0090B1D6E93A7A05F06FFD30B9B6
:104FF000B8F9F431A8F8F401DF194AEBE37A4A462C
:1050000038465146CDE9004518F052F82F4B1A6842
:10501000D6F81031824293F87E100BD9DE6932182F
:10502000DE6279B941F66A018842198616D340F2E8
:10503000D271CFE749B16422B0FBF2F1514302468D
:10504000401AD9624FF4FA71EEE740F2E242B0FB47
:10505000F2F151430246D962401AE3E7121945F1D1
:105060000005C3E9742502B0BDE8F087D0F810311F
:1050700013B940F2DD71ADE7002583F88C5090F84C
:10508000781183F8741083F87510FF2483F8764044
:105090000339D0F81001012900F13C008CBF002138
:1050A000012117F0FDFAD6F8100118F04DF9C6F8F5
:1050B000105186F8164108F005FF02B0BDE8F04730
:1050C00010F000B8724E0400685104006C0E00200D
:1050D00008B50B4B30B101280DD040F65501212009
:1050E000FBF7C2FB18601A6841F669039A4206D9B9
:1050F00040F65E01F3E740F6C4121A60F3E708BD1C
:105100006C0E00202DE9F04F04468FB01E468B46F2
:105110000392BDF8608018F064FF81462046049138
:1051200012F0C1FAD4F8CCA00546002E00F0268279
:10513000002800F04482204612F02BFC039B80F0F4
:105140000106F6B2002B00F0188119F5FA630593F9
:10515000049B43F10003069305F0ACFC05F064FCEE
:10516000074604F1E8003946079005F02FFCD4F813
:10517000101111B1079812F0DBFB1FB1B7F9242011
:10518000A4F80C21B5B1D4F8F050B7B1B868059BBC
:10519000D7E9002100938018069B2A4641F10001BF
:1051A000019317F085FF854208D240F24D3121204E
:1051B000FBF75AFBD4F8C850E7E73846079005F0EC
:1051C0007FFC059B0798D4F8C8C0C518069B43F11F
:1051D0000007B8F1000F00F0CB801FFA88F842F208
:1051E000107329463A46E8FB03120CF2CF730344CE
:1051F000B3FBFCF30CFB03F3EB1A67F10000C4E90B
:105200003A300123C4E92A124FF0000804EB0802E7
:105210002046069392F87C1112F008FA0590069B3E
:10522000D4E92A21521B61EB0701012A71F1000028
:105230004FF00000C0F292819245884100DB924617
:1052400004EB8808D8F8CC20524594BFC4F8DC2081
:10525000C4F8DCA026BB1BB35900B4F90C0189B219
:1052600017F0B0FAB4F80C21D4F810314FEAE07C12
:10527000121A12B2A4F80C2143B1A3F8F421D3E915
:10528000742112184CEB0101C3E97421D4E93A32BC
:105290002D184CEB07071B184CEB0202C4E93A32FD
:1052A000039B2BB1D4E93A23C4E92C57C4E930233A
:1052B000059B2A462046C4F8D8300423C4E92E575B
:1052C0008BF809303B4612F004FA059B8BF8080076
:1052D000CBF80430002E00F04C81012304998BF8A8
:1052E0000030D4E92A32B3EB090362EB0102012B4F
:1052F00072F100014FF00001C0F23281B34F9F42C2
:10530000914100DB1F46D4F81031D4F8C880002B3F
:1053100040F02B8107262046A8FB065612F0C3F961
:10532000002800F01F81D4E92C32ED1846EB02066C
:10533000A945049BB3410FD2B5EB0905049B66EB6D
:1053400003066FF00103AB424FF00003B34102D3F9
:10535000AF4228BF2F46B846CBF81080D4F8DC0007
:10536000059B984234BF002001200FB0BDE8F08FAC
:105370004FF0FF316FF0004237E7002E39D06FF069
:105380000043D4E92A129A4208BFB1F1FF3F2BD063
:1053900094F844312046234493F87C1112F046F9E6
:1053A000039B19F1AB0205468DF82030049B099050
:1053B00008A843F10003CDE90C2340F20243ADF805
:1053C000283018F076FF10B940F29641EFE6D4E9A4
:1053D0002A320C995B1A0D9962EB01025B1B62F198
:1053E0000003002BC0F2B3804D46049F012600232A
:1053F0000AE7D4E93A37D4F8C8500026A9EB0302EB
:105400005919B2FBF5F205FB02F247F100075218F9
:10541000A2EB090147F10007AA290DD8D4F8B8106A
:10542000C91AB1FBF5F105FB0133D31AB3FBF5F350
:10543000AD1847F10007E7E694F87C11204612F01A
:10544000F5F80423D4F8B8208DF82930D4F8C850E2
:10545000099020468DF82060D4E93A13521AB2FB25
:10546000F5F26A43521843F10003CDE90C2312F020
:1054700030F929468DF8280008A816F04DF90346A2
:10548000DDE90C57C0E651F8042F013302F12B0C73
:10549000BC459FBF821A08F10108BF185FFA88F85F
:1054A000DAB29645EFD804EB0803204693F87C1156
:1054B00012F0BCF8384404EB8803D3F8CC308342B4
:1054C00009D3A3EB070ABAF1000F24DA40F24E41E8
:1054D0006DE62F466AE094F84511D4F8C82041459E
:1054E00011D908F1010895425FFA88F808D204EB57
:1054F0008803D3F8CC3003F12B029A461546E2E735
:105500004FF4856153E69542F7D352009542F4D3A8
:1055100040F245414BE6AD19059B20464FF0000691
:1055200043F10007D4E92C2312F057F8D4F8C8301F
:105530005843D4E93A321B18204642F10002C4E92C
:105540003A323B462A4612F048F803465EE6039B91
:105550004D46049F01269A46984657E682466FE6D6
:105560000F46D0E6D4E93032DFE64FF0FF352E4665
:10557000DEE68BF80060CBE90457EFE6039B002BD7
:105580007FF4E3ADD4F8C87009F1AB05D4E93A2350
:10559000A9EB0206B6FBF7F67E43B618A5EB0605A7
:1055A00043F10003AF42059393D8EF1B002394F817
:1055B00045E104F1C8016FF02A00984670E7039BAB
:1055C000002B3FF416AF2E46BFE500BF0040420F50
:1055D0000138C0B2032808B504D940F211310620C1
:1055E000FBF742F9014B185C08BD00BF8E4E04006A
:1055F0000138C0B2032808B504D940F211310620A1
:10560000FBF732F9014B185C08BD00BFAB4E04003C
:105610000138C0B2032808B504D940F21131062080
:10562000FBF722F9014B185C08BD00BF0C4F0400CA
:105630000138C0B2032808B504D940F21131062060
:10564000FBF712F9014B185C08BD00BF09500400BC
:10565000F0B5284AA7B004460D4610686B4651685D
:1056600002AE0F2203C300210DF1890019F014F9D5
:1056700000211022304619F00FF916ABDDE90001C8
:1056800083E80300234618AC03F1280718680833A1
:1056900053F8041C2246BB4203C21446F6D18023B1
:1056A00006AA8DF88830002302F8013B0133102B45
:1056B000FAD196E80F0012AC84E80F000AAA21463E
:1056C00006A812F0D8FA01230EAA214606A88DF8E2
:1056D0004B3012F0D0FA2A460EA90AA8042319F07A
:1056E0005BF8042305F1100229460AA819F054F8C2
:1056F00027B0F0BD924E040008B50AF017FB28B998
:10570000034B1868BDE8084012F07BBC08BD00BF21
:10571000180F0020F7B50446052900F20B81DFE8D9
:1057200011F00600A800AB0009010901A40090F8DF
:10573000623223B903B0BDE8F0400FF0C3BC90F86B
:105740006232052B05D10F220021204612F08CFC7D
:10575000F0E74FF40C7180680EF088FCA368283BDA
:10576000184418F040FC94F86232032B08D094F8E7
:105770006232022B04D04FF4AE718E20FBF774F826
:10578000032384F86232D4F8D4300D21B4F86422B3
:105790002046B3F847301344A381FBF73BFD064690
:1057A0000E21FBF7DDFC69460546304616F049F848
:1057B00008B18D21E1E794F85D3240F2712E95F841
:1057C0003E710199B5F83821C969B5F850014A43CD
:1057D000B5F83A110EFB00F0B3FBF7F607FB1633F2
:1057E0005643DBB203F1010C4B430EFB03638342D0
:1057F00001D99721C1E7BC45A0EB030300D0F1B963
:105800003244904202D8042284F86222D5F84C2116
:10581000934218D2042284F8622223F07F43D4F802
:105820005022204663F31702C4F850220AF0D0F841
:1058300060B9204603B0BDE8F04012F0E2BB0EFBB9
:1058400001F18B42DEE722F07F43E8E720460AF0D1
:10585000DBF90028EDD039480FF076FB37480FF020
:1058600081FB374B1C6003B0F0BD0AF06FFA0322D6
:105870006AE740F2F71180E7FF2380F8673290F87B
:10588000623203F0FF0213B980F86722EBE790F869
:105890006232052B07D10322002112F0E5FB002321
:1058A00084F86732F2E73023694680F82032B0F896
:1058B0006032ADF8003009F049FFBDF80030022831
:1058C000B4F86022A3EB020384F8B030E7D00128DB
:1058D0002CD1042384F862320D212046FBF79AFC78
:1058E0000E21FBF73DFC94F85D3290F83E21B3FBAE
:1058F000F2F102FB11330133DBB29A4202D00423EE
:1059000084F86232D4F8D4302046B3F84710B4F8A3
:105910006432194489B2A1810AF03AFA94F86232E9
:10592000042BBCD1204612F044FAB8E720460CF014
:10593000B9FBD1E740F2FD111FE700BFF9560000A7
:10594000180F0020014B024A5A607047180F0020C0
:1059500015570000024B02461830596818F0A3BCD6
:10596000180F0020024B034A1A60528B9A8070472E
:10597000200F002026010020014B1868704700BF4F
:10598000200F002008B5034610465A1E032A10D8DF
:105990004A1E032A0DD8084A012951700CBF002164
:1059A0000A211071937091721946FBF7F3FD0020E4
:1059B00008BD6FF01500FBE726010020074A537A67
:1059C00040B143F00403002953720CBF00230723A6
:1059D0005371704703F0FB03F5E700BF2601002079
:1059E00040EA4100014BD870704700BF26010020FB
:1059F00014280BD028280BD00A280BD10323064AE1
:105A00000020528B1340054A938070470223F6E72B
:105A10000023F4E71E20704726010020200F0020FD
:105A2000014B9888704700BF200F002070B5466872
:105A30000D4604460E213088FBF792FB064980F89C
:105A4000BD50B43016F036FD002386F849312046AB
:105A5000BDE8704016F061BFDD5B00002DE9F0414C
:105A60004768054688460E213888FBF779FB0D21EB
:105A700004463888FBF774FB002680F86262094907
:105A800004F1B40084F8BD8084F8BE60A4F8C0605E
:105A900016F010FD87F84A612846BDE8F04116F07F
:105AA0003CBF00BFDF8301002DE9F0414668054699
:105AB00090F800800F4630880E21FBF751FB0D2136
:105AC00004463088FBF74CFBB8F1000F03D096F882
:105AD0008E30462B15D0002384F84571A4F8483148
:105AE000A4F84631A8B994F8453104F1B4000B4943
:105AF00084F8BD30002384F8BE30A4F8C03016F01E
:105B0000D9FC002386F84B312846BDE8F04116F059
:105B100004BF90F86232002BE5D0F2E7DF8301008A
:105B200038B5436814460D460E211888FBF718FB5C
:105B3000B4B9B0F84831B0F84621A0F848419B1AF2
:105B4000A0F846411BB290F8A4205AB980F8A5509D
:105B50009C30847283810449BDE8384016F0AABCA9
:105B60000023F0E738BD00BFDF83010010B50088D7
:105B70000C460E21FBF7F4FA90F872305BB980F80E
:105B8000734014B9FF2380F8C23003496A30BDE87E
:105B9000104016F08FBC10BDB985010070B5466885
:105BA00004460D460E213088FBF7DAFA90F87C3077
:105BB0004BB980F87D5015B9FF2380F8C5300649F0
:105BC000743016F077FC002386F848312046BDE893
:105BD000704016F0A2BE00BFE18B010070B50C460C
:105BE0000E210546FBF716FB0E210646FBF7B8FA19
:105BF000002280F8C6203122A68022706A7AE270E4
:105C000090F8162102F03F02A27190F8F820012AC4
:105C1000E2714CD190F80421227290F8082162724E
:105C200090F80521A27290F80621E27290F80721FF
:105C3000227390F80921627390F80C21A27390F8F6
:105C40000B21E27390F80A21013AD2B2072A96BFDB
:105C50001749FF228A5C2274D0F8F920C4F8112079
:105C6000D0F8FD20C4F81520B0F80121A4F81920BF
:105C700090F80321E27690F80D21227790F80E211A
:105C8000627790F80F21A27790F81521E27790F8CB
:105C9000122184F8202090F8132184F8212090F814
:105CA000102184F8222090F8113184F8233070BD3F
:105CB0009A4E0400502808B51DD018D828280CD8B2
:105CC000092806D9A0F10A020C4BD2B2D340DB0757
:105CD00007D43221D620FAF7C7FD322801D03C285C
:105CE000F7D10A23B0FBF3F00138C0B208BD912808
:105CF000EFD10720FAE70620F8E700BF01041040C3
:105D00004B680E2130B5054689B01888FBF728FA94
:105D100004461B22002101A818F0BEFD94F816319C
:105D200094F8F82003F03F0343EA82138DF804301F
:105D300003F0C003402B40F0A880D4F8F93094F869
:105D40000B21CDF80530D4F8FD3002F00F0294F8A5
:105D50000D11CDF80930B4F80131ADF80D3094F8DB
:105D600003318DF80F3094F804318DF8103094F829
:105D70000831FF2B8DF811301FBF94F805318DF8D5
:105D8000123094F806318DF8133094F807318DF8FD
:105D9000143094F809318DF8153094F80A318DF8E3
:105DA000163094F80C311B0103F0300313439DF8B7
:105DB000172022F03F0213438DF817309DF818305A
:105DC00061F30303DAB28DF8183003F00F03012BEF
:105DD0000AD1134694F80E2162F307138DF8183098
:105DE00094F80F318DF8193094F81201FFF762FF23
:105DF0008DF81A0094F81301FFF75CFF94F8103146
:105E00008DF81B00642B2CD025D8502B2BD03C2B8D
:105E100005D81D2B07D80F2B0CD0142B0AD05D21D1
:105E2000D620FAF721FDA3F11E011D4AC9B2CA40CE
:105E3000D107F4D50A22B3FBF2F3013BDBB28DF8B4
:105E40001C3094F81131142B11D0282B24D00A2B9C
:105E500024D04321E4E7782B07D0962BDFD1092308
:105E6000EDE70723EBE70623E9E70823E7E701234C
:105E70008DF81D3094F815315A1E534253419DF848
:105E8000172063F386128DF81720284601A916F013
:105E9000B0F81C2009B030BD0223E9E70023E7E792
:105EA00001041040436810B50C4618880E21FBF71A
:105EB00057F9044980F887407E30BDE8104016F05D
:105EC00002BB00BFDD5B00002DE9F04F466889B0E2
:105ED00090F8008007468A4630880E21FBF740F98B
:105EE000044690F8C2B05FFA8BFBB8F1000F08D0FF
:105EF000D6F8805015F480650DD0012009B0BDE8BA
:105F0000F08F96F88E30002BF7D1302196F88D0067
:105F100012F0B8FA054602F0B7FC0A0401F4004991
:105F200040F1078196F89230002B00F0048196F83A
:105F30009330002B00F0FF80B5B90D213088FBF7BE
:105F40000FF960B9BBF1000F0DD0504601A916F052
:105F500087F801A812F047FF08BB1E2504E090F85F
:105F60006232002BEED00C25B8F1000F03D096F86A
:105F70008E30002BC1D12A463021384616F0FAFC6B
:105F8000362386F88E30B9F1000F03D02946384603
:105F9000FFF788FF384616F0C9FC0020AEE79DF8F1
:105FA000043003F0C003402B40F0AF80214601A82D
:105FB00012F089FF002800F0BA809DF80430C3F386
:105FC000050203F03F0103F0C003402B40F09D8029
:105FD00094F817311BB994F816319942BDD10123B9
:105FE00084F8162184F8F830002384F81731DDF89E
:105FF0000530C4F8F930DDF80930C4F8FD30BDF8DB
:106000000D30A4F801319DF80F3084F803319DF86C
:10601000103084F804319DF8113084F808319DF86F
:10602000123084F805319DF8133084F806319DF85C
:10603000143084F807319DF8153084F809319DF843
:10604000163084F80A319DF81730C3F3030203F0C9
:106050003003B3FA83F384F80B215B0984F80C3125
:106060009DF81830C3F30302C3F3031384F80E3111
:106070009DF8193084F80D2184F80F319DF81A30FD
:10608000052B36D8013303EB83035B00DBB284F8C6
:1060900012319DF81B30052B30D8013303EB8303FD
:1060A0005B00DBB29DF81C2084F81331082A97BFEF
:1060B000254B96239B181B7A84F810319DF81D30D0
:1060C0000BB3012B0CBF1423282384F8113102F0E9
:1060D000E1FB03681B0544BF9DF81750C5F380150D
:1060E00084F81551B8F1000F27D13B2386F88E3084
:1060F00050E7062B0CBF50239123C8E7062B0CBF9B
:1061000050239123CEE70A23DFE79DF8043094F86B
:10611000162103F03F0393427FF41FAF00230122B7
:1061200084F8F83084F8172184F81831DAE720254C
:106130001AE71A2518E72F2516E7D6F8803043F41A
:106140008063C6F8803025E79A4E04002DE9F041BF
:1061500046680446884696F88E707FBB02F094FB32
:106160000B040DD41A223921204616F003FC3623E5
:10617000204686F88E3016F0D9FB3846BDE8F0810F
:1061800096F8923013B196F893300BB92F22EAE7C4
:1061900063680E211888FAF7E3FF054600F1E20371
:1061A00000F1DA0200F1CA01404615F002FF04498D
:1061B00005F1880016F084F93D23D9E70127DCE7D3
:1061C00055900100436810B50C4618880E21FAF767
:1061D000C7FF044980F89A409130BDE8104016F09E
:1061E00069B900BFDB8F01002DE9F74F1E46136828
:1061F0008346154637680093BB4204D94FF48D712E
:10620000D320FAF731FBD1F804A09AF87F0002F00E
:10621000ADFF04460AF13C0016F006FADAF83C300D
:10622000610098421FFA81F838BF1846414600F5D0
:10623000E97948460DF01AFF9AF874202D4B00F1C9
:106240001004DAF81C00414653F822304FF47A72F9
:106250004C4403F2E733B3FBF2F3DBF84C21973302
:106260002732B62B024438BFB623B2FBF0F25043BC
:1062700001930DF0FBFE9BF83E218146BBF83A01ED
:106280004146019B5043DBF84C2102F1480B40F2A0
:10629000712202FB00BBDAF81C009B440DF0E6FE05
:1062A000DAF81C10D944484481429CBFB0FBF1F39A
:1062B00001FB1300009B081A0139814228BF0146E7
:1062C0008C4228BF0C46A34238BF2346BB421C4623
:1062D00028BF3C46A1422C6038BF2146B94228BFA6
:1062E00039468C42316002D94FF4B27188E703B06D
:1062F000BDE8F08F6851040070B5441EE5B21F2D53
:106300000ED8A1F2E2460D4DAE4209D840F27126F8
:10631000012806FB02F505D001F19602954203D251
:10632000002009E0002AFBD106FB03F005FB041165
:10633000884234BF0020012070BD00BF1D043D0015
:1063400073B5466805460E213088FAF709FF2F4BD2
:106350004FF4FA72044690F82C11CDE90023D0F8DE
:10636000282112F0FDFEC4F84C010DF055F884F818
:106370003E010DF057F8294601AB6A46A4F83A01F0
:106380002046FFF731FF009B019A23F07F43F0691D
:1063900094F83E11C4F8303122F07F435032B4F803
:1063A0003A510139D4F84C610244C4F8343169439C
:1063B00040F27125324405FB0122B4F81C11B2FBF6
:1063C000F0F20132A4F85011A4F83821B4F82221D7
:1063D000012A18D09533034405FB0133B4F820118A
:1063E000B3FBF0F39BB28B4238BF0B46A4F852319B
:1063F00094F82C31A4F8542184F856310F2384F8F2
:106400005A3102B070BD0023F0E700BFFF083D0025
:106410002DE9F04F466897B00F4605460E213088AB
:10642000FAF79EFE0D2104463088FAF799FE06A978
:106430008046384615F0ACFE2F7896F88D0037BBB5
:10644000322112F01FF8824694F8C83083B303AAB1
:1064500004F5AE7104F1F8000CF094FD96F88E90FE
:10646000B9F1000F40F05A8102F00EFA0B0429D462
:106470001A223221284616F07DFA362386F88E300D
:10648000284616F053FA484617B0BDE8F08F342876
:106490000CBF4FF02A0A4FF0000AB8F1000F05D0E8
:1064A00098F862727A1E57425741CDE74746CBE7CC
:1064B00003ABD4F8F900D4F8FD10B4F8012103C3FC
:1064C0001A80CBE794F8C4300BB92F22D1E7BAF188
:1064D000000F01D05246CCE70DF1180C0DF1340A33
:1064E000D5F804E0BCE80F00AAE80F009CE807001C
:1064F0009DF818308AE8070003F03F0394F816214E
:10650000934213D194F8F830012B0FD194F817313E
:1065100063B9BDF81930BEF886209B1A1BB2002B58
:10652000B8BF5B429BB2B3F5804F01D31E22A0E7F8
:10653000BDF81C309DF81B207A4942EA032202F183
:106540008073A3F5FA7323F07F438B42EED8BDF836
:106550001E309DF8201043EA01439A42E6D8DEF847
:106560001C209A42E2D90A99BDF82130BDF82620B4
:1065700021F07F419DF82500FFF7BEFE0028D5D011
:10658000BDF82D20BDF82B30012A3ED1002BCDD1F6
:10659000BDF82330002BC9D09DF84F3003F00F0217
:1065A000042A01D90F2AC1D14F2B03D903F0F003DC
:1065B000F02BBBD19DF82FB0BBF1070FB6D89DF8DB
:1065C00031309DF830A01846019316F03AF90128B1
:1065D000ACD1019B082BA9D8BAF10F0FA6D8504611
:1065E00016F02FF98246FFF7C7F9437853459DD33C
:1065F00094F80C1158460CF0E3F9824596D303A8A1
:106600000CF070FD20B9482233E7002BC0D18DE794
:10661000BDF82B2047F6FE739A421BD89DF8313007
:106620009DF82FB00193FFF7A7F92222824600219F
:106630000DA818F031F93C4B524659460D930DAB5D
:1066400094F80C0112F09DFF20B10199686812F0D6
:106650000EFE08B920220CE7B8F1000F05D098F81B
:10666000623213B10FB90C2203E74023BDF81C209E
:10667000204686F88E309DF81B3043EA02239DF8B1
:106680002020C4F83031BDF81E3043EA0243C4F87C
:106690003431BDF82630A4F83A319DF8253084F81D
:1066A0003E319DF824209DF8233043EA0223A4F8CC
:1066B0003831069BC3F30F23A4F83C310A9BC3F384
:1066C0001703C4F84C319DF82C209DF82B3043EA79
:1066D0000223A4F852310B9BC3F30F23A4F85431C7
:1066E000089BC3F30F23A4F850319DF8313084F890
:1066F00057319DF8323084F858319DF82F3084F8A6
:1067000056319DF8303084F85A31696812F07BFDBB
:10671000064904F1AA0015F0D3FEB1E64FF00109D5
:10672000B1E600BF0B073D00000404009391010097
:106730002DE9F04F466889B005460F4696F88D0062
:1067400012F002FD002800F002810E213088FAF7D5
:1067500007FD02A90446384615F08CFD9DF8083067
:1067600094F8162103F03F03934214D194F8F830C3
:10677000012B10D194F817316BB96968BDF8092065
:10678000B1F88630D31A1BB2002BB8BF5B429BB264
:10679000B3F5804F14D343F21E3300221E21A6F816
:1067A0001C313623A6F8C62086F88D302846FFF720
:1067B000B7F96B68002083F84A0109B0BDE8F08F93
:1067C000B4F83C31D21A1304E5D4BDF80C309DF86E
:1067D0000B20604842EA032202F18073A3F5FA73AA
:1067E00023F07F438342D6D8BDF80E309DF81000C9
:1067F00043EA00439A42CED8C9699942CBD9D4F82A
:1068000030118A42C7D3D4F834219342C3D89DF8BB
:106810001830BDF81680BDF8149048EA03489DF87A
:106820001300B4F850314A464146FFF765FD002891
:10683000B1D0BDF81130002BADD09DF81930072B29
:10684000A9D894F80C71184694F856B139460193BA
:106850009DF81AA00CF0B4F83946009058460CF098
:10686000AFF8009A019B824295D1B7FA87F7184694
:106870007F0939460CF0A4F83946009058460CF0D0
:106880009FF8009B834286D8504615F0DAFF012816
:1068900081D1BAF1080F3FF67EAFD4F84C3198455C
:1068A0003FF679AFB4F83A314B453FF674AF9DF8F7
:1068B0001A10686812F0DBFC024650B943F220332C
:1068C0002021A6F8C600A6F81C31362386F88D30A4
:1068D0006CE7029B2046BDF80C20C3F30F23A4F8FD
:1068E0003C319DF80B3043EA02239DF81020C4F898
:1068F0003031BDF80E3043EA02439DF81820C4F849
:106900003431BDF81430A4F83A319DF8133084F8CE
:106910003E31049BC3F30F23A4F838319DF81A309D
:1069200084F857319DF81B3084F858319DF81930A0
:1069300084F85631BDF8163043EA0243C4F84C31AE
:10694000422386F88D30696812F05DFC31E7012042
:1069500033E700BF0B073D0043682DE9F04F93F884
:106960008E2089B005460F46432A40F0AA800026B3
:1069700083F88E6015F0EBFF6B680E211888FAF72C
:10698000EFFB03A90446384615F0CAFC9DF80C300D
:1069900094F8162103F03F03934240F09E8094F850
:1069A000F830012B40F0998094F81731002B40F01B
:1069B00094806968BDF80D20B1F88630D31A1BB2F7
:1069C000002BB8BF5B429BB2B3F5804F80F085804F
:1069D000B4F83C31D21A13047FD4BDF810209DF8CE
:1069E0000F30624843EA022303F18072A2F5FA7283
:1069F00022F07F42824270D8CA699A426DD9D4F897
:106A00003021934269D3D4F83421934265D8BDF83C
:106A100018309DF81780BDF8159048EA03289DF8B6
:106A20001400B4F850314A464146FFF765FC00288F
:106A300053D0BDF81230002B4FD09DF81A30072BE1
:106A40004BD894F80C71184694F856B13946019316
:106A50009DF81BA00BF0B4FF3946009058460BF090
:106A6000AFFF009A019B824237D1B7FA87F71846E9
:106A70007F0939460BF0A4FF3946009058460BF0C9
:106A80009FFF009B834228D8504615F0DAFE01286C
:106A900023D1BAF1080F20D8D4F84C3198451CD82E
:106AA000B4F83A314B4518D89DF81B7068683946E0
:106AB0009DF91C8012F0DBFBC0B976B100222021C9
:106AC0000DE093F88D303F2B4DD115F026FF6B680C
:106AD000002283F84A2101264EE700221E21284683
:106AE000FFF71EF8002009B0BDE8F08F3EB994F81A
:106AF0005731BB42F1D194F958314345EDD1BDF83E
:106B0000102028469DF80F30002143EA0223BDF8EB
:106B10001820C4E94C33059BC3F30F23A4F83A3182
:106B20009DF8143084F83E31BDF81230A4F83831A5
:106B3000039BC3F30F23A4F83C319DF8173043EABD
:106B40000223BDF81A20C4F84C319DF91C30A4F87A
:106B50005621012284F85831FEF7E2FF6968204689
:106B600012F051FBBEE70120BDE700BF0B073D005F
:106B700010B5044612F0EAFF08B9002010BDE0434A
:106B800012F0E4FF0028F8D0E31683EAA4635A1E4B
:106B90001A42F2D0E3B25A1E13405A1E1342ECD0EE
:106BA000A0B215F063FE0B28E7D8204615F05AFE78
:106BB0001828E2D8A3B2B3EB144F04D184EA14230B
:106BC00013F0FF1FD9D0044B6340581E1840003803
:106BD00018BF0120D2E700BFD6BE898EF0B5070CE2
:106BE000164BA7F5AA4203EA9023543A012A20D96A
:106BF00027F4004042F6AA22801A18BF0120002282
:106C000016211F24164687EA060562EA05050135A6
:106C100011D0DD0301394FEA5303ADB245EA560600
:106C20004FEAC4354FEA5404ADB245EA5202EAD104
:106C3000F0BD0020E3E70020FAE700BFE0FF3F00DF
:106C4000F8B50D46074640F67A4CBDF81860A81F07
:106C5000BDF81C1080B2604515D8941FA4B26445DD
:106C60008CBF0020012087B9194C247984B188B9E0
:106C70006FF45067EC19062C04D86FF450641419A3
:106C8000062C07D9F8BD0020EDE797F87D40EDE729
:106C90000028F7D0954218D803FB0111B1F5FA7F0F
:106CA00013DCA6F10A0340F676409BB283420CD86F
:106CB000104613F036F842F2107341435E43B6EBD0
:106CC000410F8CBF01200020DCE70020DAE700BF85
:106CD000280F0020304BF0B5B0F868700C46114614
:106CE0001A88B0F8666085B097425D8828BF17465D
:106CF000964228BF16461B2E2ED0B5F5A47F2DD068
:106D000040F6480301AA9D4228BF1D4613F033F800
:106D1000BDF80A30BB4228BF3B46E380BDF80C30CB
:106D2000AB4228BF2B462381BDF80630B34228BFB3
:106D300033466380BDF80830AB4228BF2B46A380A2
:106D4000FF232370E3881B3B9BB2E02B08D940F262
:106D5000E7613920F9F788FD1B2FCED105B0F0BDD2
:106D600063881B3B9BB2E02B02D940F2E961F0E75C
:106D7000238940F64812A3F5A4739BB2934202D92B
:106D800040F2EB61E5E7A388A3F5A4739BB29342BD
:106D9000E4D940F2ED61DCE7280F0020F7B50023CD
:106DA00004460E461746CDE900336846FAF712FA54
:106DB00008B1002016E0009DA542F6D03046EB1C3D
:106DC00012F0A9FF3946AA7814F034FC0028ECD060
:106DD00005F10A036A7A04F10A01607A14F02AFCC8
:106DE0000028E2D003B0F0BD054A516A02F11D034C
:106DF000127F11F8030BC0F3801014F01BBC00BF0E
:106E0000A814002001281ED8022B0DD1A2F57A70FB
:106E10000F4B984219D8A1F57A70984215D88A423A
:106E20008CBF1220002070470A4882420DD8012BE7
:106E30000CBF40F2527340F6C3139A4205D9A1F633
:106E4000C410054BE9E7122070473020704700BF9F
:106E5000A7F970028FFD7002CBF3700210B50446E3
:106E60000A4810F0C0F90A492046FDF7D1FE204635
:106E700010F0E0F838B12046FDF784F9204610F014
:106E8000AFF9002010BD1220FCE700BF440F002026
:106E90004C0F00202DE9F04F9A4685B0754B044603
:106EA0000DF10809744F186888461B791646029040
:106EB00089F8043097F8563013B1484602F00CFABE
:106EC0006E4D0021204602F0C9F9AB68A4F800809D
:106ED000E36396F84A2006EB4202B2F82AB058461D
:106EE00012F01FFF01466FF4506000238344BBF192
:106EF000060F6BD9908C4FF0961284F87E30238762
:106F0000626340F2E24212F00CFF03F0E5FD40F252
:106F1000E2430146A4F8E4312046E161C4F8E011FF
:106F200016F0FDF9834601F0AFFC8306297C53BFC0
:106F30001B236B88AA881A46A4F86630504BA4F825
:106F400068201B6884F84410A4F846B01BB194F97B
:106F50007C10404698473B79003B18BF012384F8DA
:106F60007D30484B1B6813B147492088984701235F
:106F70006386464B1B6813B1454920889847454BAB
:106F80001B6813B1444920889847444B1B680BB1D8
:106F900020889847424B1B680BB120889847AB88E4
:106FA00004F114006A8869780333033201919BB2BB
:106FB000297892B2009104F11801FAF76BF963692C
:106FC00073B941F2C4113920F9F74EFC4FF04D125C
:106FD00023870123626384F87E304FF47A7399E744
:106FE000A36913B941F2C511EDE712F074FE2062F6
:106FF000BAF1000F04D002F001FD20F07F40A06242
:1070000096F84A302046E96806EB4306338EA3849F
:10701000F38EE38416F080F9494604F1960014F0EB
:1070200076FC97F8563013B9FF2384F83532BB6DE0
:1070300023B1012204F5957120469847194920464D
:1070400014F0B9FB02F0DAFC0C230121B0FBF3F2DF
:1070500002FB1300C0B2431DDBB2082B9CBF0D30F6
:10706000C3B2204684F8A23002F0F8F805B0BDE8BB
:10707000F08F00BFDEFB0400280F0020E413002087
:10708000A01A0020981A0020300F0020B81A002003
:10709000620F0020A81A00206C0F0020AC1A0020FC
:1070A000B01A00200214002010B503210020FAF7C6
:1070B00057F8044670B90321FAF716F8044620B9C8
:1070C0004FF459713920F9F7CFFB034B93F95C105A
:1070D00016F048F8204610BD280F00202DE9F04F8B
:1070E00087B007468846008804A914F0AAFB064624
:1070F00000287CD1059D95F87D31002B6DD0B8F12D
:10710000020918BF4FF0010995F88E30272B95F82A
:10711000E13043EAD3030CBF89F0010A4FF0000AC3
:10712000D90702D4BAF1000F63D0B8789DF81040A7
:1071300008B901F0B3FB8DF80B00F87808B901F03D
:10714000ADFB2E4B8DF80C00D3F800B0BBF1000F57
:107150000BD00AF0010320460DF10B0229460093E3
:1071600003ABD847044600283AD19DF80B20B2B3B0
:107170009DF80C309BB3164695F87D2032B1B207CE
:1071800003F0020337D5B3B302231E46FF2285F86E
:107190003521B9F1000F28D195F8342102F0FF0410
:1071A0001ABB85F8348103A985F83661284685F82D
:1071B0003731BB88A5F83831BA78ADF80E308DF884
:1071C0000C20FA788DF80D2014F0F5FA002385F8DC
:1071D0003531204607B0BDE8F08F814694E7092499
:1071E000BAF1000FF5D00023C6E73A24EEE70446D3
:1071F000EFE71A24EDE70924EBE700BFB41A0020FB
:10720000034B93F82200C04300F00100704700BF19
:10721000E4130020044B93F82200C0F3400080F0F8
:10722000010000F001007047E413002038B514F0AD
:1072300000FA002501F0AAFD224C01F03DFB15F0FB
:107240001AF903F065FB02F067F805F0CDFF0120A5
:1072500001F0D6FA1C4B1D4A29461D601C4BA4F8B0
:1072600054501A601B22DD839A80F9221D8483F812
:1072700022501D77174B22835868174A1B892260BA
:107280001422E06104F124002384A576A580A5756D
:1072900017F002FB012342F2107204F13A0084F865
:1072A000243084F83930C4E90A2216F0F9FC04F1DC
:1072B000440016F01AFD0022002384F86850C4E947
:1072C000182338BD280F0020941A002003021B0049
:1072D000E4130020AB4E04001B004801064B41F6AE
:1072E0004C521B215A611974C3E9022241F28832BF
:1072F0009A61FFF79BBF00BFE4130020024B1B689D
:1073000003B118470C207047941A0020014B93F9E1
:107310005C007047280F0020B0F9002011B292B233
:10732000F8B502F5A0639BB2B3F5206F37D8B0F97A
:1073300002301DB29BB203F5A06080B2B0F5206FA1
:107340002DD802F2F64040F2BE5480B2A04228D8B6
:1073500003F2F64080B2A04223D800294FF00A047D
:10736000C4BF093211B2002DC8BF093391FBF4F438
:10737000C8BF1DB205F040FF0A2367B2064695FB61
:10738000F3F1384649B205F029FF074B1B6813B1EA
:10739000A01B40B208B90020F8BD9847FBE7302099
:1073A000FAE71120F8E700BF9C1A0020034B5A8827
:1073B00002801B7883700020704700BFE413002018
:1073C0007FB5837806461A2B08D8042B04D9334A94
:1073D00022FA03F3DB0705D412251AE0292B01D08A
:1073E0003B2BF9D13088B0F5706FF5D2694614F0B7
:1073F00028FA88B9019B93F8282102F0FF05C2B949
:10740000B27883F82921FF2283F82821684612F0F8
:1074100034FE284604B070BD09213088F9F7A0FE7B
:107420000446002837D002A9B0F8AC0114F009FADC
:1074300008B10C25EDE70821B4F8AE01F9F790FE8C
:1074400020B940F61E213920F9F70EFA03781BB94E
:1074500094F8C831032BECD1039B93F83E21002A0A
:10746000E7D194F8F02102F0FF05002AE1D1B4F849
:10747000B021A3F8402194F8B82183F84221027D7D
:1074800083F84321B27883F8442184F8F021FF2265
:1074900083F83E21BDE70225BBE700BF200038048A
:1074A0000188A1F11B039BB2E02B0CD8428844F267
:1074B0004810A2F5A4739BB2834204D8034B00206A
:1074C00019805A8070471220704700BF280F002093
:1074D000034B1A885B88028043800020704700BFFE
:1074E000280F002038B50278447802F0010302F03A
:1074F000020254EA030101D1112038BDBAB98578DE
:10750000002DF9D0002B18BF002400E01D462046B6
:1075100012F024FC0028EFD0284612F01FFC0028AF
:10752000EAD0054B00209C77DD771884E5E7002B37
:10753000ECD000242546EAE7E413002013B50088C8
:10754000694614F0A3F9044620B9019890F83A313D
:107550001BB13A24204602B010BD90F8DA3003F097
:10756000FF04002BF5D190F8D1309B0706D1FF2303
:1075700080F83A31684612F080FDEBE70249D230DC
:1075800014F0A1FFE6E700BF15CF01002DE9F84F89
:1075900003780446032B03D912252846BDE8F88F4B
:1075A0004378032BF8D8437E8578002B50D1012DEA
:1075B000F2D101F073F9854340F09D8094F8029078
:1075C00019F0010506D001232269A168E078FFF7D0
:1075D00019FC054619F0020F07D002232269A168A1
:1075E000E078FFF70FFC2843C5B219F0040F00F054
:1075F000868094F803B00423D4F808A02269584682
:107600005146FFF7FFFB284310F0FF05C5D1B9F144
:10761000050F0ED194F804900423E168626948468E
:10762000FFF7F0FB05460028B7D1CB4563D18A456B
:1076300061D1237E013B062BAED801210020F9F752
:107640008FFD054690B940F618613920F9F70CF91D
:10765000072DA1D8A90706D5022D9DD1294B5B790D
:10766000002BA6D198E7002D96D0A2E7A83010F005
:107670000BF918B195F854309A073ED1657EE2783F
:10768000003DA178A06818BF0125012AB4F800E0E8
:1076900014BFB2FA82F2022294F818C018BF52093D
:1076A000CB071FD54B0726690BD56769F31998429D
:1076B00007D243089E4228BF1E46831B9F4228BF15
:1076C0001F46104B83F82150002519775A77A3F8ED
:1076D0001EE083F820C083F82410C3E90A06C3E93A
:1076E0000C875AE7022902D1D4F81080E9E74B074A
:1076F00048BF2769E5E711254FE70C254DE7002D29
:1077000097D04AE7280F002000B589B0437940F2AE
:1077100071218DF8043083798DF8053001238DF8BF
:10772000063003788DF80730B0F801304B430393EF
:10773000B0F803204A430D4991F820100592A2F6B3
:10774000C4128DF81C1000218DF81D1008498A42C2
:1077500009D8A3F6C4138B4205D801A8FFF716FF7A
:1077600009B05DF804FB3020FAE700BF280F0020C5
:107770003C369C002DE9FF4106460078012813D1D4
:107780007378012B03D9022B0CD1B38853B17288C3
:10779000B2B1B388A3B10A214A434FF4A0614B436D
:1077A0009A420DDB12247AE00028FBD10121F9F77F
:1077B000D7FC0546002840F08E8040F6727107E045
:1077C00001210020F9F7CCFC054620B940F61771DD
:1077D0003920F9F749F8B388002B76D10FF0C9FBAF
:1077E000002874D195F81431002B72D12846FFF788
:1077F00035FB04460028D5D10121DFF83081084649
:10780000F9F7AEFC98F83810074619B110B940F6F0
:107810003371DDE798F81C200023CDE9023312F024
:1078200001031CBFD8F82C000290520741BF04AAE4
:1078300002EB8303D8F8342043F8082C002941D008
:1078400097F81431002B3DD07388DBBB98F81C30BF
:107850003846009302ABD8F8282098F81E100FF095
:1078600069FC78B3384610F015F807F14003064676
:1078700005F14002683753F8041BBB4242F8041B71
:10788000F9D12846FFF7EAFA024610B140F65A71DC
:107890009EE70C2E07D10146284610F0BEF920467F
:1078A00004B0BDE8F08116B140F6637190E798F836
:1078B0001D302846296D43F0040385F8543010F03C
:1078C0008AF9ECE7B2887188E6E71124E7E73A2401
:1078D000E5E70C24E3E70FF085FF04460028DED13E
:1078E00095F8543095F8A62022B195F8A7201343B7
:1078F00085F8A600053B012BD1D82B6D13B940F6B6
:10790000827165E701210846F9F72AFC4FF4C0723D
:10791000294606460EF00CFA002386F8943004231C
:10792000316D304686F85430C9E700BF280F00207B
:107930002DE9F04F457A8BB00446A90706D46A07B3
:107940000AD1122420460BB0BDE8F08FAB4B1B7957
:1079500013B945F001054572072DF2D800F09EFFDE
:1079600035EA000040F08E8094F8483053B9012D7C
:10797000E7D1A369A24AA3F25373934200F2538161
:10798000012602E015F00106F3D1AB0745BF731CD9
:10799000B1464FF0FF09DEB26F070AD5B31D994A11
:1079A00054F82330A3F6C413934200F23C8101360D
:1079B000F6B204F1080704F122054FF000085FFA5F
:1079C00088F39E422BD823789A1E022A5AD9012B7B
:1079D000B7D813B9A378012BB3D86378032BB0D8E9
:1079E00094F84930013B062BABD8844F012100208D
:1079F000F9F7B6FB97F838300546002B5BD101212B
:107A00000846F9F7ADFB002818BF054605F1A800A8
:107A10000FF03AFF0646002867D00C2492E79945FC
:107A200032D0D7F804A03B6953458AD86A8B2B8C97
:107A30009A4286D80120B5F814B06988EB892A8962
:107A4000CDE900B00020CDE90213FFF7F9F80028D6
:107A500000F0E980B8F1000F28D028880299884208
:107A60007FF46FAFE98891427FF46BAFAA89039BE3
:107A70009A427FF466AF6B8A5B457FF462AF3B68E6
:107A80009A4513D011245DE7012E0FD13A695E4962
:107A9000A2F57A738B4200F2C6807B68A3F57A70F8
:107AA000884200F2C0809A423FF64BAF08F10108CD
:107AB0000437023583E7A8300FF0E6FE00289ED099
:107AC0006FF00043D5E92A129A4208BFB1F1FF3F97
:107AD00095D1637A2846009304F11803E26861782F
:107AE0000FF028FB0646002889D028460FF047FAF9
:107AF00008B13A2426E728460FF03BFA0028F8D1CF
:107B0000BB7E53B905AF05937B6006238DF81A3011
:107B10003846F9F75FFB002865D000210DF112000F
:107B2000F9F7AAFA074600287BD001232246BDF8C0
:107B30001210FFF7AFF9384603F0B2FE1EB96178B4
:107B400028460FF0AEFA04F10309A27821782846FE
:107B50004B460FF04EFA002861D016B92846FCF7C4
:107B600011FB4B46A278217828460FF0A7FA94F82B
:107B70000980B8F1020F05D000F090FE08EA000875
:107B800008F00508414628460FF019FA16B90423F3
:107B900085F854302F654A46A07812F0BCF80146AB
:107BA00028460FF0A6FA237883B3012128460FF068
:107BB000BBFA012128460FF0BAFA002E35D0042175
:107BC00028460FF040FA002840F082800C24002163
:107BD0003888F9F7DBFA00283FF4B4AE41F2964159
:107BE0003920F8F741FE059B93F8CD20802A8FD0ED
:107BF00093F8E530002B8BD00FE700BF280F002053
:107C00003CF67002CBF37002A7F970024A46A178E5
:107C10003846FFF7C3F80028C7D00B24D7E7122453
:107C2000D5E70D248EE630248CE6637AE16813F004
:107C300001028DF81460069104D0A069079001201C
:107C40008DF814009E070DD5022B09D1901D54F814
:107C5000200008909DF8140040F002008DF81400F8
:107C60000132D2B258071BD59DF81400063203F03A
:107C7000050354F8222040F00400052B09928DF8EA
:107C800014000DD107981318994209D24B0883426A
:107C900028BF03460793CB1A934294BF09930992D6
:107CA00005A92846FCF7B4FF94F848102846003987
:107CB00018BF01210FF09AF994F8491028460FF0E7
:107CC0007BF928460FF08CFA394628460FF083FFDF
:107CD000002437E610B5437994B0032B57D823F02E
:107CE0000203027940F271218DF80630D0F8063097
:107CF0008DF80420CDF807304389027BADF80B30B6
:107D000001238DF805208DF80D3003884B43049333
:107D100042884A430792A2F6C412847B417B41EA1F
:107D20000421ADF82810047CC17B41EA0421ADF8A0
:107D30002E10847C417C41EA0421ADF83410047D8E
:107D4000C17C41EA0421ADF83A10417D847D41EACD
:107D50000421ADF84010C17D007E41EA00210E48AB
:107D6000ADF8461000218DF84C108DF84E100B49DF
:107D700090F820008A428DF84D000AD8A3F6C4136B
:107D80008B4206D801A8FFF7D3FD14B010BD122016
:107D9000FBE73020F9E700BF280F00203C369C00AD
:107DA00073B506230025CDE900558DF806306846E9
:107DB000F9F710FA08B1002610E0009D95F8CD30D3
:107DC000802BF4D095F8E560002EF0D095F8313195
:107DD000002BECD195F8CC30002BE8D1012100200C
:107DE000F9F7BEF9044620B941F2C9413920F8F744
:107DF0003BFDA8300FF048FD224B93F8383073B3A9
:107E0000E0B194F85430053B012B17D820460FF011
:107E100041FD054610B141F2D441E7E72046FCF7A9
:107E20002FF994F854302A46294623F004032046BB
:107E300084F854300FF0F1FE00250DE001210846D2
:107E4000F9F78EF9044610B94FF4A751CEE7A830E0
:107E50000FF01AFD60B90C25284602B070BD28B994
:107E6000002EF8D0FF2385F8CC30E5E7002EF9D1BD
:107E700020460FF00FFD05460028EDD12046FCF707
:107E8000FFF8E9E7280F00200278034672B1427834
:107E900062B142881A2A09D982881A2A06D900684A
:107EA000034A106000209B8893807047122070471F
:107EB000E413002002680020014B9A60704700BF65
:107EC000E413002002680020014BDA60704700BF15
:107ED000E41300200378A3F10A02112A9BBF024A8F
:107EE0000020122013747047E41300200378FF2B46
:107EF00015D14378FF2B12D18378FF2B0FD1C37894
:107F0000FF2B0CD1037923F0E0021F2A07D11F2B8E
:107F100005D05B09034A002082F820307047122008
:107F2000704700BF280F0020014B187600207047D3
:107F3000280F0020014B587600207047280F0020A2
:107F4000024B1B6803B1184711207047BC1A002070
:107F500008B5052000F060FC15F0E1FA014B024A7B
:107F60009A6508BD280F0020D56C000008B52120B7
:107F700000F052FC222000F04FFC04F05BFF054BA8
:107F8000054A1A60054B064A1A60064B064A1A60F3
:107F900008BD00BF9C1A002091DA0100A01A002041
:107FA000F9CF0000A41A0020BFD9010037B504465C
:107FB00000F06AFC090403D40C24204603B030BD51
:107FC00025886946284613F061FC04460028F4D150
:107FD000019B93F8922082B393F893206AB393F8AD
:107FE000E3201207E8D593F8E530DB09E4D00E2151
:107FF0002846F9F7B5F8054690F8C230002BDBD0DB
:10800000B0F85A309B0713D590F87C30002BD4D1B0
:1080100011234822214680F87D3016F03DFCFF23D5
:1080200085F8C530064905F1740014F043FAC4E739
:10803000019BFF2283F84821BFE72F24BDE700BF43
:10804000E18B01002DE9F04FB0F8008091B00446BB
:108050000EA9404613F01AFC064620BB1D229DF8CF
:1080600038100F9801F070FC002840F081810E213B
:108070004046F9F775F8054690F8C63003F0FF065C
:10808000002B40F077810F9B93F89220002A00F09C
:10809000738193F89320002A00F06E8193F8E33007
:1080A000180704D40C26304611B0BDE8F08F95F8BF
:1080B000C230002BF6D0617904F10D07A0780D9144
:1080C000217BE27D0139237994F806E0C9B294F866
:1080D000079094F808A0022994F809B097BFDFF838
:1080E000A0C2FF218C449CF8211094F81AC0CDF84E
:1080F00028C094F819C0CDF824C094F818C0CDF861
:1081000020C094F80AC0CDF81CC094F80BC0CDE98B
:10811000051C0D99CDE903AB00913946CDE901E984
:1081200010F005FE002800F02981E378012B00F211
:108130002581A37AA3B995F8F23013F0010F00F06E
:108140001D81FDF719FC237E81460193237B00935B
:10815000E37A6279217910F086FE40B91126A2E710
:10816000012BEED195F8F23013F0020FE7E7237EF2
:1081700005F148000193237B0093E37A627921792A
:1081800010F071FE0028E9D0A27A002A7CD195F87F
:108190004B3013F0020FE1D005F1F80011F0CEFDE5
:1081A00020B195F81611A3789942D7D1E37ED9076B
:1081B00005D5012A6FD1B9F81230DB06CED50D21D5
:1081C0004046F8F7CDFF11F0C2FD00287FF46AAFFA
:1081D000A37885F81631D4F80D30C5F8F9307B68EE
:1081E000C5F8FD303B89A5F80131E37D85F8033101
:1081F000237985F804316379FF2B85F8083117BF9F
:10820000A37985F8050185F80531E07985F806013F
:10821000237A85F80731637A85F80931237B013B9E
:10822000DBB2022B96BF564AFF239B184FF0070282
:1082300098BF93F8213085F80A31E37A85F80B313D
:10824000A37A85F80C31237E85F80D31637EB5F86D
:108250005C1085F80E31A37E85F80F31E37E03F0C4
:10826000010385F81531B9F8140010F0A3FA95F858
:1082700015318046002B5ED0A37A072283B9B5F86A
:108280006410B9F816000FE0012A85D195F84B303B
:1082900013F0010F7FE7002A91D1B5F85A308CE72F
:1082A000B5F85E10B9F81C0010F084FA0922B5F890
:1082B00060100746B9F8180010F07CFA8146FDF707
:1082C000AFFB0222B5F8621010F074FAB8F1050F96
:1082D00035D808F1010808EB88084FEA48085FFA2A
:1082E00088F8052F85F8128131D8013707EB870709
:1082F0007F00FFB2B9F1080F85F8137197BF204BCB
:1083000096234B4493F8243085F8103120B301288C
:108310000CBF1423282385F81131FF2285F8C620CD
:10832000E378012B1AD185F8F83085F817310F9BC7
:1083300083F84921B7E60722B5F85E10A1E7B8F146
:10834000060F0CBF4FF050084FF09108C9E7062FF9
:108350000CBF50279127CDE70A23DCE7012300213A
:108360000EA885F8F83085F81711FDF79BFD9AE601
:10837000452698E63A2696E62F2694E6122692E6B9
:10838000AB4E040073B504460AF0ACFE00285FD083
:1083900015F027FE304A92F8683053B12F4ED2E9DB
:1083A0001835C31A61EB05059E424FF00003AB413F
:1083B00050D2012382F868300023C2E91801CDE9C8
:1083C00000336846F8F706FFD0B100204FF40033C1
:1083D000CDE900036846F8F7FDFEC8B10023CDE9FA
:1083E00000336846F8F7F6FEC0B100224FF40033C0
:1083F000CDE900236846F8F7EDFEE0B1002005E086
:10840000009B93F84C31002BDBD03A2002B070BDBA
:10841000009B93F84C31002BDCD0F6E7009890F8E5
:10842000E5305906DDD500F59472234630F8801BFF
:1084300011F041FDD5E7009890F8E5305B06D9D5FD
:1084400000F59472234630F8801B11F034FDD1E71B
:108450001220DBE70C20D9E7280F00203F420F0055
:1084600003882DE9F7439FB204460B80B7F5706F80
:1084700004D31226304603B0BDE8F083694638467F
:1084800013F004FA06460028F4D10E213846F8F716
:1084900067FEA37890F8162105469A42E9D1F83094
:1084A00011F04CFC0028E4D0032AE2D8B4F80330E1
:1084B000002BDED0B4F80930012B09D0B4F8052028
:1084C000002AD6D0B4F80730002BD2D09A42D0D8A8
:1084D000237BE27AE17B42EA0322637B42EA0342A6
:1084E000A37B43EA0123217C43EA01439A42C0D89B
:1084F00002F180725C49A2F2E24222F07F428A429B
:10850000B7D803F18073A3F2E24323F07F438B4299
:10851000AFD8637C072BACD8A37C013B032BA8D836
:10852000207D0F28A5D895F80C9114F08AF9804683
:10853000607CB9FA89F149090AF042FA804598D37A
:10854000637D053BDBB2F92B93D9A37D053BDBB201
:10855000F92B8ED90D213846F8F702FE11F0F7FB02
:1085600000287FD1FDF708FA0746207D14F069F94D
:1085700095F84930834201D20D267BE705F1480387
:108580003A46617C95F80C0110F0FBFF0028F3D00F
:10859000B4F8037040F27123B4F80900BAB25A4338
:1085A00083B2012B5BD0019BB4F805C0D3F81CE06B
:1085B000BCF57A7F61460EF1FF3328BF4FF47A7124
:1085C0001344B3FBFEF30133B4F807E0B3F57A7F4D
:1085D00028BF4FF47A739BB2734528BF7346634537
:1085E00038BF634694F80CC094F80BE094F80F8001
:1085F0004EEA0C2E94F80DC04EEA0C4E94F80EC0C4
:108600004CEA082C94F81080A5F81E1147F6FE716C
:108610004CEA084CA5F81C718B42A5F8220128BF32
:108620000B46964594BFC5F824E1C5F8242194452E
:1086300094BFC5F828C1C5F82821A5F82031637C6E
:1086400085F82C31A37C85F82D31E37C85F82E311B
:10865000237D85F82F31FF2385F818310AE70021A3
:108660000B46BFE70C2605E71E043D0008B503785E
:10867000012B08D0022B0BD07BB9D0F80120084B7E
:108680009A61002008BD4078BDE80840FDF7B0B908
:10869000B0F901000AF0A0FEF3E71E20F2E700BFE8
:1086A000E413002010B50A4C072000F0B5F8094982
:1086B00004F1080012F042FD04F10C00064912F02A
:1086C0003DFD04F110000549BDE8104012F036BD33
:1086D000940F0020D0000020D8000020E0000020EF
:1086E00010B507200B4C00F097F80C2000F094F820
:1086F00004F10800084912F021FD04F10C000749BB
:1087000012F01CFD04F110000549BDE8104012F004
:1087100015BD00BF940F0020E8000020F0000020ED
:10872000E000002010B5064C064904F1080012F0E4
:1087300005FD04F10C000449BDE8104012F0FEBC38
:10874000940F0020F80000200001002010B52E201A
:108750000A4C00F061F8302000F05EF84B2000F089
:108760005BF804F10800064912F0E8FC04F110007F
:108770000449BDE8104012F0E1BC00BF940F002096
:10878000080100201001002038B5074C0D4600F00C
:10879000EDFEA068256012F0C9FCFEF79FFD01F018
:1087A00045F90123237538BD940F0020014B187D36
:1087B000704700BF940F002010B50C4CE06812F019
:1087C000B5FC206912F0B2FCFEF730FD202000F06D
:1087D00037F82F2000F034F8262000F031F8292057
:1087E00000F02EF80023237510BD00BF940F002069
:1087F00000487047A90F002000487047AB100020C8
:10880000014B83F819027047940F0020014B93F835
:1088100019027047940F0020C208074900F00700B2
:1088200001238340885C03438B5404490B789342B3
:1088300038BF13460B70704778000020AE1100203F
:108840000F4B012110B503EBD002C40800F0070064
:1088500001FA00F0195D21EA0001195509490B7868
:10886000A34205D1002012F8014914B100B10B70E8
:1088700010BD002BFAD0013B0120DBB2F3E700BFB3
:1088800078000020AE110020014BD3E900017047B1
:10889000780000200048704780000020054B1868D1
:1088A000C0F3C022C0F30020400040EA820040F044
:1088B000010070477800002008B50BF023FC00236E
:1088C000074A32F82310814205D302EB83029378E2
:1088D000044A137008BD01330C2BF2D10023F7E7D3
:1088E000DC4E0400AF110020024B1878072828BF87
:1088F00007207047AF11002010B54468238884F822
:108900008B11A4F88C3194F87400FCF781FE84F884
:108910008E0194F87500FCF77BFE054984F88F0101
:1089200004F5C17013F0CFFD002384F8343110BD7D
:10893000C7B2010030B5C1F30723CCB21E4985B0E0
:10894000C5B2C0F307220978019049B919462046FB
:1089500012F0C4FC20B91146284612F0BFFC10B337
:108960002A40224003EA02010B46880720D411F076
:10897000010203D1C1F380018900CAB2990719D459
:1089800013F0010003D1C3F380039B00D8B2042A83
:1089900004D1BDF80630012B08BF0322D2B242EA4F
:1089A000002005B030BD05EA030102EA0403DCE75C
:1089B0000222E3E70220EAE7B011002040680749FD
:1089C0000388A0F87E3190F86C3080F8803190F800
:1089D0006D3000F27510037313F06FBD01B3010029
:1089E000034B002283F85020A3F85220704700BFA9
:1089F000B2110020044B93F85020012A1ABF0360E3
:108A000001200020704700BFB2110020064B024633
:108A100093F8501001291BBF0120A3F85220002019
:108A200083F85000704700BFB2110020054B02468A
:108A300093F8500028B1136011B1B3F852300B8095
:108A400001207047B2110020054B002293F850001E
:108A5000A3F8522010B1012083F85020704700BFC6
:108A6000B2110020034B93F85000B0FA80F0400997
:108A7000704700BFB211002050B90A4A01201346C6
:108A800003F8010B0868C2F801008A889A807047D1
:108A9000012805D1034B0A68D8719A608A889A81A7
:108AA000704700BF0612002050B90B4B187888B1F0
:108AB000D3F80120B3F805300A6001208B8070479D
:108AC000012806D1044BD87920B19A689B890A60A5
:108AD000F3E70020704700BF0612002010B9044BD6
:108AE00018787047012806BF014BD87900207047DD
:108AF00006120020F7B58A8800238DF80600ADF82D
:108B0000042008680B4A8DF807300146147802F5F6
:108B1000A872019DD8B2844201D8082007E052F81B
:108B2000087F01335668AE4208BF8F42F2D103B0CE
:108B3000F0BD00BF18120020084B0146002230B5DE
:108B40005C7803F20113D0B2844201D8082004E01B
:108B500013F8015F01328D42F5D130BD18120020AB
:108B6000F8B52D4C63782218013B92F80251DBB224
:108B70008342637030D01A010101961C8F1C264479
:108B8000274406F1100C56F804EB664547F804EB51
:108B9000F9D1823282312244214402F1100652F886
:108BA000047BB24241F8047BF9D1E118221891F814
:108BB000026182F8026106267343704303F58573F0
:108BC00000F58570E618E35827182350B388BB805A
:108BD00091F83A3182F83A312846FFF7ADFF08287C
:108BE00018D12378013BDBB29D42237012D02B3386
:108BF00005F12B0204EBC30304EBC20293E803006C
:108C000082E803002078FFF797FF08281CBF24188C
:108C100084F80251F8BD00BF18120020F0B5254DB0
:108C200089B095F8984105F29911684622460DF0F1
:108C30007FF82146684612F01BFD0446B8B300EBEE
:108C4000400102A8C9B2F8F76FF8631E95F8A16158
:108C50000124DBB295F8981105E0721CB2FBF1F02B
:108C600001FB1022D6B206F120020DEB020010F833
:108C7000202C002AF1D103EB430100F8204C06EB35
:108C8000460220312A44694411F8187C82F8A27106
:108C900011F8177C11F8161C82F8A37182F8A41140
:108CA000013BAA19DBB282F89941FF2BD2D109B05E
:108CB000F0BD00BF1812002070B5064688B00C4603
:108CC000002A4ED0294A92F8A131D01890F8991173
:108CD00019B9FF212820F7F7C7FD03EB4301013342
:108CE000114491F8A251E57091F8A35191F8A411A3
:108CF00025716171002180F8991192F89811B3FBE8
:108D0000F1F001FB103382F8A13192F8C23123B99E
:108D1000174902F5DD7013F0D3FB65790D220021B0
:108D2000684605F03F0545F04005657115F0B4FD56
:108D3000E37804AA69468DF80F30304623798DF820
:108D40000D508DF80E30042315F026FD9DF81F30D0
:108D500023709DF81E3063709DF81D30A37008B01D
:108D600070BD03216018F7F7DFFFD6E71812002067
:108D70001D8C0000044B5A78824286BF1B1893F862
:108D800042010020704700BF18120020064B00224D
:108D90004FF461711A8083F8C32183F8C421A3F8CA
:108DA000C61183F8C221704718120020014B93F8B6
:108DB000C40170471812002010B51446FFF79AFE40
:108DC000082813D0FFF7B8FE094B5A7882420DD914
:108DD00004B12070184490F83A3190F84A01012B00
:108DE00008BF40F0010000F0010010BD0120FAE7CB
:108DF000181200202DE9F04782468946174698460A
:108E0000FFF778FE08280546064603D0FFF794FED4
:108E1000082860D1324C6378072B5ED8082D15D115
:108E20002678731C072E237003D96C212820F7F7AE
:108E30001BFD06F12B02D9F8000004EBC20344F835
:108E40003200B9F8042083F806A09A80657807F10B
:108E500010026B1C290163704B1C234412F8010D96
:108E6000BA4203F8010FF9D1813108F1100321440E
:108E700013F8012D984501F8012FF9D1254410214F
:108E8000404612F03DFC102185F84201384612F0B0
:108E900037FC85F802616678002385F84A0131467F
:108EA000104885F83A3112F0E3FB0128054607D84F
:108EB00031460D4812F0DCFB002818BF0135EDB239
:108EC00084F898510025284684F8A151FFF7A6FEA2
:108ED0002846BDE8F0871220FBE70720F9E700BF2E
:108EE000181200205A13002062130020064B10B500
:108EF0005878013840B2002800DA10BDC4B22046CC
:108F0000FFF72EFE601EF5E718120020014B83F8D4
:108F1000C301704718120020014B93F8C30170473A
:108F200018120020431E4AF2B7129BB293429DBF13
:108F3000024BA3F8C6010120002070471812002040
:108F4000014BB3F8C6017047181200200A4B30B528
:108F50005C7884420ED9184490F802012B3003EB60
:108F6000C004A5790D7053F8300010600120A3886B
:108F7000938030BD0020FCE71812002070B5064633
:108F80000D4605F0B9F804F0BBF90A4890F8C34162
:108F900064B1417861B100F1820302303246002DA4
:108FA00008BF184604F054F904F0DCF9204670BDFF
:108FB0000C46FBE71812002008B5064B024603EBEF
:108FC0000113012103F1820004F042F9BDE80840D9
:108FD00004F0C8B9181200200246074810B590F8EE
:108FE000C34124B1417821B1023004F031F9204667
:108FF00010BD0C46FBE700BF18120020F8B506466E
:10900000174C48B3617804F5A17012F031FB94F865
:109010009851074604F29910294612F029FB2D1A9F
:10902000EDB2AF421AD800256278EBB29A4201D86D
:109030000120F8BDE21892F842215AB906213246C1
:1090400001FB034104EB031301F5857103F1820079
:10905000FFF732FE0135E7E70546E5E70020E8E7E0
:1090600018120020F0B51B4E89B007460D467378E4
:1090700083422CD9331893F8424144BB0D22214638
:10908000684615F009FCEB7806EB071004AA8DF88A
:109090000F3069462B7982308DF80E306B798DF860
:1090A0000D30042315F078FB2A789DF81F309A4282
:1090B0000AD16A789DF81E309A4205D1AC789DF8A5
:1090C0001D30E31A5C425C41204609B0F0BD00202F
:1090D000FBE700BF18120020074B5A78824209D9DB
:1090E0001A1892F842212AB9062202FB003000F534
:1090F000857070470020704718120020F8B50E46A2
:10910000074606211546304612F0FAFA044670B1B9
:109110000C4B0022587803F23913D1B2884202D89E
:1091200001242046F8BD013203F8015FF5E731461E
:10913000384612F0B9FA0828F3D0024B034483F8FA
:109140003A51EDE718120020034B80F87C101B68A1
:109150000BB1008818477047C01A0020014B024A23
:109160001A607047C01A00207DD701000B2808B58F
:1091700004D940F20D112920F7F776FB014B33F8A3
:10918000100008BD144F040030B5002442F21075E1
:10919000A0F84040B0F844404C43B4FBF2F4A0F8CF
:1091A0004440541E05FB0343B3FBF2F3A0F84230E6
:1091B000084BB3FBF2F30133A0F84830838F05FB73
:1091C0000344436B5943B4FBF2F4B1FBF2F1846303
:1091D000416330BD005A620270B504460D46F9B9CC
:1091E0004FF4407215F058FBFE22012384F8E6503C
:1091F00084F81E217F2284F8963084F88B20164A4A
:1092000084F8E830C4F8E0206F2284F8E4206FF09E
:109210003C0284F8E5206FF07F0284F8E72070BDFF
:10922000012911D10023A0F8E43180F8DB3140F6A8
:10923000B833C269A0F8BC301146C38C04F1800079
:10924000BDE87040FFF7A0BF0229E8D1B0F8D632E0
:10925000D0F8D022C169F1E72BC904C470B5044627
:109260000D46F9B94FF4247215F016FBFE220123C6
:1092700084F8E65084F81E217F2284F8963084F822
:109280008B20144A84F8E830C4F8E0206F2284F878
:10929000E4206FF03C0284F8E5206FF07F0284F850
:1092A000E72070BD01290CD140F6B833C269A0F89F
:1092B000BC301146C38C04F18000BDE87040FFF75C
:1092C00063BF0229EDD1B0F84A32D0F84422C16917
:1092D000F1E700BF2BC904C4054B1B7833B9054B1C
:1092E0001A681B79026003710120704700207047E3
:1092F000E013002088000020054BFF221A70054A69
:10930000016811600179117100221A70704700BF65
:10931000E01300208800002007B5064A1068127983
:10932000009068468DF80420FFF7E6FF03B05DF873
:1093300004FB00BFDEFB04000346084671B13F2B6F
:109340000BD8074AD35C03F07F02914205D08CBF53
:109350000120002000EAD31070470120704700BFB1
:109360002C4F04002DE9F04F85B08B4615469846EA
:1093700002A99DF8384012F064FA824620B9039E93
:1093800035B9012386F89430012005B0BDE8F08F8F
:109390007769294638460DF057FA01460028F4D07F
:1093A000224B5B88AB423FD3019038460DF088FBDF
:1093B00096F8943001998146002BA0F801A018BFBF
:1093C0004FF0020B80F800B008460DF081FB82469A
:1093D000E4B1748FD4B114F004FE40F271235C4305
:1093E000241841F10001CAF804102A46414609F147
:1093F0000300CAF800400CF09BFC294638460DF0EB
:109400005EFA28B98B212B20F7F72EFA2146EAE7DE
:109410009DF8083033B102A810F02FFE039B002204
:10942000A3F8D2210023ADE75046AEE7E4130020B5
:10943000FF230B7002234B7083238B70014B1B782F
:10944000CB707047081400202DE9F84FD0F8048045
:109450000C46D8F8186030460DF024FB054620B9BC
:1094600040F253111020F7F7FFF9014630460DF096
:1094700027FBB5F800B082461FFA8BF717B940F208
:109480005711EFE7224B00F103091B68D3B998F895
:10949000003098F801202370637802F00F02A4F8DE
:1094A00002B023F00F03134323F0C00363709AF854
:1094B000003003F00303012B0FD0022B0DD040F23C
:1094C0007511CFE73A464946B8F800009847054677
:1094D0000028DCD12846BDE8F88F6278304663F377
:1094E000051262700DF0F6FA054610B940F27F11D0
:1094F000B8E7FB2F02D94FF4C771B3E73A464946A4
:10950000201D0CF015FC30460DF03BFAE2E700BFE1
:10951000C41A002038B5134C10220021201D15F06C
:10952000BBF90125257404F108031022002104F180
:109530001400C4E9013315F0AFF984F8205004F1A8
:109540001803094AC4E9053300236362A36284F85F
:109550002C30C4F82D30C4F8313084F83530136025
:10956000A36338BD08140020C41A002010B5084CAD
:109570002378FF2B04D04FF4CC711020F7F774F947
:109580000CF042FB2070BDE81040FFF7C3BF00BFE6
:109590008D00002010B5034C20780CF04FFBFF230A
:1095A000237010BD8D000020014B18780CF056BBC5
:1095B0008D000020014B024A1A607047CC1A00202F
:1095C000499400002DE9F341DFF89481054608F144
:1095D0001407D8F80830D8F81840227A012A22D186
:1095E000D8F8382052B1137A1BB9BF211020F7F7F1
:1095F0003BF9D8F83840C4B9002093E01A7A012A20
:10960000FAD01C46534AEFF3108172B650680068D6
:10961000506001B962B6A34208BFC8F83840237A47
:109620001BB9EE21E2E73A46EDE7267AF6B20523CA
:109630002372731E0B2B7ED8DFE803F07A062336E5
:10964000773F4E3F3F3F3F6B636813B940F20B21BA
:10965000CCE72046294698470420EFF3108272B6E3
:10966000237A052BD9B24FF0000369D12372D8F8C1
:109670003810A14201D1C8F83830002A45D162B66D
:1096800043E0636813B94FF40571AFE729462046FC
:1096900098470346ADF80400C0B2C3F30723012B7B
:1096A0003ED0022BD9D129E0636813B94FF407717A
:1096B0009CE7204698470020CFE7274B1B68002BEC
:1096C000F9D03246606829469847A6F10A0204207C
:1096D000534253415B00E4E763680BB9FE2185E721
:1096E0000D222A7001221988AA706A710022586915
:1096F000A5F80310AA710DF044F90420D8F8383009
:10970000A34202D10023C8F8383000283FF461AFEB
:1097100008E0124B294620461B689847034668B963
:10972000267298B102B0BDE8F08140F253215DE7A6
:1097300040F256215AE740F2592157E70220DDE76F
:1097400011B940F27A2151E7184696E7002B7FF4D1
:1097500040AF51E70C140020C81A0020CC1A00209A
:1097600008140020134610B5027A22B140F20131EC
:109770001020F7F779F80A4601460248BDE8104084
:1097800012F07BBE0C140020044890F82C301BB95A
:109790000349243012F08EBE704700BF0814002029
:1097A0006DC401000346064890F83C203AB190F899
:1097B000352022B9034900F82D3B12F07BBE7047DB
:1097C00008140020319400000A4610B5037A23B132
:1097D00040F209311020F7F747F801460723024805
:1097E000BDE8104012F049BE1C1400201346027A56
:1097F0000AB1037270470A460146014812F03DBEA5
:109800000C14002003460846F0B4B3F86020B3F807
:10981000544093F875509442B3F85810A5F10305DD
:10982000B3F84A7028BF1446B3F86220EDB2B3F81B
:109830004E608A42A3F84A4028BF0A46012DB3F879
:10984000501087BFB3F852C015464FF4296C4FF43F
:109850002965A142A3F84E5038BF2146624538BF62
:109860006246A742A3F85010A3F8522026D1741BD9
:1098700018BF0124B3F85C20B3F85610B3F8486061
:109880009142B3F84C5028BF114693F87420033A24
:10989000012A15D9B3F85A20B3F85E70BA4228BF2E
:1098A0003A468E42A3F84810A3F84C2002D19542C4
:1098B00000D144B10549F0BC12F005BE0124D9E73E
:1098C0004FF42962EDE7F0BC704700BFE3C401002C
:1098D0000B8BA2F809001046A2F80B304B8BA2F8B4
:1098E0000D308B8BA2F80F30CB8B0249A2F81130D0
:1098F00012F0E3BD91C5010008B50B4A0B460B49B8
:1099000070B1492B04D940F207312C20F6F7ACFF97
:10991000012008701178994238BF1946117008BDAE
:1099200008701B21FAE700BF8E00002045140020BC
:10993000014B1878704700BF45140020014B187880
:10994000704700BF8E0000202DE9F04704461746FF
:1099500090F874908A4690F87580058F59BBC68E32
:10996000043613212088B6B2F7F7FAFB40B3BAF1F8
:10997000000F22D194F8741012F0E4FDB0F804A0A6
:109980004946384612F0C6FD0F4B0746B4F8500062
:109990001B78063541469842354438BF1846554431
:1099A00012F0B8FD38440544E069A8422CBF0020FD
:1099B0000120BDE8F087868ED2E794F87510DBE7CA
:1099C0004FF0960ADCE700BF8E000020094AD2E97A
:1099D0000003434083EAB01181EA43214FEAF34395
:1099E00011605360044B58434FEAF06000EB800075
:1099F000704700BF48140020BB79379E094AD2E95E
:109A00000003434083EAB01181EA43214FEAF34364
:109A100011605360044B58434FEAF06000EB800044
:109A2000704700BF90000020BB79379E10B50A4CEC
:109A300008210948F7F778F9D4E900321343F7D041
:109A4000064CFFF7DBFF2060FFF7D8FF236860605C
:109A50001843F6D010BD00BF90000020481400202D
:109A600038B5A0F10C0314460D46DBB22046432B5B
:109A700096BF0C4AFE21D15C12F00FFF88B985B168
:109A80002978342909D03F2909D0272908BF262160
:109A90002046BDE8384012F000BF3221F8E73E21F1
:109AA000F6E738BD6C4F0400174B184A9A60184A05
:109AB000DA62184A1A61184A5A61184A9A61184AB1
:109AC0001A63184A5A62184ADA64184A9A64184A99
:109AD0009A63184B184A9A60184A1A62184A5A60D0
:109AE000184A1A60184A9A62184ADA62184ADA6002
:109AF000184A9A61184A1A63184A9A64184ADA642A
:109B0000184A5A62704700BFD01A00200FCA0100DD
:109B100039CD010007CD0100CBCC0100A9A3000085
:109B200085A5000071A400005DCE010085CE010076
:109B30000DA40000D01B00202BCA010003CE0100A1
:109B40003FCA010043CB010097CD010055CD010074
:109B5000B9CD010079CD010033CF0100D3CE010092
:109B6000BDCE01001DCE0100054B064A1A65064A0E
:109B70005A65064B064A1A65064A5A65704700BF81
:109B8000D01A0020F1CB0100C3CB0100D01B002074
:109B9000A9CB010089CC0100054B064A9A65064A0B
:109BA000DA65064B064A9A65064A1A66704700BF90
:109BB000D01A00206FB401006DB50100D01B002049
:109BC00069B30100C3B50100114B124A1248134991
:109BD00070B5134E134D144C1A60144B144AC3F84D
:109BE0008C60C3F89050C3F89440124BC3F88C00BB
:109BF000C3F89010C3F894200F4BC3E92365C3F852
:109C000094400E4BC3E92301C3F8942070BD00BFFC
:109C1000E01E002091D7010049DB0100D9DB0100E3
:109C200079DB01008DD0000061CF0000D01A002048
:109C300079DC0100D01B0020D01C0020D01D0020AA
:109C4000574B584A58495948DFF818C22DE9F04F88
:109C50001A60574B574A584C1A60584B584A594D3E
:109C60001A60594B594A5A4E1A605A4B5A4A5B4F1E
:109C70001A605B4B5B4ADFF8F0911A605A4B5B4A03
:109C8000DFF8E8811A605A4B5A4ADFF8E4E11A60BB
:109C9000594B5A4ADFF8DCB11A60594B594ADFF880
:109CA000D8A11A60584B594A1A60594B594A1A6040
:109CB000594A5A4BC2F8E410C2F8D0305849594BAF
:109CC000C2F8E000C3F8B41057495848C2F8C810A9
:109CD0005749C2F8D440C3F8CC105649564CC3F883
:109CE000E850C2F8BC60554DC3F8B810C3F8D800AE
:109CF000534E54485449C2F8C070C2F8B890C3F8E3
:109D0000BC80C2F8D8E0C3F8DCC0C3F8C4B0C2F865
:109D1000C460C3F8C050C3F8C840C3F8E0A0C2F89C
:109D2000E800C3F8D410494A494BC3F8D020494A47
:109D3000C3F8C050C2F8C0703B4F474DC2F8C8705E
:109D40001A4FC3F8E450C2F8E0701B4F434DC2F8FD
:109D5000D4701C4FC3F8C840C3F8E8701C4F404C87
:109D6000C2F8BC70334FC3F8E0A0C3F8B8702F4FEF
:109D7000C2F8B890C3F8BC80C2F8D8E0C3F8DCC021
:109D8000C3F8C4B0C3F8D870C2F8C460C2F8B45005
:109D9000C2F8CC40C2F8E800C3F8D410BDE8F08F98
:109DA000E41E00204D8A0100C7900100939A010033
:109DB000E81E0020AB8A010059970100EC1E00202C
:109DC000015D00002B990100F01E0020A98C01000C
:109DD000F18A0100F41E00207F900100D58C010063
:109DE000F81E0020A3900100FC1E0020B792010085
:109DF000001F002071940100041F0020CF95010076
:109E0000081F0020259A01000C1F0020F796010072
:109E1000101F002071980100D01B0020B196010096
:109E2000E1900100D01A0020BD930100118C0100C7
:109E300031670000018A010011640000C95E000062
:109E4000EF8C0100D3980100879701005969000049
:109E5000D01C0020D01D00204D6100001D9101008C
:109E600063950100718C01007B8A0100578B010012
:109E7000578C01005D8F0100A79A01003F2A70B541
:109E800005460C4643D83F2A44D8DFE812F0460086
:109E90009600B100BD00D800BC01BC01E800EA009A
:109EA000F000BC01BC01F300FF00EA0043004300E6
:109EB0000301BC01BC01170117012E012E01350160
:109EC00043004300BC013A0146014A014E015701DB
:109ED00059015B015D0166016F019C019E01430018
:109EE00043007601A601A4018E0184018601880148
:109EF0008A019001940192019801BC0143009601EE
:109F00008C019A01A801AA014300A001A201FF2A25
:109F100000F06D814FF4A1610DE1456841F270736D
:109F2000D5F84412B5F83E22A1F57A7098420BD8C4
:109F30004FF47A73B1FBF3F303F550639BB26420E3
:109F40000126B2FBF0F20CE040F2E2406FF4506602
:109F5000B1FBF0F39BB29E19062EF0D90026B2FB9E
:109F6000F0F223711B0A62706371B5F84832A37175
:109F70001B0AE371B5F84A3223721B0A637295F823
:109F80001F3133B905F50F7305F51072284612F02D
:109F900063FDB5F83C32A3721B0AE372D5F8403278
:109FA00046B164220C20B3FBF2F3A370C3F3072382
:109FB000E37070BD40F2E242F4E74668D6F8303212
:109FC000C1F8013096F834324B71406890F81F3177
:109FD0003BB912F00CFD6B68B3F886301844A6F854
:109FE0003602B6F836320820A3711B0AE371E0E7A7
:109FF0000378012B436802D193F8203101E093F8F4
:10A00000293102206370D4E743681720D3F87822FF
:10A01000C1F80120D3F87C22C1F80520B3F88022D2
:10A02000A1F80920D3F85822C1F80B20D3F85C22FC
:10A03000C1F80F20D3F81031C1F81330B9E74268E6
:10A04000D2F8EE31C1F80130D2F8F231C1F8053062
:10A0500043680D20D3F81431C1F80930A9E74368EB
:10A06000CAE7084600F042FA0028A2D161E000F0F9
:10A070004FFAF9E7112306204B7059238B70002308
:10A08000CB701F230B7130234B7192E7436893F819
:10A090001A31B6E70278436852B993F820213AB1F1
:10A0A00093F81D214A7093F81C310320A37080E7B8
:10A0B00093F81B21627093F81A31F6E74368092080
:10A0C000B3F860204A70120A8A70B3F82221CA706D
:10A0D000120A0A71B3F85C204A71120A8A71B3F845
:10A0E0002031CB711B0A0B7263E7436893F836216A
:10A0F0004A7093F83731D8E70146204611F079F9D4
:10A10000B2E7436811211888F7F72AF800F15B01DC
:10A11000204611F0CBFE23204BE7084613F0AEFD9E
:10A12000A2E7084613F0B3FD9EE7384B1B68002BEF
:10A1300059D140F20D515120F6F796FB344BF5E71B
:10A14000344BF3E7344BF1E7344B1B68002BF0D072
:10A1500002462320984704202BE7304B1B68002B36
:10A16000E7D0024624209847052022E72B4B1B68A6
:10A17000002BDED002462520F5E743681121188820
:10A18000F6F7EEFF00F17D0200F15B01204611F0D1
:10A1900099FE2B200DE7224BC8E7224BC6E7224B46
:10A1A000C4E7224BC2E7224BC0E7224BBEE7224B5B
:10A1B000BCE7224BBAE7224BB8E7224BB6E7224B6B
:10A1C000B4E7224BB2E7224BB0E7224BAEE7224B7B
:10A1D000ACE7224BAAE7224BA8E7224BA6E7224B8B
:10A1E000A4E7224BA2E72946204698473CE743686C
:10A1F000204693F8BF22D3F8C01211F04BFE6B68D3
:10A2000093F8BF0230E70120D3E600BFD01E002044
:10A21000D81E0020D41E0020DC1E0020E01E0020DE
:10A22000E41E0020E81E0020EC1E0020F01E00208E
:10A23000F41E0020F81E0020FC1E0020041F002039
:10A24000001F0020081F00200C1F0020101F0020EE
:10A250001C1F0020201F0020241F0020281F00207A
:10A26000141F0020181F00202C1F0020301F00206A
:10A270003F289ABF024B53F820000020704700BFD0
:10A28000D01A00203F289ABF024B53F8200000202C
:10A29000704700BFD01B002030F8023CF7B50446E1
:10A2A0000E4630F8A85C73B101226846ADF8015043
:10A2B0008DF80020ADF80330FDF720F818B1952196
:10A2C0006320F6F7D1FA1C4B1B6813B1A4F12800E8
:10A2D00098471A4B1B680BB128469847184B1B68C8
:10A2E0000BB1284698470A230027A6F8035033707D
:10A2F000B770637A54F8900C73710CF04CFB08B98A
:10A30000BA21DDE739462846F6F740FF0221284604
:10A31000F6F73CFF18B90B4B1B6803B198474FF495
:10A320000173002003F004021B0A62F3070063F3C9
:10A330000F2003B0F0BD00BF341F0020381F0020E5
:10A34000401F00203C1F0020014B024A1A6070474A
:10A35000401F0020A7830100F7B5456804464FF66B
:10A36000FF776E690DF102010DF101023046ADF883
:10A3700002700CF0BFFA01A930460CF0DDFA40B1D2
:10A3800001980CF0A5FB616800220272FFF71CFA2D
:10A39000E8E7044905F1A80003B0BDE8F04012F079
:10A3A0008CB800BF99A2000038B54368044693F802
:10A3B0008D20202A24D1002283F8CF2083F8CA20C0
:10A3C00083F88222436893F8D01003F5DB701D8870
:10A3D00069B10C4983F8D020A3F8C05183F8BF219C
:10A3E00012F068F86368002083F88D0038BD012200
:10A3F00083F8BF11A3F8C051034983F8C221EFE7E6
:10A400000220F3E7B7CC0100A9CC010038B50578EC
:10A41000446825B994F88E302BB101201CE0D4F8A3
:10A420008030DB07F9D4D1F801200F4BD1F80510AB
:10A4300013400E4AC4F8E030C3F307630A4043F008
:10A440000803C4F8E42084F8E33012F06FFA25B969
:10A45000042384F88E30002038BDD4F8803043F0D7
:10A460000103C4F88030F6E72FC904F76FDB0080E2
:10A4700038B5436893F88D20042A32D1D1F80120F1
:10A480004C1CD1F80550C3F8E020C2F30762C3F8B2
:10A49000E45042F0080283F8E320002283F8CA2047
:10A4A00083F88D2002780AB983F83B2193F83C2188
:10A4B000AAB993F8982102F0FF0082B91A8883F8AC
:10A4C000990103F5C870A3F89A21D1F80120064933
:10A4D000C3F89C216268C3F8A02111F0EBFF0020B3
:10A4E00038BD0120FCE700BFE1CD010010B50446F6
:10A4F000FEF7CAF9044A054B024009200B40C4F894
:10A500000120C4F8053010BD2FC904F76FDB0080AF
:10A5100037B50C464568FEF7B7F90A4B0A4A0340BF
:10A520000A4095F8E01000930B4001928DF800303E
:10A530006B4603CBC4F801000920C4F8051003B032
:10A5400030BD00BF2FC904F76FDB008038B5DB04D6
:10A55000154604D5C37C13B10023436338BD446B57
:10A560000134446312F0C6FC836B9C42F6D3002393
:10A57000034943632846BDE8384011F0A4BF00BF3B
:10A580004FCE010070B544680546067894F88D30CA
:10A59000012B09D026B994F88E302BB101203DE073
:10A5A000D4F880309807F9D494F8D1309A0713D4AE
:10A5B0004A78D80784F8DB204A88A4F8DC208A8807
:10A5C000A4F8DE2043F0020284F8D12010D5194906
:10A5D00004F1D20011F077FF94F8D130D90712D4EA
:10A5E000EEB994F88E3043B153214020F6F73CF990
:10A5F00094F83A31002BEAD1EEE7012384F88E304B
:10A60000284612F093F994F88D300020012B4FF07A
:10A61000000304BF84F88D3084F8CA3070BDD4F8CC
:10A6200080309A0701D55821DFE743F00203C4F8D0
:10A630008030E5E715CF010000F50060104A0313F4
:10A6400092F9001040F3073081420BDD92F90100CE
:10A650005B425BB218447F280DDC10F1800F0CDBED
:10A6600040B2704792F90210814202DA92F9030077
:10A67000EEE7002070477F2070476FF07F00704743
:10A680006014002070B5044650F84F0CFFF7D4FF5B
:10A69000064640B354F8571C6FF0004354F8532C4F
:10A6A000A4F157059A4208BFB1F1FF3F1BD013F048
:10A6B00098FC54F8572C54F8533C9042994112D3CB
:10A6C000022332462021284613F0A4F958B9064B3C
:10A6D0009E8813F086FC4FF47A73E6FB030144F87E
:10A6E000570C44F8531C70BD6014002070B54568C9
:10A6F000044602F051FD054B014685F88B001B68AE
:10A700001BB12046BDE87040184770BD481F0020AF
:10A71000044B9B685843C3F580534B4303EB2030F5
:10A72000704700BF6014002038B543680D460F2104
:10A730001888F6F715FD044603F09EF97F2DE073A7
:10A7400021D0A0682946FFF7E3FF0F4BA0601B7BD9
:10A75000CBB1FFF771FFB0B16FF00043D4E9001245
:10A760009A4208BFB1F1FF3F0DD013F03AFCD4E993
:10A7700000239042994106D304F157000349BDE8F4
:10A78000384011F0A6BE38BD6014002085A6000038
:10A79000F8B547880346B7F5805F23D20689B2B281
:10A7A00002B30578012D1DD890F9042090F9051009
:10A7B000104612F0EBFBA8B193F90640A24211DA61
:10A7C000A1420FDD93F9070082420BDA814209DDD5
:10A7D000054BD87000201A7099709F605C709E8045
:10A7E0001D73F8BD1220FCE7601400200B4B00F530
:10A7F00000601B7840F307305B425BB218447F284F
:10A8000007DC10F1800F06DB40B220EAE070C0B236
:10A8100070477F20F9E76FF07F00F6E760140020B3
:10A82000024B1B6803B11847704700BF441F00204C
:10A83000014B024A1A607047481F002029A70000F8
:10A84000084BBA221A70E2229A704FF400629A60A2
:10A85000BF225A70DD22DA7041F288329A800022DB
:10A860001A73704760140020F0B51F4D00242B7838
:10A8700014709BB1013B6D68DBB21E1B012E0FDC17
:10A8800005EBC40655F8347076688E4208BF8742DF
:10A8900027D0B84271EB060612D214700020F0BD2A
:10A8A0001E197710C6F3470655F837C005EBC70EDB
:10A8B0008445DEF804708F412CBF33463446DCE714
:10A8C00005EBC30455F8335064688C4208BF8542D9
:10A8D00006D0A84271EB040428BF01331370DDE7F2
:10A8E0001C4601201470DAE77014002010F00702F3
:10A8F00008B503D063214820F5F7B6FF18B1034B24
:10A90000197258601A70C80008BD00BF701400208A
:10A91000014B00221A70704770140020024B002275
:10A92000C3E90022704700BF8014002008B5044B23
:10A93000186810B9FFF7F2FF08BD0C20FCE700BF54
:10A9400080140020024B187A003818BF012070478D
:10A950008014002013B5CDE90012054BFF225A7276
:10A9600000F11003DDE9000183E8030002B010BD2F
:10A9700080140020C3693BB983692BB9034B1B6862
:10A980001B1A58425841704701207047801400201C
:10A9900030B50D4AFF231372D0E9065373B1D0E9E5
:10A9A00002149D610C44D9682144D960816939B190
:10A9B000CB610023C0E90633137230BD1560F5E7A3
:10A9C000002BF6D0D960F4E78014002010B5124AAD
:10A9D000FF231372C16189B91368836103B1D86120
:10A9E00010600023C169C36099B1CB687BB18468F2
:10A9F000A3420AD230213720F5F736FF8B698861F0
:10AA00008361002BEDD0D861EBE71B1BC3600023F3
:10AA1000CB600023137210BD80140020014B186816
:10AA2000704700BF80140020034B00201B6803B94F
:10AA3000704718469B69FAE7801400200B4B0022F0
:10AA400030B51B6804464FF0FF35104623B911B9E5
:10AA5000002808BF104630BDDA68A24203D3AA42DC
:10AA60003CBF154618461A469B69EFE78014002044
:10AA700070B50F4CFF232372036A1BB181689D6878
:10AA8000A94203D2E5213720F5F7EEFEC2698669B7
:10AA9000DA619E6152B193619A691AB1D361C26859
:10AAA00011444A1BDA600023237270BD2360F3E770
:10AAB00080140020014B01221A717047801400207D
:10AAC000014B00221A71704780140020014B187945
:10AAD000704700BF80140020F8B54FF0000C04460A
:10AAE000284E084686F809C0002135680B4685B90E
:10AAF000757A002DF6D15BB1984225D3013CB0FBAD
:10AB0000F3F11C4403FB01F5B4FBF3F48C420ED9C2
:10AB1000F8BD2F690BB19F4207D23B4627B94FF4CE
:10AB2000A3713720F5F7A0FEA98AAD69DFE7B5FB71
:10AB3000F3F603FB165626B9B5FBF2F602FB1656E2
:10AB4000DEB10139ED1AE1E7451E1D44B3FBF4F413
:10AB5000B5FBF0F5AC42DBD3B3FBF5F605FB1637DE
:10AB60004FB9B6FBF2F702FB176727B9B6FBF1F74F
:10AB700001FB17671FB10135ECE72846C8E73046EF
:10AB8000C6E700BF80140020FF23084A0B700D2386
:10AB90004B7082238B701368C1F803305368C1F87F
:10ABA00007309368C1F80B30704700BF8A1400204B
:10ABB00016220021014813F06FBE00BF8A14002046
:10ABC000F7B51E4C02AB03E90300637DA3B39DF808
:10ABD00000300D462BBBD1E9747612F05BFA95F884
:10ABE0007420174B463053F822304FF47A7203F238
:10ABF000E733B3FBF2F3DB192A8846F100061B1892
:10AC0000228046F100066360A660B5F88630022215
:10AC10000C4904F10C00638003B0BDE8F040FEF77E
:10AC2000E5BD530608D50B882380D1F870326360E8
:10AC3000D1F87432A360E8E703B0F0BD8A140020B5
:10AC40006851040089AB0000094B53F8203003F52C
:10AC5000224370B5B13316464FF47A720C46B3FBFB
:10AC6000F2F5344403F0A8FB2C44204470BD00BF2F
:10AC7000545104002DE9F04F99468BB0002304464F
:10AC800088461746069390F875B010F01AFB0546F3
:10AC900094F87F00FEF76AFA054412F0FBF994F885
:10ACA0008E3000F13C06ADB2482B3BD00E2B39D094
:10ACB00094F88DA0AAF14802D2F1000A4AEB020AE8
:10ACC000002F5FD194F88C30032B5BD1BAF1000FC9
:10ACD00058D0B4F8C832434554D1D4F81032204685
:10ACE000B4F8E421C4F80032E369C4F80432B4F8DB
:10ACF00082321344C4F8083200F034FB41F64B535F
:10AD0000D4F8D02294F8DC129A428CBF002301239D
:10AD100059B9E1698A421ED02088049312F0CDFF10
:10AD2000049B18E04FF0010ACAE7208812F0C2FF26
:10AD300020B940F24A713020F5F796FDB4F8D832C8
:10AD40006386B4F8DA328381B4F8C832C7814381AC
:10AD5000013B03823B4694F87E20002A39D1002B28
:10AD600038D1D4F8CC2284F87E300223E262B4F8E1
:10AD7000CA2284F88C302286D4F8D022E261D4F83A
:10AD8000D422626204F51473B4F886C00493A8EB6D
:10AD90000C0CB4F880320FFA8CFCA8EB03031BB246
:10ADA000002BB8BFD4E99A2394F88C10AFBF4A4661
:10ADB000C4E99E2300230122BCBF84F823326346EA
:10ADC000032900F2BD81DFE811F0100024016900C1
:10ADD00045012BB14FF04D12626300222287C0E77C
:10ADE0004FF0961223876263BBE794F8751094F8CE
:10ADF000DE0110F0F5FC8346E06A2946584409F06C
:10AE000035F92946C4F80C02E06909F02FF994F8E5
:10AE10007E3007A95B00DBB2034408A8C4F81032F7
:10AE200003F0BEF9079B0093DDE90823D4E99E01F6
:10AE300013F0DFF80546204612F06CF9D4F884329E
:10AE4000E26A94F875000693049203F0BDFA069B3B
:10AE500000F52240049A203BD4F80C12B130134480
:10AE60004FF47A725B1A30319B1BB0FBF2F05B44FB
:10AE700032465B1B1B1A94F875000693238E03EB76
:10AE80004101FFF7E1FED4F88422069BC4F81402C6
:10AE90009B1ACC2B5DD840F2C7414CE7E36A2946A8
:10AEA000D4F80402184409F0E1F82946C4F80C0269
:10AEB000E06909F0DBF894F87E305B00DBB2034414
:10AEC0002046C4F8103212F025F9E36AD4F804528F
:10AED0001D44B4F8E431002B40F09780B9F1000F25
:10AEE00000F0938094F8750003F06EFAD4F80C1219
:10AEF000D4F8703200F522406D1A94F87520B13004
:10AF0000203D1D44A84B53F822204FF47A7302F2DF
:10AF1000E732D4E99ABCB2FBF3F2A5EB0B05B0FB28
:10AF2000F3F01544AD1B2D1AD4F80032D4F80822E2
:10AF300094F8750002FB0311238E324606953031DA
:10AF400003EB4101FFF780FE0123C4F8140284F8EB
:10AF50008C30E56904F13C00D4F81032A93D069923
:10AF6000ED1AD4F81432AD1B9D4228BF1D460023B4
:10AF700084F85032C4F8E051D4E99E325B1842F1B3
:10AF80000002C4E9983211F04FFB04232844A4F8CE
:10AF9000808284F85932C4F85402D4E99823C4E971
:10AFA0009E2300F0D7F920B1D4F854321E33C4F8F0
:10AFB0005432B4F8D031A3EB08031BB2002BD4BF3A
:10AFC00000220122520084F85822BAF1000F40F00A
:10AFD000BA80B9F1000F40F0B98094F88C30002BA2
:10AFE00000F0D080E16904F51470D4F81032C91A69
:10AFF00010F092FB80B2002800F0C480149B03B1D3
:10B00000188001200BB0BDE8F08FD4F80C126D1A37
:10B010008AE7D4F81002E269D4F80812121AD4F8B8
:10B0200000525A43D4F80C3206923033B4F8E4217B
:10B0300005FB01336244521A218E013A00FB0233B0
:10B04000324694F8750001EB4301FFF7FDFDC4F8AB
:10B0500014027EE7E16959430691B9F1000F2DD042
:10B06000B4F8E40150BB84F82302D4F8100200FBCA
:10B07000131E94F88D3004902A2BCDF818E003D0DD
:10B0800094F88E302A2B0AD1B4F8C832A8EB030307
:10B090001B0404D494F8CB32002B18BF9B46B4F8A1
:10B0A000E4017AB370BBD4E99C51D4E99A23AA4253
:10B0B00073EB010108D340F21B513CE694F82302E4
:10B0C00000287FF446AFD0E794F87520203D364B3A
:10B0D00053F82230D4E99A12CDE9021203F2E73292
:10B0E0004FF47A7103F52243B2FBF1F2B1330592CA
:10B0F000029AB3FBF1F3AD1A059A1544ED1AAD1B94
:10B100007544069500EB0C05049B324658465D439A
:10B1100030356D002946FFF797FD41F64B53C4F8D3
:10B120001402E06998423FF614AF06AB3246294656
:10B13000009304F5057310F06FFB84F8230208E711
:10B1400040F23351F7E5B9F1000F1BD0B4F8F80124
:10B1500010B3B4F8FA1194F8FC214D1CA4F8FA11BC
:10B1600001FB022290420DDD002B0BDD0023A4F831
:10B17000FA5184F85832FEF729FC00F0070001303C
:10B1800084F8FC0104F5147104F50A7009F0AEFFAF
:10B1900020B940F27D51CEE50146DCE787F001079A
:10B1A00084F8207200202DE754510400D0E99C233C
:10B1B00073B5D0E99A45944275EB030104D240F689
:10B1C00001013020F5F750FBD0E99A45C66900F13E
:10B1D0008001A41AB4FBF6F4CDE900010134104655
:10B1E0001946E4FB06010CF05AFF02B070BD0000E6
:10B1F00073B50446D0E9746511F04CFF94F87420DF
:10B200000C4B463004F1800153F822204FF47A733E
:10B2100002F2E732B2FBF3F2921945F10003121881
:10B2200043F100031046CDE9004119460CF037FF09
:10B2300002B070BD68510400014BD870704700BF68
:10B24000A0140020F0B5044685B090F8DB3103F07F
:10B25000FF05002B6AD190F88C30032B66D112F0D9
:10B26000C0FED4E99A23801A61EB0301012871F131
:10B2700000035BDB6FF00103834275EB010104DA2D
:10B2800040F2B1513020F5F7EFFAE269B4F88630B8
:10B290000AB1B0FBF2F2013313449BB2A4F81C32A2
:10B2A000B4F8D431B4F81C229B1A1BB2002B3DDD3C
:10B2B00004F50A7009F07AFF002837D0FF2384F8DC
:10B2C0002132B4F8C2300DF10E07B4F88650184E92
:10B2D0001D44B4F8C030013DED1AADB2336863B11E
:10B2E000B4F81C1200222046013989B29847B4F8FC
:10B2F0001C32184480B2A4F81C02B4F81C32EB1AB9
:10B300001B0413D4B4F81C1200230122204689B276
:10B310000097FFF7AFFC012808D1B4F81C32BDF844
:10B320000E2013449BB2A4F81C32D7E705B0F0BD41
:10B33000541F0020034B044A1A60044B044A1A604D
:10B34000704700BF4C1F0020ADB10000501F00200F
:10B35000B5810100024B9869003818BF0120704781
:10B36000D8140020D0F8D032C269934273B5044695
:10B3700012D1D0F8D462426AB61A18BF012694F8E6
:10B38000DC22002A42D0208812F094FC30B940F62A
:10B39000E9413120F5F768FA0126F0E7B4F8D82240
:10B3A000638E9A421CD1B4F8DA3282899B1A18BF94
:10B3B000012394F88D50482D16D094F88E20482AF9
:10B3C00010D0002502212046FDF706FF002D44D0B5
:10B3D000002384F88D30032384F8913002B070BDCF
:10B3E0000123E6E73343ECD01D4B1B6813B940F64D
:10B3F000F441CEE7A5F14802002168460194554288
:10B40000554101228DF800209847DBE7002ED8D067
:10B410002288A3F57A7104F5D270A4F8AE2141F226
:10B42000707291420F4995BF4FF47A7240F2E24236
:10B43000B3FBF2F3B3FBF2F398BF03F550639BB297
:10B44000A4F8B031B4F8D432A4F8B231B4F8D6329A
:10B45000A4F8B43111F037F8B3E784F88E50BAE7A6
:10B46000701F002023CB010008B5FEF7E9FB094B54
:10B47000094A1A60094B0A4A1A600A4B0A4A1A60BA
:10B480000A4B0B4A1A600B4B0B4A1A600B4B0C4AC7
:10B490001A6008BD581F0020C98401005C1F0020ED
:10B4A00049850100601F0020378B0100641F0020C8
:10B4B000FBD10100681F0020416300006C1F0020C9
:10B4C000D9930100F7B50123104E33700023CDE965
:10B4D00000336846F5F77EFE044618B1002333704A
:10B4E00003B0F0BD009D95F88C30002BF1D005F530
:10B4F000FC77384609F05AFE384612F0FAFE05F598
:10B50000E87085F88C40FFF743FAE2E7FC1400206E
:10B5100038B50D4B0D4653F82040084602F054FF55
:10B520004FF47A7304F58564033D0444012DB4FBA4
:10B53000F3F404F1C8048CBF0025282511F0AAFDFE
:10B540002044284438BD00BF685104002DE9F84F5D
:10B5500091F88DB09A4605460C46ABF14803164665
:10B56000012B1BD991F88E90A9F14809B9F1010F6F
:10B570008CBF4FF000094FF00109BAF1000F04D061
:10B5800000220121204601F003FC94F88C30032BAB
:10B5900000F29280DFE803F0058D848D4FF0010901
:10B5A000EBE726B940F219213520F5F75DF94FF0A8
:10B5B000000801232046474684F88C3011F080FEB5
:10B5C000634B1B6823B151462046984708FB007720
:10B5D000FFF77CFA002872D10221B4F9F40111F0CE
:10B5E000F1F8B4F8F4311B1AA4F8F4310026D4E9C8
:10B5F0007432FB1842F100021B1842EBE072C4E9FE
:10B600007432C5E904322E7094F88D20A2F10C0337
:10B61000DBB21E2B55D84F4EDE4006F0010694F8E3
:10B620008E30482B08BF46F00106204611F07BFF04
:10B6300030B1002E49D194F88C00012818BF0220A7
:10B640000423287204F13C006B7210F0EDFF686077
:10B65000BAF1000F79D0ABF10E0BBBF1010F8CBF2B
:10B660004B4649F00103002B6FD14146284610F0AC
:10B6700053F81FFA80F9204611F055FF82466EBB41
:10B6800081452BD307FB00F12E72D4E974325B188D
:10B6900042F10002C5E90432CFB940F2A12183E7AB
:10B6A000D4F828820323D4F8407284F88C304744BD
:10B6B00086E7E769B84683E740F2522174E7002045
:10B6C00094E7482AABD10126AFE70020B8E741460E
:10B6D000284610F021F882441FFA8AF901224946CF
:10B6E000204601F055FB1A4B1B687BB10121204617
:10B6F000984708FB00F84844D5E904321FFA80F95E
:10B7000013EB080342F10002C5E90432FFF7DEF94A
:10B71000B8B94FEA4901B4F9F401B1F5803FB4BFBB
:10B7200089B24FF6FF7111F04DF8B4F8F4311B1ADD
:10B73000A4F8F431D5E904321B1842EBE072C5E9F4
:10B740000432D5E90423C4E97423BDE8F88F00BFAF
:10B75000741F0020050000402DE9F0410D4604460D
:10B7600018B9EA213520F5F77FF8052900F2818024
:10B77000DFE801F003786E6A7F7490F88C300BB9C3
:10B78000F221EFE701F042FA002875D03B4B1B682D
:10B790000BB12046984713212088F5F7E1FC0346BA
:10B7A00094F87400002B4DD0022849D004D8012809
:10B7B00007D0DC21B420D6E7C21E012AF9D81E33F7
:10B7C00000E00A339F8894F87510CB1E012B98BFB8
:10B7D0002825FFF79DFE2B30523D8742EEB2E569EA
:10B7E00088BF3B1A264F98BF00237A78ED1A1AB902
:10B7F000E36B9D4228BF1D4604F13C0010F014FF8E
:10B8000000F12B080220A5EB080512F04FFC0221E5
:10B8100025EAE575854228BF0546284612F070FCEA
:10B8200010B1A84412F0E1FB324641462046002305
:10B8300010F0A5FF7860E069BDE8F04112F0D3BBDD
:10B840001433BFE79627BEE7BDE8F04102F0B4BC71
:10B8500001220021BDE8F04111F041BDBDE8F041F9
:10B860000BF085BA90F88C30042B05D04FF488711A
:10B8700078E74FF48A7175E7BDE8F081781F002002
:10B88000FC140020024B0022C3E90022FFF71ABE7D
:10B89000FC140020014B5870704700BFFC140020BE
:10B8A000024608B520B940F27D113520F4F7DCFFDF
:10B8B00090F88C3013B14FF4BF71F6E7034900F5EF
:10B8C000FC70BDE8084012F0EEBC00BF59B70000A4
:10B8D00008B502F0F5F8044B5A6882422ABF18787E
:10B8E000002080F0010008BDFC14002037B504469C
:10B8F000042900F28480DFE801F00316121B7D00AA
:10B90000404B1B7803F0FF024BB9012111F0E7FC1B
:10B9100002F0D8FA03B0BDE8304009F0D3BB0423ED
:10B9200084F88C30F4E7032384F88C3003B030BD06
:10B9300041F64B5540F2E241D0F84432C269AB4285
:10B94000ADF8041090F850128CBF00250125C0F806
:10B95000282229B99A421CD0008812F0AEF918E0CA
:10B96000008812F0A7F920B94FF441713520F4F79F
:10B970007BFFB4F84C3200256386B4F84E328381E5
:10B98000B4F83C32C5814381013B03827D23ADF88D
:10B99000043094F87E30EBB9EDB9D4F8403204F5B8
:10B9A000E870D4F84422E362B4F83E32E2612386C0
:10B9B000D4F8483284F87E506362638E5343009318
:10B9C00002AB13E90600FEF7C5FF204611F078FC34
:10B9D0000223A9E74DB14FF04D1363630023238782
:10B9E0004FF47A73ADF80430D7E74FF096132587FC
:10B9F0006363D2E703B0BDE8304011F061BC40F2B0
:10BA00005931B3E7FC140020014B024A1A60704719
:10BA1000781F0020F1B100000D4A0146107898B956
:10BA20000129936807D1B3F86420B3F848309A42EB
:10BA30000DD8FFF74DBF9289520707D593F88F00B5
:10BA4000073818BF01207047002070470120704759
:10BA50000415002038B5184B9C899A6804439C81D2
:10BA600000F00304032C04D14FF427613620F4F7CF
:10BA7000FBFEC50748BF1961840706D50968097828
:10BA80000629197506D00B2910D0820644BF08225A
:10BA90001A7038BD92F88D101E29F6D100240025A9
:10BAA0000121C2E93E4582F89310EEE792F88D102D
:10BAB0001429EAD10021F6E70415002037B590F8E3
:10BAC0008D200446A2F14803012B1DD990F88E3039
:10BAD0000E3A483B012ADBB214D8012B8CBF00235D
:10BAE0000123B4F88620B4F83C12013292B291429C
:10BAF0002FD194F8502272B343B94FF40E7136200F
:10BB0000F4F7B2FE012B24D80123EAE72B4B1B6884
:10BB100013B940F23921F2E70021684601948DF80B
:10BB200000109847002584F8525202212046FDF764
:10BB300095FB03212046FFF7D9FE94F88D30A3F141
:10BB40004802012A02D90E3B012B2ED8002384F88B
:10BB50008D3003B030BD238841F2707204F5D2708D
:10BB6000A4F8AE31D4F84432A3F57A719142144965
:10BB700095BF4FF47A7240F2E242B3FBF2F3B3FBAB
:10BB8000F2F398BF03F550639BB2A4F8B031B4F858
:10BB90004832A4F8B231B4F84A32A4F8B4310023E0
:10BBA00084F8AD3110F08FFCBCE794F88E30483B40
:10BBB000012B98BF84F88E50CBE700BFC81F002030
:10BBC00023CB0100234B70B59C6894F83A520DB911
:10BBD00094F8745094F83B620EB994F8756084F848
:10BBE000745084F87560FF2384F876301A4B1B6814
:10BBF00013B1294620469847184B1B681BB12A46AB
:10BC000031461748984704F13C0600211448FCF7D8
:10BC100073FE304610F008FD04F259110546204627
:10BC2000FDF7F0FD20460421FFF760FE304610F0DE
:10BC3000FBFC854204460BD212F09EFA0146601BC3
:10BC4000192838BF192012F05BFA10B112F0CDF9A3
:10BC5000012070BD04150020881F0020D41F002083
:10BC60000815002000231E2980F81E1180F81F31BE
:10BC70000ED92439C9B21B2903D8104BCB40DB079E
:10BC800005D40023A0F8C630012380F8CA307047DD
:10BC900001220B4B8A401340002BF8D115290AD002
:10BCA0001129EED190F8202112B1A0F8C6307047CA
:10BCB000A0F8CC207047A0F8CC307047092949097A
:10BCC0008712084910B54C784268162C92F88D30CE
:10BCD0000FD8112C01D8002010BD4FF4A803E34069
:10BCE000DB07F8D5024601212046BDE8104011F0DF
:10BCF0008DBB1D3CE1B22229EDD8222CEBD801A14D
:10BD000051F824F09DBD0000D7BC0000A5BD000087
:10BD1000D7BC0000D7BC0000D7BC000091BD00001C
:10BD2000D7BC0000D7BC0000D7BC0000D7BC0000C7
:10BD3000D7BC0000D7BC0000D7BC000033BE000059
:10BD4000D7BC0000D7BC0000B7BD0000D7BC0000C6
:10BD5000DFBD0000D7BC000007BE0000D7BC00005C
:10BD6000D7BC00001BBE0000CDBD0000D7BC00004A
:10BD7000D7BC0000F3BD0000D7BC000037BE0000F8
:10BD8000D7BC0000D7BC0000D7BC00002FBE00000D
:10BD90002D2BA0D1294B1B685BB99CE7372B9AD17F
:10BDA000274BF8E7312B96D1264B1B68002B92D0FE
:10BDB000104698478FE7392B01D0502B8BD1224B5F
:10BDC0001B68002B87D02E21984784E73A2B82D11D
:10BDD0001D4B1B68002B3FF47EAF3621F4E73B2B55
:10BDE0007FF479AF184B1B68002B3FF474AF302100
:10BDF000EAE73C2B7FF46FAF134B1B68002B3FF43B
:10BE00006AAF3921E0E73F2B7FF465AF0E4B1B682B
:10BE1000002B3FF460AF3221D6E7452B7FF45BAFB8
:10BE2000094B1B68002B3FF456AF3521CCE7074B7D
:10BE3000B1E7074BAFE7074BADE700BF841F00201A
:10BE4000941F00209C1F0020B81F0020CC1F002042
:10BE5000D01F0020E41F0020034610460A1E08BF22
:10BE60001F221F2B70B529D8112B03D8032B4AD0C2
:10BE7000002040E0A3F112010D29F9D801A454F8E3
:10BE800021F000BFF9BE000071BE0000F9BE000045
:10BE900071BE0000F9BE000071BE000071BE00005E
:10BEA00071BE000071BE000071BE000071BE0000D6
:10BEB00069BF000071BE00007BBF00003B2B15D89E
:10BEC000222BD5D9A3F123040121E4B2A140314CA6
:10BED00021425AD1490740D13B2BC9D12E4B1B6877
:10BEE000002BC5D01146BDE870401847A3F1FE02F3
:10BEF00053425341580070BD024600211846BDE828
:10BF0000704011F083BA446894F88D301B2B01D037
:10BF1000152B3CD194F8D030002B38D184F8CF3099
:10BF200084F8CA3094F8BE3103F0FF0523B140F223
:10BF3000D5313620F4F798FC238884F8BF21A4F883
:10BF4000C03184F8C25184F88252144904F5DB7080
:10BF500010F0B0FA84F88D508AE711490C68002C73
:10BF600086D01946234605E00E4B1B68002B3FF494
:10BF70007FAF1D21BDE8704018470B4B1B68002B9D
:10BF80003FF476AF1F214068F4E70849E6E7022056
:10BF9000B1E700BF00A84C00E01F0020A9CC0100C1
:10BFA000801F0020901F0020981F0020B41F002039
:10BFB00043680246497893F88D30053BDBB24B2B42
:10BFC00096BF0248FE20C05CFFF746BF1050040039
:10BFD0002DE9F347A44F0E468046B989BC688D050C
:10BFE00004F1800554BFB4F8C020002228465CBF8D
:10BFF000013292B2A4F8C02011F026F930B10B46FC
:10C0000004F5A87221462846FEF7A0FABB8903F47E
:10C01000C06343B194F891302BB90121204684F8D4
:10C020009110FFF763FCB8F1000F40F0EC81002E97
:10C0300040F0E981BB89BD685C0707D595F88F2082
:10C04000072A02BF012285F88F607A75980713D5F9
:10C05000387D0123072885F81F310AD0112824D004
:10C06000FEF710F9034628B940F2CF513620F4F715
:10C07000FBFB7E4B7E489847BB89190740F1BE8089
:10C08000BC6894F81E312A2B36D81B2B0FD8012BF5
:10C090005AD0032B63D0002B44D094F81E31FE2BD2
:10C0A00040F0908040F2DC51E0E7724BE2E71C3B4D
:10C0B0000E2BF2D801A252F823F000BF7FC100007E
:10C0C0009BC000009BC000009BC000009BC0000004
:10C0D00087C1000095C100009BC000009BC000000C
:10C0E0009BC000009BC00000B3C100009BC00000CB
:10C0F0009BC000007FC100003C2B61D03F2BCCD106
:10C10000B4F88630B4F83C229B1A1B0402D40023F6
:10C1100084F8523294F88D30482B0DD1002384F8E6
:10C12000CA30BAE7B4F88620B4F83C12521A1204A6
:10C13000B3D484F85232B0E794F88E30482BACD1A7
:10C140004B4810F004FCA8E7B4F88630B4F8362267
:10C150009B1A1804A1D4002384F88D309DE794F82D
:10C160008D30153BDBB2092B05D840F2412222FA73
:10C1700003F3D90791D4002384F88232DBE700234C
:10C1800084F83D31CBE73C4B1B68002B85D0204623
:10C19000984782E7002384F83E31384B1B6823B16F
:10C1A00004F59F7104F592709847314810F0B5FB83
:10C1B00073E7334B1B68002B3FF46FAF2C48E7E766
:10C1C000304BF7E7FE2384F81E3194F88D302A2B8C
:10C1D00040D033D80C2B37D00E2B39D094F88E307A
:10C1E000482B04BF492384F88E3094F88F30082BF5
:10C1F00001BF02237B75002384F88F30BB89DA07E7
:10C2000056D53A69BB68166893F88D1093F8D0003C
:10C21000347811F0E8F828B1112C76D81A4BE340A5
:10C22000DB0772D511792046FDF786F870BB3B69B4
:10C2300031460F481A7910F0C9FB38E0442B0BD077
:10C24000482BCBD1492300E00D2384F88D30C5E77E
:10C250000F23FAE72B23F8E7002384F84C31044836
:10C2600010F05BFBBAE700BF04150020A7D3010064
:10C27000081500208BD30100A01F0020A41F002060
:10C28000A81F0020D81F0020742802000D2C36D0D3
:10C29000112C36D0072C36D02046FDF7E9FF034697
:10C2A0000028C4D03A693146C048127998470646FA
:10C2B0003B781C0708D595F88D1095F8D00011F043
:10C2C00092F8002818BF08262846FFF7F7FBBD683C
:10C2D00095F81E31FE2B40F0968095F88F30073B85
:10C2E000012B40F2908095F8283103F0FF0473B1E0
:10C2F0000023A5F8C4300223A5F81E3183E0AC4B1F
:10C30000D0E7AC4BCEE7AC4BCCE70826D0E795F8AE
:10C310008D3043B995F8BE2022B31222A5F81E2114
:10C32000A5F8C6306CE0292B00F0AC8010D8142B97
:10C3300061D009D8032B00F09F80132B00F093806D
:10C34000113B102B5FD90DE01E2BF9D1062353E0D2
:10C35000362B00F09F8046D8322B00F09980352B89
:10C3600000F0A28095F88E30372B00F2E380222B6C
:10C3700000F29C80013BDAB2052A40F2C98095F8B0
:10C380001E31FE2B3FD1BC6894F81E31FE2B00F00D
:10C39000B18195F88D30B3BB95F835329BB395F8E4
:10C3A0008E0010F0EDFA044668BBB5F886300A2B13
:10C3B00029D96846FCF790FF28B3052205F19701BB
:10C3C000684612F042FA002800F0AE839DF804306F
:10C3D000009885F834320123C5F83002A5F81E31E3
:10C3E00085F835420FE0422BBCD1744B6F481B6877
:10C3F0009847342380E70B23A5F81E31A5F8C640E3
:10C40000012385F8CA30BC6894F8283123B994F820
:10C410008F30073B012B04D8B4F8C4300133A4F8A3
:10C42000C43094F8CA1021B1B4F8C6300133A4F86E
:10C43000C63094F9CE2022B1B4F8CC300133A4F840
:10C44000CC30B8F1000F40F0C9837B7D022B00F0A7
:10C45000C183012B40F06B8394F89030002B40F0A7
:10C460007B83002185E3D5F85432C5F810310323CE
:10C47000A5F81E31002353E795F8193185F82031CE
:10C48000072339E71823A5F8C640A5F81E31BAE7F7
:10C490002123B1E701231121284685F82031FFF738
:10C4A000E1FB85F88D40AEE7272325E7233B142BDE
:10C4B0003FF665AF01A252F823F000BF03C60000AB
:10C4C00003C600007FC300007FC3000079C60000E0
:10C4D0007FC300007FC300007FC300007FC3000054
:10C4E0007FC30000C5C600007FC300007FC30000FB
:10C4F0007FC300007FC300007FC300007FC3000034
:10C500007FC30000E5C60000A9C60000C9C6000040
:10C51000052B3FF634AF01A252F823F0D3C500003B
:10C52000F1C50000C1C50000BDC600007FC300000A
:10C53000C1C60000393BDAB2172A3FF620AF172BED
:10C540003FF61DAF01A252F823F000BFCDC6000098
:10C550007FC30000D1C600007FC300007FC300007E
:10C560007FC300007FC300007FC30000D5C600006A
:10C570007FC300007FC300007FC300007FC30000B3
:10C58000E1C600007FC30000E9C600007FC30000D1
:10C590007FC300007FC30000EDC600007FC3000022
:10C5A0007FC30000F1C60000CDC6000008150020C2
:10C5B000B1BF000093D40100C5BC0000C41F00201F
:10C5C00095F8183185F820310723A5F81E3100238E
:10C5D00014E00C230022A5F81E3195F8D130A5F8FF
:10C5E000CC2043F0010385F88E2085F8D130C6E6D3
:10C5F0001323A5F81E310023A5F8CC3085F88E3022
:10C60000BDE695F82B31002B7FF4B9AE95F82A31B1
:10C61000BBB195F88E3005F5957105F23A222A2BBB
:10C6200028D095F88D302A3B012B8CBF00230123A5
:10C63000284610F002F8242385F88E30002385F870
:10C640002A3195F88E30242B7FF499AE05F25911DA
:10C650002846FDF7D7F8B5F85E30A5F82031B5F8D3
:10C660006230A5F822311523A5F81E310023A5F864
:10C67000CC3084E60123DBE795F83431012B0ED072
:10C6800095F83431022B7FF47AAEEA6ED5F8361184
:10C69000A9480EF092FE1823A5F81E316FE695F812
:10C6A0003531002BECD1F0E700241121284685F824
:10C6B0002041FFF7D7FA85F88E4060E60923EBE7C3
:10C6C0001B2382E72423E7E71E237EE72F237CE753
:10C6D00031237AE7994B98481B6898473423DBE766
:10C6E0003A23D9E72723D7E73F23D5E72C23D3E7FE
:10C6F0003C23D1E794F88D30002B7FF44AAE94F8B8
:10C7000052323BB394F8503203BB94F88E0010F0D1
:10C7100037F98246F0B994F88E30352B1AD094F858
:10C72000503283B112212088F4F71AFD036913F403
:10C7300000791DD04823A4F8C6A084F88D300123C9
:10C7400084F8CA303F23A4F81E3177E094F83C31D6
:10C75000002BDAD094F8823203F0FF0133B394F85F
:10C760009230B3B194F8933073B940F2CE617DE466
:10C77000734B1B6813B940F2BF6177E41A216E480E
:10C78000984784F8529259E00A23A4F81E310023F6
:10C7900006E0D4F85422C4F810210322A4F81E2184
:10C7A000A4F8C630012384F8CA3047E094F83B313E
:10C7B00003F0FF022BB10823A4F81E31A4F8C61021
:10C7C000F0E794F83C3103F0FF0173B194F8E730DF
:10C7D000DB0905D02B23A4F81E31A4F8C620E1E71D
:10C7E000584B1B6853B3544831E0D4F8843283B3B8
:10C7F0001F2294F88E00FDF733F950BBD4F8843231
:10C8000033B113F8512C012A05D040F2FE612DE41A
:10C8100040F2FA612AE413F8283C03F0FF0113B157
:10C8200040F2FF6122E494F8E33098060CD51F2310
:10C83000A4F8C61084F8CA20A4F81E3195F81E3159
:10C84000FE2B7FF4E0ADA4E53F4B20461B689847E4
:10C85000F4E794F83A3173B194F8D13013F003024D
:10C86000ECD10C2143F00103A4F81E1184F8D1305F
:10C8700084F83A2187E794F82A311BB394F82B31D6
:10C8800003BB94F88E3004F5957104F23A222A2BFA
:10C8900016D094F88D302A3B012B8CBF0023012346
:10C8A00020460FF0CAFE002384F82A31B4F85E2037
:10C8B000A4F82021B4F86220A4F8222114226DE704
:10C8C0000123EDE794F83431012B69D194F8353127
:10C8D000002B65D194F88E0010F052F800285FD13B
:10C8E00094F874104B1EDBB2032B09D8174803448D
:10C8F00093F84CC094F87530013BDBB2032B04D99C
:10C9000040F211310620FFF7B2BBBCF1020F94F8E0
:10C9100036210CD0BCF1030F0BD0BCF1010F04D1B8
:10C92000012A14BF0022012292B916232DE7022A00
:10C93000F7E7042AF5E700BF08150020C41F002010
:10C94000C81F0020D01F00209C1F00201050040092
:10C95000034493F84C2094F83731022A17D0032A65
:10C9600017D0012AE1D1012B14BF00230123002B92
:10C97000DBD0B4F8863004F50E72B4F838010EF04E
:10C9800000FD014640B99848FBF7B6FF56E7022B79
:10C99000EAE7042BEDD0C8E72C2384F88D304DE76F
:10C9A00094F83D3103F0FF025BB1904B1B688E4859
:10C9B0009847FE2801463FF441AF2046FFF752F961
:10C9C0003CE794F8463103F0FF090BB11D2302E761
:10C9D00094F83E3103F0FF026BB30921B4F8400133
:10C9E000F4F7BEFB10B984F83E01CCE690F8F031C4
:10C9F00003F0FF0213B984F83E21C4E690F8C83171
:10CA0000032B14D8DFE803F00202050D84F83E91F1
:10CA1000B9E694F8443180F8F131002384F83E31CE
:10CA2000B1E62223A4F81E31A4F8C690BAE640F27B
:10CA30009261FFF71BBB94F8473103F0FF0163B12C
:10CA400094F8E530DB0901D02E23C4E6684B0122BF
:10CA50000C2165481B689847F0E694F8483103F0CC
:10CA6000FF020BB13623A7E694F849310BB130230E
:10CA7000B1E694F88C3253B10D212088F4F770FBA5
:10CA800008B9392381E690F86232002BF9D094F886
:10CA90004C3103F0FF090BB1382376E694F84A31A4
:10CAA00003F0FF022BB1534B4F481B6898473223CA
:10CAB000B8E794F84B310BB135238CE694F84D313F
:10CAC0008BB194F8523273B994F8E4305A0608D511
:10CAD000494B1B68002B3FF4B1AE434898472723CE
:10CAE00031E6464B7DE694F84E31BBB13B22002146
:10CAF00094F88E00FCF7B4FF814678B912212088A3
:10CB0000F4F72EFB03699B0705D53D4B36481B68A0
:10CB100098473B2386E73B4B1B6864E63A4B1B6810
:10CB2000002B7FF444AF89E685F835025AE45EB104
:10CB3000F00651D4310751D4B20751D1B30651D4C4
:10CB400040F6F421FFF792BAD9B1B4F8C610B4F8A0
:10CB5000C830994215D9222384F8B1302248FDF714
:10CB6000FBFB0023022184F88D3084F88E3084F89A
:10CB700091302046FEF7BAFE02B0BDE8F047FBF761
:10CB800063BF2AB1B4F8CC20B4F8C8309A42E2D8D6
:10CB9000B4F8C420B4F8C2309A420FD2B4F8C4201A
:10CBA000B4F8C8309A42D6D294F89120B4F8C03084
:10CBB0004AB9052B7FF655AC3E23CDE794F82831D2
:10CBC000002BC8D1EAE7B4F8C2209A423FF649AC3C
:10CBD0000823C1E71623BFE71E23BDE73D23BBE7BC
:10CBE0002A23B9E72323B7E7081500207C1F00207C
:10CBF000BC1F0020C01F0020AC1F0020B01F002061
:10CC0000DC1F0020E41F00208C1F002030B590F8AE
:10CC10008E200023584D85B02A2A04462B71A86027
:10CC2000AB812B706B7512D1B0F83812B0F886203A
:10CC3000521A11040BD480F88E30FEF7C3FFB0B93E
:10CC400000210846FFF7C4F9002005B030BD94F874
:10CC50008D302A3B022B0AD8B4F83822B4F886303B
:10CC60009B1A1A0403D4002384F88D30E5E794F866
:10CC70008D300C3B012B16D8B4F88630B4F8362230
:10CC80009B1A1B040FD404F50C7104F196000EF0EE
:10CC90003EFE94F88D300D2B04BF002384F88D30B8
:10CCA000FF2384F8CB30B4F82022214604F1800021
:10CCB000013292B20EF072FE0023A4F8203294F8F2
:10CCC000CA302BB1B4F8C620B4F8C8309A42B7D2F3
:10CCD00094F9CE302BB1B4F8CC20B4F8C8309A42D5
:10CCE000AED2B4F8C220B4F8C4309342A8D294F8BB
:10CCF0009110B4F8C03071B9052BA1D894F81E4139
:10CD0000FE2C1DD003A8FBF775FE38B940F626119E
:10CD10003620F3F7A9FD9A42F0D891E7502200217E
:10CD2000039811F0B9FD03992246144801F8034F06
:10CD3000FDF7A4F8FBF76AFE58B940F62F11E7E7B4
:10CD40000F4B1C682CB111F013FA02460B460B482E
:10CD5000A047AB680B4A93F88D1093F8D00010F001
:10CD600042FB094B054900930190084B03C9F5F7B5
:10CD7000E9F9012069E700BF04150020081500202B
:10CD8000E81F002055BA0000D1BF000019BA00000A
:10CD9000F8B5B0F8203200F1800704460D460B4488
:10CDA0001646A0F82032B0F8C0300B44A0F8C030CE
:10CDB000384610F049FAA0B1D4F8B43038460B44E4
:10CDC0002146C4F8B43010F095F8D4E92D239A42E6
:10CDD00007D30023164904F5A870C4F8B4300FF047
:10CDE00072FB94F8CA3023B1B4F8C6302B44A4F8CF
:10CDF000C63094F9CE3023B1B4F8CC302B44A4F82B
:10CE0000CC3094F8283123B994F88F30073B012BAC
:10CE100004D8B4F8C4302B44A4F8C4302046FEF73C
:10CE20004DFE26B1B4F886301D44A4F88650F8BDF6
:10CE30004FCE010008B5FCF7C7FE064B064A1A6044
:10CE4000064B074A1A60074B074A1A60074B084A05
:10CE50001A6008BD801F0020D3D30100841F00206A
:10CE6000C1D30100881F00209DD901008C1F002024
:10CE70001FDC010008B5FCF7E3FE084B084A1A6006
:10CE8000084B094A1A60094B094A1A60094B0A4AB9
:10CE90001A600A4B0A4A1A6008BD00BFB41F00207E
:10CEA000C9840100B81F002049850100BC1F002073
:10CEB000378B0100C01F002041630000C41F002009
:10CEC000CB950100014B1873704700BF90150020EF
:10CED000F8B5034616464ABB91F82C20E2B391F907
:10CEE0003020CAB301F12F0291F82F0001F118058B
:10CEF00001F14604374678B3B1F86E106372618170
:10CF000060735378237410F05CFB05EB400595F9D2
:10CF100001000EB900F02EF9A07320462B780F49BE
:10CF2000E3732773BDE8F8400FF0D0BA01F1320285
:10CF300091F8320001F1200501F1350491F83470C7
:10CF4000012F07D091F82D7037B191F933701FB1CF
:10CF50000127D0E70227CEE7F8BD00BFEDD50100DD
:10CF6000F8B546680D460F213088F4F7F9F890F8C7
:10CF70002E300446DB073AD56F7810F015FB3840A9
:10CF800035D0AA7895F9037002F0030295F90450A0
:10CF900094F8341001F0FF0379B9214640FA03FCFC
:10CFA000013302311CF0010F1CBFCD778A77042BAF
:10CFB000F4D184F8337084F8320094F82D30B3B192
:10CFC000AFB133880B49A4F83F30002384F8420006
:10CFD00004F1350084F83E30012384F8457084F86C
:10CFE000435084F8442084F841300FF06FFA002059
:10CFF000F8BD00BFEDD5010070B50D460F21064606
:10D00000F4F772F8044620B940F2A621AC20F3F7F9
:10D010002BFC7022002111F03FFC7F232946204683
:10D0200084F8213084F8233084F8253084F82730C0
:10D03000A4F86E6010F026FB4FF0FF330022A362CD
:10D04000024BA3600023C4E9002370BD00E0FCFF95
:10D0500008B5FDF7EDFBFCF781F8FDF7F1FB024B9E
:10D0600000221A7008BD00BF001600200138C0B2AF
:10D07000032808B504D940F2EB21AC20F3F7F4FB08
:10D08000014B185C08BD00BFB35004002DE9F3410B
:10D09000D0F8048007460E4698F88D302D2B54D1D9
:10D0A0000F21B8F80000F4F75BF8044690F832005E
:10D0B00010F087FA737804EB4002054603F003038F
:10D0C00082F82030B37884F83330F37882F8213056
:10D0D0002318327983F828201D4B197831B35B78F7
:10D0E0009A4223D9FF2A21D0D11A090604F1180146
:10D0F00054BF9B1A80230246404658BFDBB28DF8CE
:10D1000007300DF1070310F0A5FB9DF907306BB157
:10D11000022284F8312084F8303001230022214695
:10D12000AB40104684F82F30FFF7D2FE0122214693
:10D130000020FFF7CDFE002584F8345038460FF06C
:10D14000ECFB284602B0BDE8F0810120FAE700BF01
:10D1500000160020012808D8054B10B918700020CF
:10D160007047012259701A70F9E71220704700BF0A
:10D1700000160020074B93F900301844142804DCF3
:10D1800010F17F0F03DB40B27047142070476FF03F
:10D190007E007047021600207F2307B50DF10700BF
:10D1A0008DF8073000F0B6FF03469DF9070053B134
:10D1B000094B5B785B425BB21844142806DC10F123
:10D1C0007F0F05DB40B203B05DF804FB1420FAE7E3
:10D1D0006FF07E00F7E700BF02160020014B1870C9
:10D1E0005970704702160020024B00221A705A70C4
:10D1F000704700BF02160020014B93F900007047F2
:10D2000002160020014B93F901007047021600201E
:10D21000014B1870704700BF04160020064BD3F86E
:10D22000000138B1D3F8040120B1D3F80801B0FAF5
:10D2300080F04009704700BF00600450034B00229B
:10D240001A705A7010229A70704700BF081600209A
:10D25000F8B50646022014460D4600F0E1F8114BE1
:10D26000114A01275C60191D9A6002F18072033433
:10D270002D011F70DC601D83C3E9042600222433C6
:10D2800003F80A2C0D2203F8092C084AC2F83015BD
:10D29000074903C983E80300C2F80875C2F83835A6
:10D2A000F8BD00BF081600200300000B006004500A
:10D2B000B850040008B5022000F0B2F80D4B01226E
:10D2C0001A7000220C4BC3F80021C3F80421C3F8E4
:10D2D00008210A4AC3F8802003F57433C3F88C2070
:10D2E000A3F58023C3F88C21A3F580530822C3F84B
:10D2F000042508BD081600200060045003000080CB
:10D30000154A08B51378FBB100231449C1F88030E1
:10D3100001F57431C1F88C30A1F58021C1F88C3150
:10D3200008210F4BC3F80815FFF778FF88B10123D8
:10D330005370938EFF2B03D9BC213B20F3F794FA53
:10D34000DBB29370002313700020BDE8084000F0AA
:10D3500067B810235070F4E70816002000600450EE
:10D360000020045008B5022000F05AF80121064BB5
:10D3700000221970054BC3F80021C3F80421C3F83B
:10D380000821196008BD00BF081600200060045085
:10D39000094B1A7862B1094BD3F8002152B1D3F886
:10D3A000040140B1D3F80801B0FA80F04009704799
:10D3B000587870470220704708160020006004501B
:10D3C000064A08B513782BB1FFF728FF20B192F871
:10D3D000340008BD9078FCE71020FAE7081600201A
:10D3E00038B5084C0025D4F80035032B04BF0123C1
:10D3F0006360C4F80055C4F8005501F02DFAC4F874
:10D40000805038BD00600450044B4022C3F888208F
:10D41000BFF34F8FBFF36F8FFFF7E2BF00E100E074
:10D4200010B50446FFF7DCFF012C06D0022C09D012
:10D430003CB18C213D20F3F717FA074B0222C3F8C9
:10D44000002510BD044B0322C3F8002502F1004261
:10D45000C3F88020F5E700BF00600450024BD3F80A
:10D46000A00300F00100704700C0FF00084BD3F894
:10D47000A423D3F8A833511C9BB203D14FF6FF71FC
:10D480008B4203D0026083800120704700207047E8
:10D4900000C0FF000B4B30B5D3F89053D3F8944342
:10D4A000D3F89813D3F89C2305EA04030B401340E8
:10D4B000013317BF05600020446081601CBFC2605B
:10D4C000012030BD00C0FF000B4B30B5D3F88053B6
:10D4D000D3F88443D3F88813D3F88C2305EA0403E4
:10D4E0000B401340013317BF05600020446081608A
:10D4F0001CBFC260012030BD00C0FF00074B0022EE
:10D50000C3F80022C3F81822C3F82022C3F80C2263
:10D51000C3F81422C3F81C22704700BF00A00850B3
:10D5200010B50D4C01F03F01D4F8203E41F40C3110
:10D5300023F4702341F4207143EA0243074AC4F8FC
:10D54000203ED36823F003031843D060C4F8000DD5
:10D55000C4F8101D10BD00BF00A0085040160020E8
:10D56000064B10B50024C3F87043224621462046DE
:10D57000FFF7D6FF024B83F8444010BD00A00850CF
:10D5800040160020EFF3108272B60D4B93F8451051
:10D5900021B15B78012B04D0022B0ED002B962B608
:10D5A000704710F0040FF9D1064B0021C3F8401565
:10D5B00003F5A04301211961F0E710F0020FF2E733
:10D5C000401600200050085008B5104B1874013860
:10D5D0000F4B072815D8DFE800F004080A0C140EDA
:10D5E00010120322C3F8002508BD0422FAE7062220
:10D5F000F8E70522F6E70022F4E70122F2E70F221E
:10D60000F0E740F641713E20F3F72EF94016002076
:10D6100000A00850002814BF0223042307B58DF88A
:10D62000043000238DF8063010F0A6FD01284FF0DD
:10D63000FF3088BF00208DF8050001A808F0FEFB30
:10D6400020B140F6DD413E20F3F70EF908F00EFC64
:10D6500058B15723ADF80230BDF802309BB25A1EC4
:10D6600092B2ADF80220002BF6D1034B012283F8D1
:10D67000452003B05DF804FB4016002070B5144D42
:10D680000346084695F8256026B940F634213E2029
:10D69000F3F7EAF86BB9012E2C6A95F8241005D13E
:10D6A00000F030FF2044AB69C01A70BD10F05DFB84
:10D6B000F8E7012B0AD1012E2C6A95F8241002D12B
:10D6C00000F00AFFEEE710F05BFBEBE70020EAE773
:10D6D00040160020124B93F83100F8B193F8302037
:10D6E000EAB193F832200F4B52B10F4AC3F8082128
:10D6F000A3F5A043D3F84001B0FA80F04009704789
:10D70000D3F8002442F00102C3F80024D3F8200526
:10D7100000F0F600023818BF012070470120704762
:10D720004016002000A008500B00008007B50B4AEF
:10D7300001AB92F9112001F055FD9DF8050006F0AE
:10D7400005F820B140F2B1713E20F3F78DF89DF954
:10D75000040000F05DFE03B05DF804FB40160020FD
:10D7600008B5134BDB8A952B21D970B9114B2831A1
:10D770001846D960104905F0D1FF0130012816D9AB
:10D7800040F6BE013E20F3F76FF801280CD1094B9B
:10D7900029311846D960084905F0C6FF0130012833
:10D7A00005D940F6C801EDE740F6CC01EAE708BD2F
:10D7B00040160020A4000020C050040008B50E4B05
:10D7C000DA8A952A16D95B78012B09D105F0B2FFC8
:10D7D000013001280ED940F684213E20F3F744F8A9
:10D7E000022B07D105F0ACFF0130012802D940F629
:10D7F0008A21F2E708BD00BF401600200A4B40F422
:10D8000009000A4A9B8A40F04000B3F5166F36BF04
:10D81000A3F63813A3F5166343F48073C2F80837F0
:10D82000C2F84005704700BF4016002000A0085015
:10D8300010B50C46FFF7C8FE2046FFF7DFFF0D4B83
:10D84000D3F8002442F01002C3F800240A4A127CE4
:10D85000082A0BBF4FF4817240F20312C3F8442E22
:10D86000C3F8442E14BF40F25B62044AC3F8482E4A
:10D8700010BD00BF00A0085040160020211001007C
:10D8800007B50DF1070008F0E5FA20B14FF4526139
:10D890003E20F2F7E9FF0D4A9DF807305278012A41
:10D8A00004D0022A0ED003B05DF804FB13F0040F7D
:10D8B000F9D1074B0022C3F8402503F5A04301220C
:10D8C0001A61F0E713F0020FF2E700BF40160020E4
:10D8D0000050085038B50C460546FFF775FE204647
:10D8E0002146FFF78BFF2846FFF720FF094B1B7CE3
:10D8F000082B094B0BBF4FF4817240F20312C3F89F
:10D90000442EC3F8442E14BF40F25B62034AC3F8AE
:10D91000482E38BD4016002000A0085021100100FC
:10D920002DE9F04106460C461746FFF773FE10F04E
:10D9300064FB0028FBD03B4D002E41D14FF0010885
:10D9400095F8303085F801803BBBA97C3846FFF75D
:10D95000C1FF95F8323023B3334BC3F80080334B0B
:10D960004FF47A7233F8173003F5FA73B3FBF2F31E
:10D97000E41AA96901272E4B214485F830702D4DFA
:10D98000C5F84015C5F8C031FFF7A4FE04460028CD
:10D990003DD100242046BDE8F08195F83230002BBF
:10D9A000DDD1254B4FF47A7253F8273003F5FA7323
:10D9B000B3FBF2F31E4AE41A1B4BC3F80021D8E76D
:10D9C000012E1FD102236B7095F8303083B9A97CEA
:10D9D0003846FFF72DFF95F832306BB1124B5E6081
:10D9E000114AD2F8003443F01003C2F80034C0E703
:10D9F00095F83230002BF3D10B4B293C0C4AC3F87D
:10DA00000421B6E74FF41B613E20F2F72DFFEF64CF
:10DA1000D5F84C358B42BCDA3046FFF7A1FEFFF754
:10DA20002FFFB7E74016002000A008508C510400DB
:10DA30000B0000800050085068510400482200216B
:10DA4000014810F029BF00BF40160020014BD882CA
:10DA5000704700BF40160020024B012283F832209D
:10DA6000704700BF40160020024B0344187D00F5AC
:10DA700016607047C0500400014B93F824007047B3
:10DA8000401600200B4B0C4A93F82410D3E90730C2
:10DA900002EB8102C01AD36B126D1844074B53F886
:10DAA000213003F2E7339B1A4FF47A72B3FBF2F39F
:10DAB0001844704740160020C05004005451040020
:10DAC000024B186A9B69C01A704700BF40160020BD
:10DAD0000A4B93F82420D3E90630C01A084B03EB15
:10DAE0008203DB6BC01A074B53F822304FF47A7273
:10DAF00003F2F313B3FBF2F3C01A70474016002091
:10DB0000C05004005451040013B510F031FB084B11
:10DB10009C691A6C001B009261EBE471D3E90E233F
:10DB200010F067FA0146FFF7D3FF401A02B010BDAC
:10DB300040160020FF2810B504D940F20D313E20D8
:10DB4000F2F792FE013907292AD8DFE801F02C31DB
:10DB50000404292C2C220024032201214FF0C74366
:10DB6000234340EA024043EA015340F0007043EA95
:10DB70000123134943F00803C1F8203EC1F8280EE1
:10DB8000D1F8203503F0F703032B17D140F297317A
:10DB9000D5E700224FF080644FF000731146DFE7B5
:10DBA00040F27D31CBE70024032201212346D7E751
:10DBB0000024032201214FF08073D1E710BD00BF84
:10DBC00000A0085008B50A4603460C490C48C1F8A5
:10DBD00070031878032804D04FF47B713E20F2F7CD
:10DBE00043FE012A59780CBF08220022FFF798FC57
:10DBF000044B012283F8442008BD00BF00A0085058
:10DC00000600008040160020F8B52A4E4FF48067C9
:10DC1000C6F89070BFF34F8FBFF36F8F10F0E7F926
:10DC20000546254C10F0A4FA0121401B234DA061AC
:10DC3000C5F8A410FFF762FC0323C5F8401E217449
:10DC4000C5F800354FF40023C5F800341C4B187C90
:10DC500005F08EFD08F042F81A4B1B4AC5F8383320
:10DC60001A4BC3F8C820013AC3F8C42040F6FE722C
:10DC7000174BC5F81433174BC3F80425002396221D
:10DC8000A3842362238684F83230E282D5F8002D03
:10DC900084F844304FF48073E260C6F89071C5F8A0
:10DCA0008834A36C376103B19847BDE8F84005F0AC
:10DCB00029BD00BF00E100E04016002000A0085090
:10DCC000A4000020030000800600008000500850DF
:10DCD0000100008000200850014B5874704700BFBD
:10DCE00040160020020E034B0002C3F8342EC3F886
:10DCF0002C0E704700A00850044B054A0344907452
:10DD00001B7D03F516639382704700BFC05004006B
:10DD100040160020F8B52F4C06460F4694F83130D7
:10DD200023B940F606113E20F2F79EFDFFF772FC84
:10DD30000123294A84F83030D2F8003443F001033B
:10DD4000C2F80034002384F8323010F056F900286D
:10DD5000FBD03EBB0123A17C38466370FFF7BAFDC0
:10DD60006378012B02D040F61F11DCE71B4AD36415
:10DD700002F5A0421360194B3046D3F84C552946A2
:10DD8000FFF7EEFCFFF77CFDA369ED1AF6B9144B23
:10DD90004FF47A7253F8273003F5FA73B3FBF2F3BA
:10DDA0005819F8BD012EE6D10223A17C38466370D4
:10DDB000FFF73EFD6378022B02D040F62811B2E750
:10DDC000064BDE6403F5A0435E60D4E705F129004D
:10DDD000E7E700BF4016002000A0085000500850A0
:10DDE0006851040008B5FFF79BFD58B9064B0122A6
:10DDF000C3F8400503F5A04302201A61BDE80840BE
:10DE0000FBF7D0BC08BD00BF0050085073B5294BCC
:10DE10004FF48061284A4FF0FF30D3F88854C3F89C
:10DE20009004C2F890114FF40022244C05F4807540
:10DE3000C3F8002400222249228684F83220C1F847
:10DE40004025C3F80821C3F80021C3F80421D3F802
:10DE50002015C9B2D1B18DF80700C3F820220122E4
:10DE60001A619DF8072012B1D3F820223AB19DF82B
:10DE700007305BB940F672213E20F2F7F5FC9DF8C1
:10DE80000720013AD2B28DF80720EAE7FFF796FCA7
:10DE9000084E0023C6F82032238094F844300BB19A
:10DEA000FFF75EFB1DB14FF48073C6F8883402B0F3
:10DEB00070BD00BF00A0085000E100E04016002047
:10DEC00000500850F8B50022304B314FC3F84825B8
:10DED000C3F84425C3F84025C3F84C25FFF796FF47
:10DEE00005F016FC97F845304BB107F0ADFF20B1B7
:10DEF00040F241613E20F2F7B7FC87F84500002070
:10DF000007F0AEFF044610B140F24461F2E71F4D46
:10DF1000204EC5F8C401C6F80801C6F80001C6F8CD
:10DF20000401C5F8C800C5F8C400C6F80401C6F865
:10DF3000000107F0EBFE184B40F6FE72C6F83843BE
:10DF4000C6F81443C5F8C041C3F808254FF48062F1
:10DF5000124B3C71C7E90744C5F84845C5F844452C
:10DF6000C5F84045C5F84C45C5F84841C5F8444199
:10DF7000C5F84041C5F84C41C3F89020BFF34F8F1E
:10DF8000BFF36F8FC3F89021F8BD00BF0050085059
:10DF90004016002000A008500020085000E100E0DA
:10DFA000014BC3F84C0E704700A0085038B504462A
:10DFB000074807F055FF20B140F6DB213E20F2F77D
:10DFC00053FC044D94E80F0085E80F0038BD00BFF6
:10DFD00085D500008C1600200A490B4B10B5012492
:10DFE000C1F8D00ED86283F83140FFF773FB40B917
:10DFF000064BC3F8400503200C61BDE81040FBF759
:10E00000D1BB10BD00A008504016002000500850A1
:10E01000084B012210B5C3F8D00E074B83F831200E
:10E02000D862FFF757FB044608B9FFF7EFFE20461A
:10E0300010BD00BF00A0085040160020144B9A6984
:10E0400010441A6A824210B5124C09D30220FBF721
:10E05000A9FB00230122C4F840350F4B1A610DE0E3
:10E06000012298601A716264D4F844350533834202
:10E0700005D3094BD3F80C120029EFD010BD0023B3
:10E08000C4F84431054BC4F84405C4F8C431F5E77D
:10E09000401600200050085000A0085009000080E1
:10E0A00038B50D4C0222034694F825502271012DFB
:10E0B00094F82410227CE08A0BD100F031FA074A50
:10E0C0000023A060C2F84431236A0344C2F84435F7
:10E0D00038BD00F03FFAF2E740160020005008502B
:10E0E000044BC3F8940ED3F8002442F04002C3F866
:10E0F0000024704700A00850054BD3F8002422F0FC
:10E100004002C3F800240022C3F8942E704700BFD9
:10E1100000A00850044BD3F8183703F07F035B428C
:10E1200003700120704700BF00A00850021E114B71
:10E1300014BF0220012010B5187093F832009970B6
:10E1400068B1187C884204D040F655413E20F2F771
:10E150008BFB012A0849094C02D1C1F8044110BDCA
:10E16000C1F80041002AFAD1997CBDE81040FFF7C0
:10E17000DDBA00BF4016002000A008500700008054
:10E18000054B0022C3F84025044AD2F82035DBB203
:10E190000BB10123136170470050085000A00850D4
:10E1A000044B30B5D3E90E451B6CC0E900450B604C
:10E1B00030BD00BF401600202DE9F0410FF011FFE7
:10E1C000794C7A4D0123C4E90E01EB64D5F84C3546
:10E1D0002364FFF7F3FA764B0022C3F80821C3F853
:10E1E0000021C3F80421C3F80421C3F80021D3F8A7
:10E1F000001421F01D01C3F8001484F831202279A5
:10E2000022B1D5F84421003A18BF012261780129D2
:10E210000AD1D3F81852002D3AD1654BD3F82032E9
:10E22000ABB145F0100512E002292FD1604BD3F8B5
:10E230001852D3F80C3E003D18BF0125D8074FEA0D
:10E24000450558BF45F00405E2B145F00105FFF76B
:10E2500055F9E906627803D5012A08BF45F0200583
:10E26000524B022AD3F848152162D3F8443584F87A
:10E270002520E361237C19D163B940F28F213E2030
:10E28000F2F7F2FA15F00B0FE1D1C6E70025C4E76B
:10E290000825DCE7DA1E012A08D8454BD3F81C3ED6
:10E2A00013F0060317D0022B17D10323012726787A
:10E2B00084F82430A6B966702671268684F8326008
:10E2C00094F844300BB1FFF74BF915F0010126D05B
:10E2D000E36C98473AE00423E8E704230027E6E7E5
:10E2E00015F0110810D1013EE18AA27818BF01266D
:10E2F0003046FFF7C3F994F832300146A4F80080A5
:10E300002BB984F8303005E0FFF780FDD8E7274BC4
:10E31000C3F84081A2783046FFF764FDD0E715F0DE
:10E32000020026D0224BD3F81C0E00F0010045EA73
:10E3300080001FB940F004000121C0B2C0F380008A
:10E34000236D80F0010000F0010098476378022BF4
:10E350000DD123795BB1022B144A18D1236AA1682D
:10E360000B44C2F84435114B124AC3F8C421BDE82E
:10E37000F08115F0280F05F0200104D0B1FA81F1E9
:10E38000636D4909E1E7EB06E0D5A36DA1E7012B39
:10E3900002D040F61A6172E7A368216A8B42E0D886
:10E3A00040F61B616BE700BF40160020005008508C
:10E3B00000A0085009000080024B03EB8003D86BDB
:10E3C000704700BFC0500400024B03EB8003186D80
:10E3D000704700BFC0500400F8B50D4601234778D0
:10E3E0000146437004462846164600F051F9074A94
:10E3F000D2F80431002BFBD0677016B9EB78A3700C
:10E40000AB707B1E58425841F8BD00BF00600450FD
:10E410002E3008B5362854D8DFE800F05053535357
:10E4200053534D53535353535353535353534B53CA
:10E4300053535353585358534953475345534353D6
:10E44000413F3D3B39373533312F2D2B29272523AC
:10E45000215A1C003F231F4AC2F8103708BD33233E
:10E46000F9E72D23F7E72823F5E72323F3E71F2315
:10E47000F1E71B23EFE71823EDE71523EBE7132361
:10E48000E9E71123E7E70F23E5E70D23E3E70B2394
:10E49000E1E70A23DFE70923DDE70823DBE70723BA
:10E4A000D9E70623D7E70523D5E70423D3E70323DA
:10E4B000D1E70123CFE74FF49873CCE74FF488738B
:10E4C000C9E740F20D113F20F2F7CEF90223C2E76F
:10E4D0003923C0E700A008504FF47A73033A584339
:10E4E000012A10B5064C00F2E73034F91110084447
:10E4F000B0FBF3F08CBF02230A23C01A10BD00BF8B
:10E50000405104004FF47A73044A00FB033032F99F
:10E5100011201044B0FBF3F0704700BF40510400DD
:10E5200038B51D460A4B33F9114003EB820305351C
:10E530005B691C444FF47A7304F6B73403FB004460
:10E540001046B4FBF3F42544FFF736FF284438BDEA
:10E550004051040070B5064608461546FFF734FFE3
:10E56000094B03EB85035C694FF47A7304F6B73407
:10E5700003FB0644241A2846B4FBF3F4FFF71CFF00
:10E580000530204470BD00BF40510400024B002202
:10E590001A705A709A7070479C1600202DE9F04747
:10E5A000074601200E4615469DF834409846DDF892
:10E5B00024A09DF83090FEF733FF9DF82C1007F053
:10E5C00003032F4A43EA01430021D47043EA046362
:10E5D0002C4CC4F804352C4BC4F88010C3F88410BC
:10E5E000A3F58023C3F88411A3F580530221C3F857
:10E5F0000815BDF8283031689380F36809BA93FA9A
:10E6000083FCB36818BA7368C4F810C51BBAC4F8A1
:10E610001405C4F818352B0AC4F81C152D069DF8EE
:10E62000206043EA0863DAF804102DBA003E23F0B4
:10E630000043DAF8000009BA18BF0126B9F1020F49
:10E6400000BAC4F8201543EAC673C4F824051BBAFF
:10E65000C4F82835C4F82C550CD80C4B022F13F8ED
:10E660000930C4F848354FF00103537000D11370DE
:10E67000BDE8F0874FF495716C20F2F7F5F800BF14
:10E680009C1600200060045000300850A051040087
:10E690002DE9F84F2E4B04460D465A7822B940F228
:10E6A00041116C20F2F7E0F82A4A03F1080E4F7886
:10E6B00003F1100693F8038003F1380CDFF8A0A0F3
:10E6C0004FF00E09B8F10008DF809F8403F1480B7A
:10E6D00018BF4FF001089D61C3F81CA007EB880725
:10E6E00083F8279092E80300C3E9144A8EE80300F8
:10E6F000D2E9020186E80300E91C0026196283F8CA
:10E700002660D2E90401C3E90A668CE80300611CB3
:10E71000196411495964D2E90601E21C8BE803002F
:10E720009A650121A3F85C7083F85E6083F85F90BE
:10E73000C3E91866AA78A270084AC2F830E5C2F8A0
:10E7400038C599701970C2F804611160BDE8F88F7E
:10E750009C160020A45104000100000C006004502D
:10E760000100000D334B5A782DE9F04105460E4665
:10E7700022B940F261116C20F2F776F82E4A03F1CB
:10E78000380C03F1480403F10807DFF8C480DFF810
:10E79000C4E0C3F844801E65C3F854E092E8030067
:10E7A000C3E9085E8CE80300711C1964D2E9080112
:10E7B00084E80300F11C0024996520495C6683F815
:10E7C0002E40C3E91714D2E9040187E80300691C4D
:10E7D000C3E90418D2E90601EA1C03F118089A6299
:10E7E0009A889A850E2288E8030083F82F20012159
:10E7F000C3E90C44B278AA70114AC2F830C5C2F815
:10E80000387599701B780BB9A321B4E70D4BC2F88A
:10E810000441C2F80841C2F880300B4AC2F8843083
:10E82000A2F58022C2F884310222084BC3F80425E5
:10E83000BDE8F0819C160020A4510400E803000EFE
:10E840000060045001000080003008500020045097
:10E850000100000C0100000D0C4B1A788AB1002257
:10E860000B490220C1F8802001F57431C1F88420E1
:10E87000A1F58021C1F88421A1F58051C1F80805D6
:10E880001A7000225A709A70704700BF9C160020C0
:10E890000060045008B50B4BD3F8082122B10420C6
:10E8A000FAF780FF022008BDD3F8042122B9052021
:10E8B000FAF778FF0320F6E7D3F80004003818BF12
:10E8C0000120F0E700600450014B01225A607047BC
:10E8D00000600450014B1860704700BF081700200B
:10E8E000164840F62E731649C0F808350023154A1D
:10E8F000C1F8C031C2F80031C1F8C431C2F80431E6
:10E90000C1F8C831C2F80831C1F8CC31C2F81031B1
:10E91000C1F8D031C1F8D431C2F8A031C2F8BC334B
:10E92000C1F88C30C1F8C430C2F85833C2F8143181
:10E930004FF47C73C0F8083507F0E8B900200850A0
:10E940000050085000A00850024B0022C3F80024D9
:10E95000704700BF00A00850034BD3F820020038D6
:10E9600018BF0120704700BF00A00850024B0022D2
:10E97000C3F82022704700BF00A00850024B0022BD
:10E98000C3F8BC22704700BF00A00850034BD3F867
:10E99000BC02003818BF0120704700BF00A008501B
:10E9A000024B0022C3F81C22704700BF00A0085091
:10E9B000034BD3F81C02003818BF0120704700BF7A
:10E9C00000A00850034B01225A600022C3F8002225
:10E9D000704700BF0050085000F5A870014B43F885
:10E9E0002010704700500850034B80001858003822
:10E9F00018BF0120704700BF405108508000024BF3
:10EA000000221A50704700BF40510850024B4FF48B
:10EA10008002C3F80423704700500850024B4FF4A3
:10EA20008002C3F80823704700500850024B0022B0
:10EA3000C3F8C822704700BF00A00850024B002254
:10EA4000C3F80422704700BF00A00850024B022206
:10EA5000C3F88824704700BF00A00850024B022270
:10EA6000C3F89024704700BF00A00850034BD3F8B0
:10EA70000402003818BF0120704700BF00A00850F2
:10EA8000024B0022C3F80822704700BF00A00850C4
:10EA9000024B0422C3F88824704700BF00A008502E
:10EAA000024B0422C3F89024704700BF00A0085016
:10EAB000034BD3F80802003818BF0120704700BF8D
:10EAC00000A00850034BD3F8C802003818BF01203B
:10EAD000704700BF00A00850012804D1094B032251
:10EAE000C3F800257047022802D1064B0422F7E73D
:10EAF000082806D1034B0422C3F800250322C3F8DB
:10EB00001028704700A008500230024BC3F80807D5
:10EB1000704700BF00A00850064B020E0002C3F869
:10EB2000342E0A0E0902C3F82C0EC3F8382EC3F88F
:10EB3000301E704700A008500138074B074A18BF25
:10EB4000012043EA0123000640F48020C2F8200E91
:10EB5000C2F8283E704700BF1000030000A0085014
:10EB6000014BC3F8D00E704700A00850034BD3F8F8
:10EB7000180700F07F004042704700BF00A0085017
:10EB8000014B01221A61704700A00850024B034A52
:10EB9000C3F80421704700BF00A00850080000809F
:10EBA000024B034AC3F80421704700BF00A008507D
:10EBB0000200008008B50FF0FAF8014B185C08BDA0
:10EBC000CEEB010008B50FF0F2F8024B034493F8C6
:10EBD0002B0008BDCEEB0100084AD2F8D43723F051
:10EBE000875323F4F013C2F8D437D2F8D43743EA6A
:10EBF000404343F08053C2F8D437704700A0085018
:10EC00001C4B0022C3F8202201221A61D3F82022D3
:10EC1000002AFBD0002240F22141C3F82022C3F891
:10EC2000181501F1004101F5911101F6A241C3F857
:10EC3000D4171149C3F80428C3F80819D3F8401BA6
:10EC400021F0FF01C3F8401BD3F8401B41F09001B5
:10EC5000C3F8401B0221C3F810180121C3F8A41007
:10EC6000C3F84825C3F85425C3F85025C3F85825E0
:10EC7000704700BF00A0085005008010024A136DC5
:10EC800023F001031365704700B00850024A136D6A
:10EC900043F001031365704700B00850064B1A6D2E
:10ECA00042F001021A6502221A609C225A6041F663
:10ECB0004222DA61704700BF00B0085008B5134B1C
:10ECC0002629186D40F0010018654FF00300186008
:10ECD0004FEA4100586015D008D808290AD01229F7
:10ECE0000DD040F295418920F1F7BEFDA229F8D15F
:10ECF000002101E04FF6FF71D9619A6108BD47F22A
:10ED0000C711F9E743F2E551F6E700BF00B008503C
:10ED10000128034B16BF032298639A63704700BF14
:10ED200000B00850014B01229A63704700B00850B0
:10ED3000014B586A80B2704700B00850014B586AC6
:10ED4000000C704700B00850024B1B6A1A0C0A8076
:10ED50000380704700B00850064B586B7D230001BC
:10ED600000B20028B8BF0F300011584300EBD0703C
:10ED70004010704700B0085008B50E4BDA6AFFF734
:10ED8000EBFF0028C2F30B12B8BF4042122A05D88D
:10ED900043F69823984203DC002007E0162A06D8A1
:10EDA00047F230539842D4BF0120022008BD022010
:10EDB000FCE700BF00B0085001F662114BF6BC63DF
:10EDC00048430028CBBF00F5BE42A0F5BE425E32EC
:10EDD0005E3ACCBFB2FBF3F392FBF3F3064AC3F304
:10EDE0000C01C2F80418054A02FB0300642390FBDF
:10EDF000F3F000B2704700BF00A008504441FFFF8D
:10EE0000024B4FF40042C3F88C24704700A0085016
:10EE1000024B4FF40042C3F89424704700A00850FE
:10EE2000024B4FF48072C3F88824704700A008504A
:10EE3000024B4FF48072C3F89024704700A0085032
:10EE4000024B8022C3F88824704700BF00A00850FE
:10EE5000024B8022C3F89024704700BF00A00850E6
:10EE6000034B4FF480220120C3F88C24704700BF6D
:10EE700000A00850024B4FF48022C3F8942470473E
:10EE800000A00850054B4FF0FF32C3F890244FF418
:10EE90008062034BC3F890211A61704700A00850AC
:10EEA00000E100E0084B4FF0FF32C3F890244FF42C
:10EEB0008062064BC3F89020BFF34F8FBFF36F8F74
:10EEC000C3F89021704700BF00A0085000E100E0A7
:10EED000024B1879003818BF01207047081700202E
:10EEE00010B50C4CD4F8483543F00703C4F8483546
:10EEF0000123C4F8503500F0FE03C4F8541503EBA9
:10EF000050030933012A08BF0133DBB2C4F8583576
:10EF100010BD00BF00A00850014B01229A6370474A
:10EF200000A00850024B034AC3F80829704700BFED
:10EF300000A008500500901000384FEA8203094AEB
:10EF400018BF0120012903F0780314BF40214FF4BA
:10EF5000807143EA012343EA800343F0020313650F
:10EF6000704700BF00B008502DE9F047474D4FF003
:10EF7000010A17460C46C5F8A4A0984681460EF033
:10EF8000E1FE04230021C5F840AE2046C5F83C3E12
:10EF90000E46FFF7D1FD4FF480734846C5F8443E56
:10EFA000C5F8481E514604F06DFC04F05BFC3A467F
:10EFB00080B2C5F810074046C5F81865C5F800646A
:10EFC0000899FFF78DFF424621463846FFF7B4FF08
:10EFD0002F4C06F083FE2F4A4FF47C730127C2F8B2
:10EFE00004352D4BC4F8C031C5F800310133C4F8E5
:10EFF000C431C5F804310133C4F8C831C5F808314B
:10F000000633C4F8CC31C5F810310133C4F8D0311F
:10F01000C4F8D431C5F8A031053BC5F8BC3306337C
:10F02000C5F85833C5F8143140F62E73C2F80435CC
:10F030002022D4F8043523F00303C4F804356760B4
:10F04000D4F8083543F00303C4F808354FF0FF3314
:10F05000C4F81065E760C4F80833104BC4F8406585
:10F06000C4F84465C4F84865C4F84C65C4F85065F4
:10F07000C4F85465C4F858651A610EF0B2FF05462D
:10F0800027600FF075F8281ABDE8F08700A0085037
:10F0900000500850002008500100008000E100E00E
:10F0A000064BD3F8402B22F0FF02C3F8402BD3F8D5
:10F0B000402B42F08802C3F8402B704700A0085054
:10F0C000032912D902680729084B12BA5A650CD9CC
:10F0D00042680B2912BA9A6507D982680F2912BAB9
:10F0E000DA6582BFC26812BA1A66704700B008506B
:10F0F000034BD3F8C002003818BF0120704700BF8F
:10F1000000A00850024B0022C3F8C022704700BF85
:10F1100000A00850024BD3F8000BC0F3003070473A
:10F1200000A00850024B1B6803B11847704700BF8E
:10F1300008170020014B5871FFF7F4BF0817002093
:10F14000024B1868003818BF0120704708170020CC
:10F15000014B5879FFF7E6BF08170020014B5861B3
:10F16000704700BF00B00850014B00225A61704741
:10F1700000B0085038B5194B0C46054611461B7EA9
:10F1800033B1174B1B681BB12046984743001BB295
:10F19000012C9BB207D11DB903F5F3500C3007E0E9
:10F1A00003F5F750FAE7022C08D11DB903F6EE700B
:10F1B00080B238BD03F583500830F9E7082C07D139
:10F1C00015B903F58050E9E703F584500630EFE701
:10F1D00040F26921B620F1F747FB00BF101700206D
:10F1E000EC1F00202DE9F04F254C85B005469846D0
:10F1F0000F46164604F0FAFA23788146AB4211D145
:10F200006378BB420ED194F90230B3420AD1E3785D
:10F21000834207D1A388A8F8003094F9060005B00E
:10F22000BDE8F08F082D1CD18DF80F6028469DF9A0
:10F230000FB00EF0D3FD82463846FEF715FC0022D3
:10F240000346414600925846524604F085FAB8F803
:10F250000030A071A38025706770A67084F80390B9
:10F26000DBE728460EF0BAFD0DF10F0332463946B2
:10F2700004F0C2FA0028D9D04121A920F1F7F4FA0C
:10F28000BA000020014B1860998070472C170020AD
:10F29000024BD86019745A82704700BF581700207B
:10F2A0002DE9F843089D1C4606461B884078174602
:10F2B0008846E854238801339BB223803078E85491
:10F2C000B4F8009009F101091FFA89F9A4F8009037
:10F2D00070780EF09AFD05F80900238801339BB27F
:10F2E00023807278032A00F2D180DFE802F0022E38
:10F2F000507DB279EA54238801339BB22380F2799E
:10F30000EA54238801339BB22380327AEA54B8F15D
:10F31000000F39D122885F49013292B22280B6F9BA
:10F3200004308B42B8BF0B4642F210718B42A8BF2B
:10F330000B46C3F30E03AB541B0A22882A445370B6
:10F34000238802332380BDE8F883B279EA54238806
:10F3500001339BB22380F279EA54238801339BB2B4
:10F360002380327AEA54238801339BB22380B28807
:10F37000EA54238896F905202B445A7023880233D7
:10F380009BB22380727AEA5423880133DAE7327918
:10F39000EA540022238801339BB2238006EB8201CA
:10F3A000013248799742E854238888792B44587071
:10F3B0002388C8792B449870238803F103039BB2F8
:10F3C0002380087AC0F30300E8540B7A208803F006
:10F3D000F003295C43EA01032B54238803F1010362
:10F3E0009BB22380DADAAEE7B279EA54238801339C
:10F3F0009BB22380F279EA54238801339BB22380A5
:10F40000327AEA54238801339BB22380B288EA54CB
:10F41000238896F905202B445A70238802339BB227
:10F420002380727AEA54238801339BB22380B27A14
:10F43000EA540022238801339BB2238006EB820129
:10F440000132C87A9742E854238888892B4458703F
:10F4500088892388C0F30F202B449870238803F1F8
:10F4600003039BB22380887BC0F30300E8548B7BAB
:10F47000208803F0F003295C43EA01032B5423881E
:10F4800003F101039BB22380D8DA5CE7CA2187200D
:10F49000F1F7EAF9F0D8FFFF2DE9F04F002387B02C
:10F4A00004460D46174690F8978200F2B226DFF820
:10F4B000B490ADF81630B4F8A232FF2B07D899F803
:10F4C000000003FB006042780AB9827822B904F296
:10F4D000B229DFF890A02BE0D4F8D4304246D97C92
:10F4E0000DF116030097FFF7DBFEB4F8A2320133EB
:10F4F000A4F8A232DFE7D4F8D4304246D97C039195
:10F500000EF083FCCBF1FF0303305B1B00B21BB298
:10F5100083421ADB0DF116034246039930460097E9
:10F52000FFF7BEFEB4F8A23201339BB2A4F8A232B8
:10F53000FF2BBDF816B008D89AF8006003FB0696BA
:10F54000707810B1B378002BD5D15D44FF2D04DD68
:10F5500040F205118720F1F787F9584607B0BDE85A
:10F56000F08F00BFB00D00202DE9F3470C46054693
:10F5700020B940F2C9118720F1F776F90D21DFF8A3
:10F58000C881F1F747FE0D21F1F7EAFD98F8002058
:10F5900000F2B227B0F8A23206460D2102FB037337
:10F5A00093F80190B9F1000F40F08580F1F732FE39
:10F5B000D6F8D430A4F803005A7F6271DA7A012AAF
:10F5C00014BF96F897124946012A21746989E1808F
:10F5D000A989218103D19A7C013A012A35D895F96C
:10F5E0000E202273DB7C93BBB5F91030544A934252
:10F5F000B8BF134642F210729342A8BF1346C3F33A
:10F600000E0304F11202102163813046B6F8A2A263
:10F61000FFF742FFB6F8A212A1EB0A036374AA7CBB
:10F620000F2A2ED8B1F5807F05D098F8003001FB65
:10F630000373597869B900231107A37335D00F23D9
:10F640006373002395F812900EE07F22C9E73D4BCB
:10F65000D7E79B7813B940F22D118CE70123A373F0
:10F660006373A27B0F2AEDD01030332284F80F9001
:10F67000C0B260700420227040EA032002B0BDE8EE
:10F68000F0873F2A4FEA121304D8012B04D84FF415
:10F69000AE7170E70F2BFAD1EB7C5344A6F8A2327F
:10F6A0000F23A373AA7C1207CAD12B7D83F0010319
:10F6B00063730023D5E7F1F7ADFDD6F8D430A4F895
:10F6C000030009215A7F3046627104F10B02DB7A94
:10F6D000012B14BF96F8973200236372B6F8A292FA
:10F6E000FFF7DAFEB6F8A232A3EB0909B3F5807F83
:10F6F00084F80A9005D098F8002003FB02777B7805
:10F70000BBB9AA7C002312F00F01E37109D12A7D55
:10F710000B4682F00102A271E2790F2A03D0002287
:10F7200002E00F22A271AA7C093022723422C0B2F8
:10F730009FE7BB78002B8ED001221346E271EAE7E7
:10F74000F0D8FFFF00C0FFFFB00D00202DE9F84FFB
:10F7500000F51576D0F8D43004460D46D87A3146F7
:10F7600003F0D0F9D4F8D43031468046D87B03F08A
:10F77000C9F9D4F8D4C094F8A03281469CF80E2080
:10F780009CF810709A42DFF820A128BF1A462B88F7
:10F790009AF80010F818FF2826DD01FB0344002228
:10F7A000FF2B02D90220BDE8F88F013384F8B32281
:10F7B0000C449BB2F4E7B4F85402013306442888A1
:10F7C00001FB004B01308BF8B3E22880D8B28742AE
:10F7D000F1D80020C3B293420AD317444FF0FE0B76
:10F7E0009F2F20D90020DEE700231E469E46EDE72E
:10F7F000D4F850324644C3F31703B34203D2EC218A
:10F800008820F1F731F82B8801309CF80BB001FB10
:10F81000034E01339BB28EF8B3B2B3F5807F2B80D9
:10F82000D8D10120BFE7D4F8503294F85C02C3F37A
:10F830001703C0B94E449E42B5D89AF8002084F808
:10F840005CB22B8802FB0343D4F8D420D27B83F82C
:10F85000B3222B8801339BB2B3F5807F2B80E0D09D
:10F860000137BFB2BCE746449E42BBD8D4F8D4C0EF
:10F870009CF80F30FF2B0DD0FE2808D104F1DA03DD
:10F880002A889CF80D109CF80C0002F041FA01380F
:10F8900084F85C029AF800202B8802FB0343D4F81A
:10F8A000D420D27AD3E700BFB00D002038B500F5E0
:10F8B0002975044628460CF00FFE48B9B4F86432A6
:10F8C00028460449A4F8AE32BDE838400CF0F8BD33
:10F8D00038BD00BFDDDE010090F8C53190F8C411DD
:10F8E00099420BD003F1010C5FFA8CFC034480F8C1
:10F8F000C5C1012093F8C63113707047002390F8FA
:10F90000B01280F8C53129B101394FF0010C80F8EF
:10F91000B012EBE70846704790F87B3190F87A21F7
:10F920009A4207D05A1C0344D2B280F87B2193F844
:10F930007C01704700230122034480F87B2193F867
:10F940007C01704738B5044690F8C53190F8C40181
:10F950001546984208D05A1C2344012084F8C5213A
:10F9600093F8C6312B7038BD94F8B0020028FAD055
:10F97000013804F1DA0284F8B00204F5E27001F013
:10F98000D7FE94F8C531E6E710B590F87B31044610
:10F9900090F87A219A4206D05A1C234484F87B219D
:10F9A00093F87C0110BD00F1DA0200F5BD7001F0A2
:10F9B000D1FD94F87B315A1C234484F87B2193F8C1
:10F9C0007C0110BD5E21A62008B5F0F74DFF00BFF9
:10F9D0002DE9F04F0023054687B000F50670B5F815
:10F9E0001842C5F8C830C5F8C030A5F8CC30C5F805
:10F9F000D03003F0EBFCB5F86032A5F818420DF1F9
:10FA000016012846ADF81630FFF7A0FEB5F86042A3
:10FA1000BDF816800228A8EB04085FFA88F800F009
:10FA2000D980012804D1042385F86232B5F86042F8
:10FA3000D5F8D49099F81430022B00F0C6806D4BA5
:10FA4000DFF8BCA1009399F81030002B00F0CB80B8
:10FA500005F2B226684F334656469A4697F800B0EC
:10FA60002146284604FB0BFBB04701340AF80B0083
:10FA7000B5F86002A4B299F81030844603449C4261
:10FA8000ECDB99F80EA0002295F8A03285F8A022B0
:10FA90009A4528BF9A46431E54449BB2A4B2BAF179
:10FAA000000F1AD0D5F8D41005F2B226524FC97AF9
:10FAB000CDE902800191397803F1FF3B019801FB08
:10FAC00003FE06EB0E0898F8018080453AD0924577
:10FAD0001FFA8BF3EFD8DDE9028008EB0C03A34299
:10FAE00040F3848005F2B226434F12E0009B984712
:10FAF000002858D0D34504D095F8A032013385F8BA
:10FB0000A0320134B5F86032A4B203EB080294428B
:10FB100029DA97F800C0214699F80FA0284604FB7F
:10FB20000CFC06EB0C0292F801B0D345DED1BAF121
:10FB3000010FDBD195F8C5312B4493F8C53106F898
:10FB40000C30DEE7013216F80EE01FFA8BF3D2B26A
:10FB5000A4EB020892451FFA88F801FB08F106F8A9
:10FB600001E0A8D8B7E7E41AE4B295F8C52195F802
:10FB7000C4319A4232D0D5F8D43085F8B0401B7CDD
:10FB8000A3421ED2B5F860321C44A4B2FF2C06D8A2
:10FB9000194A0023127804FB025585F8B33201207C
:10FBA00007B0BDE8F08FB5F86032E31ADCB2042389
:10FBB00085F86232D5F8D43085F8B0401B7CA3427A
:10FBC000E0D3002007B0BDE8F08F0C4BDFF834A085
:10FBD000009338E7002085F8B080F3E795F8B0325D
:10FBE000002BC8D1E3E7A44620464AE7201AC4B256
:10FBF000BBE700BF45F90000B00D0020D9F80000B8
:10FC000089F9000019F90000D0F8D4302DE9F0414D
:10FC100090F8B02084B01B7C9A4271D904464148C8
:10FC200006F01EF9002866D106238DF80E0003A801
:10FC3000ADF80C3006F002F9002866D1D4F8D430C3
:10FC40000121394A5E7CDF7C94F9D95094F87182A5
:10FC5000117003F035FD434600903A463146284680
:10FC6000FFF782F9B0F5D57F0DDB94F8203203223F
:10FC700062F3071384F82032042384F862320020F0
:10FC800004B0BDE8F08140F2A9131B1A5B01C4F86F
:10FC9000BC30FFF7F7F803A806F0DCF8C8BB9DF806
:10FCA0000C3003F00603062B0ED094F8203203220A
:10FCB00062F3071384F8203294F86232042BDED00A
:10FCC000204602F06BFDDAE7204601F039F928B151
:10FCD000012822D1012004B0BDE8F08101F068F9CB
:10FCE0000028FBD00128F5D00228C8D04FF4CE71EF
:10FCF000A620F0F7B9FD4FF4AB71A620F0F7B4FDE4
:10FD00004FF4A971A620F0F7AFFD5521A620F0F71A
:10FD1000ABFD6421A620F0F7A7FD40F28511A620D7
:10FD2000F0F7A2FDC5F900007517002008B501F035
:10FD30003FF90028FBD0012802D0022801D1002081
:10FD400008BD4FF4CE71A620F0F78EFD10B50F4C14
:10FD5000FEF738FEFEF7C4FDFEF752FFFFF7A2F8EC
:10FD6000FFF7F6F923781BB106F06EF828B920707A
:10FD7000002006F075F820B910BD6C21A620F0F720
:10FD800073FD6F21A620F0F76FFD00BF75170020EF
:10FD90002DE9F04390F85D3283B090F85E2204467E
:10FDA00001330D46DBB29A4280F85D3202D804235B
:10FDB00080F86232B4F860220D2194F8B030204609
:10FDC0001344A4F86032F1F725FA0E210746F1F743
:10FDD000C7F9D4F8D4300646B4F860221B7C13442B
:10FDE000FF2B00F3928040F6FF739F4265D0694677
:10FDF00038460BF026FD002840F0B88096F83E31DA
:10FE00004FF0000E94F85D22B6F83A11B6F8508122
:10FE1000B2FBF3FC03FB1C22019B5FFA8CFCD2B209
:10FE2000DF69A2FB012193009B1841EB0E0EDB0062
:10FE30004FEACE0E9B1A6EEB010E4FEA0E1E4EEAF3
:10FE4000137E1B019B18B6F83821B4F8546241EBBD
:10FE50000E0ED4F8D41002FB07F7D4F8C42091F8A2
:10FE60001090C9FB0620ECFB0720D71840F2712345
:10FE70004FF0000903FB08F840EB0E06474576EB10
:10FE8000090342D2C87BFF280BD091F80EC094F82A
:10FE9000A02294F85C32944594BF43EA0C031343C8
:10FEA00003B1C87A04F5157102F02CFEC01946F1B1
:10FEB0000006804579EB060627D394F8B030A4F805
:10FEC0001A5284F8213294F86232DBB294F8662236
:10FED000042BD2B21DD004F5097528460CF0FCFAAB
:10FEE00088B304F23A2528460CF0F6FA50B33023D2
:10FEF00084F82032042384F862321F4904F20E2071
:10FF000003B0BDE8F0430CF0E1BA042384F8623298
:10FF1000D3E7012384F82232002ADCD0D4F8D4209D
:10FF200092F84B20162A04D0282A09D0132A18BF89
:10FF30000F2394F8202263F3030284F82022CAE7F7
:10FF40000323F6E70120162204F5067302FB0044A2
:10FF500007CBC4F82E022846C4F832120649C4F86A
:10FF6000362203B0BDE8F0430CF0A7BA4FF4F271AB
:10FF7000A620F0F779FC00BF69F500002DE9F047F5
:10FF8000DFF81C81154604460F46FEF7F5FE0646CF
:10FF9000D8F80000D0F8D430DA7C012A1ED11B7FBB
:10FFA000E3B1002F58D0FEF7C9FE6378C0F30F10FD
:10FFB000022B00F400623FD0002A5CD1C0F30A009B
:10FFC00006F00F0604EB8505020A002346EA071631
:10FFD000E8722A73AE736B73BDE8F087B0F9CC207A
:10FFE00006F00F06217807F00F0703F047FA637851
:10FFF00020F07F40022B0FD004EB8504C0F30723D1
:020000021000EC
:100000002373A37BE072000C66F30303607367F352
:100010000713A373BDE8F08704EB8505C0F307233E
:10002000AB712B7A6871000C66F30303E87167F318
:1000300007132B72BDE8F08702B340F2FF7006F0A1
:100040000F0604EB8505020A002346EA07166871CD
:10005000AA712E72EB71DDE7FEF76AFE814685B16B
:10006000B8F80430A8F8040008EB4508A0EB030931
:10007000A8F8089097E740F2FF70A1E7C0F30A00E4
:10008000DDE794F800A003F0C1F9C0F12A00A8F858
:10009000049000FB0AFA09EB4A09A8F8089082E7E5
:1000A0007817002070B5174E346894F89A32022BF6
:1000B0000BD0012B94F89B5217D0D4F8B4305A7857
:1000C000022A0CBF1D719D7270BDB4F8CE1004F1F0
:1000D000DA02B4F86032194489B201F095FC84F870
:1000E0009B02346894F89B52E7E7013502F080FCEC
:1000F0003468B5FBF0F303FB1055EDB284F89B5266
:10010000DBE700BF78170020F8B5FEF751FC0028A8
:1001100034D01D4EFEF744FD3268D2F8D43092F848
:1001200071525A7C012A24D0AD0023271A22EDB245
:10013000DC7D02205B7E144431692C443D441C4428
:10014000033401EB44112544FEF746FC31690320DA
:1001500001EB4511FEF740FC0C48FEF701FDFEF7F0
:1001600077FEFEF703FCFEF75BFE094B0120B3624E
:10017000F8BDED0038272C22EDB2D9E740F27351DB
:100180008320F0F771FB00BF781700208C17002048
:10019000D90D010070B51D4E346894F8703223BB40
:1001A00094F8710208B3B4F86032C000B4F8CE100D
:1001B000C5B21944D4F8D430DB7C89B2B3B104F5AC
:1001C000217304F1DA02284601F020FF3268B4F806
:1001D000CE102846B2F8604202F273232144DA328C
:1001E00089B2BDE8704001F011BF70BD04F2732305
:1001F00004F1DA02284601F009FF3268B4F8CE10A3
:100200002846B2F8604202F52173E7E7781700202C
:10021000F8B5294E3568D5F8D420B5F86032147C8D
:100220001C449C4245DD2549D27C91F800C0F2B1C6
:10023000012A39D16FF07F0203FB0C5191F9B912F9
:100240008A4202DA7F2918BF0A4601339BB29C42D8
:10025000F2DC5242D4B22046FEF7ACFC3368C5F85B
:10026000D000D3F8D000FEF7B7FC2046F8BD6FF001
:100270007F0205F2B22E124F0CFB03E090F907103B
:1002800091420CDD7F290AD0B0F9040020B100EBC7
:100290008002520097FBF2F00A46C5F8C80001330D
:1002A0009BB29C42E8DCD4E740F2B2418320F0F7F5
:1002B000DBFA8024CFE700BF78170020B00D0020C4
:1002C00000CA9A3B10B5FEF7D1FBE0B1104CFEF727
:1002D000C5FB0DF06AFD236884F8310093F896326F
:1002E000012B08D90620FEF789FBFEF78FFB094B8F
:1002F0000120A36210BDFEF7C3FBFEF7C9FB064B4E
:100300000120A36210BD40F25D618320F0F7ACFADA
:1003100078170020390B0100E90A010038B5FEF713
:1003200047FB50B3174CFEF793FDFEF739FC022054
:100330002368D3F8D420557CD37D012D527E14BF81
:100340001A212C210B4421691344033301EB43117F
:10035000FEF742FB2846FEF7A1FC04F11400FEF76D
:10036000FFFBFEF70BFBFEF761FBFEF749FDFEF717
:1003700077FD054B0120A36238BD40F2F3218320B5
:10038000F0F772FA78170020990A010030B5314C65
:1003900083B02368D3F86C12D3F8685293F899228B
:1003A00093F89802CDE9005122BB0138C0B2FEF7A4
:1003B000B9FEDDE9003213432CD02368D3F8D430E2
:1003C000DB7C002B38D0012B3ED1DDE90001FEF7AC
:1003D000A3FB01992368009A0029B4BF0A210521D3
:1003E000002A83F87212B4BF0A22052283F88322FE
:1003F00003B030BD93F89622B0FBF2F102FB11007E
:10040000C0B2421C83F89822FEF78CFEDDE9003270
:100410001343D2D1216801AB6A46B1F8CE00DA317C
:10042000B1F886C1604480B201F062FA2368D3F863
:10043000D430DB7C002BC6D1DDE90010FEF76CFB6D
:1004400000992368019AC7E74FF420718320F0F7E1
:100450000BFA00BF781700202DE9F047334CD4F891
:100460000090D9F8D460707C012857D0DFF8C480A0
:100470004FF0200A18251A27FEF72EFBD9F8B430C2
:100480001878FEF741FBF37D2269002002EB43124E
:1004900002EB08014FEA4318FEF79EFA2369022097
:1004A00008EB0301A1EB0A01FEF796FA206800F2BF
:1004B0007220FEF755FBFFF769FFFEF75FFAFEF7C4
:1004C00055FAFEF76DFAFEF7D9FB0D212068F0F71B
:1004D000A1FE0E21F0F744FED9F8B4301B78192B99
:1004E0008CBF053B023BDBB2C056FEF737FEF37D07
:1004F000727E04203B442169053301F508711344E1
:100500002B4401EB4311FEF767FAFEF73FFBFEF7C2
:1005100097FC074B0120A362BDE8F087DFF8188045
:100520004FF0340A2A252C27A6E700BF78170020B1
:100530001D030100C0FAFFFFACFAFFFF2DE9F041F7
:10054000294C2368D3F8D4506E7C012E48D0DFF8B4
:10055000A08020273046FEF7BFFA2368D3F8B430D6
:100560001878FEF7D1FAEB7D226900205D0102EBDD
:10057000431202EB0801FEF72FFAFEF787FB23690F
:100580000220E918C91BFEF727FAFEF7FFFAFFF76A
:10059000FDFE206800F27220FEF7E2FA2368304682
:1005A00093F87112FEF7C8FAFFF7F4FD2568FEF71D
:1005B000B9FCFEF775FD05F5217095F87112FEF78F
:1005C0007FFDFEF79FFDFEF7A7FCFEF7D7F9FEF7CC
:1005D000E7F9FEF735FC054B0120A362BDE8F08189
:1005E000DFF810803427B5E77817002009010100F3
:1005F000C0FAFFFFACFAFFFFF0B51E4F83B0FEF765
:10060000C5F90646FEF774FD0546384650F8144B0A
:1006100094F8712204F2832101320EF016F997F852
:100620002E20B0FA80F30020023A66F307005B093F
:10063000012AD4F8B42065F30F208CBF01210221D8
:1006400063F317405378012B61F31F6007D0032B2E
:1006500005D04BB994F89832137203B0F0BD94F8FA
:100660009832537203B0F0BD4FF40B718320F0F752
:10067000FBF800BF781700202DE9F0415F4D012302
:100680002C68D4F8B4209370B4F8CE30C4F8B820F5
:1006900001339BB2A4F8CE3078BB94F8B0209A42D4
:1006A00026D994F82062FEF713FC0F2E20D8F8B953
:1006B0002968B4F8CE30B1F8600201F2B222D1F864
:1006C000D41003444E489BB2007800FB0323C4F8C7
:1006D000B430CF7C5E78FEF737F9002F55D0012F6C
:1006E0007BD1032E00F28380DFE806F047413B35E3
:1006F00000230220AB62BDE8F0815278032A7BD848
:10070000DFE802F025211D02B4F85A225201D4F884
:10071000C0100A44D4F8D410C4F8C020C87C002803
:1007200031D1097C994205D8D4F8C81011B192FB97
:10073000F1F1521AD4F8BC1011442961ADE7B4F8B4
:1007400058225201E3E7B4F856225201DFE7B4F829
:1007500054225201DBE72B4B1B68BDE8F0415B687C
:100760001847294B1B68BDE8F041DB681847264B4A
:100770001B68BDE8F0419B681847234B1B68BDE828
:10078000F0415B6818472A6187E72D68D4F8B430D8
:10079000B5F91E021978FEF70FFBA5F8CC00032E61
:1007A00020D8DFE806F0140E0802164B1B68BDE8DF
:1007B000F0411B681847154B1B68BDE8F041DB682A
:1007C0001847124B1B68BDE8F0419B6818470F4B58
:1007D0001B68BDE8F0415B68184740F62231832072
:1007E000F0F742F840F605318320F0F73DF840F687
:1007F0001B318320F0F738F8002288E778170020B3
:10080000B00D0020F81F0020F41F0020F01F002072
:1008100070B5FEF757F9002800F0A080544CFEF7A1
:1008200029FB94F82E3094F82C20012B4AD9023B56
:10083000012B00F2988023680221D3F8B400FFF75F
:100840009DFBFEF79DF90120FFF716FF94F830306D
:1008500013B194F83130A3BB2368D3F8B84093F8B0
:1008600097526278A5F10903022ADBB231D0F52B49
:1008700059D8013504F10B034FF0000CEEB2C5F36B
:10088000460519680CF1010C5A68083321F07061B3
:100890005FFA8CFE22F0706241F00071AE4542F0CA
:1008A000007243F8081C43F8042CEAD3F30708D578
:1008B00006F0FE06022204EB8606B37B62F3030316
:1008C000B37370BD23680121D3F8B400FFF756FB62
:1008D000B7E7F52B35D80135631D4FF0000CEEB2AC
:1008E000C5F3460519680CF1010C5A68083321F06C
:1008F00070615FFA8CFE22F0706241F00071AE45CB
:1009000042F0007243F8081C43F8042CEAD3F207C3
:10091000D7D506F0FE06022204EB8606337A62F390
:100920000303337270BD00220226134604EB8303D7
:100930000132997B66F303019973D3B29D42F5D2DC
:1009400070BD00210B4604EB830301311E7A62F374
:1009500003061E72CBB29D42F5D270BD40F2D46147
:100960008320EFF781FF40F2E5618320EFF77CFF02
:1009700078170020F8B5444D2E68FEF7A3F800283C
:100980007DD0FEF777FAFEF751F8FEF7E5F9044659
:10099000FEF7F6F8D6F8B42092F907307F2B2DD069
:1009A0003A49E31781FB04140021C3EBA4031BB2F3
:1009B0002C6893809171B4F8CE30D4F8D4200133F0
:1009C000127C93421DD0D4F8B4305A78012A0CD04E
:1009D000032A0AD0002A4DD12A68012092F89822D1
:1009E0001A72BDE8F840FFF747BE2A68012092F866
:1009F00098225A72BDE8F840FFF73EBE244B022110
:100A0000D6E7FFF705FC2E6807460DF0DCF92968EC
:100A100086F81C02D1F8D400B1F8603290F810C00A
:100A20009C449C450FDD1B4A167803E001339BB2C2
:100A30009C4508DD03FB0612B2F9B62212F5804F81
:100A4000F4D0A1F81E22802F02D0FEF78DFBBAE76A
:100A5000037EA42BF9D091F82032022262F307130F
:100A600081F8203291F86232042BEED0286801F030
:100A700095FEEAE74FF40B718320EFF7F5FE40F2A5
:100A80003D318320EFF7F0FE781700206766666639
:100A900000C0FFFFB00D002070B5114C2368D3F8E3
:100AA000D430587CFEF734F9FEF7B2F9FDF76EFF4B
:100AB00040B923687F22D3F8B430BDE87040DA71C2
:100AC000FFF758BFFEF7CCF923680546D3F8B460AA
:100AD000FEF74CF8034BF0712846A36270BD00BFCF
:100AE000781700207509010010B5114C002120680D
:100AF00084F82D1001F08EFFFEF714FB94F82D30D2
:100B0000013384F82D30FDF7D3FF60B1FDF7C8FF46
:100B10000DF04BF984F83000FDF788FFFEF7A0F9DF
:100B2000044BA36210BD40F295618320EFF79CFE59
:100B300078170020150D010010B51E4C94F82D10EB
:100B4000206801F067FFFEF7EDFA94F82D300620DB
:100B5000013384F82D30FDF747FF28B3226894F85D
:100B60002D3092F89712994214D0D2F8D420D17E29
:100B7000107ED27D0844216903FB0023062001EB8F
:100B80004311FDF729FF0620FDF738FF0A4B01202E
:100B9000A36210BDFDF742FFFDF772FFFDF778FF7E
:100BA000064B0120A36210BD40F27A618320EFF76B
:100BB0005BFE00BF78170020390B0100E90A010035
:100BC0002DE9F843514C4FF000080120236884F8C8
:100BD0002C80D3F8B420D3F8D4501778B3F9CC9044
:100BE00093F89762FDF778FF3846FDF78DFF21698E
:100BF000404695F81780A1F5A46101EB4811FDF777
:100C0000EBFEFEF78FF839462F7E4A462068023FFA
:100C100002F00EFC02460120FFB23946FEF74EF804
:100C20003046FFF73FFA206890F89432FF2B5FD0F0
:100C3000042B55D084F82E30002184F82D1001F0BB
:100C4000E9FEFEF76FFA94F82D30013384F82D3069
:100C5000236893F89632012B09D92B7E0620EA7E71
:100C600043442169134401EB4311FDF7B5FE2A7E8D
:100C7000EB7E21691344EA7D06FB0336B71894F82E
:100C80002E2012F0FD0F25D1FB1A012001EB43119C
:100C9000FDF7A2FEEB7E0420AE7E21691E444031AA
:100CA00006363E4401EB4611FDF796FE2A7EEB7EAA
:100CB0000520216913444031334401EB4311FDF712
:100CC0008BFE134BA362FDF7B9FEFDF7BFFE0120BB
:100CD000BDE8F88301EB47110120FDF77DFED9E760
:100CE00094F82E30013303F0030384F82E30A3E789
:100CF000B0F8CE3000F1DA01B0F86022134498B2B7
:100D000001F0DCF884F82E00206895E778170020C1
:100D1000C5020100F8B52D4C94F82C302068013341
:100D200090F89762DBB2B34284F82C3003D290F88B
:100D30009632012B39D8FDF7C5FE002841D0FDF7CA
:100D400075FEFEF78DF894F82C200546B2420BD3C1
:100D50001F4BA3622368013A0021D3F8B400D2B23A
:100D6000FFF70CF92846F8BD23682169D3F8D47041
:100D7000403197F81BC03B7E634402FB033006FB07
:100D80000336FB7DBF7E3B44063333446344034458
:100D900001EB4311D30754BF05200420FDF71CFECF
:100DA0000C4B94F82C20A362D4E794F82D1001F09A
:100DB00031FEFEF7B7F994F82D30013384F82D3069
:100DC000B9E740F2AF618320EFF74EFD78170020BE
:100DD00011080100150D01002DE9F04383B0FDF766
:100DE000BBFD002800F0A380FEF722F8524FFFF76A
:100DF00003FC034601200093FFF73EFC3E680546D6
:100E00004FF602717F20D6F8D4404FF400429DF88F
:100E1000003094F81190D6F8B8409DF801C09DF8C4
:100E200002E09DF803802072E180A280002B4DD06B
:100E3000BCF1000F4AD0BEF1000F47D0FEF76AF9AF
:100E4000002843D03A68D2F8D430DB7C002B45D15F
:100E5000B9F1010F96F871325FD09B001A21DBB215
:100E60000B44D2F8C890DEB202F036FC01A9036848
:100E700038689847012829D061783B680129D3F860
:100E8000D42027D093F8971206F11907D37E107E4D
:100E900008EB4101927E0344174401FB0377274B83
:100EA000019803FB070602F017FC03464946384643
:100EB0005B689847304400F50043B3F5803F05D2A6
:100EC000A080FDF753FE00232072A371284603B0D3
:100ED000BDE8F083731D527E9F18E0E702F002FC2C
:100EE00001A90368386898470128EFD061783B680A
:100EF00001290198D3F8D42013D093F89732117EAA
:100F000008EB4308D37E927E0B4408FB03F31933AE
:100F100013440A4A02FB0300CDE7DB002C21DBB2BD
:100F20009EE7537E054A053302FB0300C3E74FF4F7
:100F3000B2618320EFF798FC7817002030F8FFFFAC
:100F400010B5174A002317494FF0070CD0F8BC40E2
:100F5000A0F8CE30C0F8B83000F2B223146109789E
:100F6000106082F82EC0B0F8602201FB0233D0F886
:100F7000D420C0F8B430D37C3BB1012B0BD10A4B49
:100F80001B68BDE810401B681847084B1B68BDE88C
:100F900010405B68184740F63E318320EFF764FC51
:100FA00078170020B00D0020F41F0020F01F002053
:100FB000044B9B6A03B1184740F64B31832010B5B0
:100FC000EFF752FC78170020014B024A1A60704775
:100FD000F01F0020D80F010000000000590401009C
:100FE0003D050100C10B0100F0B504468DB000695C
:100FF00061696D46A269E3690FC59DF80E202B4615
:101000002146002009328DF80E206A4606F056FE71
:10101000AE4608AD4FF0FF3CBEE80F004FF0000EAB
:1010200020606160A260E360C4F84BE0C4F84FE068
:1010300084F853E0C4F842C0C4F846C084F84AC0FB
:10104000C4F830C0C4F834C0C4F838C0C4F83CC0D8
:10105000A4F840C084F854C00FCD20616161A26142
:10106000E3610DB0F0BD00BF2DE9F04F5F181C46E5
:10107000944687B097F842300E4605461A18802AE3
:1010800000F283805FFA82F994F854208A4238D0C3
:1010900001F118030DF10808616934F813C0C64660
:1010A000A269E3692069AEE80F0097F84B309DF81C
:1010B00017109DF815200B445FFA8CF18DF817304E
:1010C0009DF8163033448DF816309DF8143003EB3C
:1010D0001C2394440A44DBB28DF815C0FF2A01D9C1
:1010E0000133DBB28DF8143041464E4B04F120023F
:1010F000204601930433009304230DF0FEFA97F881
:10110000423084F85460DE0813F0070313D0012244
:10111000C3F108032644AA405B1B96F82010013A4D
:101120009A400A4042FA03F3109A137087F84290EB
:1011300007B0BDE8F08F4FEAD50805F00705B8F114
:10114000010F1AD1A319109A93F820301370002DB3
:10115000ECD001234444AB403444C5F10805013BC5
:1011600094F82020AB401340109A2B4102F808302D
:1011700087F8429007B0BDE8F08F06F120014246A3
:101180001098214404F0D4FDE1E797F84BE00DF10D
:10119000080804EB410B4FF0000A0EF1010EC146A6
:1011A0005FFA8EFE87F84BE0E36920696169A26906
:1011B00087F842A0A9E80F00BBF83030634504D09F
:1011C000D64687F84BA0ABF830C09DF817305FFAD1
:1011D0008CF19DF815209E449DF8163033448DF80F
:1011E00017E08DF816309DF8143003EB1C2394445F
:1011F0000A44DBB28DF815C0FF2A01D90133DBB2F6
:101200008DF814304146074B04F120022046A946D0
:1012100001930433009304230DF06FFA97F84230E2
:101220006FE700BFC40000202DE9F04F8BB0BDF880
:10123000504003920594159C002800F0E4809846E5
:1012400001F1FF3B01250027049074E004EB080640
:1012500096F8423003F10802802A77D85FFA82F9C3
:1012600094F85420424538D008F118030DF1180ABB
:10127000616934F813E0D446A269E3692069ACE8F7
:101280000F0096F84B309DF827109DF825200B4451
:101290005FFA8EF18DF827309DF8263043448DF8A3
:1012A00026309DF8243003EB1E2396440A44DBB21B
:1012B0008DF825E0FF2A01D90133DBB28DF8243007
:1012C0005146524B04F1200220460193043300930F
:1012D00004230DF012FA96F842305A0784F854802D
:1012E00030D104EBD30393F8203005FB03F21FFA4F
:1012F00082FAD2B28DF818304FF4807386F842909B
:10130000B3FBF5F305FB03F3C3F58073934269DC8C
:101310004FEA1A2AFBB203999A4501EB0A0202D05E
:1013200011F80A30CB55029B013713706B1C049ADD
:10133000954268D01D461BF8013F012D029385D1CF
:10134000039AF0E7002292461346D3E796F84BC083
:101350000DF1180A4FF000090CF1010CD6465FFAA6
:101360008CFC86F84BC06169A269E369206986F844
:101370004290AEE80F0004EB48020599138E8B42B1
:1013800003D0CC4686F84B9011869DF827300598FF
:101390009C449DF826309DF82520C1B243448DF829
:1013A00027C0114402448DF826309DF82430FF29CF
:1013B0008DF8252003EB1023DBB201D90133DBB21A
:1013C0008DF824305146114B04F1200220464FF095
:1013D000080901930433009304230DF08EF996F865
:1013E00042307AE706AB059A41460820009323462F
:1013F000FFF73AFE9DF8183005FB03F30AEB0323D1
:10140000C3F3074A86E70BB0BDE8F08FC4000020A5
:1014100010B51C4692B0C37B90F801C08DF808301F
:10142000837B8DF80930437B8DF80A30037B8DF880
:101430000B30C37A8DF80C30837A8DF80D30437AF7
:101440008DF80E30037A8DF80F30C3798DF8103097
:1014500083798DF8113043798DF8123003798DF846
:101460001330C3788DF8143083788DF815300378F5
:101470008DF816C08DF81730CB798DF800308B7948
:101480008DF801304B798DF802300B798DF80330EF
:10149000CB788DF804308B788DF805304B7809784F
:1014A0008DF80630D37B8DF807108DF81830917BBE
:1014B000537B8DF819108DF81A30117BD37A8DF883
:1014C0001B108DF81C30917A537A8DF81D108DF811
:1014D0001E300AAB117A50788DF81F10D1798DF833
:1014E000260002A88DF8201091798DF821105179ED
:1014F0008DF8221011798DF82310D1788DF82410F1
:1015000091788DF82510117806AA8DF82710694674
:1015100006F016FC0DF1280CBCE80F00206061609D
:10152000A260E360BCE80F0020614FF0FF30616112
:10153000A261E36120636063A063E063A4F84000FC
:10154000C4F84200C4F8460084F84A0084F8540005
:1015500012B010BD00232DE9F04F144689B043703E
:1015600092F85520002A00F083808B4600F1020A91
:1015700004F156080125CDE902206EE094F84330CD
:1015800003F10807802F7AD894F85420FFB2012A7B
:1015900035D00DF1100E6169A269E36976462069C4
:1015A000B4F832C00FC694F84C309DF81F109DF867
:1015B0001D200B445FFA8CF18DF81F309DF81E3012
:1015C00001338DF81E309DF81C3003EB1C2394442E
:1015D0000A44DBB28DF81DC0FF2A01D90133DBB20A
:1015E0008DF81C307146514B04F1200220460193C6
:1015F0000433009304230DF080F894F84330012263
:1016000084F854205A0736D104EBD30393F82030E2
:1016100005FB03F296B2D2B28DF810304FF480730E
:1016200084F84370B3FBF5F305FB03F3C3F5807354
:10163000934269DC360A6B1E0AEB0602DBB29E425D
:1016400004D0039B1AF806100133595582F8009014
:101650006B1C029A95420BD01D46012D18F8019F74
:101660008CD152466B1C82F80090029A9542F3D1BD
:1016700009B0BDE8F08F002216461346CCE70DF105
:10168000100E94F84C60A269E36977462069013630
:101690006169F6B20FC7628E002384F84C605A4528
:1016A00084F8433004D01E4684F84C30A4F832B09D
:1016B0009DF81F305FFA8BF19DF81D201E449DF8A8
:1016C0001E3011445A4401338DF81F60FF298DF8F4
:1016D0001D208DF81E309DF81C3003EB1B23DBB260
:1016E00001D90133DBB28DF81C3071460F4B04F188
:1016F00020022046082701930433009304230CF0B2
:10170000FCFF94F843307AE704AB5A4601210820E5
:1017100000932346FFF7A8FC9DF8103005FB03F368
:1017200006EB0323C3F3074685E700BFC400002090
:1017300000232DE9F04F144689B0437092F85520EC
:10174000002A7CD08B4600F1020A04F156080125DC
:10175000CDE9022068E094F8423003F10807802FB9
:1017600073D894F85420FFB282B30DF1100E616962
:10177000A269E36976462069B4F830C00FC694F8D0
:101780004B309DF81F109DF81D200B445FFA8CF123
:101790008DF81F309DF81C3003EB1C2394440A4441
:1017A000DBB28DF81DC0FF2A01D90133DBB28DF801
:1017B0001C3071464D4B04F1200220460193043346
:1017C000009304230CF099FF94F84230002259074B
:1017D00084F8542036D104EBD30393F8203005FB72
:1017E00003F296B2D2B28DF810304FF4807384F8C1
:1017F0004270B3FBF5F305FB03F3C3F5807393422B
:1018000063DC360A6B1E0AEB0602DBB29E4204D092
:10181000039B1AF806100133595582F800906B1C8F
:10182000029A95420BD01D46012D18F8019F92D1C6
:1018300052466B1C82F80090029A9542F3D109B08F
:10184000BDE8F08F16461346CDE70DF1100E94F863
:101850004B60A269E3697746206901366169F6B297
:101860000FC7228E002384F84B605A4584F842301B
:1018700004D01E4684F84B30A4F830B09DF81D20EB
:101880005FFA8BF19DF81F3011445A441E449DF8B5
:101890001C30FF298DF81D2003EB1B238DF81F60E2
:1018A000DBB201D90133DBB28DF81C3071460F4B2E
:1018B00004F12002204608270193043300930423F7
:1018C0000CF01BFF94F8423080E704AB5A4600212D
:1018D000082000932346FFF7C7FB9DF8103005FB57
:1018E00003F306EB0323C3F307468BE7C400002092
:1018F0002DE9F0411E4691F8473086B00C46174658
:10190000002B48D191F85430052B42D002ADB1F8EC
:101910003AE00869A269AC464969E369ACE80F009E
:1019200094F850305FFA8EF09DF817209DF815104E
:10193000134401EB0E0201448DF817309DF8163068
:10194000FF298DF8152003F105038DF816309DF859
:10195000143003EB1E23DBB201D90133DBB229467D
:10196000284D8DF8143004F120022B1D20460195DE
:10197000009304230CF0C1FE052384F85430802327
:1019800084F847306B683B602B68336006B0BDE875
:10199000F0811C4DF0E791F850E002AD84460869F3
:1019A0000EF1010EA8465FFA8EFE81F850E04969FB
:1019B000A269E369A8E80F00628F0023624584F8FA
:1019C000473004D09E4684F85030A4F83AC09DF8C1
:1019D00017305FFA8CF19DF815209E449DF8163063
:1019E00005338DF817E08DF816309DF8143003EBB1
:1019F0001C2394440A44DBB28DF815C0FF2AAED9EB
:101A0000ABE700BFC40000200138F0B50E4687B038
:101A10001446032800F27581DFE800F00279190509
:101A2000002007B0F0BD02AF134608200A46009719
:101A30000421FFF719FB9DF8085005EB4505ED0063
:101A400015F0F00F00F0F680280A07B0F0BD92F80C
:101A5000463003F10802802A174600F2FA8094F813
:101A60005420FFB2042A35D002AD6169A269E3694E
:101A7000AC462069B4F838E0ACE80F0094F84F3079
:101A80009DF817109DF815200B445FFA8EF18DF824
:101A900017309DF8163004338DF816309DF8143049
:101AA00003EB1E2396440A44DBB28DF815E0FF2AAF
:101AB00001D90133DBB28DF814302946934B04F180
:101AC0002002204601930433009304230CF015FEFA
:101AD00094F84630042284F854205A0700F0FC8021
:101AE000002384F846701D468DF8083002A823466E
:101AF0003246042100900820FFF7B6FA9DF808301E
:101B000003EB430305EB4320C0F3074089E792F85A
:101B1000463003F10802802A114648D894F8542030
:101B2000CEB2042A34D002AD6169A269E3692F46BE
:101B30002069B4F838C00FC794F84F309DF81710DB
:101B40009DF815200B445FFA8CF18DF817309DF845
:101B5000163004338DF816309DF8143003EB1C2337
:101B600094440A44DBB28DF815C0FF2A01D9013331
:101B7000DBB2664A29468DF81430204601920432C1
:101B80000423009204F120020CF0B7FD94F84630D3
:101B90000422590784F8542040F0AF8004EBD303AB
:101BA00093F82000C00984F8466007B0F0BD02AD8C
:101BB00094F84F70A269E369AC4620690137616906
:101BC000FFB2ACE80F00228F002384F84F70B242BE
:101BD00084F8463003D01F4684F84F3026879DF89E
:101BE00017309DF815201F449DF8163004338DF8EA
:101BF00017708DF8163093198DF815309DF8143044
:101C000003EB1623F6B2DBB23244FF2A01D90133CB
:101C1000DBB23E4A29468DF814300423101D0826F5
:101C2000CDE9000204F1200220460CF066FD94F894
:101C30004630ADE723460820324604210097FFF7DF
:101C400013FA9DF8083003EB430305EBC320000CA7
:101C5000E7E602AD94F84F70A269E369AC462069EB
:101C600001376169FFB2ACE80F00228F002384F8CE
:101C70004F70B24284F8463003D01F4684F84F308C
:101C800026879DF81730F1B29DF815201F449DF866
:101C9000163004338DF817708DF8163093190A44F6
:101CA0008DF815309DF81430FF2A03EB1623DBB2B4
:101CB00001D90133DBB2154A29468DF8143020468C
:101CC0000192043204230827009204F120020CF050
:101CD00014FD94F84630FDE604EBD30393F820306E
:101CE00084F8467003EB43008DF80830400010F094
:101CF000FC0F04D0000A07B0F0BD002053E70546F2
:101D0000F4E640F2E6218C20EEF7AEFDC4000020A0
:101D10002DE9F0430D1A87B006460135EDB2012DCD
:101D200063D01C4693F84430174603F10802802A1A
:101D30005ED85FFA82F994F85420022A35D00DF16A
:101D4000080C6169A269E369E0462069B4F834E0EF
:101D5000A8E80F0094F84D309DF817109DF8152055
:101D60000B445FFA8EF18DF817309DF81630023370
:101D70008DF816309DF8143003EB1E2396440A4468
:101D8000DBB28DF815E0FF2A00F292808DF8143056
:101D90006146494B04F1200220460193043300932D
:101DA00004230CF0AAFC94F84430022284F8542056
:101DB0005A0768D104EBD30393F8203003FB05F8EE
:101DC0005FFA88F28DF808304FF4807384F84490FD
:101DD000B3FBF5F305FB03F3C3F58073934256DCC5
:101DE0004FEA1828B0445FFA88F007B0BDE8F083E6
:101DF0000DF1080C94F84DE0A269E369E046206912
:101E00000EF1010E61695FFA8EFEA8E80F00A28E46
:101E1000002384F84DE0BA4284F8443003D09E4653
:101E200084F84D30A7869DF81730F9B29DF815203B
:101E30009E449DF8163011443A4402338DF817E061
:101E4000FF298DF815208DF816309DF8143003EB1E
:101E50001723DBB201D90133DBB28DF8143004F162
:101E60002002154B614620464FF0080901930433C8
:101E7000009304230CF041FC022294F8443084F8CF
:101E800054205A0796D00022904613469AE702A99A
:101E900023463A46082000910221FFF7E5F89DF815
:101EA000083005FB03F308EB0323C3F3074899E766
:101EB0000133DBB26AE700BFC400002070B591F8BF
:101EC000453086B00C469A1C802A56D8154691F8A3
:101ED0005420032AEDB234D00DF1080ECE8E0869DD
:101EE000A269F4464969E369ACE80F0094F84E3002
:101EF0009DF817109DF815200B44F1B28DF817309E
:101F00009DF8163003338DF816309DF8143003EB2E
:101F1000162316440A44DBB28DF81560FF2A01D956
:101F20000133DBB2384A71468DF8143020460192F5
:101F300004320423009204F120020CF0DEFB94F83A
:101F4000453004EBD301032213F0070384F8542037
:101F500091F820000FD0C3F106039A4010401841B9
:101F6000C3B2C0F3460084F8455040EA430000F095
:101F7000030006B070BD8009F2E791F84E500DF1F4
:101F8000080E8446086901357646EDB281F84E5058
:101F90004969A269E3690FC6E28E0023624584F8AD
:101FA000453004D01D4684F84E30A4F836C09DF864
:101FB00017309DF815201D449DF8163003338DF819
:101FC00017508DF8163002EB0C038DF815309DF884
:101FD000143003EB1C235FFA8CFCDBB26244FF2A53
:101FE00001D90133DBB2084A71468DF8143004235D
:101FF000101D0225CDE9000204F1200220460CF05C
:102000007CFB94F845309CE7C400002030B51C46AA
:1020100000F0BF0383B00546202B03D0402801D039
:1020200080283AD1134628460A4600940821FFF733
:102030001BF82078EB082D09591E9A1E022D14F862
:1020400001C084F800C060546178A05C6070A15445
:1020500021D0D91EA0781A1F042D14F801C084F8CD
:1020600002C06054E178A05CE070A15413D05A1F04
:102070002179063B062DA05C2071A1546279E15CB8
:102080006171E25407D0A179607AE379227AA07174
:102090006172E271237203B030BD40F223318C20B3
:1020A000EEF7E2FB2DE9F04F8FB090F86232042B8F
:1020B00000F0EF8290F87B3100F1DA0290F87A11AB
:1020C000044602928B4200F095828B4280F0DC82C3
:1020D000D4F8D49099F810201344DBB28B4200F26C
:1020E000688284F87B3194F8C43104F2B225B4F8E4
:1020F000601294F8C5C1A4F8CE200A44A3EB0C0CDE
:10210000B04994F8B00292B25FFA8CFC0978069557
:1021100003FB00CA284601FB02535B78002B00F04A
:10212000BD82B2F5807F00F29E824FF0000B01323B
:102130005E465F46CDF80CB095B2A3464C4681464C
:1021400036E001369A42F6B203D1039B0133DBB28B
:1021500003931FFA85F8B8F5807F35D0B24533D99F
:1021600001FB05F209EB02035B78022B4CD0032B39
:1021700031D0012B11D1A37C022B40F2F880032B2C
:102180000BD10AAB4246082120200093029BFEF7A8
:102190006BFF8C4B197801FB05F24A4401355378EB
:1021A000002B4DD040F20112904549D0DBF8D440CD
:1021B000E27B012AC5D1012BCBD01FFA85F801366D
:1021C000B8F5807FF6B2C9D15C46042384F8623248
:1021D0000FB0BDE8F08F029A41469BF89702049336
:1021E000FFF712FC049B0AA842468DF82870194696
:1021F0000090029B0220FEF737FFA37C022B40F2E7
:10220000AE80032BBDD0C4E7029C41469BF89702E9
:1022100022460493FFF7F8FB049B0AA9424618469E
:102220002346009103218DF82870FEF71DFF654BB2
:10223000197801FB05F201354A445378002BB1D1DE
:10224000FF2E5C46DDF80CB0BFD0D4F8D49099F8DE
:102250000E2094F8A0329A4228BF1A46B242924603
:1022600000F25C82B61A94F8C5210023F7B20893F5
:10227000A7EB0B0094F8C4B18DF82430934584F893
:10228000A00200F0CB81934540F21282ABEB020535
:10229000ADB2AB45C0F06E82BD4270D33A44D2B20B
:1022A000B4F8CE30D4F8D4E09A4484F8C52107EBD2
:1022B0000A03A4F8CE3094F8A0329EF80E509EF88F
:1022C0000F609D4228BF1D46FF2E00F09181002D1A
:1022D0003FF47EAFA91CC9B294F8B03012B2B4F882
:1022E000600203449BB200293FF472AF9DF82000C6
:1022F0009DF821C050EA0C0000F0DF81A3EB010C37
:10230000069F1FFA8CFC09E0214491F8C61139544C
:10231000002D3FF45DAF63453FF45AAF2949013BBF
:1023200008789BB203FB00F0391891F8018046450C
:1023300000F039819EF80B90013A013DC14591B200
:10234000EDB212B240F09681002ADDDA0531C9B251
:10235000042900F29481694491F82010D7E7002BFA
:102360003FF417AF40F25D118C20EEF77DFA002BA1
:102370003FF413AF4FF4A1718C20EEF775FAB4F867
:1023800060327A1B53445A459BB205EB03081FFA8F
:1023900088F840F36C8194F82F61ABEB03034FF0A6
:1023A0000009CDF81CA00593CDE9037B3746002F2B
:1023B00000F0BC80012F00F0B98002254FF4807A34
:1023C0001BE000BFB00D002004EBD30393F8FA30FC
:1023D00005FB03F2D2B28DF8283084F81C61BAFBF9
:1023E000F5F305FB03F3C3F58073934200F391808B
:1023F000AF4240F299800135EDB294F81C3103F1FF
:102400000802802A40D8D6B294F82E21AAB30DF142
:10241000280BD4F8EE10D4F8F220D4F8F630DC46CD
:10242000D4F8EA00B4F80AE1ACE80F0094F82531DA
:102430009DF837109DF835200B445FFA8EF18DF82A
:1024400037309DF8343003EB1E2396440A44DBB248
:102450008DF835E0FF2A01D90133DBB28DF8343035
:102460005946C94B04F1FA020298019304330093D0
:1024700004230CF042F994F81C315A0784F82E9189
:10248000A2D000221346A6E70DF1280B94F825618F
:10249000D4F8F630D4F8EA00DC46D4F8EE10013671
:1024A000D4F8F220F6B284F81C91ACE80F00B4F82E
:1024B0000A3184F82561434504D0002684F825912B
:1024C000A4F80A819DF835205FFA88F19DF837302D
:1024D000114442441E449DF83430FF298DF83520C4
:1024E00003EB18238DF83760DBB201D90133DBB27F
:1024F0008DF834305946A44B04F1FA0202980826AC
:1025000001930433009304230CF0F7F894F81C3182
:10251000B3E70AAB4246002108200093029BFEF776
:10252000A3FDAF423FF667AF94F82F71059B049A65
:1025300008EB0305039B9044ADB21FFA88F85B1BC0
:102540009A42FFF634AF3E46DDF81CA09346039F47
:10255000D4F8D41094F8A0028B7B834228BF0346A2
:10256000002B77D10B7C3046029A04F231114344A0
:10257000019204F5E3729BB20093002384F8C53105
:10258000FEF752FE94F8B032002B00F0F880013BC9
:10259000AF4284F8B032C0F0FB8094F8C5213A44D1
:1025A000521BD2B27CE6012E3FF4B5AE013A12B214
:1025B000B1E604F1DA000190B4F8600202440A4482
:1025C000591AD21A0023CDB204F23111D2B284F8D2
:1025D0007B310123009204F5BE7294F82F01FEF7BF
:1025E00023FED4F8D49084F87B5199F810207AE532
:1025F000294671E6002100F5BE72DA300123019010
:1026000084F87B11009104F2311194F82F01FEF748
:102610000BFE94F87B3194F87A1156E5029999F8FB
:10262000102084F8C5310191B4F860120A4404F214
:10263000311192B2009204F5E37294F82F01FEF783
:10264000F3FD94F8B03273B3013B94F8C52184F8DC
:10265000B03218E6A344DBF8C1019BF8C5310890FD
:102660008DF824307EE74FF0000B5E46EFE594F8DE
:102670002F616DE740F201218C20EEF7F5F840F272
:102680000E218C20EEF7F0F840F223218C20EEF79B
:10269000EBF840F236318C20EEF7E6F84FF4BE71DD
:1026A0008C20EEF7E1F840F29D118C20EEF7DCF87B
:1026B00040F2A1118C20EEF7D7F8012E33D0013A69
:1026C000591ADDF818C092B288B20CE0A11891F83E
:1026D000C6110CF80710002D3FF47AAD013A98426C
:1026E00092B23FF475AD2949013B0F789BB203FBD1
:1026F00007F70CEB070149788E42EFD09EF80B905C
:10270000013D0FFA82F88945EDB2B3D1B8F1000F5F
:10271000DCDA40F20A218C20EEF7A6F840F2D11163
:102720008C20EEF7A1F8591ADDF818C088B20AE03B
:10273000214491F8C6110CF80710002D3FF448AD64
:1027400098423FF445AD1149013B0F789BB203FB22
:1027500007F70CEB07014E78012EF1D09EF80B80A5
:10276000013A013DB04591B2EDB212B282D1002AD8
:10277000DEDACEE740F2A5118C20EEF775F84FF4C3
:10278000DC718C20EEF770F8C4000020B00D002042
:1027900040F2BB118C20EEF767F800BF2DE9F04F37
:1027A00085B090F86232042B00F0EC8090F8B020F5
:1027B0000546B0F860421319FF2B45DC002A46D0CD
:1027C0000026DFF8D48100F1DA07B1461AE0012BC8
:1027D00012D19AF81230022B40F2CC80032B0BD18D
:1027E0000DF10C0B2246CDF800B03B46082120200D
:1027F000FEF73AFC95F8B0200136B3B29A4226D9DA
:10280000B5F86042344498F80030A4B204FB035396
:1028100093F8B332022B0DD0032BD5F8D4A0D6D128
:1028200095F89732013B032B00F2B180DFE803F00B
:10283000978C795295F89732013B032B00F2A780D1
:10284000DFE803F0453A2708042380F8623205B038
:10285000BDE8F08F0DF10C0B3B4622460421082009
:10286000CDF800B0FEF700FC9DF80C3003EB4303FD
:10287000DB0013F0F00F21D022463B46032102205B
:10288000CDF800B08DF80C90FEF7EEFB95F8B02077
:10289000B2E70DF10C0B3B46224604210820CDF88F
:1028A00000B0FEF7E1FB9DF80C3003EB43035B0047
:1028B00013F0FC0FE0D101E00DF10C0B3B4622467A
:1028C00004210820CDF800B0FEF7CEFBD4E70DF1CF
:1028D0000C0BD1E70DF10C0B3B46224604210820DE
:1028E000CDF800B0FEF7C0FB9DF80C3003EB4303BE
:1028F000DB0013F0F00F29D03B46224603210220D3
:10290000CDF800B08DF80C90FEF7AEFB9AF81230BF
:10291000022B27D9032B7FF46DAF2246CDF800B0F0
:1029200063E70DF10C0B3B46224604210820CDF84D
:1029300000B0FEF799FB9DF80C3003EB43035B00FE
:1029400013F0FC0FD8D101E00DF10C0B3B462246F1
:1029500004210820CDF800B0FEF786FBCCE70DF18E
:102960000C0BC9E7002B3FF445AF40F25D118C2002
:10297000EDF77AFF002B3FF43FAF4FF4A1718C20AD
:10298000EDF772FF40F23D318C20EDF76DFF40F224
:10299000E6218C20EDF768FFB00D00204FF4D271D6
:1029A0008B2008B5EDF760FF072808B502D8034B68
:1029B000185C08BD71218B20EDF756FFE051040033
:1029C00008B529B9072809D8084B0344187A08BD67
:1029D000072807D8054B0344187C08BD89218B20A4
:1029E000EDF742FF9E218B20EDF73EFFE051040002
:1029F000431E032B00B583B006D8054B68440193F2
:102A0000C07803B05DF804FBAC218B20EDF72CFF00
:102A10000102061890F89632012B1BD0134B490087
:102A200090F89BC290F895226344072A1B7E43FAD4
:102A300001F3D9B203F0030303D0184490F89C02C9
:102A40007047D0F8D420D27C4AB95B08184490F87B
:102A50009C0270470023184490F89C02704701F0D4
:102A60000103184490F89C02704700BFE051040035
:102A700038B5847C062C41D8214B2344447C012C5E
:102A800093F8303031D0022C4FEA530301D0082C98
:102A900030D14FF03E0E4FF01A0C047E9C44C37EA2
:102AA000457E5FFA8CFC2344847E01FB0331C37DA9
:102AB00089B25819234400244D1D0F3161440CF193
:102AC000050C03EB450500EB4C0C5A3003EB4103BE
:102AD0002146864465F30F016EF30F0463F31F4133
:102AE0006CF31F445160146038BD4FF0620E4FF01C
:102AF0002C0CD2E7E8218B20EDF7B6FEFFF74EFF56
:102B0000E0510400032808B506D80138022812D87D
:102B1000DFE800F00A060800FF2807D1002008BD02
:102B2000888808BDC88808BD488808BD4FF48671EC
:102B30008B20EDF799FE088808BD00BFF8B5847CAE
:102B4000062C00F2BC80764B2344447C012C93F885
:102B5000303034D0022C4FEA530302D0082C40F01E
:102B6000A3804FF03E0E4FF01A0C9C44047EC37EAF
:102B7000857E5FFA8CFC2344447E01FB033399B2CB
:102B8000C37D1C442B4401F10F05053165440CF154
:102B9000050C03EB410104EB4C0C5A3403EB4503E9
:102BA000057CA644C47A89B2032C9BB20CD8013CA4
:102BB000022C00F29280DFE804F020131E004FF098
:102BC000620E4FF02C0CD0E7FF2C73D1C47B032C8A
:102BD0006ED8013C022C76D8DFE804F057555D0032
:102BE0000C46C67B032E44D8013E022E71D8DFE886
:102BF00006F0361024001C46F3E7C67B6446032E1D
:102C000031D8013E022E64D8DFE806F048031700F1
:102C100074468C4214D9954229D2521B837B467B41
:102C2000D01A731CB0FBF3F0131A01FB00F005FB84
:102C30000E0003FB0400F8BD7446A3421946EAD314
:102C4000954214D2521B8C4213463AD2027BD018C2
:102C50000132B0FBF2F01B1A01FB00F0E7E761461E
:102C60006445D8D8ECE7FF2E24D1954208D3002044
:102C7000F8BDFF2E1ED1002CF7D19542F7D20024CB
:102C8000531B0020D3E70024DAE79542EFD26146D8
:102C9000531B0024DAE719460024D1E79542E6D217
:102CA0006146521B0023BAE7E8218B20EDF7DCFDDB
:102CB000FF2CE2D04FF486718B20EDF7D5FDFFF7A6
:102CC0006DFE0023ABE79542D1D2531B7146002421
:102CD000BCE7A64515D271469DE7C47B032C0BD8F3
:102CE000013C022C14D801A656F824F00B2D01004B
:102CF000112C0100392C0100FF2C08BF7446B4D000
:102D0000D8E79542B3D271469CE761467446A7E77F
:102D10009542ACD27446521B714600237FE700BF38
:102D2000E05104002DE9F84390F8B04290F8C43126
:102D3000D0F8D42090F8C51104FB033392F80EC0EC
:102D40005B1A157C90F8A0129BB2D47B614594BFAE
:102D50006E1805EB0C06012C1E44B6B206D1117B91
:102D60000B440131B3FBF1F333449EB2B0F860126F
:102D700090F89702C1F5807189B2A02928BFA021DF
:102D8000B14228BF3146967C062ECFB200F2C280F7
:102D90007B4B3344567C012E93F8303036D0022ED4
:102DA0004FEA530302D0082E40F0A9803E264FF090
:102DB0001A08984492F818E0D37E92F817905FFAB8
:102DC00088F8734492F81AE000FB0333507E9BB2FC
:102DD0004844F14403F10F0E0533C64408F10508D9
:102DE00009EB430300EB48085A3009EB4E0E06444A
:102DF000D07A9BB203281FFA8EFE0BD80138022826
:102E000000F29B80DFE800F01D111B0062264FF0EE
:102E10002C08CEE7FF2878D1032C74D8013C022C73
:102E20007DD8DFE804F05A5761009946032C45D855
:102E3000013C022C7AD8DFE804F0360F2400F1467A
:102E4000F4E7032CC14632D8013C022C6ED8DFE8EF
:102E500004F04F031800B1464B4515D2AF422AD9B2
:102E6000491B527BA1EB0C000132B0FBF2F0091AB6
:102E700003FB00F005FB060001FB0900BDE8F88339
:102E8000B146CE457346E9D3AF4214D9491B9945A3
:102E90000C4641D2127B10190132B0FBF2F0211A1C
:102EA00003FB00F0E6E74346C145EDD9D6E7FF2C2A
:102EB0002BD1AF420BD80020BDE8F883FF2C24D1E2
:102EC000B9F1000FF5D1AF42F5D94FF00009491B18
:102ED0000020CFE74FF00009D6E7AF42EBD94346D9
:102EE0004C1B4FF00009D5E773464FF00009CBE7C4
:102EF000AF42E0D94346491B4FF0000CB1E7E8214F
:102F00008B20EDF7B1FCFF2CDDD04FF486718B20C8
:102F1000EDF7AAFCFFF742FD4FF0000CA1E7AF422E
:102F2000C9D94C1B33464FF00009B3E74E4518D2C0
:102F3000AF42C0D9491B334693E7032C0CD8013C60
:102F4000022C15D801A050F824F000BF6B2F01000F
:102F5000572E0100812E0100FF2C08BFB146A8D0DA
:102F6000D3E7AF42A7D9334690E74346B1469BE744
:102F7000AF42A0D9B146491B33464FF0000C70E771
:102F8000E0510400531E5B1A022B1BD9931E1B1A1F
:102F9000022B17D9D0F801C00B6803EA0C031360A9
:102FA000D0F80530D1F804C003EA0C0353600B7A63
:102FB00090F809C003EA0C0313724B7A817A0B4034
:102FC0005372704790F801C00B7803EA0C0313703A
:102FD00090F802C04B7803EA0C03537090F803C0DA
:102FE0008B7803EA0C03937090F804C0CB7803EA63
:102FF0000C03D37090F805C00B7903EA0C0313712E
:1030000090F806C04B7903EA0C03537190F807C09F
:103010008B7903EA0C039371CB7990F808C003EA2B
:103020000C03D371C3E700BFF0B5054685B00F466A
:1030300090F8D8302BB191F8C73013B101F5B373C4
:1030400005E095F8D830002B44D007F1F9031A6851
:103050000126D7F8F9101140D7F8FD2000915968E2
:103060000A40197A5B7A019297F80121114097F88A
:1030700002211A4000238DF808109E468DF8092081
:10308000C3F3C40C03F00702D8B20EF10104EC4400
:1030900006FA02F2013305EB0E019CF800C01CEAAF
:1030A000020F03D05FFA84FE81F831014F2BE7D184
:1030B000002285F82FE1134685F830216EF30703CF
:1030C0006EF30F23A5F87A31A5F8C43187F8722181
:1030D00005B0F0BD97F8C830002BB6D007F5AE7339
:1030E000B5E700BF037813F0030301D00020704759
:1030F00090F90220002AF9DBC27812F00302F5D120
:1031000070B5437A13F0600401D0104670BD1B0601
:103110000FD4461E00F1090516F8010F09F091FBC6
:103120002044B542C4B2F7D10E2C94BF0020012038
:1031300070BD204670BD00BF2DE9F041C77C04463C
:103140001546E7B1072945D8254B0B441E7A93F85D
:103150001080F2F711FC217F0346B8F1010F18BF70
:10316000012EA87A14BF01220022012936D19B7FAB
:1031700012B3984238BF1846C0B2BDE8F0810729A3
:1031800021D8174B0B441E7C93F80880F2F7F4FB10
:10319000227F0346012A1AD1A87F012E9B7A04D0F0
:1031A000B8F1010FE5D1012EE7D1B8F1010F08D038
:1031B000002ADED11846E0E7012EDAD1B8F1010F7E
:1031C000F8D10020D9E79E218B20EDF74DFBA87A9E
:1031D0003A46E2E789218B20EDF746FB0022DCE747
:1031E000E0510400064A4FF4807300211278013B3D
:1031F00080F8B41210449BB2002BF8D1704700BF86
:10320000B00D00202DE9F0430546B9B000F1DA0910
:10321000A0222C460E4610A8494602F089FD6F46B2
:103220000FCC0FC70FCC0FC70FCC0FC794E80F0000
:1032300087E80F004FF42E720021284695F8D880B9
:103240000BF02AFB10A94846A02202F071FDEE46C1
:10325000AC465FFA88F8BEE80F00ACE80F00BEE8A5
:103260000F00ACE80F00BEE80F00ACE80F0097E8D5
:103270000F0084E80F0085F8D880022385F86232B9
:10328000B6F83C3106F1F907EB81C5F8D47096F831
:103290000321D5F8503285F8B022D6F84C2162F3DC
:1032A00017032022C5F85032002385F85E2285F8E6
:1032B000A03296F8593185F8D93096F85611072979
:1032C00085F8951279D83F4C14F8018085F89782DB
:1032D00096F80C31002B65D063181A7C002385F812
:1032E000962285F8993296F8F330FE2B5DD0FF2BAD
:1032F00008BF012385F89832022306F148023846B8
:1033000085F89A32FFF718FF96F80B3186F814010A
:10331000062B50D81C44414605F51572384694F8E2
:1033200030304FF48074DB0885F87132FFF7A0FB72
:1033300000220023FF21C5E99A23FE23224A85F8B3
:10334000941292F800C0002285F85C322B46013CB2
:1033500083F8B4226344A4B2002CF8D12846314645
:10336000FFF762FE96F85A2112F0010318BF85F8A4
:103370009C42900705D5E91801330120DBB281F8A2
:103380009C02510705D5E91801330220DBB281F810
:103390009C02120703D51D44032385F89C3239B0E3
:1033A000BDE8F08363181A7A98E7012385F898221C
:1033B00085F89932A0E7FFF7F1FA71218B20EDF73C
:1033C00053FA00BFE0510400B00D00200023036059
:1033D00043608360704700BF80EAE073094A0028B9
:1033E000A3EBE0739BB24FEA033303F2A933A2FBD2
:1033F0000323054AC3F34E23C8BF5B421BB21380AD
:10340000704700BF73B2E745AA170020014BB3F91C
:1034100000007047AA170020014B1878704700BFC2
:10342000CC000020014B5888704700BFAA1700202D
:1034300038B50D46D0F8D41090F8970252420B7E62
:10344000CC7E897E234400FB033041F2C703053064
:10345000084402FB00F003FB00F0002802DA00F54C
:103460007F40FF300414FFF7D1FFC0F12A0000FBBA
:1034700005F504EB450000B238BD00BF00B583B0D0
:1034800001A80DF10601FBF75FFCBDF90620054B15
:10349000BDF8040003EA022343EA101003B05DF80C
:1034A00004FB00BF00F0FF00D0F8D4302DE9F04F4E
:1034B00090F8710283B05A7C4008012A00F10100A3
:1034C0005BD0554A94881389D588A3421A4638BFE1
:1034D0002246954240F29880C3EB450501221B1B12
:1034E0002D1B01264D4C4FF0000CA6F10207B4F83D
:1034F00000E00136B7FA87F77F0901EB871101F584
:103500008071AEEB010E8EEAEE77A7EBEE77022F1D
:1035100017DCB4F8088002F10109B4F804A0E788C8
:10352000C245D34638BFC3465F45C8EB4707A8EB43
:103530000A08A7EB0A0704D9F44443443D445FFA60
:1035400089F2B04204F10C04CFDA002D5ADD4FEAC3
:10355000450B4FF47A704FEACB0103FB00F090FB70
:10356000F1F03AB14FF4FA63520103FB0CF393FB11
:10357000F2F3184403B0BDE8F08F274C2389A588E7
:103580001E46E488AB4238BF2E46B44240D9C3EB56
:1035900044045B1BA4EB050B4FF0010E1F4C4FF0D6
:1035A000000CAEF102050EF1010EB5FA85F56D09BC
:1035B00001EBC511258801F500716D1A85EAE576E4
:1035C000A6EBE576042E16DC571C2689B4F8069087
:1035D0000197B246A788C6EB4908BE42A8EB070888
:1035E000A6EB070638BFBA46D14504D9AC44C3445C
:1035F00033449DF80420704504F10C04D1DABBF18A
:10360000000FA6DC0020ACE700231D461A4668E741
:1036100000239B461A46BFE7B0170020BC170020C6
:10362000D0E934232DE9F0410C46597C06460020B0
:1036300001294BF6803518BF4FF4FA45FBF79AFD88
:10364000D6F8D4300746587C144B0128B3F80080D4
:103650009B89A3EB080309D0A3F58073002BB8BFA7
:103660005B42022B09DD0120BDE8F081A3F5007368
:10367000002BB8BF5B42042B0DDC41463046FFF700
:1036800013FF4FF4FA6303FB08F800EB5813002014
:10369000DB1B5B1B2360BDE8F08100BFB01700207F
:1036A0000346081E07D007DD42104FF4FA6101FB04
:1036B000032393FBF0F0704742425210F5E700BF3E
:1036C00000487047B0170020014B024A1A6070474B
:1036D000FC1F0020F0360100014B1868704700BF46
:1036E000FC1F0020014B1868704700BF002000201D
:1036F00021360100A1360100014B1B681B681847E9
:1037000018010020014B1B685B6818471801002056
:10371000014B1B689B68184718010020014B1B6870
:103720001B69184718010020014B1B685B6918478B
:1037300018010020014B1B689B69184718010020E5
:10374000014B1B68DB69184718010020014B1B68FF
:103750009B6A18471801002030B4044C9DF80850AB
:1037600024680295E468A44630BC60471801002034
:1037700000220D49134610B540FA02F4E40744BF95
:10378000CA545C1C02F1010248BFE3B2042AF3D11F
:10379000054AFF24D118032B01D9107110BD013344
:1037A00001F8014BDBB2F6E7102000206BDF0100CF
:1037B00071DF010073DF010099DF010077DF010095
:1037C000A3DF01007DDF0100ADDF010083DF010029
:1037D000B9DF01008FDF010093DF010085DF010009
:1037E0008BDF0100A9DF0100B3DF0100014B187D71
:1037F000704700BF40180020042810B511D883B1CD
:1038000004280CBF10242824A1420AD2064C54F8E4
:10381000200018B141568A42A8BF0A4600201A70FB
:1038200010BD6FF01500FBE7401800200728034685
:1038300011DC10F12D0F10DB094A101890F82E0042
:1038400002EBC00292F93C209A4207D0002918BF2F
:103850000130C0B270471B2070470020704700BF86
:103860002C520400072808B507DC0021FFF7DEFF13
:10387000034B03EBC003986B08BD3F20FCE700BF80
:103880002C520400072808B507DCFFF7CFFF044BD4
:1038900003EBC00393F93C0008BD0820FCE700BF20
:1038A0002C520400C0B208B520B9044B01229A6022
:1038B0001A6008BD4D21B52002F050F800E010500C
:1038C00010F0FF0008B513D10B4B01225A60DA60EB
:1038D0000A4AC3F800011070D3F8082412F001025C
:1038E00005D1C3F81021C3F81821C3F8142108BD6D
:1038F0007C21B52002F032F800E01050551800206D
:10390000014B01221A7070475518002008B540B9C4
:10391000064BD3F8103113B9054B187808BD0120B8
:10392000FCE7C221B52002F019F800BF00E01050FA
:1039300055180020024BD3F8080400F0010070472E
:1039400000E01050024BD3F8480400F0010070472B
:1039500000E01050024BD3F84004C0B2704700BFE3
:1039600000E0105007490246D1F84C04D1F84C143D
:1039700010F4803005D0D0B201F003031B1A584276
:103980005841704700E0105038B51A4BD3F80C344A
:10399000DA0304D440F27D116D2001F0DFFF164AF6
:1039A0000124164B106A536620F03F00946454645F
:1039B000136CDB03FCD4136A116C03F03F03C1F3F7
:1039C0000A01C1F5806181EAE1750B29A5EBE1757A
:1039D00009DD3F2B04D0013303431362172DE6DCCE
:1039E0000023936438BD0B31F8DA002BF8D0013B8B
:1039F000F2E700BF00E01050000812500100008004
:103A000038B50B4C23781BB100232370FFF7BCFFA4
:103A1000EFF3108572B6637803F0FF000BB9FFF780
:103A20004FFF05B962B6034B00225A6638BD00BF8E
:103A30005818002000081250F8B5104E012704460F
:103A40000D463318DF700AF0B9FA60B934B90C4B7F
:103A500011227771B560C3F80423F8BD40F2291133
:103A60006D2001F07BFF002DF7D01CB90220A84784
:103A7000B460F2E74FF4A271F2E700BF58180020DB
:103A800000E01050044B0022191803EB80034A7128
:103A90009A60CA70704700BF58180020014B188206
:103AA000704700BF58180020014B588A704700BF6C
:103AB00058180020014B188A704700BF5818002082
:103AC00010B5EFF3108472B6064B03445A780132F6
:103AD000D2B25A705B78012B01D1FFF7E3FE04B933
:103AE00062B610BD58180020034610B5EFF31084DD
:103AF00072B611490B445A7822B940F25B216D200D
:103B000001F02CFF5A78013AD2B25A705B7883B92F
:103B10000B7D43B1094BD3F80C34DB0306D44B784F
:103B200003F0FF002BB9FFF7CBFE02E0487D02F067
:103B300095F804B962B610BD5818002000E0105086
:103B400010B50AF03EFA0C4C0AF038FA60B1A37DC9
:103B50003BB90A4B01229A610423E37500232376C3
:103B600010BD0AF031FAF9E703230122E375034B94
:103B7000C3F80423F2E700BF5818002000E01050FB
:103B8000014B01221A62704700E01050044B587E2E
:103B900028B1044BD3F81001B0FA80F04009704707
:103BA0005818002000E0105038B50C4B5D7E5DB910
:103BB00001245C760AF005FA094B1022C3F8105173
:103BC000C3F80423DC6138BDFFF7E0FF0028FAD01A
:103BD00040F297216D2001F0C1FE00BF581800206F
:103BE00000E01050024BD87D003818BF012070470C
:103BF0005818002038B5174C237D23B940F20A31FC
:103C00006D2001F0ABFE01232370A37DC3B9A37E19
:103C1000B3B1227E013B9A4212DA0AF0CFF905468F
:103C200001F0B6FFA37E012B82BF237E01332376F2
:103C300055B1E369C31A0133022B09D935B1E061EB
:103C4000BDE83840FFF77CBF236AF3E72062F7E75F
:103C500038BD00BF5818002037B5184CA37D63B994
:103C6000606A00F00300FFF77DFE30B1EFF31083D0
:103C700072B6E27D1AB103B962B603B030BD01225B
:103C8000E27503B962B608230D4DC5F808334FF449
:103C90002073ADF80630BDF806309BB25A1E92B2C2
:103CA000ADF80620002BF6D1C5F80C3184F8283089
:103CB000FFF746FF0823C5F80433DEE75818002055
:103CC00000E010502DE9F74F4E4C237D002B00F003
:103CD00096800323ADF804304B4BD3F80051D3F852
:103CE0000891D3F8142112B9D3F818216AB100262B
:103CF000C3F81461C3F81861C3F81061637E0BB197
:103D00000AF062F966760AF0FAFA3F4BD3F81031FE
:103D1000002B59D0637E1BB10AF056F9002363765D
:103D2000637913B102238DF80430003D18BF0125DB
:103D300045F01005354E0DF1040A334B4FF00008E5
:103D4000F71EC3F808531AF8010B03280AD03B7872
:103D500043B14FF0000B336887F800B013B19847B8
:103D6000C6F800B008F10103043601374FF001082E
:103D7000022BE8D1B9F1000F08D0234B0022C3F881
:103D800008210422C3F80823FFF766FF94F828608F
:103D9000EA071D4BF6B2D3F80C7108D5E27D032A71
:103DA00005D1A27DA2B90422E27501229A61C7B1B0
:103DB000154B0022C3F80C21E37D042B0DD040F2FB
:103DC0006D316D2001F0CAFD002DD3D00125B1E782
:103DD0000AF0FAF80223E375E9E70223E3750AF033
:103DE000F3F866B1002384F82830E37D022B01D17B
:103DF000FFF7A6FE03B0BDE8F04F0AF0E5B803B048
:103E0000BDE8F08F5818002000E010506018002026
:103E100010B5054C606A00F00300FFF7A3FD002811
:103E2000F8D0002010BD00BF58180020F8B5054696
:103E300050B10278022A07D8437842B9013B1F2BC0
:103E400002D88378212B07D96FF0150088E0002B6A
:103E5000FAD18378002BF7D1634B2022C3F8A0203E
:103E6000BFF34F8FBFF36F8F604EC3F8A0217D2348
:103E70005F4CC6F808330023C6F80031C6F8083195
:103E8000C6F80C316370A370AB886382FFF752FDF4
:103E900010B10123E3706370D6F80C0440F256337E
:103EA00010F4803023821BD0FFF72AFD514801F027
:103EB000ABFE4E4E602360750022C6F804332B78AB
:103EC000A978012B62766262A375A176227620D052
:103ED000022B17D0F3B140F222516D2001F03EFDCC
:103EE000C6F81001FFF7DEFC404AD2F81031002B73
:103EF000FBD0FFF749FD0020FFF7E2FC3E4B00221C
:103F00005A66D3E70AF05DF8D6F80C34D903FBD52E
:103F100002236362FFF716FD40B3FFF71BFD636AE0
:103F200003F00303984221D1AB79D3B9FFF770FFB7
:103F3000A37E63B12B7853B90AF040F8054601F02F
:103F400027FE6FF00043002D4BD0C4E90703012387
:103F5000202200202375244BE075C3F8A0211A62AB
:103F6000F8BD224B0422C3F80423E1E71F4B0122D2
:103F700000215A61C3F8081194F82410C3F84014C2
:103F80001A610422C3F80423AA79002AD0D1D3F8F5
:103F90000423520702D440F2D5419EE7174A17691D
:103FA000116907F0100741F010011161D3F80831D1
:103FB0000BB90AF0FDFB0D4ED6F8083173B1FFF7CF
:103FC00027FF27B90D4A136923F010031361042357
:103FD000C6F808330023C6F80831A9E70AF0E6FB63
:103FE000EAE7C4E90730B2E700E100E000E0105082
:103FF00058180020013A01000008125000ED00E0BE
:1040000038B50C4B0C46197919B183216F2001F09A
:10401000A5FC60B95D790DB1002038BD01225A714F
:10402000FFF74EFD21462846FFF706FDF4E76FF047
:104030001500F2E78418002038B50B4D04462B79A3
:104040001BB19A216F2001F089FC50B96B790BB933
:10405000002038BDFFF716FD20466C71FFF744FDC8
:10406000F6E76FF01500F4E78418002010B501B3EF
:10407000F0B14FF0FF33104A1C46E0FB013494428C
:1040800003D9DB216F2001F069FC1A0DC3F30F1077
:104090000A4B42EA04324FF22444B2FBF4F100EB43
:1040A000024003FB1100B0FBF4F040EA0140013094
:1040B00010BD0846FCE700BF3F420F00000024F49B
:1040C000014B9B68184700BF84180020014BDB6838
:1040D000184700BF84180020014B1B69184700BF18
:1040E0008418002008B5064B1B7923B140F2371124
:1040F0006F2001F033FCBDE80840FFF77BBD00BF37
:1041000084180020034B1A790AB9FFF7CDBC988DAB
:10411000704700BF84180020034B1A790AB9FFF7D3
:10412000C9BC988A704700BF84180020024B1B79D5
:104130000BB9FFF791BD704784180020014B9B69B4
:10414000184700BF8418002038B51D4C237933B3BD
:10415000FFF7C2FF50B91B4DC5F81001FFF7B0FFC4
:10416000D5F81031002BFBD0FFF7B0FF154B6022C4
:10417000C3F80423636A9847002806DB94F82E30BE
:1041800023B10123002084F8303038BDFFF7D6FF7B
:104190000028F6DA40F28D116F2001F0DFFB0A4BA8
:1041A000A3610A4BE3610A4B23620A4BA3600A4BEB
:1041B000E3600A4B2361FFF739FE0028E1D0E4E712
:1041C0008418002000E01050113E0100D5DF0100EE
:1041D000E53B0100C3DF0100C9DF0100CFDF0100C3
:1041E00038B5084B04461D7925B140F2E1116F2026
:1041F00001F0B4FB00F05EFE2046FFF74FFC2846BE
:1042000038BD00BF8418002008B5074800F040FE04
:10421000054800F019F801F071F901F093F800F089
:1042200035FA012008BD00BFB818002008B5054BBD
:104230001A781AB12721032001F090FB58601970F9
:1042400008BD00BFC0180020024B986000221A7001
:104250005A607047C0180020F7B51E4C2378012B18
:10426000DAB204D0022A2ED0012003B0F0BD0DF145
:104270000701606800F026FA65686B7DDB071CD5D6
:10428000AB7F042B19D000F097FE0646A8B100F0D2
:1042900099FE2B69D5E900279A18B36847F1000702
:1042A0000A332CBF012500251B1845EB010593425D
:1042B000BD4102D3606800F0D5FA0023636023702B
:1042C0009DF80700D1E70DF10701606800F006FADC
:1042D000F3E700BFC018002073B505460C4600F098
:1042E0006BFE0646AB7F012B1AD021462B4604F10C
:1042F000180251F8040B914243F8040BF9D1012341
:104300000DF107012846AB7700F0DCF916B101206A
:1043100002B070BD034B042198680AF0A9F9F6E7D2
:104320000020F5E7C0180020024B062198680AF02B
:104330009FB900BFC0180020042300F11802837742
:104340000023037643768376C376044B196811B94C
:104350001A605A60704759680A60FAE7CC18002062
:104360002DE9F843174E002407468846B3682046D7
:1043700033B928B3144B1878BDE8F84301F06EBC8C
:1043800053E9061553F8082CD3F80090521845F15C
:104390000005BA4275EB080510D24CB122681268CC
:1043A0002260A3F11800FFF7C7FF01204B46DFE7AB
:1043B000B268002AF5D01268B260F2E71C46F5E751
:1043C000BDE8F883CC1800201C01002000232DE953
:1043D000F04713600646324B986800285DD0A0F184
:1043E000180550E9063CB3427CEB01040AD250F8B0
:1043F000084CE3184CF1000C9E4271EB0C043CBFDE
:1044000033468C4650F8104C00270A3447F1000020
:10441000E3184CEB000C2846D5F81890B9F1000FC2
:104420003BD059E906E89E4578EB0C0435D290F86C
:1044300014A019F8044CA24526D08CBF01240024F6
:10444000F4B105F11803B645136078EB01030CD203
:1044500059F8083C13EB0E0348F100089E429E46B3
:1044600071EB08033CBFB646884659F8103CA9F1E9
:1044700018000A3347F1000C13EB0E0348EB0C0C49
:10448000AD6955B1183DC7E7B9F80440B0F81CA0B4
:10449000A4EB0A04C4F3C034D2E7BDE8F08700BF40
:1044A000CC1800202DE9F04F85B082834F4A044696
:1044B0000091D2F808C094F81580D0E90030BCF122
:1044C000000F40D0ACF11801002708F00109D1E934
:1044D0000026934270EB06056ED3B9F1000F2CD085
:1044E000277D0D7DAF4228D38D68AD1846F10006BB
:1044F00015F10A0A46F1000E534570EB0E0219D26F
:104500002269D21840F1000792457EEB070B01D2D9
:1045100052467746AA42B7410FD220460024FFF701
:104520000BFF334B187801F099FB009B1C7005B012
:10453000BDE8F08F1A460746ECE78A690F4622B1BC
:10454000A2F11801C3E76246674618F0010F38D0A0
:10455000A168C91840F1000B019192B3019DD2E905
:10456000001615F10A0E4BF10005714576EB0505B5
:1045700027D294F814E0157DAE4519D395686D18CF
:1045800046F1000615F10A0946F100084B4570EBAB
:10459000080113D22169C91840F1000E894578EB52
:1045A0000E0A01D24946C646A9427EEB060EB4D396
:1045B000926932B1183AD1E70A46C6E719468646EB
:1045C000F2E704F118035FB1BA69A261BB6103AA03
:1045D00000200021FFF7FAFE231A5C425C41A4E7A9
:1045E000024AC4F818C09360F1E700BFCC1800205D
:1045F0001C010020F8B5244C0023E360EFF3108287
:1046000072B621686360E160236002B962B6002679
:10461000E36803B9F8BD9A79A3F11800032A07D11A
:104620001A6801219E7153F80C3CE2609847EFE74D
:10463000196851B1A1F11803074600229D7F042D8E
:1046400009D09B7F032B02D1B2B9E16017E063214F
:104650009F2001F083F9B0F81CC09D8BA5EB0C05E1
:104660002D049D6944BF07F118021846002DEBD0B8
:104670001F46A5F11803E1E713681B681360C368C0
:1046800002218677D2E700BFCC18002010B50A4C73
:104690002378FF2B04D04FF483719F2001F05EF943
:1046A000064801F0B1FA064B002220709A601A60A9
:1046B0005A601A8210BD00BF1C010020F5450100A0
:1046C000CC180020044B1A8A10B4541C1C825DF8CC
:1046D000044BFFF7E7BE00BFCC18002037B50446F7
:1046E0000D4601AA00210020FFF770FE231A04F1F5
:1046F0001801584258412870044809F0DFFF10B1F2
:1047000000230120A37703B030BD00BFD4180020E0
:1047100038B5114B044600F118011A68B2B11A6895
:1047200000209AB191420ED108B1A56905601D68BB
:10473000A94204BF12681A605A68914200D15860B9
:104740000023A37707E010461268EAE7034809F060
:10475000B5FF0028F4D138BDCC180020D8180020AF
:1047600037B505460C46FFF7FBFD01AA2846214652
:10477000FFF72CFE28B100F11803034A536103B080
:1047800030BD0346F9E700BFCC18002010B5064C39
:10479000616904F1080009F091FF18B16069002314
:1047A0001838636110BD00BFCC1800209C46144B24
:1047B000F0B59D68FDB115F8043C183D834218D84A
:1047C00012F10A04D5E900364CF10001A34276EB60
:1047D00001070BD22F69FF1846F10006A7428E4150
:1047E00007D3B4F10A0041F1FF31F0BD1C46314658
:1047F000F7E7AD69DEE74FF0FF300146F5E700BFB0
:10480000CC18002008B5837F022B1CD1437D13F008
:10481000020302D00023837708BD03220376437688
:104820008376C3760D4B827700F11802196839B987
:104830001A605A600A4B1878BDE8084001F00EBAB9
:1048400059680A60F5E7837F012BE5D0837F042B4D
:10485000E2D04FF4FA719F2001F080F8CC180020CC
:104860001C01002010B500F118010446084809F0A9
:1048700025FF20B94FF4FF719F2001F06FF820460B
:10488000FFF75AFD034BBDE81040187801F0E6B978
:10489000D41800201C0100202DE9F74FD0F810E0BB
:1048A000BEF1000F04D040F21D219F2001F056F808
:1048B000836890F814800193D0E90014EFF3108915
:1048C00072B6274BB3F810C09B686BB1019D183BC3
:1048D0000A35D3E900264EF1000A6D1844EB0A0AA6
:1048E00095427AEB060707D2B9F1000F35D0C0E93F
:1048F000001403B0BDE8F08F8A4276EB04070CD3B6
:104900001F69BF1846F1000BAF427BEB0A0B34BFA7
:104910000125002575B99B69D7E712F10A0A9D6840
:1049200046F1000715EB0A0547F10007A94274EBB1
:104930000707ECE71D7DA84509D0ECD912F10A0163
:104940009D6846F10004691844F10004E3E79D8B7B
:10495000A5EB0C052D04DED5F0E762B6C7E700BF76
:10496000CC180020034B187800F0FD00431E58427D
:1049700058417047E8180020024B0521586809F09B
:1049800077BE00BFE818002038B5FFF7FFFE00250E
:1049900080B1094CC4E90205256100F0F1FCA06872
:1049A000022329468377C3689847D4E9060109F0B2
:1049B00043FC012038BD00BFE8180020064B986872
:1049C00010B520B94FF42471B02000F0C7FFC368C0
:1049D0000521BDE810401847E81800202DE9F74FE1
:1049E0002F4C814694F82430266A002B3AD1FFF7E9
:1049F000B9FF804618B1E38C9E4238BF1E4600F0D6
:104A0000BBFD83190F46054641F100011846CDE96B
:104A10000013FFF7A5FE40B3019B0099D0E900AB5E
:104A2000534571EB0B0205D2BAEB060553465946C6
:104A30006BF1000728461B4AC4E9063100233946BA
:104A4000C4E90A57236300F06BFD5046594609F04C
:104A500052FCB8F1000F02D0E38C9E421DD002231D
:104A6000114A13E04FF00008C9E794F8243033B13D
:104A70002378023B012B02D8636B01209847002565
:104A800084F8245009F038FC2B46084A84F8383062
:104A9000C9F8002003B0BDE8F08F0123E0E700BFB4
:104AA000E818002079490100DD4B010079E201009E
:104AB0002DE9F04780460F469146444C002B6FD0BD
:104AC0004FF0000AD3E90065C4F830A0864275EBC8
:104AD00001033CBF0D46064629463046C4E906653B
:104AE00009F009FCE38CB6EB080803F1640365EBFD
:104AF000070743455346BB410FDA94F824304BB1C6
:104B00002378023B012B02D8636B012098470023D6
:104B100084F82430FFF726FF8246236A03F5E17309
:104B2000984577F100071CDABAF1000F10D0E08C3D
:104B3000274A301A65F10001C4E90A0100F0F0FCCF
:104B40000623244A84F83830C9F80020BDE8F087ED
:104B50001F4A30462946C4E90A6500F0E1FC0523F6
:104B6000EFE709F0CBFBFFF7B1FAE08C236ABAF16B
:104B7000000F0BD0984209D9301A154A65F100018F
:104B8000C4E90A0100F0CCFC0123DAE7F01A104A6C
:104B900065F10001C4E90A0100F0C2FC0223D0E77C
:104BA00094F8243033B12378023B012B02D8636B95
:104BB00001209847002584F8245009F09FFBFFF757
:104BC00085FA09F099FB2B46034ABBE7E818002059
:104BD00079490100DD4B010079E20100023970B52D
:104BE0000546032900F20D81DFE801F006020840C6
:104BF000854B002283F83920002024E0824C94F871
:104C00003830042B09D8022B28D8013B012B1BD9A3
:104C100040F27911B02000F0A1FE053B012BF7D83E
:104C2000FFF71AFB0028E7D000F096FC00F0A4FC88
:104C300006460C46FFF794FD2A46034621463046B9
:104C4000FFF736FF022070BDFFF706FB0028D3D028
:104C500000F082FC2846FFF7C1FEF3E7FFF7FCFAFD
:104C60000028C9D0012384F83930C5E7664C94F890
:104C70003830013B052B00F2C180DFE803F0032947
:104C800056788097FFF76EFE10B194F8240010B1AB
:104C900040F28311BEE7636B9847012384F8243008
:104CA00000F06AFCA36A594AC01A236B9842ACBF51
:104CB0002063236304F118000BC8C01A61F10001DE
:104CC000C4E90A0100F02CFC022384F8383093E791
:104CD00009F013FBFFF7F4F900F04EFCA36AC21AC7
:104CE000236B9A42B8BF1A462263FFF73BFED4E912
:104CF000063168B194F8240050B9E28C981A434AFE
:104D000061F10001C4E90A0100F00AFC0323DCE7B9
:104D1000323B41F1FF31981841EBE2713B4AC4E963
:104D20000A0100F0FDFB0423CFE7FFF71BFE10B1E3
:104D300094F8245015B14FF4DA716BE700F01CFCC5
:104D4000A36AC01A236B9842ACBF20632363284632
:104D5000636B98470123D4E9060184F82430323884
:104D6000236B41F1FF31C01841EBE371D6E700F04E
:104D700037FB78B194F83930002B7FF457AFFFF749
:104D800003FE00283FF452AF002384F83830204B54
:104D90002B6057E700200021FFF7E2FC08B1FFF786
:104DA00061FD09F0ABFAFFF791F953E7FFF7DAFD80
:104DB00010B194F8245015B14FF4FD712AE700F0BA
:104DC000DBFBA36AC01A236B9842ACBF206323634A
:104DD0002846636B984701230C4A84F82430236BE0
:104DE000D4E90601323841F1FF31C01841EBE371DB
:104DF000C4E90A0100F094FB052366E74FF404714F
:104E000008E740F2152105E7E8180020794901007C
:104E1000154E010002392DE9F041064604292FD82C
:104E2000DFE801F0030A0C2E0F00184A1378003B4C
:104E300018BF012382F8243000201FE0FFF70CFA8E
:104E4000FAE7DFF8488000F0ABFA00F095FB0C467B
:104E50000546FFF785FC0746D8F80800FFF7D2FCA7
:104E6000002300222846C8F8083000232146C8E95C
:104E700006233B463246FFF71BFE0220BDE8F081C9
:104E800040F23B21B02000F069FD00BFE81800208F
:104E9000064A002310B5064C0260606084F8383082
:104EA0002370FFF739F93230206210BD79E201003A
:104EB000E818002008B5074B5A681168064A914265
:104EC00004D040F27521B02000F048FD3230186265
:104ED00008BD00BFE818002079E2010010B5EFF32B
:104EE000108472B6034B0421586809F0C1FB04B961
:104EF00062B610BDE818002008B5094B9A6822B9BF
:104F000040F29621B02000F029FDD3E90621BDE84A
:104F100008408018034A41F1000100F001BB00BFC6
:104F2000E8180020BD49010008B5064B9B6823B96D
:104F30004FF42771B02000F011FDBDE8084000F0EB
:104F40000BBB00BFE818002008B5054B9A6822B9D2
:104F500040F2A221B02000F001FDD86008BD00BFE2
:104F6000E818002008B5054B9A6822B94FF42A7159
:104F7000B02000F0F3FC186108BD00BFE818002065
:104F8000054B1B6910B523B940F2AE21B02000F0EB
:104F9000E5FCBDE810401847E8180020054BDB6829
:104FA00010B523B94FF42D71B02000F0D7FCBDE847
:104FB00010401847E8180020014B9868704700BF60
:104FC000E818002008B5054B9A6822B940F2BF21C5
:104FD000B02000F0C3FCD3E9060108BDE8180020AA
:104FE00008B5FFF7BFFC08B1014BD88C08BD00BF66
:104FF000E81800200028ADBF00F1604000F00F006D
:10500000044B00F56140B4BF185C90F80003400900
:10501000704700BF14ED00E02DE9F04105460E4653
:10502000E1B9114F3B681BB18621452000F096FC89
:1050300038600E48FFF788FF0D48FFF793FF09F02F
:1050400097F86B7D04465B0708D508F0D0FF0A345B
:10505000241A7C6000F0A2FA0028FBD02B6A3146AB
:10506000686ABDE8F04118472819002095500100F2
:1050700075500100064B1B6810B51BB97221452005
:1050800000F06CFC1A6A0421586ABDE81040104711
:1050900028190020064B1B6810B51BB96C21452050
:1050A00000F05CFC1A6A0321586ABDE81040104702
:1050B00028190020024B00221A601A81704700BF95
:1050C0002819002008B5074B1A681AB9B9214520DC
:1050D00000F044FC0449D16000221A60BDE8084099
:1050E000FFF722B9281900201950010030B587B008
:1050F0000C46182200210546684609F0CDFB637A6C
:105100004FF000026168C3F38003029183F0010352
:1051100063F38202237A8DF81430224B8DF8152028
:10512000039323785BBB9DF81500D4E90432400754
:10513000CDE9003207D50A3B01F10A0142F1FF3205
:105140000291CDE90032637A69469DF81520C3F3D8
:10515000400322F003025B0043F0010313438DF888
:105160001530114B5868C0F30800B8B11038FFF77C
:1051700041FF98B92846FFF7AFF807B030BD236963
:10518000049308F02EFF9DF815305B0744BF029B87
:105190000A33CDE9000148BF0293D4E7284608F05E
:1051A0002EFFEAE71950010000ED00E008B50A4BB8
:1051B00002465868C0F3080040B11038FFF71AFFE4
:1051C00020B91046BDE8084008F05FBF1046BDE8B2
:1051D000084008F02BBF00BF00ED00E0174B10B5F2
:1051E0000446586886B0C0F3080010B9002006B025
:1051F00010BD1038FFF7FEFE0028F7D1D1E90423D7
:10520000CDE90400CDE900234B6802930B7A8DF8B9
:1052100014300B4B03934B7A6946C3F340035B0096
:1052200043F00102C0F30723204623F00303134396
:105230008DF8153008F092FFD9E700BF00ED00E0CF
:105240001950010008B50A4B1B6823B94FF4EE71E1
:10525000452000F083FB5B7D5B0703D4BDE808407D
:1052600008F086BF08F084FF0A3041F1000108BD54
:10527000281900207FB508F0B4FE002305930B4BDE
:10528000039340F21E2302934FF0FF33CDE9000158
:10529000694607480493FFF71FF818B9B021432067
:1052A00000F05CFB07B05DF804FB00BFD9520100C1
:1052B0006019002010B5074C94F820304BB9FEF768
:1052C0000BFF30B9012384F82030BDE81040FFF710
:1052D000D1BF10BD6019002008B505292DD8DFE821
:1052E00001F0032E282C2C0D08F077FE144808F04E
:1052F00041FF1E38BDE8084008F075BEFEF7ECFE21
:1053000038B10F4B002283F82020BDE80840FFF79A
:105310000BB808F064FE08B908F05FFE00214FF4F6
:10532000007008F0EDFE0028E0D1CE21432000F00F
:1053300015FBBDE80840FFF79DBFDA21F6E708BD81
:10534000601900204FF000430B4A0021C2F8803062
:10535000A2F58022C2F88031012302F57832C2F82A
:105360000435A2F58022C2F804352022034B1846EA
:1053700083F8201009F090BA00400C50601900200A
:1053800008B51DF04FFC054AD2F8583743F0010329
:10539000C2F85837BDE80840FFF78CBF00200E5018
:1053A00008B51DF04FFC0B4AD2F8583723F0010323
:1053B000C2F858370122084B5A604FF0FF32C3F849
:1053C00008232022054BC3F89021BDE8084000F0D7
:1053D000C3B800BF00200E500050085000E100E0AC
:1053E00008B5FEF779FEB0B90D4BD3F800314BB9D3
:1053F0000C4A536A0133312B53620BD9812143206C
:1054000000F0ACFA08F0EBFD08B18521F7E708F0F1
:10541000E2FD012008BD034B00225A62F9E700BFFC
:1054200000E010506019002040F20251014808B518
:1054300000F08AFAF5FB04001848202208B5C0F8ED
:105440009020BFF34F8FBFF36F8F154BC0F89021A3
:10545000D3F8041521F00301C3F80415D3F8081597
:1054600041F00301C3F8081592FAA2F1B1FA81F1F3
:10547000092904DD40F29F310A4800F065FAC3F8BB
:10548000101501215960D9604FF00041C3F8801018
:105490004FF0FF31C3F80813026108BD00E100E0DE
:1054A00000500850F5FB0400124B4FF4E062C3F8C3
:1054B00038230022C3F8AC25C3F8BC25C3F8CC259B
:1054C000C3F82021C3F82421C3F8282120220A4B45
:1054D000C3F89C21C3F89C20BFF34F8FBFF36F8F9D
:1054E000C3F89020BFF34F8FBFF36F8FC3F89021A5
:1054F000704700BF00200E5000E100E008B5FFF744
:10550000D3FF054B4FF4A062C3F834232022034B92
:10551000C3F89C21DA6108BD00200E5000E100E0D4
:105520000B4B10B51C681CB14B21042000F016FA7F
:10553000B1F5801F1A6001D3FFF776FF054B0122FA
:10554000C3F8A005C3F8A415C3F8AC2510BD00BF6F
:105550008819002000200E50054A136833B100233B
:105560000449C1F8AC35C1F820311360704700BF61
:105570008819002000200E5030B54FF0FF30064C47
:105580006FF04041D4E90023904271EB0305F9D359
:105590001046C3F3130130BD40270E5008B5FFF786
:1055A000EBFF044BD3E90223904299412CBF012029
:1055B000002008BD8819002008B5FFF73DFF024B09
:1055C00001221A6008BD00BF0050085010B5FFF757
:1055D00033FF0F4C0023C4F8BC35C4F82431FFF767
:1055E000CBFF0A3041F10001B1F5801F01D1FFF777
:1055F0001BFF4FF00043C4F8B005C4F8B415C4F85D
:10560000A4310123C4F8BC35024BC3E9020110BD2B
:1056100000200E5088190020144BD3F8342312F4C4
:10562000A06F10B503D1FA21042000F097F9D3F848
:10563000202162B100220E49C3F8AC25C3F8202115
:105640000B6813B94FF48171EEE70A609847074B76
:10565000D3F828214AB10022C3F8CC25C3F8282169
:10566000034BBDE810401B69184710BD00200E50C9
:1056700088190020034610B3007888B91A79012AE6
:105680001ED85A79012A1BD89A680E49643A8A4270
:1056900016D8D8680C4B98422CBF002001207047C8
:1056A00001280CD11A79012A09D85A79012A06D879
:1056B000DA680449643A8A4201D89868EAE7002027
:1056C000704700BF3C8601000040420F70B50446A1
:1056D00008F087FC40F2F966656AD4E90632963331
:1056E00042F100025B1905F5DF6542F10002B5FBEE
:1056F000F6F55B1942F1000283428A410ED294F81A
:105700002A30052B03D0B3216A2000F027F90A21A3
:10571000236A94F858009847B621F5E7044C2368AB
:1057200013B1984700232360BDE87040FFF7CABC5F
:105730009C19002070B504460D4639B9012380F844
:105740005930FFF7C3FF0226304670BD0E78032E96
:1057500070D801A353F826F047570100695701009C
:10576000D35701008B5701004868C72801D800268D
:10577000EAE7042108F0C4FC0028F8D008F035FC62
:105780006968204608F0DFFDDEE790F8286006BB78
:105790004D682846FFF76EFF00284BD02B78D3B911
:1057A000012121702B796A79003B18BF0123002A5F
:1057B00014BF0422022243F004032272AA68A53215
:1057C0006260EA6863720323226184F82A3084F8F5
:1057D00029102046B5E794F82A30052B04D040F272
:1057E00093116A2000F0BAF8267004F130002B798A
:1057F0006A79003B18BF0123002A14BF0422022249
:1058000043F004032272EA686372A532A9686260F9
:10581000D4E906325B1842EBE1722146C4E9043256
:10582000042384F82A30FFF761FC0028D1D140F22C
:105830009511D6E7012384F85930CAE72DE9F843DA
:105840008846074658B300F02FF84FF00009044689
:105850005FFA89F6B44203D86FF00B00BDE8F88315
:10586000304609F1010900F025F890F82A50002D82
:10587000EED1304600F01EF80A490446058580F84E
:105880002A50024680F85860303008F00CFD0123A1
:105890002762284684F82A3088F80060DEE76FF037
:1058A0001500DBE755E30100014B1879704700BF95
:1058B000A0190020044B1A79824283BF1B68602222
:1058C00002FB003000207047A01900200A4610F0AB
:1058D000030110B50AD1074C2271206008B90020DD
:1058E00010BD60235A4308F0D7FFF8E76FF00D00B2
:1058F000F6E700BFA0190020BFF34F8F0549064B04
:10590000CA6802F4E0621343CB60BFF34F8F00BF5D
:10591000FDE700BF00ED00E00400FA05084B01229E
:105920005A604FF0FF32C3F808238022054BC3F8BA
:105930008820BFF34F8FBFF36F8FC3F88821704764
:105940000070045000E100E008B572B6024B5B68DD
:1059500003B19847FFF7D0FFA81900201FB572B612
:10596000144B5C6894B9FFF7C7FFB2FBF6F22B4605
:105970005D1C002AF9D1DBB203F110056D4405F876
:105980000C2C0A2233B901A8A047ECE702460023F9
:105990000A26EDE7013BDBB203F110050DEB05062E
:1059A000B0FBF2F502FB1500303006F80C0C28466F
:1059B000E8E700BFA8190020F8B5234F05460C46BC
:1059C00016463B78002B3CD108F0F7FA7E601F4B5F
:1059D00001263C814FF48062C3F8A4601C4BC3F8DD
:1059E0009020BFF34F8FBFF36F8FC3F89021FFF765
:1059F00095FF184B002D14BF28461846FEF7A4FB50
:105A00000546E0B9FFF756FBFEF790FB08F07FFD77
:105A1000FEF7FAFB18B9B8211120FFF79FFF002C01
:105A20000BDB04F01F036409A4009E4004F16044F2
:105A300004F56144C4F88061266001233B70284668
:105A4000F8BD4FF0FF35FAE7A819002000A0085074
:105A500000E100E044530400074BB3F90830002B89
:105A600009DB5A09012103F01F03994002F14003A9
:105A7000024A42F823107047A819002000E100E014
:105A8000014B1878704700BFA81900202DE9F84F86
:105A90000746894693469846374CDFF8F0A0374DC5
:105AA0002E780136F6B2D5E84F3F0133DBB2C5E8B8
:105AB000403F0028F7D101216160C4F80001C4F81B
:105AC0000401EFF3108072B62D4BC5F80490AB6063
:105AD000C5E905B33B68C4F810357B68C4F81435D4
:105AE000BB68C4F81835FB68C4F81C35254BC4F8EE
:105AF00030351033C4F83835216000B962B6D4F8B7
:105B000000312BB9D4F8043113B92B789E421CD044
:105B1000B8F1000F09D00A9B3BB1D4F840350A9A7E
:105B2000C8F80030D4F83C351360D4F80431002BA9
:105B3000B5D12978B142B2D1C4F80031C4F80431EA
:105B40000323C4F80833BDE8F88FDAF81030DB0619
:105B5000D5D503238021C4F804330B4BC3F8881137
:105B6000D4F80031002BCAD1D4F80431002BC6D1AF
:105B700008F01CFEC3E700BF00700450B4190020F9
:105B80001000000BB819002000E100E000ED00E07B
:105B90001A4B4FF4000270B5C3F89820BFF34F8F33
:105BA000BFF36F8F164C0021164DC4F80011C3F8D7
:105BB00098212E692B6906F0100643F010032B6123
:105BC0000123C4F804332360D4F800319BB11EB91B
:105BD0002B6923F010032B610123D4F808054FF43F
:105BE00000026360C4F808330023C4F80031034B9B
:105BF000C3F8982170BD08F0D9FDE5E700E100E0A9
:105C000000700D5000ED00E038B50B49042301EBA6
:105C1000C302157905F0FF042DB1013BF7D24021F5
:105C20006920FFF79BFE41F8330001215471D8B27F
:105C30009471117138BD00BFD8190020042808B52F
:105C400003D947216920FFF789FE034B002203EBAC
:105C5000C0031A7108BD00BFD8190020042808B578
:105C600003D950216920FFF779FE094B03EBC000EF
:105C70000379012B01D05121F4E743798279013373
:105C8000DBB29A4218BF4371BDE80840FFF7E4BE9B
:105C9000D819002038B505240F4D95F8281005EBCC
:105CA000C1031A79012A09D158799A79904205D00D
:105CB0005A79D2B29A7155F83130984795F8283010
:105CC000013C0133DBB2052B28BF002314F0FF0495
:105CD00085F82830E1D138BDD8190020094B0A4A8F
:105CE000C3F800230132C3F80C230132C3F8182390
:105CF0000132C3F820230132C3F81C230132C3F858
:105D00001021704700A0085004000080074B0022BB
:105D1000C3F80023C3F80C23C3F81823C3F82023C7
:105D2000C3F81C23C3F81021704700BF00A008501F
:105D3000844641EA000313F0030359D1403A33D3B8
:105D4000F0B4F0C9F0C0F0C9F0C0F0C9F0C0F0C9BB
:105D5000F0C0403AF5D2F0BC26E0403A24D300BF70
:105D60000B6803604B6843608B688360CB68C360DB
:105D70000B6903614B6943618B698361CB69C361C3
:105D80000B6A03624B6A43628B6A8362CB6AC362AB
:105D90000B6B03634B6B43638B6B8363CB6BC36393
:105DA00040304031403ADBD230320BD30B680360D5
:105DB0004B6843608B688360CB68C36010301031E0
:105DC000103AF3D20C3205D351F8043B40F8043BAF
:105DD000043AF9D2043208D0D2071CBF11F8013BB3
:105DE00000F8013B01D30B8803806046704700BF79
:105DF000082A13D38B07B0D010F00303ADD0C3F142
:105E00000403D21ADB071CBF11F8013B00F8013B69
:105E1000A3D331F8023B20F8023B9EE7043AD9D3E2
:105E2000013A11F8013B00F8013BF9D20B780370FD
:105E30004B7843708B78837060467047014B1B68CA
:105E40001B68184720010020014B1B685B6818473E
:105E500020010020014B1B689B681847200100208F
:105E6000014B1B681B69184720010020034B186871
:105E7000034BC01A18BF0120704700BF200100204B
:105E8000845E0100DFE80100EBE80100EFE80100BB
:105E9000F7E80100FBE8010081F0004102E000BFEB
:105EA00083F0004330B54FEA41044FEA430594EADA
:105EB000050F08BF90EA020F1FBF54EA000C55EA15
:105EC000020C7FEA645C7FEA655C00F0E2804FEAE6
:105ED0005454D4EB5555B8BF6D420CDD2C4480EAC8
:105EE000020281EA030382EA000083EA010180EAF8
:105EF000020281EA0303362D88BF30BD11F0004F46
:105F00004FEA01314FF4801C4CEA113102D040427B
:105F100061EB410113F0004F4FEA03334CEA1333B6
:105F200002D0524263EB430394EA050F00F0A780CE
:105F3000A4F10104D5F1200E0DDB02FA0EFC22FAC9
:105F400005F2801841F1000103FA0EF2801843FABD
:105F500005F359410EE0A5F120050EF1200E012AAE
:105F600003FA0EFC28BF4CF0020C43FA05F3C018EC
:105F700051EBE37101F0004507D54FF0000EDCF165
:105F8000000C7EEB00006EEB0101B1F5801F1BD30E
:105F9000B1F5001F0CD349085FEA30004FEA3C0C12
:105FA00004F101044FEA445212F5800F80F09A8008
:105FB000BCF1004F08BF5FEA500C50F1000041EB0C
:105FC000045141EA050130BD5FEA4C0C404141EB10
:105FD0000101013C28BFB1F5801FE9D291F0000F0B
:105FE00004BF01460020B1FA81F308BF2033A3F1BA
:105FF0000B03B3F120020CDA0C3208DD02F1140CB1
:10600000C2F10C0201FA0CF021FA02F10CE002F1EB
:106010001402D8BFC2F1200C01FA02F120FA0CFCE4
:10602000DCBF41EA0C019040E41AA2BF01EB04512D
:10603000294330BD6FEA04041F3C1CDA0C340EDC2B
:1060400004F11404C4F1200220FA04F001FA02F36E
:1060500040EA030021FA04F345EA030130BDC4F12C
:106060000C04C4F1200220FA02F001FA04F340EA21
:106070000300294630BD21FA04F0294630BD94F0D2
:10608000000F83F4801306BF81F480110134013DB9
:106090004EE77FEA645C18BF7FEA655C29D094EA2A
:1060A000050F08BF90EA020F05D054EA000C04BFA8
:1060B0001946104630BD91EA030F1EBF0021002093
:1060C00030BD5FEA545C05D14000494128BF41F032
:1060D000004130BD14F580043CBF01F5801130BD96
:1060E00001F0004545F0FE4141F470014FF0000021
:1060F00030BD7FEA645C1ABF194610467FEA655CD2
:106100001CBF0B46024650EA013406BF52EA033573
:1061100091EA030F41F4002130BD00BF90F0000F61
:1061200004BF0021704730B54FF4806404F132049D
:106130004FF000054FF0000150E700BF90F0000F56
:1061400004BF0021704730B54FF4806404F132047D
:1061500010F0004548BF40424FF000013EE700BF4D
:1061600042004FEAE2014FEA31014FEA02701FBFDD
:1061700012F07F4393F07F4F81F06051704732F00F
:106180007F4208BF704793F07F4F04BF41F4002166
:10619000704730B54FF4607401F0004521F00041C4
:1061A0001CE700BF50EA010208BF704730B54FF04E
:1061B00000050AE050EA010208BF704730B511F04F
:1061C000004502D5404261EB41014FF4806404F187
:1061D00032045FEA915C3FF4D8AE4FF003025FEA0D
:1061E000DC0C18BF03325FEADC0C18BF033202EB91
:1061F000DC02C2F1200300FA03FC20FA02F001FAEB
:1062000003FE40EA0E0021FA02F11444BDE600BF8D
:1062100053B94AB9002908BF00281CBF4FF0FF310D
:106220004FF0FF3000F00CB8ADF1080C6DE904CE72
:1062300008F07FFBDDF804E0DDE9022304B07047DD
:10624000704700BF08B5EAF77DFDF2F7B5FAEAF747
:1062500047FB002008BDF1F77BBE04F0F5BB04F05E
:10626000F6BB04F0EEBB0346022200201A700522A2
:1062700058709A70FC22D8705A71512218719A7114
:106280007A22DA716FF016021A7258225A722C2290
:106290009A726F22DA72704703F0DDBF70B5044660
:1062A000F7F7DCF8012805461AD1601CF7F7DEF88D
:1062B000B0B1A3790020E61D63F03F03A371F2F7AC
:1062C0000DFC38B110220021304608F0E5FA00201C
:1062D000257070BD3046F7F7DDF80028F2D0F6E7FC
:1062E0000025F4E710B504461022002108F0D4FA86
:1062F00004F1100310220021184608F0CDFAF7F738
:10630000E3F80020F2F7EAFB20B12046F7F7C2F8E5
:10631000002010BDF7F7A2F80028F6D0F8E710B576
:106320000446FFF735FCB0F5007F09DA10F5007F71
:1063300008DD031EB8BF03339B100020237010BD7F
:106340007F23FAE76FF07E03F7E70078003818BF85
:10635000012003F05DBF37B505460C4600880DF1FE
:10636000060104F088F82B882380BDF8063063808E
:1063700003B030BD38B505460C46EAF7F7FC30B13E
:106380003E2D04D12046BDE83840EAF733BD38BD84
:1063900037B504462046F3F715F9022805460FD015
:1063A00004280DD12378092B0DD0262B21D020468F
:1063B00000F038F8A1782078FFF7DCFF0028E9D05A
:1063C000284603B030BD05213E20FFF7D3FF00284B
:1063D000EDD1E37801A92279684643EA0223ADF8BA
:1063E000003004F0A5F90028D4D053210820EAF7A2
:1063F0003BFA1A213E20FFF7BDFF0028D7D1637971
:106400006946A27901A843EA0223ADF804301123BA
:106410008DF80630F1F794FD0028BBD06621E5E742
:1064200005F0F0BF10B5037804463D2B43D8002B90
:1064300043D0013B3C2B40D8DFE813F0510055001E
:106440005900C0003F0088008E0094009A00A00010
:10645000A400A600B600BC0042003F005E003F0062
:106460006200AA00B000CA00D000C4003F00D600FD
:106470003F00E400FE0004010A013F0010011B017F
:1064800021013F00250133019401720186018E0133
:106490007801800139013F004C01520158015E0131
:1064A000640168016C01B201B801BE01C4019A0126
:1064B000A001AC01A601FF2B10D04FF4EF7108E052
:1064C0000E23B0F80320037042F283039A4203D0F4
:1064D0003221C720EAF7C8F90623637010BD0C23E8
:1064E00003700823F9E71A2303700123F5E73E231D
:1064F00003700223A370F1E73E2303700B23F9E737
:106500002920EAF777FC28B13E2323702223637009
:106510002923EFE70A20EAF76DFC3E23237018B128
:106520001F2363700A23E5E70123A370132363701D
:10653000E37903F00103E371D4F81A30C4F80E30A4
:10654000E38B638294F820302375C7E73E23037002
:10655000042343701423CDE73E2303700C234370C0
:106560000423C7E73E2303700A2343700323C1E7D4
:106570003E2303700D2343700523BBE705232370DF
:106580000423AAE70823FAE7302303700323A4E7D0
:106590003E2303700B2343700723ABE73E230370B6
:1065A000062343700C23A5E71323037083789B0015
:1065B000013392E75723037002238EE73E230370D3
:1065C0000D2397E73E23037001234370112391E7C6
:1065D0003E2303700623437012238BE73E23037090
:1065E00009234370132385E73E2303702420EAF731
:1065F00001FC18B12423A37014236EE70E23A370AB
:1066000010236AE73E2303702520EAF7F3FB227B81
:1066100020B125230B32A37062705FE70F2304F1D2
:106620000B0104F10800A37002F108030232637049
:10663000BDE8104008F019B93E23037003234370EE
:10664000102357E73E23037005234370202351E7AF
:106650003E2303700923437021234BE73E2303703D
:106660002620EAF7C7FB18230028C4D02622A270F0
:1066700033E73E2303700423437027233AE73E2386
:106680000370282336E73E2303702A20EAF7B2FB83
:1066900018B12B2363702A232CE71D236370192361
:1066A00028E73E230370072343701A2322E73E2383
:1066B00003703820EAF79EFB18B13823A370262315
:1066C0000BE72C23A37020236370E38A03F00F03EE
:1066D000E38203E73E2303704C2343702D2309E735
:1066E0003E230370042343702E2303E73E230370ED
:1066F000222343702F23FDE63E23037016234370AD
:106700003023F7E63E2303703123F3E63E23037084
:106710003223EFE63E230370022343703323E9E67E
:106720003E230370142343702223E3E63E230370C9
:10673000037C5B000F3343701D23DBE63E230370B5
:10674000032343701E23D5E63E230370037D5B00C5
:10675000133343701B23CDE63E23037003234370A2
:106760001C23C7E63E230370052343701F23C1E6A5
:10677000FF2303700B234370A223BBE6FF230370A8
:1067800005234370A323B5E6FF2303700D23437055
:106790008023AFE6FF230370292343708123A9E6FA
:1067A0003E2303700C2343702323A3E63E23037090
:1067B0000E23437037239DE63E2303700A23437064
:1067C000352397E63E230370FE2343702B2391E687
:1067D00008B510B96FF0150008BDFFF721FE0028BD
:1067E000F8D00020F8E710B50C4648B141B1FFF7EA
:1067F000CFFD002820700CBF6FF02200002010BDDC
:106800006FF01500FBE7F8B5941C0E4605461746D9
:106810000C446343B3F5004FA8BF4FF0FF3310F0B3
:1068200003019CB203D0B0211420EAF71DF8B4F59F
:10683000004F01D9B121F7E71422043008F02CF8F9
:10684000EF746C802E80F8BD38B50388C4888B4205
:106850000589C4F30E0203D2D1211420EAF704F80B
:1068600084EA0503C3F30E030BB9AC4206D102F16F
:1068700018030122C1528274184438BD1846FCE73F
:10688000023101444A43B2F5004FA8BF4FF0FF3236
:1068900090B21B3020F00300B0F5004F34BF00B2BF
:1068A0004FF0FF30704740881B3020F00300B0F5F8
:1068B000004F34BF00B24FF0FF3080B2704738B5A0
:1068C00003888B4203D2F7211420E9F7CDFF857CA2
:1068D00065B1C388C3F30E031833C25A8A4207D383
:1068E000C152811DEAF796FA00238374284638BD09
:1068F0000025FBE703461830F0B59E88DD88B4B26A
:10690000C6F30E06A54214D05F89DD7C845B3D444E
:10691000E41B0235A4B2354428440D88A54284BF47
:106920000C8025465989B1FA81F149091170DD8140
:10693000F0BD00252846FAE7F8B582880026C3890D
:1069400004460D4692B20E60CBB14189C2F30E02ED
:106950000B4418329BB28718825A4381934204D960
:106960004FF4A2711420E9F77FFF04D1011DEAF76B
:1069700051FA46812F6000230120E381F8BD1846BB
:10698000FCE78388014602899BB29A4202D0083113
:10699000EAF740BA70478388C0889BB2C31A58424E
:1069A00058417047828873B595B2C488C2F30E020D
:1069B000AC4202F1180212D04189C689835A31448F
:1069C00099420EDB0DF10601ADF80650EAF722FA06
:1069D000BDF80600001B18BF012002B070BD0020EA
:1069E000FBE70120F9E770B5C48803460689183033
:1069F000C4F30E0584EA0602C2F30E020AB9B442D9
:106A00000FD19C891A880CB1465B921B914207DC1E
:106A1000DA7C2C440232224410440A461A8270BDA9
:106A200000221046FAE7F8B5038A002B38D08B42D3
:106A300036D3C48800F118038589C4F30E041E19E7
:106A400095B91D55757085891E5B0D443144ADB2F5
:106A500085811953D2B1811DEAF7DCF900238381C6
:106A6000002303820120F8BD1E5BAE4204D04FF428
:106A7000F6711420E9F7F8FEC57C2644878A0235B2
:106A800035445E195F53857DB570DCE7C27C2544D3
:106A900002322A4499189B5A83828B788375DFE7E8
:106AA0000020E0E78388C2889BB29A4206D04289E0
:106AB00022B9C3F30E0318331844704700207047FF
:106AC000C37C0233C8187047C37C0233C81A7047AE
:106AD0000230704738B58388C2889BB29A4207D08B
:106AE00045892DB9011DEAF795F9C581012038BD09
:106AF0000020FCE703881380C388C3F30E03183318
:106B0000034480890B6070470368002223B9C0E901
:106B10000132031D0360704759681B680A44F5E79A
:106B20000729034670B504D84FF4EC711520E9F736
:106B30009BFE0068C0B1446806461A688C4210D0BB
:106B4000106860B901F10805AC420DD3546850508B
:106B50001868651A541800686560505002E01346C2
:106B6000E9E7146830461C6070BD0023C1E90032BB
:106B700003680B600160704730B590B18478B1FB59
:106B8000F4F304FB131300EB430252898A4201D150
:106B9000D8B230BDC27822B900F10803D0B2844225
:106BA00001D8FF20F5E733F8025F01328D42F5D1BD
:106BB000EFE78278038805324B4303EB4203184426
:106BC0007047002307B5CDE900338DF8060068460D
:106BD000EAF700FBB0FA80F0400903B05DF804FB6F
:106BE00037B500240546CDE900448DF80600684617
:106BF000ADF80440EAF7EEFABDF8044008B103B07E
:106C000030BD29462046EAF7C1FA0028EFD040F20D
:106C100035211720E9F728FE70B51E460D460921DB
:106C2000FFF72EFE0446324609212846FFF728FECC
:106C300040EA04031B0454BF00194FF0FF3070BD3D
:106C4000D31D23F0070370B5083390B110F007048B
:106C500003D058212220E9F707FE04604FF6FF75A4
:106C6000C28000F108040A468180013A92B2AA4229
:106C700003D103FB01F0083070BD06682660046094
:106C80001C44F2E718B1C2888188FFF7D9BF70476A
:106C90000346EFF3108272B6006830B101681960E4
:106CA0000023037043708370C37002B962B67047EB
:106CB000EFF3108372B602680A60016003B962B62E
:106CC000704781F00101490010B5C9B2FF238370FC
:106CD00043181C7D012C07D10C3120F81120022211
:106CE0001A750023837010BD0131C9B243181C7D91
:106CF000012CF1D04FF499710920E9F7B5FD2DE988
:106D0000F0410646069898460D46430711469DF801
:106D10001C7002D010F0030003D025214C20E9F7AD
:106D2000A3FD4FF48B72FFF78BFF002F06AB0446D9
:106D300000FB08F114BF00201846EAF78DF817B9D8
:106D4000069B33602C60BDE8F081EAF739BC69B17D
:106D5000C31E012B09D9CB1E012B06D9012805D052
:106D600001290CBF01200220704704207047EAF778
:106D7000A3BC012807D1487900F0C000A0F140036E
:106D8000584258417047002070470B46062203F8CE
:106D9000032BB0F80920A1F80320C27A9A7070473B
:106DA00040F2BD21322008B5E9F75EFD13B5034678
:106DB0000C4690F8DE2002F0FF0032B1A3F136005D
:106DC00000F010FD18230420237002B010BDF8B5A8
:106DD0000E46044620B940F206313220E9F744FD60
:106DE000437A4789002B45D1036DD0F80E20C3F8B4
:106DF0000320428AA3F80720437B026D03F0FD03C2
:106E0000003B18BF0123937094F8545094F8A630B7
:106E10002BB194F8A7301D43002384F8A6302046F8
:106E200000F0E0FCAA0708D025F004050022204667
:106E3000114684F8545000F0F0FE1322334604F15A
:106E4000290103F8032B04F1090252F8040B8A42CA
:106E500043F8040BF9D112781A700023B371637AE6
:106E6000CBB9F1F711FD4B0415D53846BDE8F84014
:106E700001F072BA00213846EAF772F910B940F20F
:106E80001231AAE700210088EAF780F90028BBD078
:106E900040F21531A1E7F8BD38B504460D4600F0C3
:106EA000E8FC94F87030012B03D094F87030002B7C
:106EB000F7D13F220021204607F0EEFC07220023F5
:106EC00084F8585084F84B2040F2011284F8543072
:106ED00084F8A530A4F84C20636684F89430C4F894
:106EE000903084F8A63038BD0023A0F8793180F8BE
:106EF0007B3180F87030704708B5EBF77DFA0120E0
:106F000008BD08B5EBF778FABDE80840EBF7DABC46
:106F100008B5EBF771FAF6F779FFBDE80840EBF733
:106F20003BBD08B5EBF768FAEBF7B0FCF6F76EFF80
:106F3000BDE80840EBF730BD08B5EBF75DFAECF7BC
:106F40000DF9012008BD08B5EBF756FAF6F75EFF1C
:106F5000032008BD08B5EBF74FFAEBF797FCF6F7FF
:106F600055FF032008BD0321ECF726BF0121ECF7F4
:106F700023BF90F83E00003818BF01207047007A08
:106F8000003818BF0120704710B5012104460020C9
:106F9000EAF7E6F810B12146FFF77EFF0121084627
:106FA000EAF7DEF810B12146FFF776FFBDE81040A2
:106FB000EDF718BCEDF7DAB880F84B10704711F018
:106FC000010318BF012210B518BF80F87C218C077F
:106FD00005D55A1C0224034483F87C41D3B24A07E6
:106FE00042BFC018042380F87C3110BD80F85710D0
:106FF000704710B504460846194694F84030023BE5
:10700000012B0AD994F8400000F0FD000038BDE8DB
:10701000104018BF0120F1F761BD0028F2D102F045
:10702000FD02101E18BF012004F03EFB0828E9D025
:10703000012010BD90F8400000F0FD00003818BF9E
:107040000120F1F74BBD38B504460D4690F8A63047
:1070500003F0FF001BBB94F85430013B012B1DD8FB
:1070600004291BD1D4F8103123B14FF42061322010
:10707000E9F7FAFB236D13B940F60121F7E7F3F7BF
:1070800019FD216D04F1E80000F052FCF3F718FD42
:1070900084F8A750FF2384F8A630012038BD0020D3
:1070A000FCE780F84010704701F0FD0380F85510B0
:1070B000B3FA83F35B0980F84C30704710B504468F
:1070C0000846194600280CBF0123002384F8560007
:1070D00084F84D304FF0080384F84E3008D102F0A8
:1070E000FD02101E18BF012004F0DEFA84F84E00E5
:1070F00010BD08B522B940F647213220E9F7B4FBAC
:1071000080F85A101368C0F85B30938890F84120DB
:10711000A0F85F30036D5A72D0F84220C3F80A20FD
:10712000B0F84620DA8108BD80F84910704780F831
:107130004A1070472DE9F041D0F8C8509DF818402A
:10714000954233D190F840208A422FD1002690F802
:1071500045C104F0020E32463146F5B2AC4506D2C6
:1071600004F00500431A58425841BDE8F081471920
:1071700097F87C71A7F10308B8F1010F11D841F01D
:107180000401BEF1000F0ED100EB850553F822700B
:107190000136D5F8CC502B35BD4207D10132D2B2E1
:1071A000DBE73943F0E70132D2B2EDE70020DCE75C
:1071B000012938B5044601D1EBF768FB94F8543047
:1071C00004F16C0513F0030F02D02846EDF7B2FB73
:1071D0002846EDF75DFB2046BDE83840FFF784BE4A
:1071E000A03004F068B838B5012104460020E9F762
:1071F000B7FF20B94FF42E613220E9F735FB6378F1
:1072000080F85430227812F001031CBF012180F86D
:107210007C11910705D5C11801330225DBB281F835
:107220007C51520742BF1B18042283F87C21A378AB
:1072300080F84030E178FFF737FF237980F84B3052
:10724000637980F8573038BD10B504466C30EDF7DF
:1072500071FB2046BDE81040FFF746BE08B501218E
:107260000020E9F77DFF20B940F65F313220E9F7D1
:10727000FBFA90F89400003818BF012008BD0829D7
:1072800070B50646154608461C460CD01946F1F75F
:107290005DFE18B9C1213320E9F7E6FA237843F0FF
:1072A0000203237070BD737C237073681A682A60B0
:1072B0009B88AB80F6E7036863B1EFF3108272B688
:1072C00003681968016002B962B600221A705A7028
:1072D0009A70DA707047333070471FB500240394FA
:1072E0009DF9204002949DF81C4001949DF818409F
:1072F0000094EDF757F804B010BD1FB503939DF946
:107300001830CDE90123FF23042200930023EDF779
:1073100049F805B05DF804FB18B1407BFF3818BF91
:107320000120704708B520B940F299413320E9F7B0
:107330009BFAC07EFF3818BF012008BD08B520B9F0
:1073400040F2A1413320E9F78FFA807DFF3818BF62
:10735000012008BD70B50C460546164604F03CFCFD
:107360006074284604F043FC062EA07407D801235D
:1073700003FA06F212F0550F06D19E4212D00023F6
:107380006370C4E9013313E06370EB1C6360002396
:10739000A3606B78063B13F0FF030AD00935237412
:1073A000E56070BD03236370EB1809356360A56069
:1073B00000231D46F3E738B50D46C178044611F0A9
:1073C0003F0105D128462822BDE8384007F064BABD
:1073D00004F002FC6874204604F009FCA8742379C8
:1073E0006B70E078830900F03F002B70227912F077
:1073F00001011ABF611D0B230523696012F0020110
:107400001CBFE1180633A96018BFDBB2510744BFA7
:107410000133DBB212F008011CBFE11802336961CD
:1074200018BFDBB212F010011CBFE1180333A961D1
:1074300018BFDBB212F020011EBFE1181233DBB21D
:1074400012F04002E96100F104011EBFE2180133AD
:10745000DBB22A62C91A11F0FF0114BFE2180A4612
:107460006A626278013A121AD2B22A741AB10B44D3
:107470001C44EC6038BDEA60FCE7027802F00F02C1
:10748000072A01D1FFF797BFFFF764BF0378012BED
:107490001ED0022B14D053B30339012907D84378E7
:1074A000DA0641BF23F040034370002303624378B0
:1074B00023F0200343700023C3610374C36070474B
:1074C0004378002223F00303426082604370E3E7C5
:1074D0004378022923F0020343704FF000038360D6
:1074E000E5D04278436063F300024270D4E7CA1EDD
:1074F000012A0FD8427812F0100F06D1437823F0FA
:107500000803437000234361C6E722F0030243608F
:10751000836042704378DB06F0D5BDE7012381F03C
:10752000010103704370037100238170C3704371C4
:10753000704730B501250024AB4284700571C570D9
:10754000447107D0022B01D063B130BD0470447088
:107550004571FAE79DF80C309A1E5342534103706F
:107560004370F2E7017042700371C370EDE7037876
:107570002BB14B7823F001034B7000234B60437811
:107580002BB14B7823F002034B7000238B600379FF
:107590002BB14B7823F020034B700023CB61837811
:1075A0002BB14B7823F008034B7000234B61C37859
:1075B0002BB14B7823F010034B7000238B61437980
:1075C00013B100230B74CB6070474378002223F083
:1075D00022038260C2614370704708B5D0F8E8307A
:1075E000D21A04D540F28A312120E9F73DF9D0F8CA
:1075F000C800B2FBF0F008BD022808B511D006D8CB
:10760000012810D040F217119E20E9F72DF9C31E72
:10761000012BF7D8042840F2BE2008BF4FF4D260F7
:1076200008BD6020FCE74FF4BC70F9E770B50D466B
:1076300006460846FFF7E0FF04462846F6F7C4FE74
:1076400000F522434FF47A728C34B133A4B2B3FB09
:10765000F2F31819D6F8103113B1012D08BF40000C
:1076600070BD38B50D46044620B940F23B7121206B
:10767000E9F7FAF891B1F3F729FA10B940F241713C
:10768000F5E7D5E90032A9685B1842F10002C4E9C8
:107690007432B5F92430A4F8F43138BD0022002347
:1076A000C0E97423F9E7002110B50B4690F8454175
:1076B000CAB2944205D2D0F8C800C31A5842584101
:1076C00010BD00EB82022B330131D2F8CC201344E1
:1076D000EEE72DE9F0411E46D0F8103180461746FE
:1076E0002BB1FFF7E0FF0130C0B2BDE8F081D0F868
:1076F000C8400725A4FB0545FFF7D5FF50B1D8E9E1
:107700002C23A41845EB0303A74276EB03030AD20C
:107710000320EAE7D8E93032E41845EB0205A74236
:1077200076EB050501D20220DFE70120DDE72DE938
:10773000F041044606F055FC074688462046D4E949
:107740002C23FFF7C6FF064606F0B0FC18280346B8
:1077500003D800263046BDE8F081421CD4E9361536
:1077600013D04218AA42D4E92A2028BF6B1AD21B90
:1077700060EB0800012A70F100054FF000052FDBD7
:107780009342854100DB13465D186D1A41F2883340
:107790009D4228BF1D4606F024FCC7F13203034476
:1077A0009D42D6D33146284606F0AAFC064600285C
:1077B000CFD006F01AFCD4F8E020D4F8D830A818BE
:1077C000D4F8DC202B44C4F8E0009342C4F8D8304D
:1077D00004BFD4E93A23C4E9302306F004FCB9E736
:1077E0002B46D1E738B5044690F8143103F0FF007A
:1077F00083B3FF2384F8153104F58C752846FDF713
:10780000D5FC284604F5A47506F073FD2846FDF75F
:10781000CDFC284606F06DFD00212046FFF7C8FC90
:1078200094F8163104F1E805ABB1D4F80831E3B1AE
:107830002846F3F71DF9002384F8153194F8160152
:1078400010F0FF0018BF0C2084F81631C4F8103176
:1078500084F8143138BDD4F8100130B1D4F80831AF
:107860001BB900F5E870F3F793F82846F3F790F8A2
:10787000E1E710B5044690F814310BB1FFF7B2FF01
:107880000023A4F80C3110BD90F86C00003818BF2C
:1078900001207047D0F810310BB1FFF7A3BF0C20C7
:1078A0007047F8B506460F4690F8153103F0FF040F
:1078B000002B39D106F095FB054696F87801062F86
:1078C0002AD8DFE807F0043333222E333300FFF7E2
:1078D00093FE00F19804A4B2D6F8B020D6F8D830C0
:1078E000AD1A8C3B2544AB428CBF012400240AD83E
:1078F0003046FFF71CFF30B1D6F8D8408C3CA5428B
:107900002CBF002401242046F8BD0338012898BF6D
:10791000282404F55774DFE74FF44B712120E8F772
:10792000A3FF40F20124D7E70024ECE70124EAE7B3
:10793000F8B50C46054601F5E8770021D4F8D801E2
:10794000F3F77CF8A842064606D18268D4F8D8310D
:107950009A420DD2816959B131463846F3F736F86B
:10796000002331462B622046BDE8F840FFF779BE80
:10797000E9692F629A422CBFAA60AB60F3E710B5A9
:1079800004460020EDF7A4FB2046BDE81040FFF7B9
:1079900070BF034690F8142102F0FF0022B1B3F942
:1079A0000C01003818BF012070472DE9F041044652
:1079B00088B0052900F2C980DFE801F0035B716C33
:1079C000C79090F8153103F0FF064BB10121FFF786
:1079D000EFFBF6F777FA08B0BDE8F041FDF772BBB0
:1079E00006F0C6FB02460B4607468846C4E92C0152
:1079F0002046FFF7F2FD94F8451102940596E1B197
:107A0000D4F8E850D4F8C8207B1BB3FBF2F302FB98
:107A1000035533467D1BDAB2013304EB8202D2F800
:107A2000CC2002F12B0CAC459EBF2B3D0136AD1A8C
:107A3000DAB298BFF6B29142EDD2B4F87A3184F856
:107A40004461C3F30C038DF81860ABB1D4F8403136
:107A50000020039303238DF810308DF8190002A83D
:107A6000ECF770FBD4F8D8008238C4F8E00006F0D8
:107A7000BAFA08B0BDE8F081B0FA80F03A46434661
:107A800040098DF810002046FFF7A7FD003818BF09
:107A90000120E2E708B0BDE8F041F6F78DBBB0F891
:107AA0007A31C3F30C030BB1FFF7CEFB00220123A5
:107AB00002A920460092EDF725FB58B102A904F572
:107AC0008C70FDF713FB0028D3D140F27571212093
:107AD000E8F7CAFE2046ECF789FBCAE790F81531B3
:107AE00023B108B0BDE8F041ECF740BBB0F87A3103
:107AF000C3F30C0323B390F87831033B012BF0D888
:107B000090F87031002BECD1012180F8701144F213
:107B1000365006F0F5FA0028E3D006F066FAD4F8FD
:107B2000D83044F236500344C4F8D830D4F8E030AA
:107B30001844C4F8E00008B0BDE8F04106F053BABC
:107B4000FFF7F5FD002894D1CBE74FF4E571BEE7D0
:107B500030B5044689B00D4690F8142102F0FF03B9
:107B600022B140F267212120E8F77EFEFF2280F853
:107B7000142180F8153180F84431A0F80C31FFF75A
:107B800092FDD0B994F845110346C2B291420CD28D
:107B9000C4F8F0300122002302A920460095EDF739
:107BA000B1FA68B94FF41F71DDE704EB82022B33A1
:107BB0000130D2F8CC201344E7E741F28833E7E7FD
:107BC00002A904F58C70FDF791FA10B940F27D21FD
:107BD000C9E709B030BD38B504460D4690F81431F8
:107BE00023B14FF423712120E8F73EFE11B940F292
:107BF0008D21F8E7ECF7B6FFC4F8105195F88C30FA
:107C000003F0FF0113B140F29321ECE784F8161161
:107C10002046BDE83840FFF79BBF38B504460D4607
:107C2000ECF7A0FF29462046BDE83840FFF790BF9B
:107C300010B5044688B090F8152102F0FF039AB9F8
:107C40001A4602A90093EDF75DFA50B102A904F5B6
:107C50008C70FDF74BFA38B940F25C712120E8F7DF
:107C600003FE2046ECF7C2FAF6F72CF908B0BDE89F
:107C70001040FDF727BA2DE9F041144600250746CC
:107C80000E4604F10F0810220021204606F004FEE3
:107C9000631E711913F8010F11F8012B434582EA95
:107CA00000021A70F6D110350423224621463846C8
:107CB00006F072FD502DEBD1BDE8F0812DE9F041C9
:107CC0001D46D37B88B014468846013307462146BB
:107CD000D373404604236A4606F05EFDE37B04AEA0
:107CE0002146013340463246E373042306F054FD37
:107CF00057B17B1E6A461F37117813F8010F4140B8
:107D0000BB4202F8011BF7D16B462C461A460834D9
:107D100003CAB24244F8080C44F8041C1346F5D1D7
:107D200005F110033246083303CA43F8041C08A9BE
:107D300043F8080C16468A42F4D108B0BDE8F08139
:107D4000F0B59BB004460E46154600211022684649
:107D50001F4606F0A1FD102200210DEB020006F0E7
:107D60009BFD10AA04F1100C2068083454F8041C80
:107D70001346644503C31A46F6D114AA30687168E5
:107D800016AB03C22A4610351068083252F8041C9C
:107D90001C46AA4203C42346F6D108A910A8EDF751
:107DA00057FC3B4604AA694608A8FFF787FF1BB0AB
:107DB000F0BD10B50D210446E9F72CFA0E21E9F7C4
:107DC000CFF9B4F86422B0F85431013294F820129B
:107DD00092B2A4F864221BB193428CBF002301230A
:107DE00094F86622D2B21BB901F00F031A4307D0F0
:107DF000062384F862322046BDE81040F7F756BDEE
:107E0000052384F86232B0F85211B0F83C31B4F86E
:107E1000642201FB0233E381EDE72DE9F04F934645
:107E200090F85D7291F83E2189468BB0002504469A
:107E300040F2712A8DF8183006238DF810508DF815
:107E40001930B7FBF2F102FB1177B9F83A210D2195
:107E5000FFB25743D0F8C4200092E9F7DBF90E21B6
:107E60000190E9F77DF9D4F8D4100AFB07F68046B3
:107E7000C97C012935D102A9019803F0E2FC18B1AF
:107E80004A218E20E8F7F0FC039A019203F019FAD8
:107E9000019A054692F87F00F1F768F994F85D229F
:107EA00098F83E11B2FBF1FC01FB1C2212F0FF021C
:107EB00061D094F811C0B8F83A11624505BF4A4341
:107EC000D8F830110CFB01110AFB021218BF0AFB93
:107ED00001F229180BEB020089B2FCF7C7F800F198
:107EE0001005C4F8C4502046D8F84CA16D00FAF72C
:107EF00019FFD4F8D430824594BF55442D18DB7C4B
:107F000005F2DB15012B059504F118056DD1002F45
:107F10006BD0637C93B3284606F027F940F27122B8
:107F2000B9F83A31009E534340F2A91216EB020809
:107F30002CBF0122002213EB080342F100021B18A0
:107F400042EB0101D4F8C4006FF4D472121A34BFAA
:107F50006FF001004FF0FF30D218059B41EB00019C
:107F6000A3602846CDE9082104A9FDF7BFF8002841
:107F700044D1FF2185E7D8F83021AAE7D4F8BC30F6
:107F800040F2A916A6EB531606F0F2F8D4F8C83062
:107F9000D4F8D4E0F717002BB8BF1F334FEA6318AB
:107FA0004FEAE37C9EF811309EF817E0012BB9F8F8
:107FB0003A3140F2712914BF1022202209FB03F349
:107FC00013EB08034CF1000C083B4CF1FF3CB3EB06
:107FD0000E036CF1000C9B1947EB0C071B1841EBCF
:107FE00007019B1A61F10001ACE7D9F83031D4E9FF
:107FF000002133449B1841F10001A3E70BB0BDE819
:10800000F08F2DE9F0410D210446E9F703F90E2127
:10801000E9F7A6F894F85D52064690F83E71F7F736
:1080200095FE96F83F3103F0FF0853B9A189204629
:10803000F7F7AEFE94F86232042B06D12046FFF724
:10804000B8FEBDE8F041FDF73DB8B5FBF7F307FB1F
:1080500013550135EDB2AF42F3D00123424631460C
:108060002046FFF7DAFEECE738B5D0F8D430044606
:10807000B0F86452B3F847302B448381042380F86E
:10808000623201F00F0141EA0212818980F8202258
:10809000F7F77EFE2046BDE83840FFF78ABE2DE99F
:1080A000F14FDDE90A5B0746894628880D21924693
:1080B0009846E9F755F804460E212888E9F750F864
:1080C0000646E4B390F83F31CBBB94F86732B3BBBC
:1080D00094F86232022B11D190F8723173B1BBF86F
:1080E0000630B0F87051ED1A47F6FD73013DADB2A0
:1080F0009D4203D901462046FAF796FF94F8623272
:10810000032B14D1BBF80630E589AB4241D194F87A
:108110002F210E2A16D894F86232052B0FD00F2289
:108120000221204601B0BDE8F04FFFF79DBF94F853
:108130006232022BE6D094F86232052BE2D001B015
:10814000BDE8F08FB6F83821A4F818321344B7EB25
:108150000A02E38169EB080352EA030114BF01211B
:1081600000215745217479EB0808C4E9007904D24D
:1081700040F23E218E20E8F777FB13B140F23F2119
:10818000F8E702233146204601B0BDE8F04FFFF783
:1081900044BEED1A47F6FD73013DADB29D42CED906
:1081A00094F86232052BCAD0E38903220021A4F897
:1081B0001832B6E72DE9F047914686B00746884663
:1081C00010880D21E8F7CCFF04460E21B9F8000015
:1081D000E8F7C6FF0646002C4DD0237C002B4AD082
:1081E0000025D4F8D4302574DB7C012B0ED103F0AC
:1081F00068F8054699F87F00F0F7B8FF2918D6F817
:10820000300189B2FBF732FF00F110056FF4D47230
:10821000D6F83031D6F84C612046BA1868F1000A19
:108220009B184AF1000AB3EB05096AF1000AFAF754
:1082300079FD86424FF00003694628BF06468DF857
:10824000003040F2026304F1180006EB4506ADF879
:10825000083006F2DB16CDE9049A0196FCF7BEFF62
:1082600048B1D4F8D430A660C4E90078DB7C012B97
:1082700008BFC4F8C45006B0BDE8F08770B50D2142
:108280000546E8F7C7FF0E21E8F76AFF0446FF231B
:1082900080F83F3105F118063046FCF787FF30467D
:1082A00006F027F8002385F8623284F83F3170BD6C
:1082B000D0F8D42090F86232022B20D1D0F8D430FC
:1082C00093F84B30162B16D0282B16D0132B14BF37
:1082D0000F23012390F8201263F3030180F820128A
:1082E000002380F86232B2F84730B0F864120B44D1
:1082F000A2F8473070470123ECE70323EAE7FF23A6
:1083000080F86632704738B50D210546E8F728FF3A
:108310000446F8B90D212846E8F7E6FE0446C8B140
:1083200000214FF42E7206F0B7FA0E212846E8F726
:1083300017FF40B100F1E20200F1DA0104F1DA03C3
:10834000CA30F9F765F840F6FF739D4202D0204627
:10835000EDF700FB204638BD10B50E21E8F7C4FE4E
:10836000044618B95E215320E8F77EFA4FF4BA723A
:10837000002106F091FA0123142284F8F33084F8E6
:10838000F42084F8173110BD40F6FF73984203D1F2
:1083900001F1400004F062BE0846FFF76FBF002302
:1083A00081F8C230704710B50446F0F76DFA4B04FF
:1083B00014D50D212046E8F7D3FE40B10D2120460B
:1083C000E8F7E4FE18B180215320E8F74DFA0E21BA
:1083D0002046E8F7DBFE08B18321F5E710BD2DE963
:1083E000F0410C460E210746E8F714FF80460E21A7
:1083F000E8F7B6FE0D2105464046E8F7B1FE322308
:10840000064623707B7AA4F80480E37095F8163151
:10841000A37197F80A80B8F1010F84F8078028D17A
:108420002946FAF7EFFE414696F9D900FBF72AFAFA
:1084300096F8953260722372D6F85032C3F3072251
:10844000A372C3F30743E272237395F83E3163735B
:10845000B5F83A31E381B5F838312382B5F85231B5
:108460006382B5F85431A382B5F85031E382BDE898
:10847000F081002380F86232B7F90C10BDE8F041BA
:1084800001F0BABA37B504460D4601A80021F0F74D
:10849000CDFA014628B1019B0DF10301DB788DF87F
:1084A00003302A462046F1F7DBFA03B030BD38B579
:1084B00004464568EDF786FE002385F88C32204699
:1084C000BDE8384004F029BA10B50C46114643689F
:1084D000A4F12E020B2A35D8DFE802F00634183456
:1084E0002634342D1134341F93F88D30392B01D0BC
:1084F000502B27D1012200F01EFB002010BD93F865
:108500008D303A2B1ED1EDF749FBF6E793F88D300D
:108510003B2B17D1EDF78AFAEFE793F88D303C2B20
:1085200010D1FFF7C4FFE8E793F88D303F2B09D156
:10853000EDF794FAE1E793F88D30452B02D1EDF792
:10854000B3FADAE70220D9E72E390B291AD8DFE887
:1085500001F006190D19131919160A19191001221B
:108560001A2100F0E8BA1A21EDF718BB1A21EDF72D
:108570005DBA1A21FFF79BBF1A21EDF76FBA1A21D6
:10858000EDF792BA704737B50C466946154603F0C9
:1085900058F978B9019A92F88E30453B012B09D9E8
:1085A00092F88D30453B012B04D92A462146684676
:1085B000EDF7B6FA03B030BD70B50C460E21054696
:1085C000E8F728FE0E210646E8F7CAFD2D22A68010
:1085D00022706A7AE270002A53D190F84820A27182
:1085E000B0F85420A4F8072090F84920627290F85F
:1085F0004A20A27290F84B20E27290F84C2022732D
:1086000090F84D20627390F84E20A27390F84F209E
:10861000E27390F850202274B0F85620A4F811208C
:10862000B0F85820A4F8132090F851206275B0F8E3
:108630005A20E282B0F85C202283B0F85E20628388
:10864000B0F86020A283B0F86220E28390F8522054
:1086500084F8202090F8532084F82120B0F864207A
:10866000628490F8662084F8242090F8672084F8CB
:10867000252090F8682084F8262090F8693084F846
:10868000273070BD2DE9F04F93B00446EDF774F933
:108690000379C27A00210093437A458A0193437893
:1086A00090F805B01193837890F806A00293C378F0
:1086B00090F807900393037890F8088004938389D7
:1086C000C7890593837A068A0693838A0793C38AA8
:1086D0000893038B0993438B0A9302F07F030F22C5
:1086E0000B93838B0C93837F0D93C37F0E9390F832
:1086F00020300F9390F8213004F10A00109306F017
:10870000CBF8009B2046029A2370019B84F801B0AD
:108710006372119B84F802A003F00F0384F80390A6
:1087200084F8048043EA0213C5F30012A4F805702C
:10873000A372039BA4F8076003F0030343EA8203D8
:10874000C5F3400243EAC203C5F38002C5F3C00586
:1087500043EA02130B9A43EA4515049B2373059BD6
:10876000E572A4F80D30069BE373079B2382089BF8
:108770006382099BA3820A9BE3824FF0000362F3AA
:10878000470323760C9BA4F819300D9BE3760E9BD0
:1087900023770F9B6377109BA37713B0BDE8F08F0F
:1087A00008B512210088E8F7DBFC10B1407CC0F36B
:1087B000C00008BD0140002310B5D8B2824201D8E4
:1087C000104605E041FA03F4013314F0010FF4D030
:1087D00010BD0138032810B59DF8084010D8481E78
:1087E00003280DD8501E03280AD8914208D83BB15F
:1087F0000A2C05D840F21740E04000F0010010BDFF
:108800000020FCE773B5817A0446C67AC37B0A0967
:10881000057B01F00F01009306F003032846FFF7E4
:10882000D8FF760705D520B1E07E00902846FFF7F7
:10883000D0FF02B070BD0B7B10B580F848308A7B4A
:108840004B7B43EA0223A0F854308B7AC3F3030333
:1088500080F849308B7AC3F3031380F84A30CB7A1F
:10886000C3F3010380F84B300B7880F84C304B7821
:1088700080F84D308B7880F84E30CB7880F84F30D0
:108880000B7980F850308A794B7943EA0223A0F8BB
:1088900056300A7ACB7943EA0223A0F858304B7A53
:1088A00080F85130CA7AC2F30013C2F3C0049B00AF
:1088B00043EA4403C2F34014C2F3800243EAC40310
:1088C00043EA0213A0F85A304A7C0B7C43EA0223A5
:1088D000A0F85C30CA7C8B7C43EA0223A0F85E30AF
:1088E0004A7D0B7D43EA0223A0F86030CA7D8B7D70
:1088F00043EA0223A0F86230CB7B80F852300B7E33
:10890000C3F3460380F853304B7E8A7E43EA02234A
:10891000A0F86430CB7E80F866300B7F80F867303B
:108920004B7F80F868308B7F80F8693010BD2DE96F
:10893000F84390F800900546884617464468B9F118
:10894000000F07D0D4F8803013F4085F06D0012060
:10895000BDE8F88394F88E30002BF8D14046FFF73D
:1089600051FF0646EFF790FF0B0413D4B9F1000F47
:1089700003D094F88E30002BE9D11A222E212846FC
:1089800003F0F8FF362384F88E30284603F0CEFF3C
:108990000020DDE794F8923013B194F893300BB9CE
:1089A0002F22EBE70EB91E22E8E76B680E2118882C
:1089B000E8F7D6FB064690F8C9304BB16B68FF224A
:1089C00083F84721B9F1000F08D12FB15023DAE71E
:1089D0004146FFF730FFF5E73923D4E7D4F880307C
:1089E0003FB143F40053C4F88030FF2386F8C3300E
:1089F000CBE743F40073C4F8803086F8C370F7E720
:108A0000202A0B4630B5044689B00AD1694618467B
:108A100003F07BFA012269462046FFF788FF09B080
:108A200030BD1A2A05D16946184603F06CFA0022B7
:108A3000F1E7047824B909B0BDE8304003F0C6BFBF
:108A4000097809B0BDE8304003F0ADBF30B589B05A
:108A50000D4604466846FFF715FE6868FFF7A0FE5E
:108A6000694628B1204603F03BFA202009B030BD0A
:108A7000204603F033FA1A20F8E710B54468204680
:108A8000FFF78EFE94F88D3028B143B14FF4EB71AF
:108A9000D520E7F7E9FE33B140F2DB11F8E75023C8
:108AA00084F88D3010BD3923FAE730B589B00D4612
:108AB00004466846FFF7E6FD2A786B6852B993F8DA
:108AC0008E30502B0ED12046694603F035FA202017
:108AD00009B030BD0E211888E8F742FB90F8C3308A
:108AE000002BF0D12046694603F024FA1A20EFE764
:108AF00038B50378044645683BB995F88E304BB1DC
:108B000040F28511D520E7F7AFFED5F8803013F499
:108B1000085FF5D000212846EDF728F823782BB11F
:108B2000D5F8803023F40853C5F880302046BDE8DE
:108B3000384003F00CBF70B5466815460446304611
:108B4000EDF714F815B1002386F847312046BDE84B
:108B5000704003F0E2BE202A0B4630B5044689B0CF
:108B60001FD16946184603F0FCF9656895F88D3009
:108B7000392B01D0502B31D16846FFF743FE50B35B
:108B80000E212888E8F7ECFA90F8C93003F0FF05C9
:108B9000DBB100223A212046FFF7CDFF002009B0CB
:108BA00030BD1A2A04D16946184603F0D8F9DCE72B
:108BB000047824B909B0BDE8304003F007BF097854
:108BC00009B0BDE8304003F0EEBE6946FFF733FE62
:108BD00001222946DFE701221E21DCE70120DEE732
:108BE00070B50C460E210546E8F714FB0E2106462B
:108BF000E8F7B6FA2F23A680014623706B7AE3705C
:108C00002BB9A01D4822BDE87040FDF791B870BD9A
:108C100070B54568044695F88E60D6B9EFF734FE16
:108C20000B040CD41A222046362103F0A3FE36236F
:108C3000204685F88E3003F079FE304670BD95F8F9
:108C4000923013B195F893300BB92F22EBE7112234
:108C5000E9E70126F1E708B5436893F88D201AB1DA
:108C60008A21D820E7F700FE3A2283F88D2008BD3C
:108C700038B504460846636893F88D303A2B11D115
:108C800003F084F9636805460E211888E8F768FA4E
:108C900048222946FDF74CF820460021ECF77EFFDC
:108CA000002038BD0120FCE74B6813B504460E21B7
:108CB0001888E8F755FA4FF0000390F8162101A93B
:108CC000204662F305038DF8043003F087F9022093
:108CD00002B010BD08B5436893F88D201AB1DC21AD
:108CE000D620E7F7C1FD3B2283F88D2008BD70B583
:108CF00006780446456836B995F88E303BB1E421D4
:108D0000D620E7F7B1FDD5F880305B05F7D5002117
:108D10002046EDF7C7F82EB1D5F8803023F48063F4
:108D2000C5F880302046BDE8704003F010BE03282F
:108D30002DE9F843154699469DF820409DF824807A
:108D40009DF834709DF8406002D90020BDE8F8839A
:108D50000846FAF7C7F90028F7D0002DF5D009F139
:108D6000FF33022BF1D8002CEFD0221FD2B2FA2A07
:108D7000EBD9FF2C10D0B9F1010FE6D0B9F1020FF9
:108D80002FD104F0FD04012CDFD1B8F1000FDCD0AD
:108D90009DF828309845D8D89DF82C30032BD4D88E
:108DA0009DF83030013B022BCFD87B1E012B01D91F
:108DB000082FCAD19DF83830062BC6D89DF83C3014
:108DC0003343012BC1D8012EC0D19DF84430012B73
:108DD000BBD89DF84800023806288CBF002001202F
:108DE000B4E7022CD0E703787F2B10B504468CB093
:108DF00002D900200CB010BD3F2B03F03F0004D877
:108E000003288CBF00200120F4E7637D611C0A93D6
:108E1000237D1A0903F00F0309920893E37CC3F33F
:108E2000011203F00F0307920693A37C0593637C62
:108E30000493237C0393E37B0293A37B0193637BE3
:108E40000093237BE27AFFF772FF0028D1D0A37D45
:108E5000072BCED8E37D072BCBD8237E092BC8D890
:108E6000607E0228CDE7032930B504469DF80C50FA
:108E7000184601D0032A03D1237913F001031ED031
:108E800010B9A3793BB930BD0138012894BFE0790E
:108E9000207A0028F7D0022D0BD1637A13F002005C
:108EA000F1D09DF81030012B0BD1A07CC0F38000D5
:108EB000E9E7082DF5D1637A13F00400F0E71846CE
:108EC000E1E70120DFE72DE9F34104468846ECF7AE
:108ED00053FD0546E67C98F8F23006F03007B7FA05
:108EE00087F25209134113F0010335D0237D03F0BB
:108EF0000F030193A37C009306F00F03627B217B99
:108F0000FFF7B1FF28B3A27D062A04D8AB8A13412C
:108F100013F0010320D0E27D062A04D8EB8A134126
:108F200013F0010318D0227E082A04D82B8B13419A
:108F300013F0010310D0627E012A04D86B8B134119
:108F400013F0010308D0730603D517B9A87CC0F34A
:108F5000001002B0BDE8F0811846FAE7F7B54668A0
:108F600005460F4696F88D303B2B34D10E213088C4
:108F7000E8F7F6F801A90446384603F034F89DF8FE
:108F8000042094F8161102F03F0294F8F8308A4257
:108F900015D0012283B984F8173184F8F8201E21F6
:108FA0002846ECF77FFF002486F84941284603F065
:108FB000B4FC204603B0F0BD84F81721EFE733B9C5
:108FC000012284F8172184F818310021E8E70023F2
:108FD00084F81731F9E70120ECE770B50C460E2153
:108FE0000646E8F717F9302305462370767AA08005
:108FF000E670BEB90E21E8F7B3F80D210446A0F8DB
:1090000040612846E8F7ACF848B100F1DA0304F112
:10901000E20204F1DA0104F1CA00F8F7F9F9FF23DA
:1090200084F8C43070BD7FB505460E4601A80C21FA
:109030001446E7F779FE01AB03CB039B6960286018
:109040003360F0F7DBFC0546F0F7D8FC6060256084
:1090500004B070BD10B5A0F1880400F1620200F107
:1090600056014A30FFF7DFFF0E212046E8F7D2F81D
:109070000221E8F775F83E2380F88E3010BD4B686A
:109080000E2110B504461888E8F76AF800F1E203EB
:1090900000F1DA0200F1CA01204602F079FF152042
:1090A00010BD4B680E2110B504461888E8F758F833
:1090B00000F1EA0300F1DE0200F1D201204602F0E5
:1090C00089FF152010BD08B5436893F88D201AB1AB
:1090D0005821D420E7F7C8FB3C2283F88D2008BD37
:1090E000426838B592F88D3004460D463C3B022B61
:1090F00012D80E211088E8F733F800F1EA0300F1E6
:10910000DE0200F1D201284602F066FF204600216F
:10911000FFF7CDF9002038BD0120FCE738B54568E0
:10912000044695F88E303C3B022B03D9B721D4205E
:10913000E7F79AFB03F00BFC0021204685F88E1020
:10914000BDE83840EDF73EB83F3804288CBF00201A
:10915000012070473F3804288CBF00200120704751
:10916000F8B500F1F9070E460446154600F148022D
:109170003846F9F7E1FF84F814013046F9F714FC9A
:10918000A02201463846F9F7D9FCA84228BF284654
:10919000F8BD73B50E21AA38E8F73CF869460546D4
:1091A00002F04FFB044660B92846019EFFF7ABF87A
:1091B00048B907223221684603F0DCFB362386F8E3
:1091C0008E3002B070BD012380F8623280F8D84042
:1091D0004123F4E738B50B780C4615461BB192F9DC
:1091E0000020803209D190F87500F3F73FFF01238A
:1091F0008340237000232B7038BD013B012202FA0B
:1092000003F30B70F8E738B5044691F874000D4687
:10921000F3F72CFF012394F857218340DBB29A42E5
:1092200022D028880F21E7F79BFF054620B94FF48D
:10923000C171D320E7F718FB94F8570104F0C1F986
:1092400005EB400595F9193094F9582113446FF056
:109250007E029342B8BF134694F9F4209342A8BF0C
:10926000134684F8593138BD95F97C30ECE738B5B0
:10927000044690F874000D46F3F7F8FE012303FA54
:1092800000F2D2B2AA4214D020880F21E7F768FF7B
:10929000044608B9002038BD284604F092F904EBD2
:1092A000400494F921307D2BF4DCBDE8384004F013
:1092B000C5B91846EFE770B54D6888B006460E216F
:1092C0002888E7F74DFF95F81F31044623B9B5F814
:1092D00086300633A0F83C3194F82D310DF10302AD
:1092E0000DF1020128468DF8023094F82E318DF8E8
:1092F0000330FFF76FFF1C22002101A805F0CCFA14
:1093000094F816214FF00003304601A962F30503DB
:109310008DF80430B4F83C31ADF8053094F83031B4
:109320008DF8073094F831318DF8083094F83231E7
:109330008DF8093094F834318DF80A3094F83531CD
:109340008DF80B3094F836318DF80C30B4F850317C
:10935000ADF80D30B4F83831ADF80F3094F83E3137
:109360008DF81130B4F83A31ADF81230B4F84C3110
:10937000ADF8143094F84E318DF81630B4F85231FF
:10938000ADF81730B4F85431ADF8193094F85631BF
:109390008DF81B3094F82F318DF81C309DF8023079
:1093A0008DF81D309DF803308DF81E30FF238DF8A9
:1093B0001F3002F0A2FE1D2008B070BD08B5436842
:1093C00093F88D2022B14FF4F971D320E7F74CFACE
:1093D0003F2283F88D2008BD4368F7B50E2107466C
:1093E0001888E7F7BDFE0446D0F84C2190F85611D6
:1093F000FFF7B6FE94F83E310546C4F84C01012B48
:109400001CD9B4F83A611EB9E321D320E7F72CFA4E
:1094100040F271235E4301F054FF00F5FA713046CB
:1094200089B2FAF723FE00F20A202B189E4205D2D9
:10943000351A40F2E2439D4238BF1D46D4F8303120
:109440006A46394620460093D4F83431C4F84C516A
:10945000019301ABECF7C8FE009B23F07F43C4F8F7
:109460003031019B23F07F43C4F8343103B0F0BDA9
:1094700070B54D6888B006460E212888E7F770FE63
:1094800095F81F3104466BB9B5F88620B0F83C1149
:10949000C2F57F43FA330B441BB2002BDCBF06320C
:1094A000A0F83C2194F82D310DF107020DF10601D1
:1094B00028468DF8063094F82E318DF80730FFF7E6
:1094C00089FE1522002102A805F0E6F994F816217C
:1094D0004FF00003304602A962F305038DF808300F
:1094E000B4F83C31ADF8093094F830318DF80B30D8
:1094F00094F831318DF80C3094F832318DF80D300C
:1095000094F834318DF80E3094F835318DF80F30F1
:1095100094F836318DF81030B4F83831ADF8113098
:1095200094F83E318DF81330B4F83A31ADF8143078
:10953000B4F84C31ADF8163094F84E318DF818303F
:1095400094F856318DF819309DF806308DF81A30A0
:109550009DF807308DF81B3002F05AFE162008B037
:1095600070BD08B5436893F88E00FFF7EDFD20B994
:1095700040F2D621D320E7F777F9432283F88E20F3
:1095800008BDF8B517461D46064608460C46F9F7CD
:109590000BFAAB78BA78934228BF1346984201D9A8
:1095A0000020F8BD31462046F9F70AFA7B7883425D
:1095B000F6D3B6FA86F120464909F9F701FA6B7835
:1095C000834234BF00200120EBE7FFF705BF70B5F1
:1095D0004D6886B006460E212888E7F7C1FD95F84C
:1095E0001F3104466BB9B5F88620B0F83C11C2F5BE
:1095F0007F43FA330B441BB2002BDCBF0632A0F8CA
:109600003C2194F82D310DF103020DF102012846A1
:109610008DF8023094F82E318DF80330FFF7DAFD23
:109620001222002101A805F037F994F816214FF015
:109630000003304601A962F305038DF80430B4F845
:109640003C31ADF8053094F830318DF8073094F89E
:1096500031318DF8083094F832318DF80930B4F892
:109660003831ADF80A3094F83E318DF80C30B4F84A
:109670003A31ADF80D3094F84C318DF80F3094F844
:109680004D318DF8103094F84E318DF8113094F83A
:1096900056318DF812309DF802308DF813309DF858
:1096A00003308DF8143002F00FFE132006B070BDA9
:1096B000436810B5044693F88E00FFF745FD60B18E
:1096C0000022204683F88E2003F041F92046012233
:1096D0000021BDE81040ECF723BA93F88D00FFF7A6
:1096E00033FD18B1204603F018F9EFE740F2A64128
:1096F000D320E7F7B9F873B54E6805460E213088D8
:10970000E7F72EFD0D2104463088E7F729FD18B94B
:109710003521D220E7F7A8F896F88D3001A9D0F8C6
:10972000D420452B18BF8389284618BFA4F846319A
:109730004FF00003527F62F305038DF80430B4F854
:109740004631ADF8053094F844318DF8073002F019
:109750000BFE052002B070BD10B544680D212088B5
:10976000E7F7FEFC18B94D21D220E7F77DF894F811
:109770008D300BB14F21F7E7452384F88D30BDE8DC
:109780001040FEF795BD2DE9F34146680546884631
:1097900096F88E70002F69D10378002B3BD13521CC
:1097A00096F88D00FEF76EFE0446EFF76DF80B0499
:1097B00056D596F89230002B54D096F89330002B63
:1097C00050D0CCB9404601A902F0DCFDD5F80480A8
:1097D0000E21B8F80000E7F7C3FC0D210446B8F8E5
:1097E0000000E7F7BDFC9DF8043094F8162103F063
:1097F0003F03934211D00C2422463521284603F022
:10980000B9F83623284686F88E3003F08FF83846AC
:1098100002B0BDE8F0813C46C7E70028EBD090F8E5
:109820006232012BE7D090F86632EBB9BDF8052023
:10983000B4F8541193B231B1B4F840C1A3EB0C03A6
:109840009BB29942D7D99DF80730A4F8482184F8F3
:10985000443190F862320BB1FEF72AFD4623D1E77E
:109860001A24C9E72F24C7E73A24C5E70127CEE722
:1098700073B54E6805460E213088E7F771FC0D215F
:1098800004463088E7F76CFC18B9D621D220E6F7F9
:10989000EBFF96F88E3001A9D0F8D420462B08BFF4
:1098A0008389284608BFA4F846314FF00003527F51
:1098B00062F305038DF80430B4F84631ADF8053095
:1098C00094F844318DF8073002F067FD052002B0AE
:1098D00070BD70B54568044695F88E30453B012B48
:1098E00003D9EB21D220E6F7BFFF0E212888E7F746
:1098F00037FC0D2106462888E7F732FC002386F85E
:10990000453168B9002296F845112046ECF708F970
:109910000023204685F88E30BDE8704003F017B86C
:1099200090F86232002BEDD0F2E7F7B546680546B5
:109930000F4696F88D30453B012B3CD80E213088E0
:10994000E7F70EFC0D2104463088E7F709FC01A972
:109950000646384602F02FFD9DF8043094F8162193
:1099600003F03F0393424FF000030BBF84F84531EF
:109970001E22019B84F845210DBFC3F30F23A4F8D9
:109980004831A4F84631A4F848317EB9002294F851
:1099900045112846ECF7C4F86B68002483F84B4166
:1099A000284602F0BAFF204603B0F0BD96F86232B6
:1099B000002BEBD0F0E70120F6E770B552680446C3
:1099C000B0F8545192F84B0108B13A2070BD91F8AB
:1099D000666206F0FF00002EF7D1012D0AD003D9F0
:1099E000B1F86412A94205D2FF2182F84B1184F824
:1099F0004431EBE70C20E9E70029F8B511DDD0F898
:109A0000D4708CB2002600F1DA0501362846F7F74B
:109A1000EBFAB3B2A342F8D3B7F847301C44A7F827
:109A20004740F8BD7FB54D6806460E212888E7F708
:109A300097FB04460D212888E7F792FBD4F86A11BA
:109A4000034601AAD4F8660103C2B4F86E1111806E
:109A500095F88D20442A11D0B5F886200632A4F856
:109A60007021442285F88D2043B193F862222AB1F7
:109A700093F8D83013B1012384F87231B4F87031FF
:109A8000304601A9ADF80E3002F0A0FC0D2004B064
:109A900070BD08B543680E211888E7F761FBFF2306
:109AA00080F8C73008BD2DE9FF4146680F46804663
:109AB0000E213088E7F754FB0D2104463088E7F784
:109AC0004FFB01A90546384602F08FFC96F88E70D0
:109AD0009FBB96F8923033B396F893301BB301AB2B
:109AE00003CB1B88C4F85C01C4F86011A4F864318E
:109AF000B5B195F862329BB195F8D83083B9BDF80D
:109B00000E20B6F88610531E5B1A47F6FD719BB205
:109B10008B420CD92823424629462046FFF74DFFA9
:109B2000FF2384F8C830384604B0BDE8F081012333
:109B3000A4F8702184F87231F2E70127F3E70020DE
:109B400070470020704701207047704700EA4000CE
:109B500000EA400000EA400000EA400000EA40005D
:109B600000EA4000B0FA80F04009704708B50346AB
:109B700010468B4209D03AB183EA010002F02CFE74
:109B800001288CBF0020012008BD0120FCE737B56B
:109B9000002304460D46CDE900336846E7F71AFB7B
:109BA00030B10023CDE9003302238DF8063012E0F6
:109BB000009B2A462046196AFFF7D8FF0028ECD000
:109BC000012003B030BD009B2A462046196AFFF7EA
:109BD000CDFF0028F4D16846E7F7FCFA0028F2D060
:109BE0000023CDE9003304238DF8063007E0009B05
:109BF0002A4620461968FFF7B9FF0028E0D16846D9
:109C0000E7F7E8FA0028F2D00023CDE90033052376
:109C10008DF8063007E0009B2A4620461968FFF7BA
:109C2000A5FF0028CCD16846E7F7D4FA0028F2D087
:109C30000023CDE9003309238DF8063008E0009BAE
:109C40002A462046D3F8BC11FFF790FF0028B7D171
:109C50006846E7F7BFFA0028F1D00023CDE90033CA
:109C60000B238DF8063008E0009B2A462046D3F8E7
:109C7000E410FFF77BFF0028A2D16846E7F7AAFAB5
:109C80000028F1D000224FF44023CDE9002368469C
:109C9000E7F7A0FA58B10023CDE900330A238DF885
:109CA00006306846E7F796FA58B1002089E7009B2E
:109CB0002A462046D3F8E410FFF758FF0028E6D0E4
:109CC0007EE7009B2A462046D3F83C11FFF74EFF63
:109CD0000028E6D075E770B523260025EFF78EFE45
:109CE0000446ECF745FF20B100212046FFF74FFF67
:109CF00050B10020013E01D00028EFD04DB940F214
:109D000015210F20E6F7B0FD20462546ECF766FF4B
:109D1000F0E7284670BD00F0FD00003818BF0120B4
:109D200070476FF45063C318062B8EBF40F2E243B6
:109D3000A0F550604FF47A73584370470378012BB5
:109D400003BFC07FB0FA80F040090020704720B107
:109D500090F86202003818BF0120704710B5044621
:109D600038B1EEF79BFD24EA0000B0FA80F040091C
:109D700010BD0120FCE72DE9F0411646B0F86670F1
:109D8000B0F8685071B303F0CAFA0446022101F03A
:109D9000F1FC80460221204601F0ECFC474528BF3B
:109DA0004746BFB21B2F38BF1B27FB2F28BFFB27FF
:109DB000854228BF05467780ADB21B2D38BF1B25D5
:109DC000FB2D28BFFB25B4F5A47F38BF4FF4A47446
:109DD000F580B4F5296F28BF4FF42964B48034812D
:109DE000BDE8F08103F0A3F9CFE7002307B5CDE983
:109DF000003303238DF806306846E7F7EBF908B126
:109E0000002004E0009803F0A7F90028F4D003B084
:109E10005DF804FB13B501210020E7F7A1F9C0B9F3
:109E200001210846E7F79CF9F8B9FFF7DEFFA0B972
:109E300006236C46019000908DF806302046E7F727
:109E4000C9F9C0B100230093636007238DF8063081
:109E50001FE0A830FDF718FD10B1012002B010BDC1
:109E6000FDF7FCF90028DBD0F7E7A830FDF70CFD83
:109E70000028DAD0F1E70098403003F0AFF800286E
:109E8000DCD0EAE7009B586F503003F0A7F80028B9
:109E9000E4D12046E7F79EF90028F3D00020DDE763
:109EA0001FB5002240F6881303A90092F9F754FC6D
:109EB00005B05DF804FB70B505461C46084616461D
:109EC000AB7C83B1EB7C73B10E21E7F749F92368D2
:109ED000C0F866316368C0F86A312389A0F86E3132
:109EE000FF2386F8243070BDF0B587B005460088A2
:109EF00001A901F0A6FC044600287BD1029B93F83F
:109F00006A21D11E4A424A418DF802209DF8042060
:109F1000002A72D193F88E20232A72D19DF8022054
:109F200082F0010293F8E0308DF803209B0603D401
:109F30009DF80330002B68D0EB881B3B9BB2E02BD5
:109F400065D8298944F24810A1F5A4739BB28342D5
:109F50005DD86B881B3B9BB2E02B58D8AA88A2F532
:109F6000A4739BB2834252D8B1F5296F51D8B2F590
:109F7000296F4ED8029EFF2786F82B719DF802307C
:109F8000002B40D19DF8041003AA3046B1FA81F1AC
:109F90004909FFF7F0FE6A88BDF8123040F6480024
:109FA000BDF814109342B5F806C028BF134681428D
:109FB000AA88A6F8303128BF0146BDF80E306345A7
:109FC00028BF6346A6F82C31BDF81030834228BF65
:109FD00003462889834228BF03468A42A6F82E31C9
:109FE000134628BF0B46A6F8323186F82A710023A3
:109FF00086F82B31204607B0F0BDD3F880209206BA
:10A000008CD422468EE73A24F1E71A24F2E7122490
:10A01000F0E71124EEE710B50446FFF7E6FE58B965
:10A0200001210020E7F79CF8D0B901210846E7F7A5
:10A0300097F8D8B9012009E0EEF7E8FB68B1EDF731
:10A0400033F8044603F0CEF808B1002010BD2046D6
:10A0500003F0C4F80028E3D0F7E7002CE0D1F4E7E0
:10A06000A830FDF711FC0028DFD0EEE7A830FDF79F
:10A070000BFC80F00100C0B2E8E7037843B1406810
:10A0800090F8DA3123B1002380F8DA31F1F7DAB849
:10A09000704710B503780446012B01D9122010BD7A
:10A0A000FFF7B8FE60B92078FFF735FE01280DD024
:10A0B00004F11703E21D611CBDE81040EEF79ABEE3
:10A0C000EEF72AFF0028EED00C20E8E7A37903F092
:10A0D000C003C02BE2D1EBE710B503780446012B97
:10A0E0000AD8FFF797FE48B9214611F8010BFFF790
:10A0F00012FE01F0CAFA38B9122010BDEEF70CFFBB
:10A100000028F1D00C20F8E70020F6E708B5008819
:10A11000EEF708FF00280CBF3020002008BD38B53E
:10A120000546FFF777FE044638B92878003818BF8F
:10A130000120EEF7EBFE204638BD0C20FCE708B509
:10A14000FFF768FE18B9EEF7D1FE002008BDEEF764
:10A15000E3FE0028F7D00C20F8E708230370002066
:10A160007047112243F21F030270C2705922A0F8F7
:10A1700001308280C38000207047082108B5E6F7CF
:10A18000D3FD002008BD73B5064600880C46088044
:10A19000694680B201F055FB054640B9B3784BB92A
:10A1A000019B93F97C00A070F2F7E4FFA0702846B1
:10A1B00002B070BD7F20FFF773FEF4E710B50446D0
:10A1C0006FF07F00FFF76CFEF2F7D4FF20707F2066
:10A1D000FFF766FEF2F7CEFF6070002010BD10B5ED
:10A1E0000446F3F709F800EB80035B002380F3F7E4
:10A1F00009F800EB800300205B00638010BD0A4675
:10A2000000F1100108B5072304F0C6FA002008BDCC
:10A21000012138B505460846E6F7A2FF20B940F609
:10A22000CD113920E6F720FBA830FDF72DFB0446C1
:10A2300020B92846EAF74CFF204638BD0C20FCE741
:10A2400010B5014604460020EEF72EFC08B9206048
:10A25000A080002010BD10B50446EEF7A7FA28B97B
:10A2600000202146EEF708FC002010BD0020FFF77B
:10A27000D2FE0028F4D10C20F7E710B504460120E7
:10A28000FFF7C9FE28B101202146EEF7F5FB0020BB
:10A2900010BD0C20FCE737B500880C460D4669461A
:10A2A00024F8020B80B201F0CCFA70B9019B03F1E3
:10A2B000970283F8CB00116821601179217193F81E
:10A2C000CB100029F5D103B030BD0023C5F8023012
:10A2D0002371F8E7FFF708BE1FB502880A8044F231
:10A2E000902183888B4215D8B3F5296FADF80420EF
:10A2F000428801A828BF4FF42963ADF80620ADF8C5
:10A300000830ADF80A20ADF80C30FFF7EDFD05B0D0
:10A310005DF804FB1220FAE737B508800D46694660
:10A3200001F08FFA044640B99DF800102A460198C2
:10A33000B1FA81F14909FFF71EFD204603B030BD97
:10A3400003466FF06F0100200A2210B56FF004047D
:10A35000587099701C70DA701C7158719971DA71AB
:10A3600010BD10B50446FFF755FD58B92078611CA3
:10A37000FFF7D1FCE279EEF7C1FE80F0010040006A
:10A38000C0B210BDEEF7C8FD0028EFD00C20F8E7F2
:10A3900073B500880D460880694680B201F051FA15
:10A3A000044680B9019E86F8764096F87400EBF773
:10A3B0001FF9A87096F87500EBF71AF9E87096F88F
:10A3C0007630002BEFD1204602B070BD10B58388E7
:10A3D0000446022B10D8C078FFF7C0FC08B9112042
:10A3E00010BDA078FFF7BAFC0028F8D02046012164
:10A3F000BDE81040ECF772BE1220F1E737B5837864
:10A40000C17803F00104027903F0020351EA040564
:10A410001DD052EA03051AD0002C18BF0021002BD2
:10A42000037818BF00228DF802108DF803204278BF
:10A4300043EA0223ADF8003043798279684643EA63
:10A440000223ADF80430FFF7C1FF03B030BD112087
:10A45000FBE707B503788DF80030437868468DF840
:10A4600001300023ADF80230ADF80430EDF782F989
:10A4700003B05DF804FB13B50C46694601F0E1F941
:10A4800030B9019B9DF80020B3F8863012B92380C3
:10A4900002B010BD0133FAE72DE9FF41044602A9DD
:10A4A000008801F0F3F9064618B99DF8083023B189
:10A4B0001126304604B0BDE8F081039DA28865B145
:10A4C000E9691046FFF72DFC884206D16B8E608942
:10A4D000A189884203D91226EBE70123F7E701930C
:10A4E000284623890093E3886188ECF7A9FB80461E
:10A4F000002843D095F8523203F0FF06002B3FD1DD
:10A50000A088FFF70EFC074605F13C0002F08CF82E
:10A510002B308742CCD30D212888E6F721FEFFF7A8
:10A5200016FC78BBA3886FF450621344062B8ABFD5
:10A5300040F2E2436423B046BB42CCD2B8F1000FF4
:10A5400005D0B5F8741040F2022291421AD1A5F854
:10A550003E32C5F84472E279A37943EA0223A5F8B2
:10A560004832237A627A43EA0223A5F84A3200236A
:10A5700085F85032FF2385F852329AE7302698E763
:10A580003A2696E70C2694E713B5044601F0A2F8A4
:10A5900000284DD02046FF24EEF7AEFE0023CDE983
:10A5A00000336846E6F716FE48B300244FF4403304
:10A5B000CDE90043FF246846E6F70CFE18B30020FF
:10A5C0004FF48023FF24CDE900036846E6F702FE3E
:10A5D000E8B100214FF4C023FF24CDE90013684601
:10A5E000E6F7F8FDB8B100224FF42023CDE90023AF
:10A5F0006846E6F7EFFD90B1002002B010BD009B69
:10A6000083F83542CDE7009B83F88A40D3E7009B6F
:10A6100083F83440D9E7009B83F83440DFE7009BA0
:10A6200093F83820032AE3D1FF2283F82220DFE7C2
:10A630001220E2E707B50088694601F027F930B932
:10A64000019B93F83B2112B9FF2283F83B2103B011
:10A650005DF804FB10B50446EEF716F92060002003
:10A66000616010BD73B504466946008801F00EF9BB
:10A67000064618B99DF800301BB10C26304602B0D2
:10A6800070BD019D95F8823203F0FF0663BB95F81B
:10A69000E030DB072AD5D5F82431002BEDD1D4F8F2
:10A6A000023005F51A72C5F87832D4F80630C5F8CC
:10A6B0007C326389A5F8803204F10C031C3453F812
:10A6C000041BA34242F8041BF9D10C2105F51570B7
:10A6D000E6F72AFB019C6846FFF735FA84F8E800A4
:10A6E000FF2385F88232C9E73A26C7E71A26C5E76D
:10A6F00030B589B0034600F118056A46186808337A
:10A7000053F8041C1446AB4203C42246F6D1186821
:10A71000022320606846ADF81C30FFF7A3FF044613
:10A720001E220021684604F0D8F8204609B030BD4A
:10A73000008808B50880022180B2E6F711FD20B13B
:10A740000021BDE8084002F090BD022008BD37B5E9
:10A75000044600880D460880092180B2E6F700FD16
:10A7600010B10C2003B030BD0B212088E6F7F8FCB7
:10A770000028F6D10C212088E6F7F2FC0028F0D161
:10A780006946208801F05DF80028EBD1019BB3F801
:10A79000BC306B80E6E737B50446008808800921A5
:10A7A00080B2E6F7DDFC10B10C2003B030BD0B2108
:10A7B0002088E6F7D5FC0028F6D10C212088E6F7A2
:10A7C000CFFC0028F0D163880BB91220EDE7694671
:10A7D000208801F036F80028E7D1658842F210722F
:10A7E000019BA9B2DC6951435A8E62439C8C04FBE5
:10A7F00002229142E9D3DA69DC699442FBD100225A
:10A80000A3F8BC50C3F8B420621E0A44B2FBF4F2B1
:10A81000C3F8B820C9E738B5038805460C460B8055
:10A8200080780138C0B202F009FFB8B10F21288842
:10A83000E6F796FCA0B1AB785D1EA370EDB200EB1D
:10A84000450090F91900F2F795FCE070284602F0F7
:10A8500010FFF2F78FFC2071002038BD1120FCE7BB
:10A860000220FAE710B5044680780138C0B202F041
:10A87000E5FE80B10F212088E6F772FC68B1A1786F
:10A88000012300220139C9B203FA01F1BDE81040E9
:10A89000C9B203F0BFB8112010BD0220FCE7038845
:10A8A00010B504460B8098B2A378012B22D8E37828
:10A8B000012B1FD80F21E6F753FCE8B1A278003A2C
:10A8C00018BF012280F82C20E278111E18BF012148
:10A8D000012A80F82D1004D190F82E2012F00102E8
:10A8E00001D0002010BD0223202103F093F83A2864
:10A8F000F8D1F6E71120F5E70220F3E710B504469A
:10A9000080780138C0B202F099FE88B10F2120880A
:10A91000E6F726FC70B1A178012394F903200139F0
:10A92000C9B203FA01F1BDE81040C9B203F072B830
:10A93000112010BD0220FCE710B50446EFF728FFF8
:10A9400028B9A17A6078BDE81040F2F703BC10BDC9
:10A95000008810B508800C4680B20F21E6F700FC95
:10A9600020B102F01FFBA070002010BD0220FCE708
:10A9700010B504460078003818BF0120F0F78AFFB0
:10A980002078003818BF0120F0F756FC002010BDD9
:10A9900038B583780446012B07D80388292B39D092
:10A9A00005D8202B0BD0262B2FD011202CE02F2BBD
:10A9B00010D0492BF9D1EDF76DFF417807E0EDF7A5
:10A9C00063FF0546EDF760FF010F41EA557101F0A5
:10A9D000010103E0EDF758FFC1F38031A378012BAB
:10A9E00001D10029E1D00020FCF7EBF80546022058
:10A9F000FCF7E7F8B5B9A8B9A3782088012BC0B255
:10AA00000DD1EDF709FF002038BDEDF73DFFC1F393
:10AA10004011E3E7EDF738FFC1F30021DEE7EDF782
:10AA20000FFFF0E70C20EFE707B50378ADF804302F
:10AA3000437801A88DF80630FFF7AAFF03B05DF850
:10AA400004FB0620EDF7E8BE0820EDF7E5BE02F0B6
:10AA500068BD08B549210120EEF74EFFEFF774FC01
:10AA6000F2F708FAF0F7D0FFF0F7FEFCBDE8084077
:10AA7000F0F760BC2DE9F04F89B00446EDF704FF14
:10AA80000B0449D5EAF778FF837990F805C0019364
:10AA9000C379878A0293037AC68A0393C389058B95
:10AAA0000493038A418B0593437A827A0693438AFF
:10AAB000B0F80CB090F801A090F8029090F80380E4
:10AAC00090F804E00793C37A0078A4F801B02070EE
:10AAD00084F803A084F8049084F8058084F806E0E4
:10AAE000019884F807C02072029867826072039808
:10AAF000A682A0720498E582A4F80B000598218331
:10AB0000A4F80D000698A276E0730798E3762082F9
:10AB1000002009B0BDE8F08F0C20FAE72DE9F04FD6
:10AB20008DB00446EDF7B0FE0B0461D5EAF724FFC3
:10AB30008379B0F80CB00093C37990F801A0019329
:10AB4000037A90F802900293C38990F803800393EC
:10AB5000038A90F804E00493437A90F805C00593C3
:10AB6000438AC77A0693838A868B0793C38A08939E
:10AB7000038B0993438B0A93837A0B93857FC17F61
:10AB800090F8202090F821300078A4F801B02070CF
:10AB9000009884F803A02072019884F804906072F1
:10ABA000029884F80580A072039884F806E0A4F85F
:10ABB0000B00049884F807C0A4F80D000598E07312
:10ABC00006982082079860820898A0820998E082FF
:10ABD0000A98E77620830B98A683A0760020A577B5
:10ABE000E17784F8202084F821300DB0BDE8F08FA3
:10ABF0000C20FAE7F7B50446EDF746FE0B0403D444
:10AC00000C25284603B0F0BD27886946384600F079
:10AC10003DFE05460028F4D1019C94F8923063B3C0
:10AC200094F893304BB394F8E360EDF733FE036888
:10AC3000C6F3C00603F400634EB9FF2284F83B213B
:10AC40000BB184F83C21FF2384F84731D9E794F80D
:10AC5000E520D209D4D0002BF5D094F8E730DB09F9
:10AC6000F1D012213846E6F77BFA0028EBD0037BBF
:10AC7000FF2BE8D184F83C31E5E72F25C1E737B554
:10AC80000446EDF701FE0B0403D40C24204603B068
:10AC900030BD25886946284600F0F8FD04460028A6
:10ACA000F4D19DF80030002BEFD1019B93F8922056
:10ACB000BAB193F89320A2B193F88C3203F0FF0459
:10ACC0008BB90E212846E6F74BFA00F1E20200F1BB
:10ACD000DA01CA30FEF7A7F9019BFF2283F88C2224
:10ACE000D4E72F24D2E73A24D0E7F7B505460C463F
:10ACF000EAF742FE69462B8806469FB22380384613
:10AD000000F0C4FD0446A8BB38460E21E6F728FA39
:10AD1000AF780246032F30D8214647FA01F3D8070F
:10AD200005D5F3780B41DB070AD4112422E002F1A8
:10AD3000F800FFF703F818B192F80C318B421CD0E1
:10AD40004B1C0121022BE8D1EB78FD2B05D8591EB5
:10AD5000032912D871789942E7D395F9040000F1DC
:10AD60007F01C9B2932908D882F8F27082F8F330D3
:10AD700082F8F400204603B0F0BD1224FAE70388FD
:10AD800073B59CB20B8040F6FF7306469C423BD0E5
:10AD90006946204600F07AFD054628B9019B93F8E4
:10ADA000E320120703D40C25284602B070BD93F8A7
:10ADB000E530DB09F7D00E212046E6F7D1F904464D
:10ADC00090F8C230002BEED0B0F85A309B0708D56F
:10ADD0004822294603F060FDFF2384F8C530112581
:10ADE000E2E790F8C530002BDDD1F830FEF7A6FF82
:10ADF0000028D8D14822B11C2046FAF799FFFF233A
:10AE000084F8C5300025CFE720460E21E6F76CF91F
:10AE100004460028EED10725C6E78B7880F8483035
:10AE20000A79CB7843EA0223A0F854304B7980F8B2
:10AE300049308B7980F84A30CB7980F84B300B7AE7
:10AE400080F84C304B7A80F84D308B7A80F84E3059
:10AE5000CB7A80F84F300B7B80F850308A7B4B7B6D
:10AE600043EA0223A0F856300A7CCB7B43EA022354
:10AE7000A0F858304B7C80F85130CA7C8B7C43EA78
:10AE80000223A0F85A300B7D4A7D43EA0223A0F842
:10AE90005C30CA7D8B7D43EA0223A0F85E304A7E97
:10AEA0000B7E43EA0223A0F86030CA7E8B7E43EA21
:10AEB0000223A0F862300B7F80F852304B7F80F87D
:10AEC00053308B7FCA7F43EA0223A0F8643091F8A5
:10AED000203080F8663070477FB5038804460B80C9
:10AEE0009EB2EDF7D1FC0B042CD502A9304600F040
:10AEF000CDFC054638BB039B93F8E530DB0921D038
:10AF0000237F0093E379A2796179A078FDF761FC52
:10AF100028B30E213046E6F723F9024620B943F262
:10AF2000B9713920E5F7A0FCF830FEF707FF48B902
:10AF3000FF2682F8C96092F8C23003EA06052BB1F9
:10AF400082F8C9000C25284604B070BD2146104681
:10AF5000FFF763FF80F8C26080F8C950F3E71E2551
:10AF6000F1E770B58AB00D46034600F1180601AA54
:10AF70001868083353F8041C1446B34203C422462D
:10AF8000F6D1186800222946206001A89B88A3807A
:10AF9000BDF81630ADF8222023F010038DF82420E0
:10AFA000ADF81630FFF798FF0AB070BD37B50588C9
:10AFB00004466946284600F069FC18BB0D21284666
:10AFC000E6F7CEF8FEF7C3FEF0B90E212846E6F705
:10AFD000C7F8A3780246032B18D890F816119942A7
:10AFE00014D1F830FEF7AAFE80B192F8C63003F013
:10AFF000FF006BB982F8F8000199FF2381F849310D
:10B0000082F8C63003B030BD0C20FBE71220F9E710
:10B010003A20F7E72DE9F041078886B00646B7F5F4
:10B02000706F04D31225284606B0BDE8F0818378FE
:10B03000032BF7D8C378012BF4D801A9384600F0C8
:10B0400025FC05460028EED10E213846E6F788F8A3
:10B05000B37890F8162104469A42E3D100F1F8083B
:10B060004046FEF76BFE0028DCD0B4F85A309B0750
:10B0700004D594F8C23033B90C25D4E794F8C53020
:10B08000002BF6D1F8E794F8C430002BF4D0F37815
:10B09000012B35D13846FDF736F9064660B3FEF789
:10B0A00056FE0028E8D194F81831002BE4D094F82B
:10B0B000C730BBB103AA04F5B3714046F7F762FF8E
:10B0C00003A8F8F70FF8C8B1029A92F88D30342B24
:10B0D000D2D0FF2382F84A31012286F8622286F814
:10B0E000D830A0E703ABD4F8F900D4F8FD10B4F8D9
:10B0F000012103C31A80E3E7072594E7482592E777
:10B100000D213846E6F72CF801460028B4D090F817
:10B110006232012BB0D0FEF71AFE0028ACD0132308
:10B1200001AA2046FEF749FC05467CE710B5044617
:10B1300004B910BD236898476468F9E703680BB940
:10B14000016070471A465B6813B18A42FAD17047B2
:10B150008A4218BF516070470D2008B5FBF740FDCB
:10B160000E20BDE80840FBF73BBD08B502F0D2F861
:10B17000ECF7CCF8FBF708FFBDE80840EFF7D6BBCB
:10B1800008B5EFF7CBFBF0F77DFBECF7BFF8BDE8B8
:10B190000840E8F791BF08B5FE20E9F733FDBDE8A8
:10B1A0000840FFF7E2BF08B5EAF7CCFB0020BDE896
:10B1B0000840F3F7BFBF08B50220FBF711FD0020E0
:10B1C000FBF70EFDE6F7B8F8EDF70AFCE6F790FF9F
:10B1D00020B140F221119320E5F746FB08BD08B5E8
:10B1E000FFF7C3FF02F097F920B14FF4D771932016
:10B1F000E5F73AFB08BD08B5FFF7CDFF02F08BF984
:10B2000020B140F2A3119320E5F72EFB08BDFFF714
:10B21000D2BF08B500F00BFAE6F77AFF0220FBF781
:10B22000DFFC0020BDE80840FBF7DABC08B5E8F712
:10B2300079FFFFF7A5FFFFF7ECFF02F06EF9BDE81D
:10B240000840EEF7B7B908B5E8F774FFFFF798FFC5
:10B25000FFF7DFFF02F061F9BDE80840EEF7AAB999
:10B2600010B5C378044691B163B90388012B01D9A5
:10B270005B082380EEF7AAFB2388B0FBF3F202FB06
:10B280001300A070E37883F00103E37010BD002B7E
:10B29000F8D10388FE2BEDD85B009BB2FF2B88BF53
:10B2A000FF23E6E7837813B1013BDBB28370B3FA87
:10B2B00083F0400970470123038040F2011343806B
:10B2C0007047F8F71FBF0B46152203F8032BD0F881
:10B2D0000920C1F80320427B1A717047012804D16C
:10B2E000012914BF002001207047022801D1022942
:10B2F000F7E7042908BF04280CBF0120002070478D
:10B3000037B504460D46EBF77BFF18B36FF4BA73FD
:10B310000221E0180388ADF80030B0F87030ADF8C5
:10B320000230B0F872306846ADF80430EBF7D6FE64
:10B3300018B14221AE20E5F797FAADF800009DF86C
:10B340000030002063F307009DF8013063F30F2005
:10B3500003B030BD3B232B70D4F80930C5F803305F
:10B360000423ADF80030EAE708B5436893F88D2070
:10B370001AB18521AE20E5F777FA252283F88D20D2
:10B3800008BD042906D101280AD1032101205180DA
:10B3900013807047032903D1012801D00421F5E768
:10B3A00000207047012807D0022805D00338012863
:10B3B0008CBF00200120800070477FB50B46446899
:10B3C000CDE9002118461146EDF7B4FA94F87460FF
:10B3D00094F87550C3B2C0F30720B34208BF0023EE
:10B3E000854208BF002084F83A3284F83B0204B05A
:10B3F00070BD2DE9F0414C6805460F4694F83A229D
:10B40000D31E012B2ED894F87430D91E012929D8C7
:10B41000D31A18BF012394F83B02FFF7C3FF064677
:10B4200013BB1046FFF7BEFF804694F81F3173B977
:10B4300048EA060313F0FF0307D0204601F0D7FACD
:10B440007B68B3F8863003449BB2A4F83832B4F872
:10B4500038320520AE70EB701B0A85F801802B7125
:10B46000BDE8F0810023D6E74FF00008DDE72DE9C5
:10B47000F743446805468846914694F88E70002F3D
:10B4800072D194F88D30293B022B67D9394601A837
:10B49000EDF7CCFAE0B1019B0DF10301DB788DF8FB
:10B4A0000330162294F88D00EEF7DAFA064688B1DA
:10B4B00002461621284601F05DFA3623284684F814
:10B4C0008E3001F033FA3E46304603B0BDE8F083DB
:10B4D0003946E6E798F8013013F0070236D098F8BD
:10B4E000023013F0070331D084F86C2084F86D30FB
:10B4F00094F835311BBB94F83431012B1FD094F8EC
:10B50000753094F86C20D91E012998BF04239A4203
:10B5100026D194F87430DA1E012A94F86D2098BF71
:10B5200004239A421CD16B68022283F83421B4F8B8
:10B530007230B4F87020A4F83831A4F836212723EB
:10B54000284684F88E3001F0F1F9BDE74A464146BD
:10B55000284603B0BDE8F04301F038BA2027B2E72F
:10B560002846EDF72BFAEAE70126ADE713B5446864
:10B5700094F88D30252B22D14B7813F007021AD086
:10B580008B7813F0070316D000218DF804208DF876
:10B590000530ADF80610019AD4F83611FFF70DFF0B
:10B5A0000123002084F8CA302923A4F8C60084F8B7
:10B5B0008D3002B010BD0023A4F83A32F0E701202C
:10B5C000F7E7436810B593F88E200446B3F83A12B3
:10B5D000272A15D181B983F88E1093F83431012BC5
:10B5E00001D1EDF789F96368002283F83421204600
:10B5F000BDE8104001F0ABB92A2283F88E20F6E7AF
:10B6000093F88D20292A0DD141B983F88D10EDF7DB
:10B6100073F96368002283F8CA2010BD2A2283F8D8
:10B620008D20F6E740F23E41AE20E5F71DF9EDF73B
:10B63000D7B9704730B542401C7808785D786040D3
:10B640004C786C409D7820448C786C40DD782044A8
:10B65000CC786C401D795B7920440C7949796C4039
:10B660004B40204418441044B0FA80F0400930BDEB
:10B67000024600200139C9B2FF2900D17047535C4E
:10B6800083F001030344D8B2F4E708B5EDF732FACA
:10B69000082807D0EDF750FA082803D0EDF760FA34
:10B6A000012008BD0020FCE708B5EDF723FA0828C3
:10B6B00003D0BDE80840EDF73FBA08BD08B502F079
:10B6C0002EFB18B1BDE80840F1F77ABE082008BD8E
:10B6D00002F025BB70B503791F2B0FD8461E051D40
:10B6E000002416F8010F01F0ACF80444AE42E4B2B5
:10B6F000F7D1012C94BF0020012070BD0020FCE791
:10B7000001440023884203D1B3FA83F04009704713
:10B7100010F8012B1343F5E7F8B505460C46D0E9C0
:10B72000047602F0C6FD18B954212920E5F79CF8EB
:10B73000E4B1D5E90423D21B63EB0603012A73F1BC
:10B7400000014FF0000113DB6FF0010090429941BE
:10B7500001DA5E21E9E7631E1344B3FBF4F35C43B3
:10B76000E41946F10006C5E904461C462046F8BD2A
:10B770000C46FBE7022905D13C281AD980100F3866
:10B7800080B27047CB1E012B0ED803290BBF962326
:10B790004FF416731022402203F5BC73984208D967
:10B7A000C01A90FBF2F0EBE7702802D9C0100E38F7
:10B7B000E6E70020704738B50D460446EDF76EF811
:10B7C0002B78002B08BF034684F870306B78002B71
:10B7D00008BF034684F871306B88A4F8723038BD16
:10B7E000022908B5034614D005D8012909D0D8216B
:10B7F0002920E5F739F803390129F8D840F6A66081
:10B8000008BD40F6C41040F2E242002B08BF1046CB
:10B81000F6E740F6C410F3E7801AA93810B588425D
:10B82000029C94BF091A491A2268012902EB5102AD
:10B8300094BF0020012022601A68A2EB51021A6016
:10B8400010BD38B50C4600210546E5F789FC60605F
:10B8500018B100230020237038BD02212846E5F7E7
:10B860007FFC606008B10123F4E70220F4E743683D
:10B8700093F88C00C0B293F8B0302BB900F0FB0005
:10B88000003818BF012070470020704710B50C46E3
:10B89000FFF7D7FF38B92046FFF7E9FF80F0010036
:10B8A0004000C0B210BD0220FCE7C2B292FAA2F280
:10B8B000030A93FAA3F31B0E100E40EA032070470D
:10B8C000013105300022C9B270B510F8013F8B423A
:10B8D00016D310F8054C0023012505FA03F626427D
:10B8E0001CBF01F1FF31C9B269B10133082BF4D19A
:10B8F0000132D2B2052AE8D19B214620E4F7B4FFF9
:10B90000C91AC9B2F4E703EBC200C0B270BD0B683C
:10B9100070B5C0F8013004460B790546461D03F0AA
:10B920001F0343710023C37215F8010F00F089FF54
:10B930006871B542E37A1844E072F5D170BD81EACE
:10B94000114170B58CB20546C17A032682EA040023
:10B95000FFF7ABFF013E00EB001016F0FF0604EB13
:10B96000000290B2F4D144402522B4FBF2F302FB72
:10B970001343C3F3C402D8B203F007032A44567832
:10B98000012202FA03F31E4207D161432846C1F3A4
:10B990000741BDE87040FFF793BF70BDF8B590F860
:10B9A000215004466B1E242B03D9E1214620E4F7E5
:10B9B0005BFFDAB1807D002843D194F8233094F8FE
:10B9C000221002FB01322523B2FBF3F103FB11230A
:10B9D000DBB204EBD30203F0070684F82330D17DF9
:10B9E0000122B240114202D084F82430F8BDB3FBEA
:10B9F000F5F205FB123304F11B01013303F0FF03E1
:10BA000011F8012F9A4219D311F8055C0022012682
:10BA100006FA02F72F4208D0013B13F0FF0304D1CE
:10BA200002EBC00284F82420E0E70132082AEFD1BB
:10BA30000130C0B20528E3D1D721B7E79B1ADBB2AA
:10BA4000F6E7E28804F11600096AFFF778FF84F848
:10BA50002400CBE70B7810B543704B7883708B785C
:10BA6000C370CB7803710B794371B1F805308371E2
:10BA7000B1F805301B0AC371B1F807300372B1F891
:10BA800007301B0A43724B7A83728B7AC372CA7A6D
:10BA9000C2F3C003C2F38004DB0043EA8403C2F3B1
:10BAA00001042343C2F30014C2F3401243EA041317
:10BAB00043EA421303730B7B4373B1F80D30837376
:10BAC000B1F80D301B0AC373CB7B03740B8A43742C
:10BAD0000B8A1B0A83744B8AC3744B8A1B0A037537
:10BAE0008B8A43758B8A1B0A8375CB8AC375CB8A75
:10BAF0001B0A03760B7EC3F34603437610BD4378DF
:10BB00000B7083784B70C3788B700379CB7043795B
:10BB10000B71C388A1F805300389A1F80730837A37
:10BB20004B728B7AC27A62F303038B72C37A8A7A7E
:10BB30001B0963F307128A72CA7A037B22F0070299
:10BB400003F003031343CB72037BCA7ADB0863F36E
:10BB5000C302CA72D2B2037B1B0963F30412CA7216
:10BB6000D2B2037B5B0963F34512CA72437B0B734A
:10BB7000C389A1F80D30037CCB73B0F811300B8270
:10BB8000B0F813304B82B0F815308B82B0F8173014
:10BB9000CB820B7E427E62F347030B7600234B760B
:10BBA0008B76CB767047034612EA010003D013F080
:10BBB0003F0018BF01207047D0F803300B60B0F889
:10BBC00007308B8070470378890123F0400301F030
:10BBD00040010B43037070470078C0F3801070473A
:10BBE000037803F07F0343EAC113037070470078C2
:10BBF000C0097047F8B5C7780D4617F03F0600F04A
:10BC00008780072900F28480DFE801F0040E172006
:10BC100029323B44017901223846FFF7C4FF00284E
:10BC20000CBF00200520F8BD017902223846FFF73D
:10BC3000BAFF0028F7D005245AE0017904223846DB
:10BC4000FFF7B1FF0028EED0052448E00179082273
:10BC50003846FFF7A8FF0028E5D0052439E0017930
:10BC600010223846FFF79FFF0028DCD0052429E08A
:10BC7000017920223846FFF796FF0028D3D02C46C2
:10BC800018E0017940223846FFF78DFF0028CAD01E
:10BC9000052406E0017940223846FFF784FF441D61
:10BCA000E4B220223846FFF77EFF00EBC00004EB31
:10BCB0004004E4B210223846FFF775FF00EB400065
:10BCC0000444E4B208223846FFF76DFF04EB400459
:10BCD000E4B204223846FFF766FF0444E4B20222CD
:10BCE0003846FFF760FF00EB400004EB4004E4B28D
:10BCF00001223846FFF757FF072D00EB400004EB09
:10BD00004000C0B28FD1031FB342C8BF00208AE7F2
:10BD1000002088E710B50446FFF76CFF00B120440F
:10BD200010BD4378C278013B02F03F02981AC0B2BE
:10BD30007047F8B50D46194617460646FFF7F1FF5E
:10BD4000441AE4B2BC4228BF3C464DB1F2782846C2
:10BD500002F03F020432114422463144F9F7E8FF71
:10BD60002046F8BD2DE9F047C6780122017930461A
:10BD7000FFF719FF022205463046FFF714FF202285
:10BD800082463046FFF70FFF082207463046FFF78E
:10BD90000AFF102281463046FFF705FF04220446C1
:10BDA0003046FFF700FF402280463046FFF7FBFE9B
:10BDB00005EB0A0307EBC707804404EB4404B944CE
:10BDC00003EB430304EB08004B4400EB430010F08B
:10BDD000FF001CBF0130C0B2BDE8F08738B5C578A0
:10BDE0000446AB09032B1ED005F03F054378AB4258
:10BDF00019D9FFF7B7FFA84215D895B12379DB060B
:10BE00000FD504212046FFF785FF48B1037803F0E2
:10BE10003F03242B07D880785F288CBF00200120A7
:10BE200038BD0120FCE70020FAE70278437802F0F1
:10BE30000F02072A12D8DFE802F0080408111111D6
:10BE4000080E0C3B584258417047063B1F2B8CBFD5
:10BE50000020012070470BB1FFF7C0BF00207047E2
:10BE6000027802F00F02072A0AD0082A0AD0042A10
:10BE70000ED1407806381F288CBF00200120704763
:10BE8000FFF7ACBF4078A0F10E035842584170470D
:10BE9000002070471B2A08B504D940F221412A200E
:10BEA000E4F7E2FCBDE80840F9F742BF013001F1D8
:10BEB000200351F8042B994240F8042BF9D10B8848
:10BEC0000380704738B515460446FFF7EFFF2B682F
:10BED000C4F823306B68C4F8273038BDFFF7BABD0B
:10BEE00038B5FFF7B7FDB1F819308376B1F81930DE
:10BEF0001B0AC376CB7E03770B7F43774B7F837719
:10BF00008B7FC37738BDFFF7FABD38B5FFF7F7FD74
:10BF1000037BCA7A9B0863F38202CA72438BA1F83F
:10BF20001930037FCB76437F0B77837F4B77C37FBB
:10BF30008B7738BDFFF78EBD38B5FFF78BFDB1F8B5
:10BF400019308376B1F819301B0AC376CB7E03779C
:10BF50000B7F43774B7F83778B7FC37738BDFFF7AA
:10BF6000CEBD38B5FFF7CBFD037BCA7A9B0863F3E0
:10BF70008202CA72438BA1F81930037FCB76437FCC
:10BF80000B77837F4B77C37F8B7738BD013070474A
:10BF900010B50C68C0F801404C68C0F80540126844
:10BFA000C0F809201A68C0F80D205A68C0F811209E
:10BFB00010BD10B5D0F801400C60D0F805404C60C1
:10BFC000D0F809101160D0F80D201A60D0F81120B7
:10BFD0005A6010BDFFF7DCBFFFF7EBBF0B78C3F370
:10BFE0000503437070470B78427862F305030B70CA
:10BFF00070470B4613F8012B10B54270D1F80120A1
:10C00000C0F802205A68C0F806201B894381CB7A09
:10C0100003730B7B43734B7B83738B7BC373CB7B30
:10C0200003740B7C43744B7C83748B7CC374CA7C19
:10C03000C2F38013C2F30114C2F303029B0143EA6B
:10C040000413134303750B7D43754B7D83758B7D03
:10C05000C375CB7D03760B7E43764B7E837610BD16
:10C0600042780B7862F305030B7043780A789B09DA
:10C0700063F387120B4603F8012BD0F80220C1F8B6
:10C080000120D0F806205A6042891A81037BCB72C6
:10C09000437B0B73837B4B73C37B8B73037CCB73AF
:10C0A000437C0B74837C4B74C37C8B74CB7C027D90
:10C0B00062F30303CB74037DCA7C1B0963F305128F
:10C0C000CA74D2B2037D9B0963F386120B7DCA74D6
:10C0D000427D62F303030B75437D0A7D1B0963F305
:10C0E00007120A75837D4B75C37D8B75037ECB75F7
:10C0F000437E0B76837E4B7670470B78C3F3050344
:10C100004370B1F801308370B1F801301B0AC3707D
:10C11000CB7803710B7943714B7983718B79C37140
:10C12000CB7903720B7A4372B1F809308372B1F89C
:10C1300009301B0AC372B1F80B300373B1F80B302E
:10C140001B0A43734B7B8373CB89C373CB891B0A55
:10C1500003740B7C43744B7C83748B7CC374B1F885
:10C1600013300375B1F813301B0A4375B1F815305D
:10C170008375B1F815301B0AC375CB7D03760B7E32
:10C1800043764B7E83768B7EC376CB7E0377704778
:10C1900042780B7862F3050310B50B704388A1F861
:10C1A00001304279837904790A71CC704B71027A3B
:10C1B000437AC479CA718C710B724389A1F8093032
:10C1C0008389A1F80B30837B4B73B0F80F30CB81A0
:10C1D000827CC37C447C4A740C748B74838AA1F87F
:10C1E0001330C38AA1F81530037ECB75437E0B76DE
:10C1F000837E4B76C37E8B76CB7E027F62F3030316
:10C20000CB76037FCA7E1B0963F30712CA7610BD83
:10C210000B78C3F305034370B1F801308370B1F8B4
:10C2200001301B0AC370CB7803710B7943714B79D2
:10C2300083718B79C371CB7903720B7A4372B1F836
:10C2400009308372B1F809301B0AC372CB7A0373C9
:10C250008B8943738B891B0A83738B7BC373CB7B63
:10C2600003740B7C43744B7C83748B7CC374CB7CD6
:10C270000375704742780B7862F3050310B50B70B5
:10C280004388A1F801304279837904790A71CC702E
:10C290004B71027A437AC479CA718C710B724389EB
:10C2A000A1F80930037BCB72B0F80D308B81437C51
:10C2B000027CC47BCA738C730B74837C4B74C37C09
:10C2C0008B74037DCB7410BD0B78C3F305034370EF
:10C2D000B1F801308370B1F801301B0AC370CB781C
:10C2E00003710B7943714B798371CB88C371CB8810
:10C2F0001B0A03720B7A4372B1F809308372B1F8EA
:10C3000009301B0AC372CB7A03730B7B43734B7BDD
:10C3100083738B7BC373CB7B03740B7C4374704739
:10C3200042780B7862F3050310B50B704388A1F8CF
:10C3300001304279837904790A71CC704B71B0F87D
:10C340000730CB80437A0B724389A1F80930837B95
:10C35000427B047B0A73CC724B73C37B8B73037C6D
:10C36000CB73437C0B7410BD0B78C3F30503437090
:10C37000B1F801308370B1F801301B0AC370CB787B
:10C380000371704742780B7862F305030B704388A2
:10C39000A1F801300379CB7070470B78C3F3050324
:10C3A0004370B1F801308370B1F801301B0AC370DB
:10C3B000CB780371704742780B7862F305030B70FA
:10C3C0004388A1F801300379CB7070470B68C0F83F
:10C3D00001304B68C0F805300B89A0F809304B8953
:10C3E000C3724B891B0A03737047D0F801300B608E
:10C3F000D0F805304B60B0F809300B81B0F80B3045
:10C400004B817047437837B5C3F301120446032AC2
:10C4100003D8DFE802F0050E1D05002003B030BD93
:10C42000057803F00F00002300930221231D62888A
:10C4300007E0057803F00F00002301210093231D7E
:10C44000628845EA0020ECF78DFF60B10120E5E746
:10C45000ECF720FA03685B05DFD5607801232578C7
:10C4600000F00F00E0E7EDF78FF9EFE702230B7024
:10C4700001238B707047EDF74DB810B521B94FF41B
:10C480002A711020E4F7F0F94A600B72EFF3108480
:10C4900072B6031D0B6042681AB1127A012A08BFF6
:10C4A000036003681960016004B962B6BDE810401A
:10C4B000EDF77AB80222EDF755B90322EDF752B93C
:10C4C0000422EDF74FB90222EDF790B90322EDF700
:10C4D0008DB90422EDF78AB9007A003818BF01201F
:10C4E000704714230B706FF4AC7318440388A1F8E1
:10C4F0000330B0F84830A1F80530B0F84C30A1F85E
:10C500000730B0F84A30A1F80930B0F84E30A1F841
:10C510000B30704708B5CB1E012B04D8800100F505
:10C52000747080B208BD012902D10E30C000F8E756
:10C53000022902D10F308000F3E740F245210620A6
:10C54000E4F792F9022908B50DD005D8012908D0E1
:10C55000DC21B420E4F788F903390129F8D81E302A
:10C5600000E00A3008BD1430FCE7022908B50DD000
:10C5700005D8012908D0DC21B420E4F775F9033986
:10C580000129F8D81E3000E00A3008BD1430FCE75D
:10C5900030B587B004460D46EAF73CFE90B3A4F5EB
:10C5A000B174694624882046FDF7B6FE20B140F2FA
:10C5B0000D112C20E4F758F9BDF8063003A8ADF8AA
:10C5C0000C40ADF80E30BDF80830ADF81030BDF8B5
:10C5D0000230ADF81230BDF80430ADF81430FDF77C
:10C5E00079FE10B14FF48B71E3E7ADF80C009DF8C4
:10C5F0000C30002063F307009DF80D3063F30F202B
:10C6000007B030BD2B463A2203F8032BD4F809209B
:10C61000C5F80320D4F80D205A60B4F811201A810F
:10C620000423ADF80C30E2E7406870470339012974
:10C630008CBFC08A4FF42960704770B590F8746061
:10C640008D88033E0C89012E04D943B11678033E30
:10C65000012E04D8B5F5296F38BF4FF4296590F83D
:10C660007560033E012E04D943B15378033B012B7F
:10C6700004D8B4F5296F38BF4FF42964CB884A88B1
:10C68000A0F86030A0F85C20A0F85E50A0F86240EE
:10C6900070BD8383BDF8003001834283C38370473C
:10C6A0001B2200294FF01B110CBF4FF4A4734FF451
:10C6B000296382840284028502F1A472C160C3846A
:10C6C0004384C383838343820382C0E90521704787
:10C6D00038B5CB1E0446012B10D9C58B438C9D4227
:10C6E00028BF1D46207AFFF715FF6389AB4228BF9C
:10C6F0002B46984238BF184680B238BD4FF42965A2
:10C70000F0E72DE9F843994607460D46808919461A
:10C710001446FFF7FFFE06469DF82080494638463E
:10C72000FFF7D6FF86424146A8F1030828BF064618
:10C73000B88AFFF7EFFEB8F1010F0346B6B28CBF1F
:10C74000FA8A4FF42962904204F1060028BF13468A
:10C7500028449BB233441844BDE8F8830346028F53
:10C7600013B53C3049B9D98E93F87540009493F8CD
:10C770007430FFF7C6FF02B010BD998EF4E770B5B4
:10C780000C46154619464BB9868EFFF7E7FF28443D
:10C790003044A04294BF201A002070BDC68EF4E73A
:10C7A00038B50D4611460446FFF7D8FF28442064EB
:10C7B00038BD01F19C0383423DBF9C38401A4008BC
:10C7C00000207047002803DB884204DB08B202E047
:10C7D00049428142FADC704700F05533400800F0CE
:10C7E0005530034403F033329B0803F033331A44CB
:10C7F00002F00F33120902F00F32134403F0FF105E
:10C800001B0A03F0FF13184400EB1040C0B270473E
:10C8100045F2555200EA020302EA5002981843F228
:10C82000333300EA030203EA90031A4440F60F731D
:10C8300002EA030003EA1213184400EB1020C0B20E
:10C84000704700F05503400800F05500034403F022
:10C8500033009B0803F03303034403F00F0000EBA5
:10C860001310704780EA6000FFF7B6BF40F34E0335
:10C870009BB25840FFF7CCBF32280CD006D8162800
:10C8800018BF012894BF012000207047A0F13E038B
:10C890005842584170470120704708B50246FFF7DB
:10C8A000EBFF40B10846FFF7E7FF20B18A420CBF1B
:10C8B00023202A2008BD8A420AD1A2F13003DBB22C
:10C8C0000B2B0FD840F6210020FA03F3DB071ED410
:10C8D000322901D1262A03D0322A03D1262918D1A0
:10C8E0002A20E7E73E2907D1262AF9D03E2A12D08E
:10C8F0003B2A10D11F2902E03E2A04D126290CBF71
:10C900002A200020D6E73B29F2D11F2AF7E723206F
:10C91000D0E73E29F7D10020CCE74368002283F816
:10C920008D2083F8CA20A3F8C62070470378426898
:10C930002BB9A2F8CC30012382F8CE307047002307
:10C94000A2F8CC3092F8CE3001335BB2F4E708B5F0
:10C950000378426813B982F8CE3008BD92F8CE3021
:10C96000013B5BB2002B82F8CE30F6DA52214A202E
:10C97000E3F77AFF436883F81B1183F81A217047A5
:10C98000A0F10B03042B0CD9A0F14803012B08D90B
:10C99000A0F12503332818BF062B94BF01200020E7
:10C9A0007047012070474268D2F8803010B513F00C
:10C9B000080409D143F0080382F81811C2F8803046
:10C9C000FFF7B4FF204610BD0120FCE7436810B517
:10C9D00093F88E404CB90A7883F81821032283F823
:10C9E0008E20FFF7A3FF204610BD0124FBE7C2699C
:10C9F00041F64B539A4296BF4AF6C8730623B3FBDF
:10CA0000F2F3828C408E1344584380B270474368DF
:10CA1000002093F88F20073A012A81BF4A7883F8D3
:10CA20009020072283F88F207047426892F88F3059
:10CA3000073B012B84BF082382F88F30704708B56D
:10CA4000436893F88D201AB12B215520E3F70CFF92
:10CA50000C2283F88D2008BD2DE9F74F0646894644
:10CA600090460193FFF7C3FFD6F8EC7104465FB917
:10CA70000023C8F80030B6F8863023449CB2019BEE
:10CA80001C8003B0BDE8F08FEDF75CFF0028EFD10C
:10CA9000D6F81CC0D6E974320CFB04FE1EEB030E64
:10CAA000D7E9021342F100020B44D7E900155B18E5
:10CAB00045F10005734575EB020114D2BEEB03018D
:10CAC0006FF0010B62EB050A8B4570EB0A0A03D28B
:10CAD00039215620E3F7C8FE3869471E3944B1FBB7
:10CAE000F0F1E0FB0135B3EB0E0365EB02056FF0EF
:10CAF00001029A424FF00002AA4101D24421E8E724
:10CB0000B3FBF9F209FB1233B3FBFCF291B20CFB5D
:10CB10001133C8F80030B6F886301C441444A4B26F
:10CB2000ADE70B46082203F8032BD0F80920C1F823
:10CB30000320D0F80D205A60427C1A720023CB707B
:10CB4000704708B5436893F88D201AB19821562094
:10CB5000E3F78AFE0E2283F88D2008BD37B50C4618
:10CB6000B1F8051005461A291CD9B4F80730B3F5F9
:10CB7000A47F17D3B4F801201A2A13D9B4F80300FC
:10CB8000B0F5A47F0ED36C68009004F13C00FFF771
:10CB900080FD6968204601F25911ECF733FE01204F
:10CBA00003B030BD0020FBE708B5436893F88D2043
:10CBB0001AB12621A320E3F757FE222283F88D2005
:10CBC00008BD38B54568044695F88D30223B022BE8
:10CBD0000CD8FFF7C3FF18B104216068EEF786FE9A
:10CBE000002085F8CA0085F88D0038BD0120FCE7DB
:10CBF000F7B50446406890F88E50002D42D1B1F848
:10CC000005601A2E04D9B1F80730B3F5A47F05D218
:10CC1000204603B0BDE8F040FFF7D8BEB1F8017080
:10CC20001A2FF5D9B1F803C0BCF5A47FF0D33A466A
:10CC300031463C30CDF800C0FFF72BFD636893F818
:10CC40008D20222A09D16368242283F88E20204671
:10CC5000FFF76CFE284603B0F0BD93F82B31002B94
:10CC6000F1D1636893F82A31002BECD16268232359
:10CC7000114682F88E3002F5B17231F83C0BECF7B8
:10CC800027FEE4E70125E5E74368002210B50446E6
:10CC900083F88E20A3F8CC20FFF759FE60680421AA
:10CCA000BDE81040EEF722BE0B230B70D0F8093020
:10CCB000C1F8023070470B460C2203F8022BB0F883
:10CCC00009204A80C27A9A70704710B504464068BD
:10CCD00090F88D301B2B14D100F5807200F5167181
:10CCE000052300F51A7001F057FD6368012200204A
:10CCF000002183F892201E22C3E93C0183F88D2095
:10CD000010BD0220FCE7436893F88D20152A11D14D
:10CD1000D1F80120C3F86022D1F80520C3F86422BD
:10CD200043680020D1F80920C3F814211B2283F89E
:10CD30008D20704702207047436893F88D20112A98
:10CD400005BF00201422022083F8920008BF83F858
:10CD50008D20704708B5436893F88D20142A04D0BD
:10CD600040F245111F20E3F77FFD012283F8D02018
:10CD7000132283F88D2008BD08B5436893F88D20F1
:10CD80001E2A04D04FF421711F20E3F76DFD2022ED
:10CD900083F88D2008BD08B5436893F88D2022B133
:10CDA00040F28A211F20E3F75FFD012283F8CF20A4
:10CDB000112283F88D2008BD08B5436893F88D20B3
:10CDC0003AB193F8D02022B940F291211F20E3F725
:10CDD0004BFD012283F8CF20152283F88D2008BD5A
:10CDE0000B46072203F8032BD0F80920C1F80320D3
:10CDF000D0F80D205A60B0F811201A81C27C9A72C6
:10CE0000704708B5436893F88D201AB1CD211C20D6
:10CE1000E3F72AFD042283F88D2008BD08B50278C7
:10CE200043683AB983F88E20A3F8CC20BDE80840C7
:10CE3000FFF78DBDD3F88020D10703D4DB211C2060
:10CE4000E3F712FD22F00102C3F88020EEE70E2383
:10CE5000A0F5A8700B7003884B8070474368017879
:10CE600093F88D2061B9052A08BF00224FF0000019
:10CE700002BF83F8BE2083F8CA2083F88D20704754
:10CE8000102AF1E738B50578446855B994F88E3022
:10CE90005BB9FFF74BFD55B9022384F88E300020B3
:10CEA00038BDD4F880305B07F3D50120F8E7D4F81B
:10CEB000803043F00403C4F88030F0E7037833B1E6
:10CEC0004268D2F8803023F00403C2F88030FFF7C4
:10CED0003EBD08B5436893F88D201AB172214B20EE
:10CEE000E3F7C2FC0278002A14BF1022052283F85F
:10CEF0008D2008BD10B5D0E90D42A24206D38B8C1F
:10CF0000121B498E05334B43934202D3012380F811
:10CF10003E3010BD01230B7000238B7030F8D23CE3
:10CF2000A1F80330437A4B714389CB8083890B810D
:10CF3000704710B5446894F8D12092070ED494F845
:10CF40008D301BB177214020E3F78EFC0122A4F83D
:10CF5000C63084F88D2084F8CA2010BD037843B908
:10CF600094F88E300BB9FFF7F2FC002384F83A31C5
:10CF7000F3E7D4F880309B07F7D5FFF7E8FCD4F847
:10CF8000803023F00203C4F88030EEE710F1800F08
:10CF900006D0142904DC8842ACBF00200120704771
:10CFA00000207047806800F5006040F3073070474C
:10CFB00010B50B7901284C790A6843EA0421104620
:10CFC00008BF41F4803110BD07B5FFF7F1FF0DF147
:10CFD0000702EDF749FC03B05DF804FB90F8383028
:10CFE0000BB90020704790F83830012BF9D090F839
:10CFF0003800073818BF0120704790F83830012BEF
:10D00000DAB201D0FFF7EABF1046704770B50446A8
:10D01000FFF7F3FF08B394F83830022B1BD094F8D5
:10D020003850EB1E5D425D4101290AD1072384F887
:10D03000383004F108063046F8F7B8F8304601F009
:10D0400058F9012384F838303DB104F14800BDE8B7
:10D050007040EDF79DBC0125E6E770BD10B50446B4
:10D06000FFF7CBFF30B101212046FFF7CFFF0023B0
:10D0700084F83830002010BD002307B501A80193C3
:10D08000F6F73AFB019810F0030018BF012003B037
:10D090005DF804FB10B5FFF7EFFF002814BF142460
:10D0A0000024F8F7E3FE404200F01400204410BDD5
:10D0B00030B585B01546089BC01A099B61EB030487
:10D0C000002C214602DA404264EB440103AB2A46BD
:10D0D000009302AB01F0ADFB002C039801DA00B124
:10D0E000281A05B030BD38B50546F1F76DF900F5E1
:10D0F00044434FF47A72033D4933B3FBF2F4FFF734
:10D10000C9FF012D00F1BC038CBF0020282023445F
:10D11000184438BD10B5044690F87500FFF7E3FFDA
:10D12000012201462046BDE81040FFF739BB10B58B
:10D130000446FFF7AFFF00F5C271E269E36B9A4264
:10D1400028BF1A461046FFF734FBB0F5296F28BFF9
:10D150004FF4296080B210BD90F87801003818BFF4
:10D160000120704730B54FF4C47285B00D460021E0
:10D17000044601F091FBFF2323701323638042F2E6
:10D180001073E384E4F720F900220146E064684666
:10D19000E4F748F900220121E06CF9F792FD04223E
:10D1A000E16C6846E4F73EF90022E06C1146F9F7BD
:10D1B00088FD04F13000E57400F018F802A8ECF7DF
:10D1C0008BF820B94FF449712D20E3F74DFB02A9EC
:10D1D00004F13600FEF79BFB05B030BD408800F03F
:10D1E000010070478078C0F3400070470023C0F80A
:10D1F0000230012343700370704738B505460C4672
:10D2000000880D21E3F7ACFF58B190F8623243B1CA
:10D21000C389B5F886209B1A9BB213B19C4228BFE4
:10D220001C46204638BDC37C63B9837BA3F1110241
:10D23000032A07D990F8500028B1212B8CBF002079
:10D240000120704701207047C37C63B9437BA3F181
:10D250001102032A07D990F8500028B1212B8CBF66
:10D260000020012070470120704738B50446084669
:10D2700094F8B83213B10C25284638BD94F88E3096
:10D28000172B01D0192BF6D194F8E83203F0FF05E3
:10D29000002BF0D190B194F8F63123B940F6043167
:10D2A0003120E3F7E1FA052304F5807204F5F37108
:10D2B00001F072FA012384F8B832DDE70223FAE7BD
:10D2C00010B5044690F8751090F87400EEF720F948
:10D2D000002201462046BDE81040FFF761BA10B5B4
:10D2E00086B0044613460A4601466846EEF72EF914
:10D2F000694604F5FC70F7F7F9FE20B94FF4347174
:10D300003520E3F7B1FAB4F886300133A4F886305B
:10D3100006B010BDEEF7D6B8C0F8D811704710B5FA
:10D320000446FFF7B7FE00F23D11E269E36B9A4253
:10D3300028BF1A461046FFF73CFAB0F5296F28BF00
:10D340004FF4296080B210BD10B5044686B020B9F4
:10D350004FF4C3713520E3F787FA90F88C2002F080
:10D36000FF0312B140F28711F4E70146012268463B
:10D37000EEF7ECF8694604F5FC70F7F7B7FE10B964
:10D3800040F28B11E6E706B010BD436893F8202108
:10D390002AB1002283F88D2083F8CA20704783F8D1
:10D3A0008E20FFF7D4BA436893F88D20032A05D165
:10D3B000002283F8CA2083F88D207047FFF7C7BA90
:10D3C00010B50446FFF7A9FA2046BDE8104000F06A
:10D3D00081B910B5044600F093F910B92046FFF763
:10D3E0009CFA002010BDA1F11303012B0AD910B93A
:10D3F0001A2902D87047132906D920298CBF00208A
:10D4000001207047012070470020704738B514286C
:10D4100053680D46144693F88D300CD016281AD058
:10D42000122831D1052B14D1002220461146BDE827
:10D430003840FFF713BD223B022B0AD81046FFF7F6
:10D440006CFA35B1626892F8E03023F0200382F87C
:10D45000E030002038BD252BFBD11046FFF75DFAE8
:10D460006DB1626892F8E13023F0010382F8E13097
:10D47000626892F8E13023F0080382F8E1301A2163
:10D480002046EBF739FAE4E740F265413620E3F74E
:10D49000EBF9024640680B4690F8E01041F00401B9
:10D4A00080F8E01099785878EEF7D6BC70B50C4645
:10D4B0000546D1E90501E3F72BFF94F88C303BB129
:10D4C00004F5FC763046F7F771FE304600F011FFA8
:10D4D00004F5E8742046EDF74DFA10B12046EDF75B
:10D4E00057FA0F212846E3F751FE10212846E3F7AB
:10D4F0004DFE12212846E3F749FE11212846E3F7A5
:10D5000045FE13212846E3F741FE28461421BDE8D5
:10D510007040E3F73BBE00207047ECF7C5BAECF76C
:10D5200023BBECF739BB70B5468E014690F89120CD
:10D53000B600B0F8C03012BBC3F106039D1B91F8D2
:10D54000BE301BB191F88D30052B1DD101F180004B
:10D55000FFF77AFED0B1D1E92D34E41AA41BAC4216
:10D560000888A8BF2C4600F0A5FB20B1C389043B66
:10D570009C42B8BF1C4624EAE47080B270BDB0F88B
:10D58000C250ED1AAD1BDAE70024E8E72C46E6E7C7
:10D590001FB501230A4603A9009340F68813F6F746
:10D5A000DBF805B05DF804FB08B5EBF76DF9034651
:10D5B000C2054CBF032001201B0548BF40F00C00F2
:10D5C00008BD08B5C30707D5002000E0012008BD4D
:10D5D0000220FCE70320FAE78107F7D44207F7D4DB
:10D5E0000307F7D44B21AC20E3F73EF973B50E46A1
:10D5F000054618B9A921AC20E3F736F9447B20464B
:10D60000FFF7DFFFD5F80930C6F80330D5F80D3045
:10D61000C6F80730431CF3711F2333700123834086
:10D62000002024EA030404236C73003C63F3070026
:10D6300018BF012464F30F2002B070BD10B504467A
:10D64000EBF722F9032C11D8C1054CBF03230123AA
:10D6500002054FF0010000FA04F048BF43F00C034C
:10D66000C0B21840003818BF012010BD002003468A
:10D67000F7E701467F20FFF78BBF01466FF07F0081
:10D68000FFF786BF2DE9F04704460E460025FFF759
:10D690008BFF4FF0010907465FFA85FA5046FFF706
:10D6A000E8FF80465046FFF7E8FF821B5342534194
:10D6B00009FA05F2B04502EA070208BF43F0020387
:10D6C000D2B20AB16676237601350234042DE3D155
:10D6D000BDE8F08743680F2110B593F8E42018885F
:10D6E00022F0060283F8E420E3F73AFD0122014626
:10D6F00004461A20EFF7ECFB002384F8343010BD09
:10D70000232938B5154612D1436893F88D202D2A68
:10D710000DD118880F21E3F723FD012201460446AD
:10D720002846EFF7D5FB002084F8340038BD0220EE
:10D73000FCE738B50D461146426892F8E4209007A0
:10D7400016D591F82E20920714D591F8312002F0C9
:10D75000FF048AB981F82F5081F830309DF81030DD
:10D7600081F8313022462046EFF7B2FB204638BD23
:10D770001A24FBE70C24F9E73A24F7E710B50C4626
:10D780000F21E3F7EDFC2146BDE81040FFF77ABF1B
:10D79000F8B5576806460D460F213888E3F7E0FCD8
:10D7A000242E04461ED0252E3CD0232E4DD190F899
:10D7B0003260B30607D50126C07BEFF757FC8640E1
:10D7C000F6B284F832603046FFF7FBFE6E7004EB71
:10D7D000400094F83330AB7090F91900EFF7CAFCB1
:10D7E000E870F8BD90F82F00FFF7EBFE97F88D304A
:10D7F00006462D2B14D0A068ECF7F8FF074604EB83
:10D8000046031A7E6A7094F83020AA7093F91900C2
:10D81000EFF7B0FC2F71E870002384F83130E0E7B7
:10D82000FF27ECE790F82F603046FFF7CAFE6E70D6
:10D8300004EB4000037EAB7094F83030EB7090F94D
:10D840001900EFF797FC2871E6E74FF4A171AC20BF
:10D85000E3F70AF82DE9F84F074693F900000E4662
:10D86000154698464FEA420900283DD001EB0903CE
:10D870007F2893F901A006D050447F282FDC10F1B7
:10D88000800F2EDB40B22946FFF782FE0446284671
:10D89000FFF7EFFE231A2846D3F1000B4BEB030BE7
:10D8A000FFF7EBFE8442A4EB0A044FEA4B0BE3B212
:10D8B00008BF4BF0010B60B206F815B04E4488F873
:10D8C000000072789C1864B2747097F87400EFF7D7
:10D8D000CDFBA84208BF87F87C40BDE8F88F7F20C9
:10D8E000D1E76FF07F00CEE70346E7E72DE9F3418C
:10D8F00045780C4683784F68C6788DF80730FFF777
:10D9000053FE054246D06B1E2B4243D17E2E4FFA6A
:10D9100086F841D0636893F88D00FBF71BFC18B1C3
:10D920003A2002B0BDE8F08193F88E00FBF712FCBC
:10D9300006460028F4D10F213888E3F711FC90F84F
:10D940002E30044643F0020380F82E302846FFF7BD
:10D9500038FE024604EB400393F9211041451CBFF9
:10D9600083F8218083F8206094F83130012BD7D8D8
:10D97000032384F831300DF10703384604F1180110
:10D9800084F82F50FFF766FF9DF80730002084F8D9
:10D990003030C6E72020C4E71E20C2E770B5054638
:10D9A0000E4600880F21E3F7DBFB04463046EFF715
:10D9B0005DFB04EB4004637E85F87C3070BD2DE98F
:10D9C000F341446805460F460F2120889046E3F74F
:10D9D000C7FB064690F83130D3B994F97C403C1B24
:10D9E00063B29C4204D040F20231AC20E2F73CFF2B
:10D9F0003946FFF747FEFFF7D7FD2346014632467B
:10DA00002846CDF80080FFF794FE02B0BDE8F08113
:10DA10003A20FAE72DE9F34104460D46B0F86E00CE
:10DA2000694617461E46FDF70CFF20B140F20F3144
:10DA3000AC20E2F719FFA806DDF8048012D42846CE
:10DA4000FFF7BFFDD8F8E030D9054CBF0321012115
:10DA50001A054FF0010348BF41F00C0103FA00F032
:10DA6000014211D098F8E4309B070DD594F834307A
:10DA700003F0FF0053B984F8325084F8337084F80F
:10DA8000346002B0BDE8F0811A20FAE73A20F8E7E6
:10DA90002DE9F04F00268BB04FF400730DF11409FF
:10DAA000B2460290ADF8143019F8013B4FF001086E
:10DAB000CDE906AA8DF81E3006A8E3F78BFB0446D5
:10DAC00030B1731C0126022BEED10BB0BDE8F08FF4
:10DAD00008A9BDF81C00FDF7B4FE20B14FF45F713A
:10DAE000AC20E2F7C1FE099D0F212888E3F738FB3F
:10DAF000834695F87400EFF7B9FA08FA00F50BEBD6
:10DB00004003E9B293F919700391FFF74DFD20EA44
:10DB1000050003990BF11905C0B208FA04F202429C
:10DB20005FFA82FC05D015F91420BA4208BF4CEA0E
:10DB300001010134042CF0D1029B5A4608A8CDF80B
:10DB40000080FFF7F6FDB7E708B5436893F88D202E
:10DB500022B14FF46271AC20E2F786FE2D221888C4
:10DB60000F2183F88D20E3F7FBFA90F82E3043F075
:10DB7000010380F82E3008BD70B5044608462678AB
:10DB800065682EB1D5F880305B0605D5012070BDE3
:10DB900095F88E30002BF9D12146FFF7A7FE0246FB
:10DBA00080B11EB195F88E30002BEFD12321204695
:10DBB000FEF7E0FE362385F88E302046FEF7B6FEEF
:10DBC0000020E4E70EB92D23F5E7D5F8803043F0C7
:10DBD0004003C5F88030F0E710B50378446883B996
:10DBE00084F88E30A4F8CC30FEF7B1FE0F212088E7
:10DBF000E3F7B6FA002201461046BDE81040EFF701
:10DC000067B9D4F880305A0604D440F2DB31AC2036
:10DC1000E2F72AFE23F04003C4F88030E4E710B5B1
:10DC200044680F212088E3F79BFA034690F83420DC
:10DC300022B993F83120D2B9FE2010BD94F83521D5
:10DC4000002AF6D194F88E20A2F125010629F0D9F8
:10DC5000332AEED094F88D00FBF77CFA0028E8D147
:10DC60001046FBF777FA0028E3D12320E5E70022EE
:10DC700083F831202520E0E7FEF74FBE1D2310B5C5
:10DC800004460370EAF730FE6070022010BD1E23C8
:10DC900010B504460370EAF727FE6070022010BD3D
:10DCA00001234380038000238380C3804FF44863B3
:10DCB000038170471021E3F753BA73B569460546EF
:10DCC000FDF7BFFD044618B121215420E2F7CCFD39
:10DCD0002846019EFFF7EEFF28B101237386848159
:10DCE00044810482C48102B070BD3C2303804FF4A0
:10DCF000FA4343800123C38083800023038143814F
:10DD00004FF448638381704708B5EFF797FEEFF74C
:10DD10007BFBEFF793FABDE80840F0F737BC10B58E
:10DD2000C824EFF735FB022808D1013C14F0FF04AA
:10DD3000F7D10620EBF736FD204610BD431E5842B2
:10DD40005841FAE7704738B504461546EFF796FC98
:10DD500001462A462046BDE83840F0F743B819B9D5
:10DD600043780BB1C3788370704710B504460846FA
:10DD7000F0F72AFB4FF47A73B0FBF3F0201A10BDD2
:10DD800038B5044608461546F0F71EFB4FF47A7383
:10DD900000F2E730033DB0FBF3F0012DA4EB0004EB
:10DDA0008CBF02200A20201A38BD01207047831C36
:10DDB000212B04DD4C2B04DC2038C0B2704700203E
:10DDC00070472A2070477F2808B5034604D0F0F733
:10DDD000F9FEC0F11003DBB258B208BD08B5431E0E
:10DDE000072B09D8DFE803F00D0F0504080D0D0619
:10DDF000022008BD0420FCE740F28F410620E2F734
:10DE000033FD0020F5E70120F3E708B503280FD81C
:10DE1000DFE800F00212070B002914BF03200520E1
:10DE200008BD90000530C0B2FAE790000B30FAE769
:10DE30005C218720E2F718FD0620F1E72DE9F0418B
:10DE400004460F461646F5F7CDF90023A4F8A23292
:10DE500094F86232062B08D094F86232052B04D075
:10DE600040F276218820E2F7FFFCFE22002304F135
:10DE7000DA08A4F85C221D46D4F8D420A4F8603255
:10DE800084F8B03084F8A0326374927A84F8B022B7
:10DE9000AF4212D194F82F3184F87B3184F8C53128
:10DEA000002384F8663294F86222052A0AD14EB91A
:10DEB000022384F86232BDE8F08140460135F3F771
:10DEC00093F8E5E784F86232D4F8D420B4F8641209
:10DED000B2F847300B44A2F84730ECE70023F7B51F
:10DEE0000646A0F52974CDE900330D238DF80630E0
:10DEF0006846E3F76FF9054608B103B0F0BD009B33
:10DF0000A342F5D116F83E3C002B14BF0127002791
:10DF10000DD00D212046E3F77DF906460E21E3F7EB
:10DF20001FF92A4690F845113046FAF72CFBB4F851
:10DF300064123A46B4F8AE322046C91A89B20131A9
:10DF4000FFF77CFFD9E700F038B8801A00F307002C
:10DF500038B50D46144659B240B2F5F793FC00238C
:10DF6000287020446B7040B238BD002303607047B6
:10DF70007047002070474FF0FF3070474FF0FF3080
:10DF8000704770474FF0FF30704700207047002007
:10DF900070470023037070479DF800300022FFF7A0
:10DFA000D4BF4FF0FF307047002070474FF0FF3074
:10DFB00070474FF0FF307047704770470020F5F70B
:10DFC000A5BC0020F5F77CBD0020F5F78DBD002035
:10DFD000F5F79CBC7047F5F7D3BDF5F7E5BDF5F750
:10DFE000D5BDF7F7C9BAF6F787BFF6F79DBFF7F7C4
:10DFF000EDBA00F086B9F7F7DFBAF7F7CFBA10B588
:10E00000837F8BB9034601F1180251F8044B91420A
:10E0100043F8044BF9D1012484772146F6F706F939
:10E02000F6F75CFF204610BD0020FCE710B5044663
:10E030000221F6F7FBF8F6F751FFA07FB0FA80F067
:10E04000400910BD38B50446A37F03B938BDA37F8E
:10E05000032B02D0A37F042B0ED1EFF3108572B6F1
:10E060002046F6F755FB05B962B6A37F002BEDD02D
:10E07000FF210320F7F772FCA37F012B02D14FF49D
:10E080008271F6E700F092FBDEE713B50DF10701B0
:10E09000F6F724FB0446F6F78FFF20B940F2211172
:10E0A0000320F7F75BFC204602B010BDF8B5074629
:10E0B000F6F782FF044620B940F229110320F7F752
:10E0C0004DFCF6F77FFFA46800252418384641F17F
:10E0D000000622463346F6F769FBA04271EB0603C1
:10E0E00009D3001B6FF0010361EB0601834275EB5E
:10E0F000010102D3F8BD2846FCE74FF0FF30F9E7F5
:10E100002DE9F04104460F46F6F756FF064620B9C2
:10E110004FF4A3710320F7F721FC856800236219EF
:10E120005B4113B10020BDE8F081F6F74BFF2A18E0
:10E13000384641F1000314EB020843F10005F6F7FD
:10E1400035FB4045A941EDD3F7F716FA00F074F816
:10E15000B368012037752344B360E4E7837F012B64
:10E1600001D100F06BB800207047D0E90001704782
:10E17000F6F728BF8068704708B5F6F71DFF20B98D
:10E180004FF4CB710320F7F7E9FB007D08BDF8B52C
:10E190000369044623B140F29D110320F7F7DEFB2B
:10E1A000F7F7EAF905460E46F5F796FF70B36435C2
:10E1B000D4E9003246F10001AB4272EB010001D21A
:10E1C0002B460A46C4E90032EFF3108572B6F6F723
:10E1D000F3FE064698B1F6F7F5FEB3680B332CBF95
:10E1E000012200221B18D4E9006042EB0101B34276
:10E1F00071EB00023CBF33460146C4E9003105B96A
:10E2000062B62046BDE8F840F6F746BBF5F784FF56
:10E210000746F6F7E5FEB84238BF3846963546F170
:10E2200000024319D4E9000142F10002834272EB7B
:10E230000105C7D20346C4E7F6F792B8F7B50C4616
:10E240000DF107010646878BF6F748FA20B94FF41F
:10E2500012719F20F7F782FB0FCC35460FC594E86B
:10E2600003003A4685E8030030460DF10701F6F752
:10E2700019F9012003B0F0BD032910B5044606D8F2
:10E2800001290ED84FF49E71B020F7F767FB0429DF
:10E29000F8D1F5F7E1FF20B12046F6F79FFB022009
:10E2A00010BD0020FCE7C0E908122022002100F088
:10E2B000F3BA10B5037886B0044623B14FF4AB71BE
:10E2C0004520F7F74BFB0593CDE90333D0E9042351
:10E2D000CDE9002343680293037A68468DF8143031
:10E2E000FFF755FF0120DDE90023C4E9042306B050
:10E2F00010BDFFF7A7BE7047704770477047F6F72D
:10E30000D9BF10B5029C241841F10001A01A61EB9D
:10E310000301B0F1004F71F1000103DBA9210420DA
:10E32000F7F71CFB10BD08B500230B8581F82A30D8
:10E330000B6A0921984728B103781BB1E9216A20AB
:10E34000F7F70CFB08BD436A19444162A1F196003E
:10E35000FFF749BEF8B5044620B940F2AD116A2076
:10E36000F7F7FCFA90F85850052900F2C780DFE86B
:10E3700001F0038043656F7990F82A30033B012B4D
:10E3800002D94FF4DC71EAE7052380F82A30002334
:10E3900080F859300378EBB12378012B24D1F6F7BC
:10E3A00051FF636894F828606362C4E90601F6B916
:10E3B000FFF721FE31462046FFF7C5FF236A3146AD
:10E3C0002846984701462046F7F7B4F9022840F05E
:10E3D0009880F8BDFFF705FE07460E46F6F732FFB8
:10E3E00087428E41F6D3D7E7D4E90401D9E7204626
:10E3F000BDE8F840F7F76AB990F82A30DA1E012A2A
:10E4000002D940F2ED11AAE790F828202AB121465E
:10E410002846BDE8F840FFF786BF042B036A18BF03
:10E42000012180F82A100521284698470028D0D0DD
:10E430000378002BCDD04FF4007190E790F82A308C
:10E44000052B02D040F2062189E7036A0221B7E7D3
:10E4500090F82A30052B02D04FF403717FE7036A4E
:10E460000121ADE790F82A30052BC0D040F21221EF
:10E4700075E790F82A30052B07D090F829200AB1CB
:10E48000032B02D040F2172169E794F82820002AD4
:10E49000BDD194F8593083B102230821284684F86D
:10E4A000592084F82A30236A9847002891D00378AD
:10E4B000002B8ED040F2232151E794F8292062B13D
:10E4C000214604F1300084F82930F6F70FFE0028C9
:10E4D0007FF47FAF4FF40A7141E7022307212846FA
:10E4E00084F82A30236A984700283FF472AF0378F3
:10E4F000002B3FF46EAF40F22F2130E74FF40D7147
:10E500002DE70128236A0CBF0421032158E770B5C9
:10E510000024F7F7C9F905462646E0B2854200D83F
:10E5200070BDF7F7C7F90134068580F82A60F4E773
:10E53000F8B504460D460027F7F7B6F90646F8B2D7
:10E54000864204D8082D0CD96FF0150008E0F7F7C3
:10E55000B1F990F82A300137002BF0D04FF0FF309E
:10E56000F8BD2CB129462046BDE8F840F7F7AEB912
:10E5700021462046F8E710B50446F7F79BF9014617
:10E5800088B190F828308BB990F82A3073B1013BEC
:10E59000012B04D82046FFF7C6FE002010BD012342
:10E5A00080F82830F9E76FF00100F7E76FF02200FC
:10E5B000F4E770B50D46F7F77DF9044600284CD016
:10E5C00090F82A60731E012B4DD8002D48D02846A4
:10E5D000F7F750F8002843D02B780BBB01232370AA
:10E5E0002B796A79003B18BF0123002A14BF04224B
:10E5F000022243F004032272AA68A5326260EA682C
:10E60000637203232261214604F1300084F82A302A
:10E61000F6F76CFD50BB40F2C1216A20F7F79EF976
:10E62000022E20D1002323702B796A79003B18BF7A
:10E630000123002A18BF042643F004032672EA6867
:10E640006372A532A9686260D4E906325B1842EBB6
:10E65000E172C4E904320423D5E76FF0010070BD14
:10E660006FF01500FBE76FF02200F8E70020F6E7F7
:10E67000F8B5037904461BB11B219D20F7F76EF90D
:10E680004679017126B901234371217909B9617174
:10E69000F8BD276820462671B84702280546F4D100
:10E6A00003212046B84708B12F21E6E72368294611
:10E6B000204698470028E8D03021DEE7034600686E
:10E6C000884204D109B10A681A600846704728B91F
:10E6D0007047884202D10A681A60F6E7034600686C
:10E6E0000028F6D1704701F11003013813F8012D0D
:10E6F0008B4200F8012FF9D170472DE9F04713F054
:10E70000010F8EB004460D4617469A46DDE916897C
:10E7100024D006A8FFF7E7FFA30735D002AA04F12B
:10E7200010052068083454F8041C1346AC4203C397
:10E730001A46F6D106AD02AC1AF0020F4346CDF8E8
:10E74000009023D0294620460AAAF7F79FF90AA984
:10E750003846FFF7C8FF0EB0BDE8F08713F0040F8E
:10E760000DD106AB0E4601F1100C1D46306808367F
:10E7700056F8041C1A46664503C21346F6D12146D4
:10E7800002A8FFF7B0FFD6E706ADD5E73A4629461F
:10E790002046F7F77BF9DEE713B50024CDE9004406
:10E7A000FFF7ABFF02B010BDF7F774BA20BF704798
:10E7B00020BF70479142F8B503D373219620F7F735
:10E7C000CDF8B2FA82F33BB1C3F1200499409A40EC
:10E7D00020FA04F4984021434FEA124C93B2040CFF
:10E7E00087B2B1FBFCF50CFB151E05FB03F64FEAE7
:10E7F0000E4E0EEB1040864205D9361A964294BF53
:10E8000001260226AD1B04EB0141280405FB121171
:10E81000B1FBFCF40CFB1411634307EB0147BB4253
:10E8200005D9DB1B934294BF01230223E41A204342
:10E83000F8BD70B5044615461E46FFF7BBFF049BA6
:10E8400000FB154430601C6070BD62B1013910B529
:10E85000841810F8012B11F8013FA04201D09A4210
:10E86000F7D0D01A10BD10467047431A934200EB00
:10E87000020310B508D3013902469A420BD011F8B1
:10E88000014F02F8014BF8E70A4412F8014D8A42A1
:10E8900003F8014DF9D110BDF0B5C9B20446A30784
:10E8A00026460ED14FF0013522F003034D43E71801
:10E8B000BC420CD1334402F003021A44934209D102
:10E8C000F0BD002AFCD0013A04F8011BE7E744F848
:10E8D000045BEDE703F8011BF0E7FFF7DDBF00285D
:10E8E0000CBF6FF015000020704700207047072311
:10E8F000037000207047002070470020704710F818
:10E90000012B11F8013B012A28BF9A42F7D0D01AF7
:10E910007047034611F8012B03F8012B002AF9D1A7
:10E920007047034613F8012B002AFBD1181A01384F
:10E9300070472DE9F04786468C460846089E1546E6
:10E9400074461946002B40F0C1808542B2FA82F22B
:10E9500045D94AB1C2F1200300FA02FC9540944027
:10E960002EFA03F343EA0C0C4FEA154EA8B2230C1F
:10E97000BCFBFEF80EFB18CC08FB00F943EA0C4385
:10E98000994528D9EB1808F1FF3704D2994502D9E7
:10E99000A8F102072B44A3EB0903A4B2B3FBFEFCCE
:10E9A0000EFB1C330CFB00F044EA0344A04214D9D4
:10E9B0002C190CF1FF3304D2A04202D9ACF10203AE
:10E9C0002C44241A43EA07401EB1D440002334608B
:10E9D0007360BDE8F0874746DDE76346F1E792BB29
:10E9E000431B01214FEA154EAFB2200CB3FBFEFCD6
:10E9F0000EFB1C330CFB07F840EA0343984561D932
:10EA0000EB180CF1FF3004D2984502D9ACF10200AA
:10EA10002B44A3EB0803A4B2B3FBFEFC0EFB1C3398
:10EA20000CFB07F744EA0344A7424DD92C190CF11B
:10EA3000FF3304D2A74202D9ACF102032C44E41BF9
:10EA400043EA0040C0E7C2F120039540944020FA19
:10EA500003F12EFA03F34FEA154E9040AFB2034391
:10EA6000B1FBFEFC0EFB1C10190C0CFB07F841EA75
:10EA70000041884522D969180CF1FF3004D288453D
:10EA800002D9ACF102002944A1EB08019BB2B1FB11
:10EA9000FEFC0EFB1C110CFB07F743EA01439F42EF
:10EAA0000ED9EB180CF1FF3104D29F4202D9ACF120
:10EAB00002012B44DB1B41EA004193E76046E3E798
:10EAC0006146F7E76046A4E76346B8E7834206D9A4
:10EAD00016B9002108467CE7C6E900E0F9E7B3FA79
:10EAE00083F78FB9834201D3724508D8BEEB020485
:10EAF00060EB030301209C461EB9002169E73846FC
:10EB0000FAE7C6E9004CF8E7C7F1200CBB400EFA63
:10EB100007F522FA0CF42EFA0CF1BA401C4320FA45
:10EB20000CF3B8404FEA144901431FFA84FEB3FBCB
:10EB3000F9F809FB18300B0C08FB0EFA43EA004306
:10EB40009A4540D9E31808F1FF3004D29A4502D91A
:10EB5000A8F102002344A3EB0A0389B2B3FBF9F83E
:10EB600009FB183308FB0EFE41EA03418E452CD900
:10EB7000611808F1FF3304D28E4502D9A8F10203CF
:10EB8000214443EA0040A1EB0E01A0FB029841455D
:10EB9000CE46434602D306D14D4504D20138B9EBE7
:10EBA000020E68EB0403002EA7D0B5EB0E0261EB5A
:10EBB000030101FA0CFC22FA07F3F9404CEA0303C3
:10EBC000C6E9003199E74046C5E74346D9E700006A
:10EBD0000000202002024040222260606161242463
:10EBE0006262636335356464656537376666676797
:10EBF0003939686869696969791C1C1C1C202022E4
:10EC0000222424262628282A2A2C2C2E2E30303264
:10EC1000323434363638383A3A3C3C3E3E40404254
:10EC200042424246000000000022F0B5114640F684
:10EC3000034087B007F0B0FA0446002858D107F027
:10EC4000D7F8214641F2030005AA07F0A5FA0446C9
:10EC500000284DD1059A844DD16805F17803D1F88B
:10EC60000100D1F8051003C3104605F001FF21464D
:10EC700041F2010005AA07F08FFA0446002837D1B7
:10EC80000598C3685A7885F870205A88A5F87220CC
:10EC90001A7985F87120B3F80720A5F87420B3F825
:10ECA0000530A5F8763005F0E3FE214641F202007A
:10ECB00005AA07F071FA0446D0B9059F05F1800650
:10ECC000FA68531C4132344618685968083303C443
:10ECD00093422646F7D1384605F0CAFE95F87C30B7
:10ECE000580608D4452161481FF040F86FF012041F
:10ECF000204607B0F0BD002142F2030005AA07F04C
:10ED00004BFA04460028F3D1059A594BD168D1F843
:10ED10000100D1F8051003C3104605F0A9FE2146F5
:10ED200042F2020005AA07F037FA04460028DFD1B4
:10ED3000059EF468B4F801309AB282B1E27872B1FB
:10ED4000A5F80431E278032A04D003235721494867
:10ED50001FF00CF8E2784848114622F07BFF30465D
:10ED600005F086FE95F87C6016F0200618D14FF06D
:10ED7000FF304FF0FF3107F05FF8044600286FD0F6
:10ED800002210C3005F0CEFF0123214603704670AE
:10ED9000324640F66D4007F0FFF904460028A7D13F
:10EDA00095F89C30190712D5002142F21C0005AAE3
:10EDB00007F0F2F9044600289AD10598C368D3F801
:10EDC0000120D3F80530C5E9382305F051FE95F848
:10EDD000D8309A0623D50DF1120104A807F062FA83
:10EDE0000446002884D14FF0FF304FF0FF3107F088
:10EDF00023F80646A0B304210C3005F093FFBDF8BC
:10EE0000103022460380BDF812303146438042F272
:10EE1000240007F0C1F9044600287FF469AF95F893
:10EE2000D8305B0610D5002142F22A0005AA07F06F
:10EE3000B3F9044600287FF45BAF0598C3685B789C
:10EE400085F8203105F014FE95F8DD305F0627D5F2
:10EE50004FF0FF304FF0FF3106F0EEFF044668B987
:10EE60006FF0680444E700BF48010020F9C30400C4
:10EE70002002002022C404005002002002210C3095
:10EE800005F050FF2F230370012321464370002219
:10EE900042F2740007F080F9044600287FF428AF9E
:10EEA0004FF0FF304FF0FF3106F0C6FF0446002858
:10EEB000D6D008210C3005F035FF95F8D81040F277
:10EEC000022311F0400F08BF03238E074CBF43F00D
:10EED0002C0343F00C030246880695F8D90048BF7E
:10EEE00043F0400310F0090F18BF43F40063C90753
:10EEF00054BF184643F0100095F8DD3001215F063D
:10EF000008D595F8B1305E0754BF40F601018A4933
:10EF100041F4FE211FF0BDFC2146002242F2010017
:10EF200007F03AF9044600287FF4E2AE95F87C3009
:10EF3000B5F80411980662D4C9B941F2050005AAD2
:10EF400007F02AF9044600287FF4D2AEB5F8043160
:10EF5000059C4BB9E368B3F80120A5F804219A8811
:10EF60007648114622F076FE204605F081FD4FF0EE
:10EF7000FF304FF0FF3106F05FFF044600283FF4FA
:10EF80006FAF08210C3005F0CDFE95F8D830024661
:10EF9000D90747BF66A1D1E900014FF00051684889
:10EFA0001FF077FC2146002240F6014007F0F4F8FC
:10EFB000044600287FF49CAE014605AA4FF60140A6
:10EFC00007F0EAF820B357215E481EF0CFFEEB7938
:10EFD000002B7CD11FF0EFFD044600287FF488AEA3
:10EFE0000AF0BAF9044600287FF482AEEB79002BD0
:10EFF00040F09480492154481EF0B8FE78E600297C
:10F00000B5D1452151481EF0B1FE6FF004046FE602
:10F01000059E4921F4684E48B4F80130042B96BF90
:10F020004C4A4D4A52F823201EF0A0FEB4F80120AD
:10F03000B4F80330022A2AD1052B28D8474A52F8BF
:10F040002320492146481EF091FED4F80910637927
:10F050000291B4F80710032B019198BF414AA1799E
:10F0600094BF52F823203C4A3F48009149211EF0AA
:10F070007DFE304605F0FCFC00214FF6024005AA5B
:10F0800007F08AF8044620B1572138489DE7324AF4
:10F09000D7E70598C368B3F80130A5F8C13005F08B
:10F0A000E7FC95F8C1305A0791D521464FF6034049
:10F0B00005AA07F071F810B157212D4885E705988A
:10F0C000C3685B7885F8C03005F0D2FC7FE72E7806
:10F0D000002E7FF47FAF95F8C1309B0625D54FF009
:10F0E000FF304FF0FF3106F0A7FE044600283FF442
:10F0F000B7AE06210C3005F015FED5F801302146DB
:10F1000003601C4B32469B8883804FF6064007F015
:10F1100043F8044600283FF45DAFE9E508211648AE
:10F120001FF0A3FB06F06AFFE2E56FF08504DFE560
:10F13000908800020080002001088000500200201A
:10F140001088000295C4040087C504006DC4040043
:10F15000BEC4040044570400BFC104002C5704007F
:10F16000DCC404001C570400F9C404002BC50400CF
:10F1700059C50400490100201C02002000000000C5
:10F1800008B5094BD3E8AF3F43B1F4F7ABFF04A197
:10F19000D1E90001BDE8084013F00EBD08BD00BF75
:10F1A000389C1C0000000000F466002000000000F5
:10F1B00037B50024164D6FF009034FF480622846DE
:10F1C0001449009417F0F8FC1349284622F0BDFDBD
:10F1D0001249134817F020FB224604211C2004F09A
:10F1E000E9FE01220F4BD3E8EF1FC3E8E02F002810
:10F1F000F9D105A1D1E9000113F0DEFC204603B0EE
:10F2000030BD00BFAFF30080389C1C000000000040
:10F2100070450020889000200BF30400812B030030
:10F220005C670020F466002070B4174E0C46B042B4
:10F23000154608D00136B0420FD0023EB04210D081
:10F2400070BC1BF03DBD0AA3D3E90023C5E9002330
:10F250000E4B0020236070BC704707A3D3E9002346
:10F26000F4E707A3D3E90023F0E700BFAFF3008082
:10F2700002C0FF7F0000000003C0FF7F000000000D
:10F2800001C0FF7F0000000002C0FF7F03004E802E
:10F290000A46024849211EF069BD00BF0C880400DF
:10F2A000492101481EF062BD2D88040010B50C46AE
:10F2B00042B1572107481EF059FDBDE810400648ED
:10F2C0001EF0B8B80A46054849211EF04FFD044B10
:10F2D0001C60F2E73D880400E0090020708804000B
:10F2E0001850002000B5174B89B0197021BB537816
:10F2F000012B1CD1538A49210793138A1248069384
:10F30000D38905939389049353890393137A0293C2
:10F310005368019392F903300093937812781EF0AA
:10F3200025FD0A4809B05DF804EB1EF083B84921B9
:10F3300007481EF01BFDF4E70A46064857211EF059
:10F3400015FDEEE7EE6F002091880400C80900204B
:10F35000AA890400C789040008B50A4B197059B975
:10F3600052B1136843B1492107481EF0FFFCBDE8C4
:10F37000084006481EF05EB80A46054857211EF0B0
:10F38000F5FCF4E7ED6F0020FD890400100A002071
:10F390002A8A040010B50C460A46074845211EF08B
:10F3A000E5FC002C08BF6FF00404044B04481C600B
:10F3B000BDE810401EF03EB8688A040020500020CE
:10F3C0006809002008B5064857211EF0CFFC6FF0F1
:10F3D0000102044B04481A60BDE808401EF02AB838
:10F3E0008B8A040020500020680900202DE9F0419C
:10F3F000304E8B8832680C46934247D02E4FC3F371
:10F400000B033A68934211D0002300222B481EF0D0
:10F4100013F80028A38806DA33604921BDE8F041DB
:10F4200027481EF0A3BCC3F30B033B60A37A0F2B4A
:10F4300014D0236993B1234DB3F8048028461FF0FC
:10F44000DBF88045206913D8B0F80480414605F008
:10F450004FFC4246014628461FF0D6F84FF0FF33D6
:10F460003360637AA3B9A388C3F30B033B600DE059
:10F470008188AA88EB880A44134845211EF076FC4F
:10F480000023AB80AB682B60A3883360BDE8F081BC
:10F490000F2BFBD1A2880D4857211EF067FC0022DC
:10F4A000084B06489A809A681A60BDE8F0411DF042
:10F4B000C1BF00BF980300209C03002098090020D2
:10F4C000B18A0400AC030020F48A0400298B0400F4
:10F4D00004460A4608B5492106481EF047FC204666
:10F4E00008F01AFE0020044B186022F082F8012078
:10F4F00001F046FB438B04001C500020492108B555
:10F5000007481EF033FC002003F084F9024628B1BE
:10F51000BDE80840452103481EF028BC08BD00BFD7
:10F52000658B0400918B040038B5044649211048CE
:10F530001EF01CFC20461EF013FE0146204603F080
:10F5400091FE054620B1024645210A481EF00EFCF8
:10F55000094B20461D601EF066FE024618B145218B
:10F5600006481EF003FCBDE8384005481DF062BFA8
:10F57000BA8B0400E18B0400205000200A8C0400A8
:10F58000680900200A4608B541B9074849211EF01C
:10F59000EDFBBDE8084005481DF04CBF5721BDE814
:10F5A000084003481EF0E2BB3D8C040050090020D7
:10F5B000578C040013B514460A462346002933D15C
:10F5C000002C31D01C4A04F1240153F8040B8B4267
:10F5D00042F8040BF9D10122184B492118481A703E
:10F5E0001EF0C4FB637949210193237915480093E8
:10F5F000638822781EF0BAFB637C49210193637A09
:10F6000011480093237BE2791EF0B0FB237D492152
:10F610000093237AE27C0D481EF0A8FB0C4802B050
:10F62000BDE810401DF006BF57210A4802B0BDE8F2
:10F6300010401EF09BBB00BF866F0020EC6F0020C7
:10F640008B8C0400B28C0400FB8C0400488D0400F9
:10F65000F8090020828D040010B5104B0A461B6883
:10F66000994219D10E4C0F4821460F4B00681EF0ED
:10F67000E3FE024680B145210C481EF077FB0022D4
:10F680000B4BA28099689A801960A368094823608F
:10F69000BDE810401DF0CEBE10BD00BF9C03002091
:10F6A000A00300201C50002095F90100C58D040026
:10F6B000AC0300209809002038B50C460546B0B1CF
:10F6C00001460C4B2046042224F0EBF86B1004EBAF
:10F6D000830415F0010F94ED000A07D154ED017A6F
:10F6E00077EE807AB6EE000A27EE800A38BD9FEDED
:10F6F000020AFBE79BD303000000C07F0A4608B55F
:10F7000029B1BDE80840452107481EF02FBB20F075
:10F7100055FD4921024605481EF028FBBDE808407A
:10F7200003481DF087BE00BFEB8D04000D8E040062
:10F73000B009002070B503788AB004460E4607ADC4
:10F74000032B20D8DFE803F002191B1D11492846BE
:10F75000FFF7DFF8059563781E210493A378304600
:10F760000393E3780C4A029323790193637900931E
:10F77000A3791CF0E1FA0AB070BD0849E7E708492F
:10F78000E5E70849E3E70A212846074A1CF0D4FACE
:10F79000E0E700BF2C8E04004E8E0400D89B0400CE
:10F7A000338E04003D8E0400478E040030B51546AC
:10F7B0008BB00C461FF03CFB02A9FFF7BBFF55B115
:10F7C0000A4B4521CDE900530948234602AA1EF001
:10F7D000CDFA0BB030BD23464921064802AA1EF0DF
:10F7E000C5FA05481DF026FEF3E700BF9592040018
:10F7F000718E04009D8E0400280A002010B5144666
:10F80000036888B069461868FFF794FF23466A4684
:10F81000492102481EF0AAFA08B010BDC08E0400AB
:10F8200070B50C46054688B01FF002FB6946FFF72D
:10F8300081FF0C4823466A4649211EF097FA0A4E7A
:10F8400028462CB108F068FC0023336008B070BD76
:10F8500008F03AFC306005481DF0ECFD204621F030
:10F86000C5FEF3E7F28E04001C500020380900208A
:10F870002DE9F04F2DED028B04460D4600274FF089
:10F880004B0B4FF4967987B09846129B3F4E0192EE
:10F8900002936078FAB2904204D807B0BDEC028BB4
:10F8A000BDE8F08F0199039210F022FBB0F1000A3D
:10F8B000039A08DA5721364807B0BDEC028BBDE841
:10F8C000F04F1EF053BA08EB82009100C278120785
:10F8D000E3D1029B1944CA7803911307DDD121F0CB
:10F8E00017F8039903B208EE903A0314084608EE9D
:10F8F000103A21F00DF803B2001405EE103A07EEAD
:10F90000900A0BFB0A5236F81210B8EEE80A0131E1
:10F9100089B20129B8EEC88AB8EEC55AB8EEE76ACE
:10F9200026F812100DD109FB0A5304EB830383ED73
:10F93000010A83ED4C8A83ED975A83EDE26A013721
:10F94000A7E709FB0A500130830004EB80001DF09B
:10F9500075FD03F59670B0EE480A36F81210204493
:10F960001DF06CFD03F51670B0EE450A36F8121066
:10F9700020441DF063FD03F56170B0EE460A36F8D1
:10F98000121020441DF05AFDD9E700BFF06E002090
:10F99000148F04002DE9F04F2DED028B144685B035
:10F9A00052B113460A464521784805B0BDEC028B9A
:10F9B000BDE8F04F1EF0DAB9754B764D1B688B42EF
:10F9C0000FD00A46744849211EF0D0F9AB6873483D
:10F9D000AC802B6005B0BDEC028BBDE8F04F1DF094
:10F9E00029BDAE88C6B91A4657216D481EF0BEF92A
:10F9F000AB686A482B60AE801DF01CFD694B1B682C
:10FA000013F0010303D1684A93809368136005B033
:10FA1000BDEC028BBDE8F08F644E4FF49A62214634
:10FA2000304623F0F2FE96222146614823F0EDFE97
:10FA3000604B614FCDE900430296BA795A48294696
:10FA40005E4B03F0DBFD96F80190DFF864C15C4883
:10FA500006F2B34806F597621237E3B299451BD810
:10FA60000023AB80AB684D482B604E4B1B6813F0F6
:10FA7000010301BF4C4A9380936813601DF0DAFCC8
:10FA80004A4803F047F805460028C0D19FED4D8A4B
:10FA90004D4FDFF8448172E0022100231060506076
:10FAA0009060D060ACF1040A4FEAE10E17F80EE066
:10FAB00001F0070B4EFA0BFE1EF0010F06D03AF8CC
:10FAC00011E0BEF1000F01D00133DBB201314D294D
:10FAD000EAD10E2B8CBF00230123013408F8013F2B
:10FAE0000CF1960C1032B8E706EB0A0393F8B43425
:10FAF00063B10AF14C0306EB0313D3ED007AF0EE89
:10FB0000E77AF4EE487AF1EE10FA37D806EB0A19E4
:10FB100009F597694FF0FF324FF0FF33384616F082
:10FB2000CDF840B129492A4883221DF0FDFD8321EB
:10FB300026481DF0F0FD942404FB0AF408EB040CA5
:10FB40009CF8913004EB0314444499E80F0084E8D6
:10FB50000F0009229CF891300133B3FBF2F202EB63
:10FB6000C2029B1A8CF891309CF89030082B9CBFF5
:10FB700001338CF89030384616F056F90135737819
:10FB80005FFA85FA5345AFD8124823E72F8F040058
:10FB90009C030020AC030020778F0400980900200C
:10FBA000E98F040018500020A0030020B44A002070
:10FBB000F06E002063D40300D06F00200BD403004C
:10FBC0000000C07FFFFF7F7FE80700201F90040038
:10FBD0003B90040080090020844F0020F0B58C4643
:10FBE0001446A9B0002940F09E801346524A04F101
:10FBF0001C0153F8040B8B4242F8040BF9D14F4D12
:10FC000013AB05F10C0720AE95E8070083E8070069
:10FC10000FCF0FC697E80F0086E80F0005F12C0301
:10FC20001CAE0FCB86E80F0016AB05F13C0207CAED
:10FC3000483583E8070095E8070019AB83E807001B
:10FC40006278122A67D05ED8022A66D0032A66D06C
:10FC50003B4B3C49012A18BF0B46A279022A28BF18
:10FC600002221146E279072A28BF07221046227A8B
:10FC7000551E022D98BF9446628A28AD1192626982
:10FC800005EB8C0C1092A2690F92627C0E92227C82
:10FC90000D92E27B0C92A27B0B92227B0A92E27A7B
:10FCA000022A28BF022205EB820252F83C2C09925C
:10FCB000A27A022A28BF022205EB820252F8482CBF
:10FCC0000892627A07925CF8302C069205EB80026B
:10FCD00052F8202C1C48059205EB810252F8542C56
:10FCE000492104926279039222790292E278019288
:10FCF000A278009222781EF039F8144829B0BDE8A5
:10FD0000F0401DF097BB232A0BD0114B0D49322A2E
:10FD100018BF0B46A1E70F4B9FE70F4B9DE70F4B1B
:10FD20009BE70F4B99E70A4657210E4829B0BDE8DB
:10FD3000F0401EF01BB800BFD06F0020704D0400D3
:10FD400053900400EF900400F79004002009002075
:10FD5000AF90040095900400679004007B9004002D
:10FD6000CF900400969204002DE9F0472DED028B10
:10FD70004921ACB09B481DF0F9FF11F09BFF00201A
:10FD800006F098FC024620B1452197481DF0EEFF91
:10FD900083E01AA820F002FF024650B15721934891
:10FDA0001DF0E4FF1EF02BF80246A0B1452190485B
:10FDB000ECE79DF87C30492102939DF879309DF85D
:10FDC0006C2001939DF870308A4800939DF86D3047
:10FDD0001DF0CCFFE6E701230A908DF82C304FF0A0
:10FDE00018104FF0C873CDE9080308AB0AA80C93AC
:10FDF00002F0D8FC804802F057FB00F0C7FC014637
:10FE0000032002F061FB044640B1452102467B48D5
:10FE10001DF0ACFF224645217948B7E70146042092
:10FE200002F0B4FB044618B1024645217548EFE7DD
:10FE300002F0F0FC024610B145217348A6E74FF0EE
:10FE4000FF324FF0FF3371481DF0F6FA704C7148E5
:10FE500016F0A0FA022120681EF066FF024628B1C3
:10FE600010F1780F02D045216B488FE7206823A955
:10FE700008F000FF024610B14521684886E79DF86A
:10FE8000AD30012B0FD80023654A62481DF0D4FA2B
:10FE900048B1452163481DF069FF00202CB0BDEC3E
:10FEA000028BBDE8F087604920680CF011FD024626
:10FEB00010B145215D4869E700235D4A5D481DF0AA
:10FEC000BBFA10B145215C48E5E7206800F062FC10
:10FED000024610B14521594858E70125D4F8008061
:10FEE000574F584EDFF8A091384616F053FA6FF08E
:10FEF000760341F65B0233600023ADF84E204046A6
:10FF00004A4613A98DF84C3002F0D0F9024610B1E0
:10FF100045214D483AE700233846454A1DF08CFA02
:10FF2000002840F079823268002A00F07882911C23
:10FF3000EED10A2DECD00A232A46492143481DF070
:10FF400015FF43F60950002117F010FF0135CBE7EC
:10FF50003F4920681EF054FA024610B145213D4841
:10FF600014E74FF0FF334FF0FF323B481DF064FAC7
:10FF70003A4B1B68DB0709D5394A3A4920681EF01D
:10FF80000EFA024620B345213748FFE6374920687C
:10FF90001EF0EDF9024610B145213548F6E6354927
:10FFA00020681EF0CAF9024610B145213248EDE63C
:10FFB00020681EF0ADF9024610B145212F48E5E654
:10FFC00020681EF093F9024610B145212C48DDE669
:10FFD000206820F0B2FC0246002857D0452129486D
:10FFE000D4E600BFD09204000093040024930400E0
:10FFF000A49304005793040084030020C7930400D3
:020000022000DC
:100000001E940400F49304003D9404003809002079
:100010001C500020280A0020649404008F940400DF
:100020001C4E0E00C094040080030020EE940400D7
:10003000B4C40400B00900201995040041950400DF
:100040006809002020500020269B040070950400C1
:10005000ADF20100D3950400E00900201850002003
:1000600095F90100A00300200696040091F201001A
:100070004596040059F6010086960400C1960400D6
:10008000009704002B9704008C030020A34D4FF031
:10009000FF334FF0FF32A2481DF0CEF9EB7C49212F
:1000A000CBB9A0481DF062FE1F239F4E206833701D
:1000B00020F088FC024610B145219C4866E64FF0CE
:1000C000FF334FF0FF329A481DF0B6F933782BB169
:1000D00045219848DFE698481DF048FE0DAA1746CE
:1000E000964B03F1100C164618685968083303C67E
:1000F00063453246F7D1186899889B79B1803060A2
:10010000B37101223946206820F077FC024610B115
:1001100045218B483AE64FF0FF324FF0FF338948D4
:100120001DF08AF9206820F0B9FC024610B1452183
:1001300085482BE64FF0FF334FF0FF3283481DF028
:100140007BF9834B1978002934D06B7C69880133A3
:10015000DBB24FF00710149042F25C60CDE916005C
:1001600000208DF860004FF49060ADF862004FF60B
:10017000FF70784EADF864007748F022022B08BF7C
:1001800030460125CDE90010ADF8541073484921DF
:100190008DF861300723ADF84E208DF84C501DF0DE
:1001A000E5FD206813A920F0B4FC024620B14521EA
:1001B0006B48EBE50123CCE740F201134921694884
:1001C000D4F800A0ADF818301DF0D0FD4FF2244057
:1001D000002117F0CBFD0027DFF8D091DFF8D081A8
:1001E000614E484616F0D6F8FF23504606A988F817
:1001F000003020F06EFC044640B1224645215B48A9
:100200001DF0B4FD224645215948BFE532463B4624
:1002100048461DF011F930B1452156481DF0A6FDA4
:100220006FF07304EEE798F80020BAB12A2A06D0DE
:10023000452151481DF09AFD6FF00404E2E7082DB6
:100240005CD008232A4657214C481DF08FFD47F605
:100250001220002117F08AFD0135C2E79FED488A80
:10026000484D4FF0FF334FF0FF3247481DF0E4F8A0
:1002700095F89030002BF3D04FF0FF324FF0FF3362
:10028000424815F01BFD044600283ED12B4695F848
:1002900090002646254622463D4FDFF8F8C0DFF89D
:1002A000F8E0D1B2884200F28580384815F0BCFDF4
:1002B00030463749FFF700FA2846364910EE106AF3
:1002C000FFF7FAF92046344910EE105AFFF7F4F917
:1002D00010EE100AF5F744FFCDE904012846F5F7C2
:1002E0003FFFCDE902013046F5F73AFF0022CDE9A4
:1002F0000001492129481DF039FDB1E74521284871
:100300001DF034FD6FF00F047CE726492648B62225
:100310001DF00AFAB62123481DF0FDF9866F002072
:10032000F80900205C970400ED6F00209997040005
:10033000100A0020D497040012980400C44D040051
:100340005A980400200900208398040050090020D6
:10035000EC6F0020CA920400CD920400AD98040016
:100360001799040048990400B4C404007999040062
:100370008A9A0400AB990400E59904001B9A0400D2
:10038000FFFF7F7F844F002080090020E8070020C6
:10039000904A00206C4A0020484A0020C39A04007A
:1003A000559A04001F9004003B900400C8090020E7
:1003B000EE6F0020D3ED007AB0EEE77AB4EE487A23
:1003C000F1EE10FA9CBF07EB8601C1ED007AD3ED88
:1003D000017AB0EEE77AB4EE487A9CBF0136F6B205
:1003E000F1EE10FA9CBF0CEB8501C1ED007AD3ED64
:1003F000027AB0EEE77AB4EE487A9CBF0135EDB2EE
:10040000F1EE10FA9FBF0EEB84010134C1ED007ACA
:10041000E4B20132103344E76FF0730278E5064B23
:10042000206807A9079320F0A3FA024600283FF4AA
:100430008FAD45210148A9E40100FE149D950400FB
:10044000002908BF6FF00401024B1960024815F043
:10045000D7BE00BF30500020F008002008B515F0CE
:1004600039FF30B103484521029A1DF07FFC6FF03F
:10047000730008BD279C04002DE9F3411A4F06467E
:100480003846154623F0B4F9184815F083FF6FF08D
:100490007603DFF87880164CC8F80030154B4921F8
:1004A0002360154B154A1B881548A3800023A760BD
:1004B000E380A5811DF05AFC394603202A4601F04D
:1004C0007FF9214630460DF04DF848B90D4B0E4AE4
:1004D000009306480023FFF7C1FF08B9D8F80000D1
:1004E00002B0BDE8F08100BFF06F0020580A002084
:1004F0003450002015070200AE6F0020459C040018
:10050000529C04005A9C0400B4C4040028500020EB
:1005100070B50D461E46144632B9374857211DF0B6
:1005200025FC20462C8170BD4921344A34481DF0F9
:100530001DFC32462146032001F042F9012E39D933
:100540002378012B36D16378012B4DD1032E48D966
:1005500063889B0743D445212A481DF007FC6FF0B0
:10056000850322E061194B78605D012B39D95A1956
:10057000B24236DC01282BD1082B32D904228B78E9
:1005800013F0100F1DD0204B492120481A701DF088
:10059000EDFB49211E4A1A481DF0E8FBE91C062222
:1005A0000320214401F00CF900231A4A13601A4871
:1005B00015F026FE0120B6E723FA02F111F0010F33
:1005C000E0E7013AF8D2104B452114481A70C4E70D
:1005D00095B26B1C9E42C5DC6FF00103E5E7042574
:1005E000F7E76FF04C03E0E7032BE3D149210C4818
:1005F0001DF0BCFBDEE700BF6D9C0400A09C040066
:10060000529C0400B29C0400EF6F0020E79C0400A1
:10061000239D040024500020D80800204A9D040097
:10062000869D040073B504461DF09CFD1DF064FD1D
:100630002B4900681EF05BF8054600284DD129497A
:10064000204601F00FFE0146A0B9452126481DF0C5
:100650008DFB6FF00105254E204635601DF0E3FD52
:1006600010B1336803B93060214802B0BDE8704072
:1006700015F0C6BD20461B4A1DF0C3FD10B945212B
:100680001C48E4E782881C4B20461C491A8001F074
:10069000E9FD064610B945211948D8E70146174A31
:1006A00020461DF0AEFD10B945211648CFE78288DF
:1006B000154B31461A8042F60213204601AA8DF8E6
:1006C0000450ADF806301DF09CFD10B945210F48CF
:1006D000BDE782880E4B1A80BDE76FF08505BAE74B
:1006E0004A07002039070020B89D04003050002040
:1006F000F0080020E49D0400AE6F002028070020D1
:100700000E9E04003A9E0400AC6F0020649E04001C
:10071000AA6F002008B50A46074B29B91960074897
:10072000BDE8084015F06CBD6FF004010448196085
:1007300045211DF01BFBF2E728500020580A00203D
:10074000869E040008B50A46074B29B91960074878
:10075000BDE8084015F054BD6FF00C010448196065
:1007600045211DF003FBF2E72C500020400A002039
:10077000B09E04006FF00102024B1A60024815F0AF
:100780003FBD00BF30500020F008002000487047F7
:100790004A0700202DE9F047064690B0002800F0F7
:1007A000BF8000246FF076075F4BDFF8D8A1DFF839
:1007B000D8915E4D1C80AAF80040A9F800402F6037
:1007C0005B4815F0E7FD234630465A4A5A4901F086
:1007D0006DFD0446002840F09F80584B584A009316
:1007E00053480023FFF73AFE0446002840F0948067
:1007F0002C68002C40F09080524D492152481DF049
:10080000B5FA18222146284622F0FFFF4F4815F07E
:10081000C1FD4F4BDFF874812B604E4BC8F8007060
:100820006B60BAF800302B81B9F800306B8102237D
:10083000AB81AB7305F11003D3E8EF1F41F0010169
:10084000C3E8E21F002AF7D1294630460CF050FFDA
:100850000446002860D1404B394A00933B480023AE
:10086000FFF7FCFD0446002856D1D8F80040002CC4
:1008700052D1492139481DF079FAFF23384DDFF86C
:1008800010812B70C8F80070364815F083FD0422E3
:1008900030463549FFF7F0FD044600283CD1334B84
:1008A000274A00932F480023FFF7D8FD044698BB42
:1008B000D8F8004084BB304607A908F0DBF90446AD
:1008C00050BB9DF81C30012B2AD1089B43B328490B
:1008D000284ACDE903122A7805A98DF814209A1D1B
:1008E00012F801099A4201F8010FF9D14921224A6F
:1008F00022481DF03BFA062203200DF1150100F0FD
:100900005FFF0F22304603A9FFF7B6FD044618B972
:1009100049211B481DF02AFA204610B0BDE8F08797
:100920006FF01504F8E700BFAE6F002030500020D4
:10093000F0080020B80300204A070020E69E0400CB
:10094000B4C4040044500020029F0400400A002068
:100950001105020045070200289F0400439F040080
:10096000EF6F0020D8080020D69F04006A9F040083
:100970000102020002000109829F0400529C04004F
:10098000A89F0400AC6F0020AA6F00202C5000200C
:100990002450002038B551B302680B1F9B1AD908A8
:1009A00023F0070313445C88E00708D41049AF2202
:1009B00010481CF0B9FEAF210D481CF0ACFE1046EB
:1009C0001CF07CFD084432F83050401B814206D0B8
:1009D0000749B72207481CF0A7FEB721ECE724F02F
:1009E00001045C801046BDE838401CF024BE38BDD0
:1009F000E89F04003B900400B2F5802F2DE9F04100
:100A00000AD3344940F2132233481CF08DFE40F2E1
:100A1000132130481CF07FFE042A08D82D4940F2EB
:100A20001A222D481CF080FE40F21A21F1E7043A08
:100A3000CD1D8E1825F0070526F00706761B172E0C
:100A40004FEAD60708D8234940F2232222481CF057
:100A50006BFE40F22321DCE7B7FA87F44FF0000881
:100A6000C4F12002C4F12404A4000734E408631C88
:100A7000BB420560AF60C5F80C8008D915494FF43A
:100A80000E7215481CF050FE4FF40E71C1E741463E
:100A9000920005F1100022F0B8FE630043F001035C
:100AA0006B803B1B05EBC4025900A5F80080518008
:100AB000AA1925F83440A2F80280AB5305EBC7030E
:100AC0005A88214642F001025A802846BDE8F0418A
:100AD0001CF0F9BCE89F04003B900400014B1B682C
:100AE000184700BFC4030020014B1860704700BFC7
:100AF000C403002030B585B004460D461022002105
:100B0000684622F082FE02238DF80230044B2A460A
:100B10002146684601931BF03BFA05B030BD00BF8B
:100B2000DD0A020080B505460E461746984617F0C6
:100B300097F9034623F004FADFF84090044649F899
:100B40000030424639463046A847094B1B7853B916
:100B50000849094840F246321CF0E6FD40F24631B1
:100B600004481CF0D8FD54F8090003F087F900BFD1
:100B70005B7600201CA004003B90040008000000ED
:100B8000044608B5EFF31183402383F31288BFF3C3
:100B90006F8FEFF3108372B610F03EFF204604F023
:100BA00043F903481CF0AAFD1DF0AEFCFCE700BFB2
:100BB00047A004002DE9F84F0446A38B0846190707
:100BC000164612D4022803F0070162D120461CF019
:100BD00031FE88B10138042800F22581DFE810F0E9
:100BE000590023017E00C800F50001280CBF43F026
:100BF000100143F02001A18304F1140017F0B0FBB1
:100C0000002800F0AB8086F31188BFF36F8FBDE83A
:100C1000F88F03F00702501F01281ED80020062A73
:100C20002768C4E9000014D13A4603E0E08B0130A4
:100C3000E0831268002AF9D123F0070343F002028F
:100C40002046A2831CF0F6FD90B342F02002A2835E
:100C50002EE023F007039AB2F2E7042A33D123F0FF
:100C600007039AB22046A2831CF0E4FD10B142F0C3
:100C70002002A283A38B03F00709894540F0DC80A2
:100C8000A18BCA0640F1218121F01003A38301F05A
:100C90000701D4F81880A38BB8F1000FB9DA00224D
:100CA000276823F00703C4E9002243F00103A3836C
:100CB000A38B03F00709894540F0BF80002FDFD0E8
:100CC0000025AA4640E0854940F21B1284481CF0EA
:100CD0002BFD40F21B1181481CF01DFD41B17F49E5
:100CE0004FF4AB727E481CF01FFD4FF4AB71F2E77E
:100CF000236843B9794940F2571279481CF014FD32
:100D000040F25711E7E723691D6845B973494FF46D
:100D1000AD7273481CF008FD4FF4AD71DBE70F4670
:100D200088464FF00609A38B23F0070343F0060320
:100D30009BB2A383A268002A40F08180002F40F07C
:100D40008180002D9CD0BA4643F0080304F1140BB7
:100D50005846A38317F004FB002875D161494FF46E
:100D60009A725F481CF0E0FC4FF49A715D48B3E75B
:100D7000022908D0594940F25D1259481CF0D4FCB0
:100D800040F25D11A7E7E78B47B154494FF4AF72CA
:100D900053481CF0C9FC4FF4AF719CE723695D68B0
:100DA00045B94E4940F261124D481CF0BDFC40F27D
:100DB000611190E7A38BB84623F0070343F00403C7
:100DC0009BB24FF00409A383B4E7012908D043493B
:100DD0004FF4B27242481CF0A7FC4FF4B2717AE7AC
:100DE000236843B93D4940F265123D481CF09CFC24
:100DF00040F265116FE723699D6845B937494FF4A3
:100E0000B47237481CF090FC4FF4B47163E70027CC
:100E1000A38BB84623F0070343F005039BB24FF0C2
:100E20000509A38386E72D4940F26B122C481CF07C
:100E30007BFC40F26B114EE7002700257AE74FF06C
:100E4000010A81E792467FE786F31188BFF36F8F2F
:100E5000BAF1000F16D147BB15B120462249A84769
:100E6000EFF31186402383F31288BFF36F8F584648
:100E700017F068FA08BB1B49882219481CF054FC7B
:100E8000882173E7A1680029E5D00E680029E2D027
:100E900043464A462046D1F804A0D0471EB13368E5
:100EA00031461E46F2E73346FAE7394643464A469C
:100EB00020463F681CF0EAFCCDE7584617F066FA7A
:100EC000A38B23F00803A383DAE68B067FF594AEA9
:100ED00021F02003A38301F0070177E67BA0040043
:100EE0003B900400A0A00400ED0E0200F8B50446FB
:100EF0000D4600F11406EFF31187402383F31288A7
:100F0000BFF36F8F304617F01DFA40B909490A4800
:100F100088221CF009FC882106481CF0FCFB3046A6
:100F200017F034FAA5613A462046BDE8F8400121A1
:100F3000FFF740BEA0A004003B9004002DE9F0475D
:100F400004460F461CF092FC051E5DDB04F11409FB
:100F5000EFF3118A402383F31288BFF36F8F484663
:100F600017F0F0F9804638B93349882233481CF02D
:100F7000DBFB882130483CE0484617F007FA4FF683
:100F8000FF72E38BA68B934206F007063FD0022E3A
:100F900010D135460133E383484617F0E1F90028C4
:100FA0003BD125494FF49A7224481CF0BDFB4FF405
:100FB0009A71DFE7062E13D8DFE806F0092C12122B
:100FC000090409006FF085054FF00008E4E70023ED
:100FD0003B6063687BB9C4E900777EB13546F3E7CF
:100FE000174916484FF4E4721CF09EFB4FF4E4716D
:100FF00013481CF090FB1F606760EEE75246022129
:101000002046FFF7D7FD35462846BDE8F0876FF04C
:101010000A05D9E76FF00405D6E78AF31188BFF314
:101020006F8FB8F1000FEFD00023324639462046CB
:101030001CF02CFCE8E700BFA0A004003B900400DB
:101040007BA00400F8B5054600F11406EFF3118704
:10105000402383F31288BFF36F8F304617F072F985
:1010600038B92049882220481CF05EFB88211D48A1
:1010700025E0304617F08AF9AC8B04F00704022C07
:1010800012D0012C0CBF6FF004046FF085043046C1
:1010900017F066F908BB13494FF49A7212481CF016
:1010A00043FB4FF49A71E2E7EB8B53B90F490E48BB
:1010B00040F2EF121CF038FB40F2EF110B481CF02D
:1010C0002AFB013B9BB2EB83002BE0D13A46214641
:1010D0002846FFF76FFD2046F8BD87F31188BFF360
:1010E0006F8FF8E7A0A004003B9004007BA00400F1
:1010F00008B54268034602F00302022A81600AD062
:10110000032A4FF0000103D0012A0AD1596006E0FA
:101110001868596008BD186800225A6050B900204C
:10112000F8E70649064845221CF0FEFA4521034827
:101130001CF0F1FA17F082FBF1E700BFCDA004002C
:101140003B9004002DE9F7430F4606460821C06A8C
:101150001CF042FC80463C68DFF84890241A3C6052
:1011600004EA0905AC4203D8002003B0BDE8F083CF
:1011700008236A46214630461CF0C6FB0028F4D1FD
:10118000694630461CF032FC40B1BDF80230BDF873
:10119000042005EA090513441D443C60A4EB08043F
:1011A000E0E700BF0000FFFF73B504464FF6FF7293
:1011B000C06A08211CF010FC002563680F4EADF8D2
:1011C00000208DF80620E268191833401344181ADD
:1011D00060606846ADF80210ADF804501CF0F3FBF7
:1011E000694620461CF0C2FC2046211D1CF0C5FBB0
:1011F000284663683340A36002B070BD0000FFFF63
:101200002DE9F047044688B000F11407384620F075
:10121000E8FCA06A8368DB689847E06248B945212A
:101220008B481CF0A3FD6FF01505284608B0BDE8FB
:10123000F087A06A8368DB6898470368013B1F2B2F
:1012400002D945218348ECE7E268B2F5803F06D930
:101250004FF48033452180481CF088FDE3E7A06A05
:10126000216805AA1FF023FE10B145217B48D8E76D
:10127000E5682DB1069BB5FBF3F203FB125515B1E2
:1012800045217748CDE7238A012B02D845217548AF
:10129000C7E7E36A009593F805904FF0FF334FF0EE
:1012A000FF32384614F00AFD0821E06A1CF094FB76
:1012B000A8460646238A1FFA85FA534508D8238A8A
:1012C000434523D1384614F0AFFD6FF02C05ACE751
:1012D000E1682B04891B13FA81F14A460823204652
:1012E00000911CF01FFB78B1694620461CF045FBBD
:1012F00008F1010808234A46204600991FFA88F899
:101300001CF010FB0028DAD00135D3E753450BD190
:10131000009908234A462046891B1CF003FB18B994
:10132000694620461CF029FB69462046FFF70AFF64
:10133000054618B1384614F077FD76E7009B4FEA72
:1013400013484FEA08486360C4F80880D4E90113E1
:1013500099420FD30823204601AA1CF0D5FA05466E
:101360000028E7D101AB13F8012B91453CD10135A1
:10137000082DF8D1636869461B0C1B0420460093B6
:101380001CF0FBFA4A462046E36800991CF0CAFAB2
:10139000051ECFDB636879D04FF6FF7906EB0308B3
:1013A000E3681FFA88F29B1B9A42CDF8008037D37E
:1013B00049212D481CF0DAFC204661681CF0EAFA4D
:1013C00005460028B6D16368284AE16813400B44FB
:1013D000A3EB4603636013402046A3601CF0EEFBC2
:1013E0000546002D6ED0A5E7204601A91CF0FEFAA7
:1013F000626810B9921B6260A8E7BDF80850BDF89A
:101400000610E06AC4F8088029441CF0E5FA40445C
:101410009042A060EED1002DECD06FF01C0576E07C
:1014200008234146204603AA1CF06EFA0546002810
:1014300080D1204603A91CF0D9FA38B1BDF80C3090
:101440004B4503D1BDF81030002B66D0B044A7E760
:101450000CA1040033A1040055A1040083A10400E1
:10146000A0A10400B9A1040044A204000000FFFFF1
:101470004A4620465B1A1CF055FA051EFFF65AAF85
:1014800008D0E26AA36812681344A360D4E901316A
:101490008B42EDD86168E36801EB46029A42A0D125
:1014A000DFF8A880A26801EA08039A4299D0204692
:1014B0001CF070FA054600287FF43CAF636803EA2D
:1014C0000803A360E368A288A3EB46039A421AD0FC
:1014D000384614F0A9FC01234921228A1748A37435
:1014E000E3681CF043FC6268492193B21448120C73
:1014F0001CF03CFCA268492193B21248120C1CF06B
:1015000035FC002591E620461CF041FB0546384697
:1015100014F08AFC002DDED087E649210A481CF031
:1015200025FC636869461B0C20461B0400931CF0D5
:1015300024FA204600991CF02DFA51E7E1A104009D
:10154000FDA1040014A204002AA204000000FFFF71
:101550002DE9F04F1D46837C91B004460291009224
:101560004BB9452162481CF001FC6FF00C06304677
:1015700011B0BDE8F08FC26A082110461CF02CFAA9
:101580002946019010461CF027FAE368019A0746A5
:10159000A3EB82039D4200F2A8801DB1009B002BAB
:1015A00000F0A38063680593204606AA05A9DDF82C
:1015B00014A01CF058FA06460028D8D1BDF81830FF
:1015C000029A934206D06268059B9A42ECD1002DA4
:1015D00035D1CCE7204606A91CF008FA0028F2D045
:1015E000BDF81A80BDF81C303DB3AB4227D14FEA9D
:1015F0001A4A4FEA0A4AD044AA46E36ADDF800B024
:101600001B685B4203F020030393039B4146534551
:1016100028BF5346204608AA99461CF075F90028B1
:101620004AD14A46584608A922F08CFA38B9BAEB92
:10163000090AC844CB44E8D199E7002B97D0002F82
:101640003DD1B84604F1140A4FF0FF324FF0FF339A
:10165000504614F033FB238A9E4243D0A16862684F
:1016600008EB01039A422FD3029B2046ADF82030AD
:10167000FF23009A8DF826302B46ADF82210ADF8E6
:1016800024501CF03AFA29460746E06A1CF0A4F9F7
:10169000A3680344A36057B908A81CF094F9204636
:1016A00008A91CF063FA002814BF07462F465046CD
:1016B00014F0BAFB3E465AE7C1DC064657E7019BE9
:1016C0001F441FFA87F8BDE72046FFF76DFD074668
:1016D0000028ECD120461CF071FA07460028E6D11C
:1016E0000136B8E76FF01B07E1E76FF015063EE73C
:1016F000F3A004002DE9FF471E46837C04460F46F5
:101700009046BDF8309043B92C4845211CF02EFB83
:101710006FF00C0004B0BDE8F0870821C06A1CF02F
:101720005BF9E368A3EB40039E4243D80025D4F85D
:1017300004A0CDF804A0A9455146DDF804A009D2C3
:10174000636853451ED1BDF80830BB421AD06FF014
:101750000100DFE7204602AA01A91CF084F9002855
:10176000D8D1BDF80830BB4206D1204602A91CF0F2
:101770003DF908B10135ADB26268019B9A42DAD1F8
:101780005146E0E7BDF80C30002BE0D0A945DED88B
:10179000BDF80A00090CB3424FEA014128BF3346A5
:1017A0000144424620461CF0AFF80028B2D1BDF8F3
:1017B0000C00AFE76FF01500ACE700BFF3A004002A
:1017C0002DE9F84F80460F4616461446DFF8A090E4
:1017D000BD192D1B0CB9BDE8F88F08F1FF33032BA1
:1017E0008CBF3F2119F803101C481BF087FF4FF0F6
:1017F000000BDFF880A05C4528D9504615F80B1087
:101800001BF07CFF0BF1010BBBF1080FF3D1144867
:101810001BF074FF4FF0000ADFF85CB0544519D993
:1018200015F80A105846A1F120025F2A28BF2E2180
:101830001BF064FF0AF1010ABAF1080FEED1094862
:101840001BF05CFF072CC6D9083CC1E706481BF01B
:1018500055FFD7E705481BF051FFEBE777A20400DF
:1018600086A204009492040082A2040084A20400D0
:101870008BA204007CA2040088A20400014B036038
:10188000002070475856040070B5104B0D461C6878
:10189000B4B10F4B196800238B4202DB6FF00100DB
:1018A00070BD224612F8106B864202D014460133F6
:1018B000F2E7E06820F05DF928B100202C60EFE746
:1018C0006FF00C00ECE76FF01200E9E7C8030020AE
:1018D0005856040010B5436888B0029383680C46DC
:1018E000CDE9033200230A68C068CDE90623054923
:1018F00001AA05931FF0DFFA079808B9059B23603A
:1019000008B010BD89DD03002DE9F0410C4B054600
:101910001C680E4617467CB100F078F963682046D3
:10192000D3F8108032463B462946C047044600F0B3
:1019300077F92046BDE8F0816FF00104F9E700BFB8
:101940005C50002000230360044B5A6812B9C3E9BD
:101950000000704710605860704700BF6050002062
:10196000014B1860704700BF5C500020002330B569
:1019700085B0CDE902330546019000F047F9094BE7
:101980001C6844B9284600F0D1F8044600F048F934
:10199000204605B030BD636820461B6801A9984702
:1019A0002468EEE7605000201FB5CDE901010392E5
:1019B00000F02CF9074B1C6824B900F031F92046DF
:1019C00004B010BD636820461B6801A998472468CD
:1019D000F2E700BF605000200022024BC3E9002262
:1019E000704700BF605000200022024BC3E9002274
:1019F000FFF7F2BF685000202DE9F74307460C4679
:101A000009B100230B600026234DDFF89C904D4563
:101A100020D9224922489D221BF086FE9D211F4885
:101A20001BF079FED5F800803846414601AA1CF02B
:101A3000EDF950B116B954B92E4606E000224046E1
:101A400031681CF0E3F90028F5D11835DFE7019B78
:101A50002360F1E7E6D3134B1D68C5B155F8188C28
:101A60003846414601AA183D1CF0D0F950B116B9CC
:101A700054B92E4606E00022404631681CF0C6F9F3
:101A80000028F5D1AD69E8E7019B2360F1E7304616
:101A900003B0BDE8F08300BFE04C04008FA2040057
:101AA0003B90040068500020704D04002DE9F34184
:101AB000DDF8208004460D4616461F460190B8F119
:101AC000000F07D0D8F80010C1B9D8F804E0BEF173
:101AD000000F1CD1204601A9FFF78EFF98B13B46AD
:101AE000D0F80C80324629460198C047034650B1D1
:101AF000224645210C481CF039F904E001AA1CF0EB
:101B000085F90028E1D1002002B0BDE8F081D8F8C5
:101B100008303246089329463B46F446019802B005
:101B2000BDE8F041604700BFC1A204002DE9F047C5
:101B300080464FF000470026DFF8C890DFF8C8A0C5
:101B40003D462D4C4C452CD92C492D484FF48972DB
:101B50001BF0EAFD4FF4897128481BF0DCFD2F468D
:101B6000EEE7B8F1000F03D122694AB91834E9E76A
:101B70000022414620681CF049F90028F4D1F5E71D
:101B80006368BB4205DDAF4209D09D42A8BF1D4638
:101B9000ECE7EBD19047002E08BF0646E6E71D466E
:101BA000E4E7DED3DAF8004004B3183CB8F1000FE4
:101BB00003D122694AB9A469F6E7002241462068A8
:101BC0001CF024F90028F4D1F5E76368BB4205DD79
:101BD000BD4209D09D42A8BF1D46ECE7EBD190471E
:101BE000002E08BF0646E6E71D46E4E7AF42B6D141
:101BF0003046BDE8F08700BFE04C04008FA204002F
:101C00003B900400704D0400685000204FF0FF32FC
:101C10004FF0FF33014814F051B800BFC408002052
:101C2000014814F001B900BFC408002038B5094DBF
:101C3000FFF7ECFF2B783BB9FFF7D6FE00F06AF810
:101C4000044610B901232B700024FFF7E9FF20465A
:101C500038BD00BF047000202DE9F04706468946D4
:101C6000048FDFF8ACA0013498B0A4B200F10807EB
:101C7000651EADB2B5F5004F47D04A23294605AAE7
:101C800038461CF06CF804F57F543F34A4B280460B
:101C90002146012338460DF10B021CF060F8B8F123
:101CA000000F014610DC002810DC338FAB4209D155
:101CB00032466B1E22F8383F4FF40041022338466B
:101CC000FFF746FC2C46D3E7002808DC29463846B7
:101CD0001CF041F8214638461CF03DF8E5E708F1D4
:101CE00060030DEB03080023524608F84C3C05A89E
:101CF000CDF8009003AB0397ADF81040FFF7D6FE88
:101D00000028DFD018B0BDE8F0870020FAE700BF58
:101D10007DDE03007FB50123694603200193FFF7B1
:101D2000B3FD044660BB032002AA01A91CF04EF8D3
:101D3000044610B110F10C0F22D10399B1F5803F88
:101D400023D200231846009A9468084484421AD388
:101D50000133082BF9D10E4D69612B835368284656
:101D6000AB60D368EB631CF021F9044640B9094E1F
:101D700028466E60FFF7E6FD28466E60FFF7F0FD2F
:101D8000204604B070BD9BB2E5E76FF02004F7E792
:101D900070500020CC0300202DE9F04FD0F808A0AF
:101DA0001E4689B0DAF80C30904607460D46984733
:101DB0000268202A09D945211D481BF0D7FF6FF082
:101DC0001505284609B0BDE8F08FB8F1000F02DA1A
:101DD00045211848F1E748EA0604531E1C4004D088
:101DE000452115481BF0C2FFE9E729462022684635
:101DF00021F00BFD2546A642E3D9A6EB0409B9F173
:101E0000200F28BF4FF0200908EB040BDAF804502C
:101E10004B466A4659463846A847051E06DA5B46D1
:101E20003A46452105481BF0A1FFCAE74C44E2E7CA
:101E3000EBA2040016A3040038A304006FA304005F
:101E400008B504481BF05AFC03481BF057FC00205F
:101E500008BD00BFA1A30400CAA3040030B500243C
:101E60000A4D0B4B87B028460393CDE9044414F088
:101E70008DFE03AB284600934FF4A3620A23054965
:101E800014F09AFE204607B030BD00BF1820002095
:101E9000ECA304006076002038B5C51C25F00305CE
:101EA000782D08D91749184870221BF03DFC702185
:101EB00014481BF030FC154CD4F8503123B1D4F841
:101EC00058312B44782B19D97C21012020F04DF872
:101ED00078B100230360D4F854215AB9C4E95400FE
:101EE000C4F85831D4F858311A1D1D441044C4F8B0
:101EF000585138BD1060C4F85401F1E7D4F85401CA
:101F0000F0E700BFFAA304003B900400B0500020AB
:101F10000848D0E8EF3F43F00203C0E8E23F002A60
:101F2000F7D1436AA0F59C701B680BB14168184754
:101F3000704700BFE8510020022808B502D8044BC2
:101F4000185C08BD034845211BF010FF0020F8E78E
:101F5000E4A5040025A404002DE9F041184C054631
:101F6000D4F834310E46222B08D9452115481BF0F0
:101F7000FDFE4FF000084046BDE8F0810368187888
:101F8000FFF7DAFF07463044FFF786FF10B9452117
:101F90000D48ECE7D4F8343130445A1C0333C4F80C
:101FA0003421DB002A8A03F10408A0441C44228166
:101FB0006B8A6060A3723A46296821F019FCDAE75F
:101FC000B050002041A4040062A4040070B505468E
:101FD00030B945210A481BF0C9FE0024204670BDD7
:101FE0000078FFF7A9FF0646FFF756FF044610B931
:101FF00045210448EFE73246294621F0F9FBEDE799
:1020000084A404009DA4040010B5A0F12C03D3E81F
:10201000AF3FDB0705D4BDE8104057210B481BF04C
:10202000A5BEA0F5B274A0F5AE7120680AF098FCC8
:10203000024650B1452106481BF098FE2046BDE8F7
:1020400010406FF00B011CF02DB810BDB7A40400B8
:10205000D2A404002DE9F341794C0D462368834254
:102060000CD0452177481BF081FE6FF00D01204612
:102070001CF018F8002002B0BDE8F081137C032B9F
:1020800000F0A6800AD8022B18D16F494FF4F972DC
:102090006E481BF049FB4FF4F9713AE0052BF4D17F
:1020A000002970D1D4F83431012B5DD9238C04F58B
:1020B000B271013323820323237660E019B92046ED
:1020C0001CF006F8D6E7CF6828460821FFF744FF42
:1020D0004FF000084FF420530646694628688DF8F3
:1020E0000080ADF802301CF002FBA8B142F60103FB
:1020F000286801A98DF80480ADF806301CF0F7FAC5
:1021000050B1514940F24B1250481BF00DFB40F2C8
:102110004B114D481BF0FFFA3EB945214C481BF0CE
:1021200025FE6FF00B014648A2E730461BF0E4FFA6
:10213000054640B9444940F25F1244481BF0F4FAA6
:1021400040F25F11E5E73B6803607B68436000682D
:10215000FFF73CFF286010B945213E48DFE7AB8818
:10216000E382B2889A4202D1FFF7D2FE82E70023CF
:10217000A36005232376B388374901332382374888
:102180001FF0CDFD76E7002642F60303286801A97B
:102190008DF80460ADF806301CF0A9FA50B908219A
:1021A0002846FFF7D9FE04461BF0C6FF23680360EC
:1021B000012060E731462846FFF7CEFE0028F7D120
:1021C00045212A8A26481BF0D1FD6FF00B014EE70E
:1021D0000029C9D000238DF8043042F60303286893
:1021E00001A9ADF806301CF082FA40B116494FF44F
:1021F000DE7216481BF098FA4FF4DE7189E720462C
:10220000298A1BF00FFF10B96FF002012FE7EE686B
:102210001BF092FF054640B90B494FF4E4720B489E
:102220001BF082FA4FF4E47173E73368036073685C
:1022300043600068FFF7CAFE28600028B8D1C4E7F1
:10224000B0500020F8A40400FAA304003B9004005E
:102250001FA504004DA504001452002018200020E2
:1022600080A5040070B505460E4600242146284688
:102270001BF07AFF044698B11BF05EFF50B9094984
:1022800009484FF40F721BF04FFA4FF40F710548D5
:102290001BF041FA016830461CF029FA0028E5D10C
:1022A000204670BDFAA304003B900400F8B5064632
:1022B0000D4619B1097811F0FD0F4BD1002A49D014
:1022C000274CD4E8EF1F41F00100C4E8E70F002FCE
:1022D000F7D111F0010140D1A4F59C74002DC4E99F
:1022E000006314BF01230023C4E9541184F8603152
:1022F000C4F85C21C4F83411C4F858110AD0287805
:10230000FFF71AFE2946024604F59E7021F070FA86
:1023100004F59E75134B1449E360012323824FF6A5
:10232000FF73E382002311482376A56014F074FA4A
:1023300030460F490AF014FB044648B102464521D5
:102340000C481BF013FD6FF0010105481BF09FFEC8
:102350002046F8BD6FF01504FAE76FF07704F7E751
:10236000E8510020552002000920020014520020EC
:10237000B8500020C3A504001FB5094A01AB10687E
:10238000516803C39068074A044601AB03CBC2F807
:102390003640C2F82E00C2F8321004B010BD00BFA3
:1023A000DC4D04002C5200201822044B5A872822AE
:1023B000DA634FF4C872A3F8402070472C52002013
:1023C0002DE9F04F2B4E8BB096F82130044688460D
:1023D000039213B300273D464B7896F828B096F841
:1023E00020A00193574505D384F83C50BBF1000F62
:1023F00011D131E04FF00009D8F80430039A02936C
:102400001D4B9B5C0093019B994509D3BBF1000FC9
:102410002CD084F83C50AA4520D00BB0BDE8F08FFA
:10242000029B009A03EB090105A81CF08EF9002815
:10243000ECD0B16805A81CF05AF910B1009B994482
:10244000E1E7B16804EB850201359163EDB2BBF1C0
:10245000000F0BD184F83C50002DDED0637801339F
:102460006370012384F83430A370D6E7013718363F
:10247000B8E700BF2C520020F2A50400F8B50546CD
:102480000E461746074B1C6854B154F8043C043CF4
:102490001B681BB13A463146284698476468F3E703
:1024A000F8BD00BF2452002050B100234360054B0B
:1024B000021D596811B9C3E9002270470A605A60C9
:1024C000704700BF2452002070B505460C46002915
:1024D00045D04FF0FF324FF0FF33224813F0EEFBB0
:1024E000032D0CD035D9043D012D8CBF6FF01504A0
:1024F0006FF00B041B4813F097FC204670BD1A4A7E
:1025000092F820302BBB2378012B0BD0022B10D05C
:1025100013BB2068D060154B00249360012382F820
:102520002030E7E702F10C0394E8030083E803009E
:10253000F1E7234602F10C0403F110062546186862
:102540005968083303C5B3422C46F7D11B782B706A
:10255000E1E76FF00B04CDE76FF01504CAE76FF009
:102560001504CAE7B00800202C5200203852002081
:102570000022054B5A70DA705A7183F8212083F8D3
:10258000252083F8272070472C52002008B58306A9
:1025900025D0FFF7EDFF10F0020F18BF0122114BFD
:1025A00018BF5A71C20744BF01225A70C20644BF05
:1025B0000122DA70420744BF012283F8212002077A
:1025C00044BF012283F82520820648BF01224FF034
:1025D000000048BF83F8272083F8281008BD6FF05B
:1025E0001500FBE72C520020F0B51D4F054697F86B
:1025F0002C300E4687B0002B2FD003796BB300230D
:1026000001931BF045FE174B02AC0FCB84E80F0083
:1026100001AB2146304607F13A0206F045FD083588
:10262000114B50B11C68C4B154F8043C043C9B6885
:102630000BB1284698476468F5E7019E1C684CB1C9
:1026400054F8043C043CDB6813B1314628469847F3
:102650006468F4E7019805F05FFD07B0F0BD00BFC6
:102660002C520020E84D0400245200202DE9F043B4
:1026700097B0542205460C4601A8002121F0C5F868
:10268000434B93F828208DF8072093F8212012B1AE
:1026900001228DF804202A8902F0010612078DF824
:1026A000086044D5002E40D1D5F8009093F87B8087
:1026B000384F464530D3002303F001038DF808302E
:1026C00020461BF095FF06463349204601AAA788FD
:1026D00002F00CFFA368A78013FA86F62F4B266042
:1026E000CDE904349DF807302C6803959DF8085017
:1026F000002B3BD09DF805209DF804309A4239D13B
:1027000006A903A82A46FFF7B9FE214601A8FFF74C
:102710006BFF17B0BDE8F08338460722494621F029
:1027200011FA073708B10136C3E70123C4E7002EC9
:10273000C6D04221072293F87A0012FB00122968C2
:1027400098180E689E508A8882808A79827193F8E0
:102750007A20013202F0070283F87A2093F87B2076
:10276000072A9CBF013283F87B20A9E79DF8063039
:10277000002BC5D10A4B1C68002CCAD054F8043C6D
:10278000043C5B6813B1294603A898476468F3E7E3
:102790002C5200206E5200205FE20300665200209F
:1027A0002452002038B50546174C184804F0E2FFC3
:1027B0002C220021204621F028F8EDB12B7984F855
:1027C0002C302A688AB11368C4F82E305368C4F8D4
:1027D00032309368C4F83630AA684AB11368C4F836
:1027E0003A3053680A4A536038BDFFF7C5FDF3E736
:1027F000BDE83840FFF7D8BDFFF7BEFDFFF7D4FDB9
:1028000084F82C50F0E700BF2C520020E803002091
:1028100066520020034608B1012805D10448002172
:1028200000F82E3F04F04EBF6FF01500704700BF58
:102830002C52002007EE900AB1B1F6EE006A07EEC6
:10284000101AF8EEE77AB8EEC77A67EEA67A87EE46
:10285000870ADFED077A20EE260A20EE270ADFED51
:10286000057A80FE270A70479FED030A704700BF74
:10287000657E993E000000000000C07F9FED170AB2
:10288000F0EE400A08B500F51473D0ED035AD0ED10
:10289000016A90ED026AD0ED007A25EEA67A06EE86
:1028A000277A67EEA57A46EE667A0830834270EEA4
:1028B000870A30EE270AE8D11AF0C4FBDFED087A68
:1028C0009FED087A67EEC07A87EE870AB5EEC00AF8
:1028D000F1EE10FA48BF9FED040A08BD00000000A9
:1028E000C2F38E4D63BF3F4B0000C07FF7B5034678
:1028F0000446054600F51672D3ED017AF1EE677ACB
:10290000083343ED017A9A42F6D101230022214691
:10291000794810F02BFE2346DFED786A002104F59C
:102920008052D5ED017A95ED007A67EEA67A27EE12
:10293000267A67EEA77A47EE077AF5EEC07AF1EECF
:1029400010FAC0F2A280F1EEE77AC3ED007A083502
:10295000AA4203F10403E4D16B464FF40071204610
:1029600001AA10F0E3FA0020009E9DED017A3246A4
:10297000054640F2FF134FF4FF71F0EE046A8E42F9
:1029800002D0002D00F0838004EB8201B2F5FF7FBE
:10299000134691ED007A3CD211469FED596AF2EE52
:1029A000045A002900F09480481E04EB8105D5EDFF
:1029B000007A77EEA76AF4EEC76AF1EE10FA0ADC45
:1029C00004EB8005D5ED006A66EE866AF4EEE67AE1
:1029D000F1EE10FA08DD67EEA57AF4EEC77AF1EEB3
:1029E00010FA01DD904271D18A423ABF02F50070BF
:1029F000401A501A07286FD991426CDDB1F5FD7F5E
:102A00006ADB6FF4FC73CB1804EB83011A4691ED7B
:102A1000007A04EB820151ED016A40F2FF118B4212
:102A20002FD0B4EEE67AF1EE10FA04EB8204D4ED86
:102A3000017A5DDBF4EEC77AF1EE10FA58D837EE82
:102A4000E66A77EEA67AF1EE006A77EEA77A57EE9D
:102A5000267A86EE277AB3F5FF7F12DA07EE903AF0
:102A6000F8EEE77A77EE877A9FED267A67EE877A37
:102A70009FED257A87EE870AB5EEC00AF1EE10FACF
:102A800001D59FED220A03B0F0BD19605FE704EBAA
:102A90008107D7ED007A04EB830797ED006AB4EE67
:102AA000E76AF1EE10FA0FD567EEA67AF4EEC77A70
:102AB000F1EE10FA03DD00281CBF0A4605465F1C34
:102AC0001946C7F308035AE70120F8E7014668E70B
:102AD00040F2FF1069E7CB1D04EB83011A4691ED2C
:102AE000007A002B95D104F2FC71D1ED006A98E7D1
:102AF0009FED077AAFE700BF347104000000003B90
:102B0000CDCC8C3FC2F38E4D0024744E0000C07FAC
:102B1000000000002DE9F0472DED028B064690F8ED
:102B2000CC14D0F8C804FFF785FE9FED3A8AF0EE8A
:102B3000C07AF4EE487AF1EE10FA9DBF06F598637C
:102B400083ED000A4FF000094FF001094FF0000833
:102B5000314F73785FFA88F4A34204D8BDEC028B3E
:102B60004846BDE8F087331993F8B434012B2BD0D5
:102B70004FF480520021384620F047FE4FF4966013
:102B800000FB0460394604301BF084FB3846FFF735
:102B900075FE06EB041505F2BC4A8AED000A3846BC
:102BA000FFF7A4FEF0EEC07AF4EE487AF1EE10FAE8
:102BB00005F5976383ED000A09D84C3406EB04143D
:102BC00084ED010A4FF0000908F10108C1E7DAEDD0
:102BD000007AB0EEE77AB4EE487AF1EE10FA05D852
:102BE0004C3406EB0414C4ED017AEBE705F5986369
:102BF000D3ED007AB0EEE77AB4EE487AF1EE10FA4F
:102C000005F2C44502D8C5ED007ADBE700232B604E
:102C1000DAE700BFFFFF7F7FA852002038B5D0F869
:102C2000BC30044653B990F8BB303BB9572110482B
:102C30001BF09CF86FF03C03C4F8BC3094F8C05013
:102C40002068B4F8B810D4F8BC2065B1A36C9847DC
:102C50000022636C9A809A681A600023A4F8BA3044
:102C6000C4F8BC3038BD636A984784F84050F4E734
:102C700007A604002DE9FF41044601A81BF08CFCC7
:102C800001A81BF09DFCC2070646C0F387050AD5C4
:102C9000BDB12A4657212D481BF068F86FF0150387
:102CA000C4F8BC304EE094F8BA2094F8C030AA4280
:102CB0002ED02B46572126481BF058F86FF03C03C6
:102CC000EEE794F8C03094F8BA20D3B101990B78AC
:102CD000497801F00F0143EA0123A4F8B830002A33
:102CE000E7D1BDF80870D4F8448040461BF084FC5E
:102CF000B84212D2572117481BF038F86FF00B0377
:102D0000CEE7002AD5D1BDF80870D4F82080ECE7D2
:102D1000BDF80870002BF8D0E5E7394601A801F0AE
:102D2000E7FF3A46014640461BF06EFCB30748BF3A
:102D3000012305F1010505F03F0548BF84F8BB30CC
:102D400084F8BA5004B0BDE8F08100BF39A6040091
:102D500084A60400E2A6040028B1034B1A6890423E
:102D60000CBF184600207047A86200202DE9F041F2
:102D700007461646FFF7F0FF0D46044608B3728972
:102D8000C9B9B0F8563093420DD1B38973B101235C
:102D900080F8C030D4F8B4309BB13246294638466A
:102DA000BDE8F0411847438E9342F3D1C4E9115571
:102DB00084F8C050EEE70B46034857211AF0D6FFBF
:102DC000E8E7BDE8F08100BF21A7040038B511464F
:102DD0001D46BAB1FFF7C0FF044628B9572117486E
:102DE0001AF0C4FF002038BD436A0BB1036A13B95F
:102DF00057211348F4E790F840302BB95721114878
:102E00001AF0B4FF0120EEE790F8BB3013B1572160
:102E10000D48F5E7D0F8BC30002BF3D1012D08D8D0
:102E200057210A481AF0A2FF6FF01503C4F8BC300E
:102E3000E8E72A46FFF71EFFE4E700BF50A70400BB
:102E4000B1A704000CA8040049A804008EA804003F
:102E500038B511461D46EAB1FFF77EFF044628B992
:102E6000572114481AF082FF002038BD836C0BB143
:102E7000436C13B957211048F4E7D0F8BC304BB974
:102E8000012D09D857210D481AF070FF6FF0150376
:102E9000C4F8BC300120E8E72A46FFF7EBFE94F8BF
:102EA000BB301BB9D4F8BC30002BF3D02046FFF761
:102EB000B5FEEFE7CFA80400B1A7040030A90400D5
:102EC0007FB506461D4611467AB1022B05D0572123
:102ED00010481AF04BFF012008E0FFF73DFF0446C1
:102EE00030B957210C481AF041FF002004B070BDE2
:102EF00090F8C030002BEED12A4601A81BF04CFB05
:102F000001A81BF065FBE36F0146002BE3D03046C0
:102F10009847E0E771A90400AFA904007FB5064611
:102F20001D4611467AB1022B05D057211A481AF0D6
:102F30001DFF012008E0FFF70FFF044630B95721BD
:102F400016481AF013FF002004B070BD90F8C0308E
:102F5000002BEED12A4601A81BF01EFB01A81BF096
:102F600037FB94F84030014673B1B4F8B83083426F
:102F70000AD1237F002BDCD16FF00C032046C4F86C
:102F8000BC30FFF74BFED4E7D4F89830002BD0D0FC
:102F900030469847CDE700BF0CAA040040AA0400C1
:102FA000F0B585B006460D461946FFF7D5FEBDF8CB
:102FB0002870044630B1D0F8B03033B945211448F8
:102FC0001AF0D4FE002005B0F0BD5DB12A464521BF
:102FD00010481AF0CBFE2A46D4F8B0300021304613
:102FE0009847EFE709B1042F02D06FF07902F5E7B7
:102FF0003A4601A81BF0D0FA01A81BF0F1FA2A46C4
:1030000081B2D4F8B03030469847C4F8B050D9E710
:10301000A3AA0400C1AA040070B511461E468CB0D4
:103020003AB1FFF799FE044630B957214F481AF0DC
:103030009DFE00200CB070BD324606A81BF0ACFA15
:1030400006A81BF0BDFA054628B1022841D0024669
:103050005721474806E0BDF81C30022B06D0324607
:10306000572144481AF082FE0120E3E706A81BF02E
:10307000AFFA94F8403002461BB1B4F8B83083423E
:1030800002D057213C48EDE74FF4403205AB012117
:1030900009A8CDE90A2309931BF0C2FAB4F8B810C5
:1030A00009A81BF0C4FAA189CDE901550095099A38
:1030B000BDF8283020680AF0EFF9024630B12F48F9
:1030C00057211AF053FE2046FFF7A8FD022323776D
:1030D000CAE7BDF81C30012B03D0324657212848DF
:1030E000C0E706A81BF06CFA237F0246012B0FD025
:1030F000022B22D0B3BB94F840309BB3062831D1C9
:103100006FF00C03C4F8BC302046FFF787FDABE737
:1031100094F8403053B91B4940F225121A481AF06E
:1031200003FB40F2251117481AF0F5FA0023012895
:10313000237799D06FF00103E4E794F8403043B966
:1031400010494FF49A7210481AF0EEFA4FF49A713F
:10315000E9E7002301282377D6D057210B481AF03E
:1031600005FED1E757210A487CE700BFDBAA04002F
:103170002BAD04002CAB040071AB0400C1AB040008
:1031800038AC040098AC04003B900400D6AC0400BA
:103190006EAC040030B58BB00546FFF7DDFD04468C
:1031A00048B1284601A905F065FD30B1206804F05A
:1031B000B3FF002323600BB030BD9DF82430022BF9
:1031C000F4D12846211D0AF013FB024630B110F15C
:1031D000160F03D057211E481AF0C8FD284604F1E7
:1031E00028010AF005FB024630B110F1160F03D09A
:1031F000572118481AF0BAFD284604F14C010AF08C
:10320000F7FA024630B110F1160F03D057211248D9
:103210001AF0ACFD284604F164010AF0E9FA02460E
:1032200030B110F1160F03D057210C481AF09EFD53
:10323000284604F180010AF0DBFA02460028B5D0E6
:1032400010F1160FB2D0572105481AF08FFDADE7E7
:1032500053AD04007CAD0400B4AD0400EDAD04003A
:1032600022AE04002DE9F04F0F46054685B0002838
:1032700038D0002936D00846FFF76EFD002840F010
:10328000B481B94C2668002E40F0B281C422314688
:10329000204620F0BAFA384604F016FF206038467F
:1032A000FFF75AFD044650B9B049B14840F23942DF
:1032B0001AF03AFA40F23941AC481AF02CFA42F6C8
:1032C0001649284603A98DF80C60ADF80E90FEF75C
:1032D000C9FF804658B95721A6481AF047FD38461D
:1032E000FFF758FF6FF0150005B0BDE8F08F0146FD
:1032F00002AA28468DF80860ADF80A901AF081FFFE
:1033000010B957219C48E8E742F6021B83884146E2
:103310002386284601AA8DF80460ADF806B01AF09D
:1033200070FF10B957219548D7E7838842F61549B1
:103330006386934BDFF89482A362032304F1380081
:10334000A386C4F82C801AF0C8FF03A92846ADF85C
:103350000E908DF80C60FEF785FF02AA82460146AA
:103360002846ADF80A908DF808601AF04AFF5146D9
:10337000814601AA28468DF80460ADF806B01AF01F
:1033800040FFBAF1000F06D1B9F1000F00D1F0B142
:1033900057217C48A1E7B9F1000F02D157217A48A3
:1033A0009BE710B95721794897E7B9F80430A4F89A
:1033B00054308388C4F85080A4F85630744B04F11C
:1033C0005C00E3640323A4F858301AF086FF00265B
:1033D00042F6184A284603A98DF80C60ADF80EA0F5
:1033E000FEF740FF814610B957216A4875E701464C
:1033F00002AA28468DF80860ADF80AA01AF001FF6D
:1034000010B95721644868E742F6021A8388494692
:10341000A4F86C30284601AA8DF80460ADF806A027
:103420001AF0EFFE10B957215C4856E74FF0030B36
:10343000838804F17400A4F86E30594BA4F870B07E
:103440006366C4F868801AF048FF42F619432846BC
:1034500003A9ADF80E308DF80C60FEF703FF42F6BD
:103460001943814610B957214E4836E7014602AA52
:1034700028468DF80860ADF80A301AF0C2FE10B97F
:103480005721494829E783884946A4F888302846C7
:1034900001AA8DF80460ADF806A01AF0B2FE10B9CA
:1034A0005721424819E78388A4F88CB042F6174B9D
:1034B000A4F88A303E4B04F19000C4F88030C4F880
:1034C00084801AF00AFF03A928468DF80C60ADF835
:1034D0000EB0FEF7C7FE814610B957213548FCE60D
:1034E000014602AA28468DF80860ADF80AB01AF025
:1034F00088FE10B957213048EFE683884946A381FA
:10350000284601AA8DF80460ADF806A01AF079FEED
:1035100010B957212948E0E68388C4F80880E38180
:10352000274B42F614486360022304F114002382FF
:103530001AF0D3FE03A928468DF80C60ADF80E8072
:10354000FEF790FE014610B957211E48C5E6002639
:10355000284602AA8DF80860ADF80A801AF051FEDC
:10356000B0BB57211848B8E6A862002098AC040008
:103570003B9004005DAE0400A3AE0400E5AE040081
:10358000CD2D020020AF04005CAF040094AF040016
:10359000512E0200C5AF040007B0040045B004007E
:1035A000C12E02007CB00400C4B0040008B10400C5
:1035B0001D2F020045B104007BB10400ADB1040031
:1035C00019300200D8B1040014B204006D2D0200BD
:1035D00083883046A4F8A430074BA4F8A660C4F84A
:1035E0009C300123C4F8A0307EE66FF077007BE6C4
:1035F0006FF00B0078E600BFA12F02002DE9F04F1D
:1036000085B00C46DDE90E9A90461E460546109F91
:1036100048B945215B481AF0A9FBDCB1A388B3B9CE
:103620004521594818E0838813B945215748F2E7E6
:1036300081B18B88002BF3D0042101F059FB002EBF
:1036400000F098803946B047002840F0938005B0DC
:10365000BDE8F08F45214E4805B0BDE8F04F1AF0A7
:1036600085BB0821284601F043FB0646B9F1000F4F
:1036700008D1F379002B69D0AB88002B77D1572183
:103680004448E9E73946C8470028F2D1DFE7A38874
:10369000022B04D8572140481AF068FBD7E7AB88C3
:1036A00013B957213D48F7E720461AF089FF8DF8F6
:1036B000000020461AF084FF8DF8010020461AF021
:1036C0007FFF8DF8020028461AF07AFF9DF801303E
:1036D00002468DF809309DF800308DF808009842B8
:1036E00004D057212E481AF041FBB0E79DF8023074
:1036F00013B957212B48CFE729688DF80A30039179
:1037000021680191010602D549212748C4E708B97B
:103710008DF80AB0A2889A42BCD39DF80A20AB88E3
:103720009A42BED8BAF1000F1AD19DF80A10284665
:1037300001F0C4FA20469DF8021001F0BFFA08F12A
:103740000108F2795FFA88F39A42A0D8AB88072B78
:1037500087D8A28813433FF47AAF572113487BE7F9
:103760003A46684602A9D0470028DED16FE74FF0FD
:103770000008E6E7B8F1000F0CBF4FF0030B4FF065
:10378000050BE3E74CB20400B9B204006DB20400CB
:1037900097B20400E4B204001DB3040045B3040072
:1037A0006CB304009FB30400C7B30400DEB304008D
:1037B00008B50348034A0021121A1AF085FE08BD15
:1037C000800C002060760020074808B5074A0849A9
:1037D000121A1AF07BFEBDE808400648064A07495F
:1037E000121A1AF073BE00BF60000020800C002087
:1037F00034FC0400600000206000002034FC040061
:103800002DE9F04107460C4686B0002939D08B6877
:1038100024480093D1E9002345211AF0A7FA6369EF
:1038200045210093D4E903231F481AF09FFA45214C
:10383000E2691E481AF09AFA26460025DFF87C80D5
:10384000F36A2A460593EB1C0493B36A452103935C
:10385000AB1C0293736A404601936B1C0093336A5E
:1038600004351AF083FA102D06F11006E8D145212F
:10387000226E0F481AF07AFA4521A2690D481AF013
:1038800075FA012F06D1EFF3058245210A48103A57
:103890001AF06CFA2146384606B0BDE8F04111F046
:1038A000C5BE00BF2BB404005FB4040093B4040091
:1038B000EFB4040003B5040036B50400A7B4040057
:1038C00030BFFFF7FDBF00BF2DE9F04105460B4EAD
:1038D000DFF83080324606EB0807CC1B204608494B
:1038E0001FF086FFA01942460021083C1FF08DFF03
:1038F000C5F8844007F10800BDE8F0810000000031
:10390000704D040008000000054B9A699B689A42BC
:103910001FBF044A536843F080535360704700BF91
:10392000B467002000ED00E010B5244C4521244888
:103930001AF01CFAA36A99013ED5224845211AF0D3
:1039400015FA1E20A36ADA0104D51F4845211AF092
:103950000DFA1F20194CA36ADB0204D51B48452130
:103960001AF004FA0220A36A1C0304D51848452162
:103970001AF0FCF92120114CA36A590304D515480B
:1039800045211AF0F3F92220A36A9A0304D51248BC
:1039900045211AF0EBF92320084CA36ADB0304D578
:1039A0000E4845211AF0E2F92420A36A6FEA034386
:1039B0006FEA1343A36210BD1D20C3E700ED00E0D2
:1039C0004EB504006BB5040083B50400A2B5040035
:1039D000D1B50400F4B504001EB604003DB60400E1
:1039E00070B5284C06460D46274845211AF0BEF909
:1039F000A36AD9043BD5254845211AF0B7F9172009
:103A0000A36A1A0504D5224845211AF0AFF91820F7
:103A10001C4CA36A9B0511D51E4845211AF0A6F936
:103A2000A26BA36A180408D545211B481AF09EF919
:103A30001EB1A36A23F40043A3621920114CA36AA8
:103A4000590504D5154845211AF090F91A20A36AA2
:103A5000DA050ED5124845211AF088F91B20094ACB
:103A6000936A43F47F43936200232B7070BD16204A
:103A7000C6E7A36A9B04F2D50A4845211AF076F9F5
:103A80001C20ECE700ED00E06DB6040088B60400F1
:103A90009EB60400B6B60400D4B60400EEB6040028
:103AA0000EB704002BB7040070B5324C06460D4625
:103AB000314845211AF05AF9A36AD90648D52F484A
:103AC00045211AF053F91120A36A1A0704D52C488E
:103AD00045211AF04BF91220264CA36A9B0711D5F9
:103AE000452128481AF042F9626BA36A190608D5E5
:103AF000452125481AF03AF91EB1A36A23F0800344
:103B0000A36213201B4CA36ADA0704D51F48452182
:103B10001AF02CF91420A36A9B0604D51C484521F1
:103B20001AF024F91520134B9A6AD60602D49A6A21
:103B300094070FD59B6AD9060CD51649164840F252
:103B40002D1219F0F1FD40F22D11124819F0E3FD8C
:103B50001020B9E7074B9A6A920642BF5A6A22F4CC
:103B600000525A629A6A42F0FF029A6200232B7056
:103B700070BD00BF00ED00E05FB704007AB704003D
:103B80009EB60400B2B70400CFB70400EAB7040041
:103B90002BB704000EB804003B90040070B5694BCD
:103BA0000546586800269CB0C0F3080386F31188C8
:103BB000BFF36F8F02F07F44B4F17F4F07D102F063
:103BC0000C04082C0ED145215F481AF0CFF85F494C
:103BD00040F214425E4819F0A7FD40F214415B48E0
:103BE00019F099FD14074CBF0D460126002DEED0AB
:103BF0000024DA1E8DF80740092A00F29280DFE8DF
:103C000002F00585897090909090908D45215148E3
:103C10001AF0ACF88DF807404A4CE36A9A0705D5CC
:103C200045214D481AF0A2F8002429E0E36A002B50
:103C300002DA45214948F5E7E36A5B005DD5452195
:103C400047481AF093F86369AA6943F48073636183
:103C5000BFF34F8FBFF36F8F636932F8022C23F4E9
:103C600080736361BFF34F8FBFF36F8F4DF60273A5
:103C70009A421ED145212A683A481AF077F82C68F2
:103C80009DF807309BB96822294602A81FF0B0FDB5
:103C9000099B002E51D0C3F3080222B96FEA5323C7
:103CA0006FEA43230993204602A9FFF7A9FD1CB040
:103CB00070BDA36ADBB233B101200DF10701FFF73C
:103CC000F3FE0446DCE7A36A13F47F4F05D001201E
:103CD0000DF10701FFF784FEF3E7A36AB3F5803F18
:103CE00002D3FFF721FEECE7184940F2ED22184815
:103CF00019F01AFD40F2ED2171E714494FF43C72BE
:103D0000134819F011FD4FF43C7168E700200DF1E4
:103D10000701D4E700200DF10701DBE74521124838
:103D200080E7124910F4F87F114A124808BF0A468A
:103D3000103B45211AF01AF876E723F4FF7323F0BD
:103D40000103AFE700ED00E06EB804000EB8040018
:103D50003B9004009EB80400BAB80400E0B8040028
:103D6000F3B8040017B9040038B9040040B80400DF
:103D700055B8040061B90400064B5A6942F01002BC
:103D80005A615A6942F480625A615A6922F0080203
:103D90005A61704700ED00E0EFF30880EFF309810E
:103DA00001B57246FFF7FAFE01BD00BF002080F3A7
:103DB0001488BFF36F8F002080F30A8880F30B888C
:103DC0000F4880F308880FF097FF00200D49086026
:103DD000BFF34F8F00F02CF8402080F311880A4881
:103DE0004FF40061401880F30988EFF3148002213A
:103DF000084380F31488BFF36F8F00F011F90000BF
:103E0000C8AB002094ED00E0889400200023184601
:103E10000649D1F89020C2F30722934200DB704795
:103E2000C1F89830C1F8A0000133F6E700ED00E0DA
:103E300010B572B6002484F31388FFF7E7FF23461A
:103E40004FF0FF300C4A03F120010133102B42F8F0
:103E50002100F8D100234FF0FF30074A03F1600141
:103E60000133102B42F82100F8D162B6BFF34F8F17
:103E7000BFF36F8F10BD00BF00E100E0084B9B68EF
:103E800083420BD1EFF3058343B1064B5A6842F0EE
:103E900080525A605A6A22F400425A6213F0E6BF16
:103EA000B467002000ED00E025498A6882F8D1E07F
:103EB0004FF030001044EFF3098C80E8F01F1EF043
:103EC000100F03D102F1900080EC108A402080F3A3
:103ED0001288BFF36F8F1B4F4FF000668A698A60AC
:103EE0003E60D2F88400184C206092F9D1E0D2F8FC
:103EF00088000023C2F8883080F311881EF0100F6C
:103F000003D00023E1EE103A03E002F1900090ECC0
:103F1000108AEFF3148323F0040383F31488BFF3B0
:103F20006F8F02F1300090E8F01F8CF3098802F1E6
:103F3000000004B51AF0DBFABDE804407047000049
:103F4000B467002004ED00E06C6300201EF0040F55
:103F50000CBFEFF30880EFF30980816911F8021CB0
:103F60000229FFD001B572461AF0B2FA01BD00BFB6
:103F700000B2002807DB01234109034A00F01F00BB
:103F8000834042F82130704700E100E000B2002891
:103F90000CDB01220649430900F01F008240203358
:103FA00041F82320BFF34F8FBFF36F8F704700BFDF
:103FB00000E100E008B5D3070BD40231072909D985
:103FC0000D490E486B2219F0AFFB6B210A4819F01E
:103FD000A2FB002100B20028ACBF00F16040084BFA
:103FE0004FEA4111C9B2ABBF00F5614000F00F00CC
:103FF00080F80013195408BD79B904003B900400FF
:1040000014ED00E0044B054A23F07F039360BFF3F7
:104010004F8FBFF36F8F70470000000000ED00E08E
:1040200008B5FFF7EFFF104BD3F8882022F4700299
:10403000C3F88820D3F8882042F4A002C3F888206F
:104040004FF04042C3F83422BFF34F8FBFF36F8F5E
:104050000023E1EE103AFFF7ABFBFFF7B5FB00F0F2
:104060007DF811F003FC00BF00ED00E04FF47D414E
:10407000C0F8D01042F8203C009B0B4942F81C3C91
:10408000019B21F0010142F8183C029B42F8081CF8
:1040900042F8143C4FF0807342F8043C0023203A6D
:1040A0000265C0F888307047250B0200104B9B68F2
:1040B00083421AD1EFF30580B8B9EFF311814022A2
:1040C00082F31288BFF36F8F1A7B22F002021A73F9
:1040D000EFF3148323F0040383F31488BFF36F8F8B
:1040E00081F31188BFF36F8F70476FF01500704731
:1040F000B46700200E461546002300B5E1EE103AE5
:10410000EFF3148323F0040383F31488BFF36F8F5A
:10411000BFF36F8F0C4BD0F8842098600B4B1A6064
:10412000436F83F30B882C4686F309880020044BE9
:1041300098472046002100220023024C204700001F
:10414000FBE40300250B0200B46700206C63002031
:104150001022014B1A61704700ED00E0002340205F
:1041600040F20F1210B5044CE1180133934281F86C
:104170000003F9D110BD00BF00E100E008B5EFF386
:104180000583064A103B02EBC30152F8330049682D
:104190008847BDE80840FFF7B7BB00BF44410400B3
:1041A0001FB5094C094A23460121094800F00EF9C0
:1041B00000230393074B0121E41A01A80193029401
:1041C00000F01EF904B010BD00F002200000002035
:1041D0009C560400800C002010B50C7A0B6804F08B
:1041E0001F0223F01F031A43CB68640923F01F0347
:1041F000054943EA440343F00103C1F89800C1F8BC
:104200009C20C1F8A03010BD00ED00E010B50A4BB5
:104210000446D3F89030C3F30723013B984208D9F2
:1042200002464521054819F0A1FD6FF0150420460E
:1042300010BDFFF7D1FFFAE700ED00E0B4B90400CC
:104240002DE9F04F8946144606464FF00008514DBF
:1042500085B0C84527DAD6F804A0BAF1000F44D0DB
:10426000BAF11F0F18D91AF01F0F15D1D6F800B0E8
:104270001BF01F0F10D158461AF062F907460AEBDF
:104280000B0001381AF05CF9874210D06FF0150767
:104290003A464521404802E0424645213F4819F050
:1042A00065FD6FF01504204605B0BDE8F08F17F1ED
:1042B000160FEDD0BC42EBDDC5F89870D5F89C1018
:1042C000C5F89870D5F8A03021F01F0143F01F0BFE
:1042D000D6E900321A44994202F1FF3A1DD1D34582
:1042E00007D13146F8B21AF034F908F101080C365A
:1042F000AFE73146C5F89870D5F89C3022F01F0220
:1043000003F01F031343C5F89C30E0B21AF021F903
:1043100010F1160FC5D0441CE7E7C5F89870D5F822
:10432000A020013B23F01F0302F01F021343D345DB
:104330003146E0B2C5F8A030E8D01AF00AF910F121
:10434000160FAED0C5F89870D5F89C209DF80830AF
:104350000BF1FF3B62F304038DF80830D5F8A03071
:104360009DF808205B0863F347128DF80820D6E912
:1043700000321344009323F01F035B44A3EB0A03B2
:10438000013023F01F036946C0B20393FFF73EFFDD
:10439000BEE700BF00ED00E007BA0400DFB904008B
:1043A0000522044BC3F89420BFF34F8FBFF36F8FE8
:1043B000704700BF00ED00E0BFF35F8F0022024BAB
:1043C000C3F89420704700BF00ED00E010B5094C21
:1043D0002278FFF735FF207016300AD106490748CA
:1043E0004FF4C47219F0A0F94FF4C471024819F0E7
:1043F00092F910BD057000202FBA04003B90040014
:104400002DE9F74F2E4D8A4606464FF00008AB4681
:104410002C4FD04502DB03B0BDE8F08FD6F80490F6
:10442000B9F1000F47D03168084601911AF088F8B9
:104430000199044609EB010001381AF081F8844221
:104440004FF01402204B10D002FB08F36FF015025E
:104450004BF803201D491E484FF4CC7219F064F943
:104460004FF4CC71194819F056F914F1160F2C605D
:10447000F0D01978A142EDDD02FB08B0C7F89840F2
:10448000C7F89840D7F89C4000F10801007B64F31E
:1044900004000871D7F8A0000C79400860F34714B5
:1044A0000C71D7F89C1021F01F016960D7F8A0109B
:1044B00021F01F01296108F1010814350C36A8E725
:1044C0007063002000ED00E0057000202FBA0400AA
:1044D0003B9004002DE9F0416149624CD1F89030E5
:1044E0002568C3F307239D4286B00AD95E4940F28E
:1044F00001225E4819F018F940F201215A4819F0DA
:104500000AF90020FFF758FF594BC1F8C030854227
:104510001BD1584C01A82570FDF7B0F900250646BF
:104520004FF00208544FAE4216D1002023784C4978
:10453000D1F89020C2F307229342C0F28A80002073
:10454000FFF72EFF06B0BDE8F081616801EB0011B6
:10455000FFF742FE0130DAE7019A290102EB051369
:10456000D3F80CC00CEA0700B0F5800F43D007D891
:10457000B0F5801F17D0B0F5001F23D00135D2E76A
:10458000B0F1006F54D0B0F1805FF7D158689B68EC
:104590005258013B20F01F010B44CDE9020223F0E9
:1045A0001F0301220BE0586852589B68CDE90202B4
:1045B0002122013B20F01F010B4423F01F038DF843
:1045C000102025E0586852589B68CDE9020241222C
:1045D000013B20F01F010B4423F01F031CF0010FCF
:1045E0008DF81020059314D01F4983221F4819F01D
:1045F0009BF8832182E7586852589B6820F01F017E
:10460000013BCDE902020B4423F01F038DF810801B
:104610000593207802A9FFF7F9FD002815DA124961
:1046200040F22B22114819F07FF840F22B2165E768
:1046300058689B685258013B20F01F010B44CDE99C
:10464000020223F01F036122B9E7237801332370AC
:1046500094E7C1F89830C1F8A000013368E700BFC3
:1046600000ED00E0A85604002FBA04003B900400BF
:10467000AAFF4400057000200000F0FF054C06482A
:1046800021461B2208B519F04FF81B21204619F0CE
:1046900042F800BF6DBA04003B90040008B5024820
:1046A00017F02AFBFEE700BF9BBA040008B5024BD7
:1046B0001B689847002008BD84630020034B044A10
:1046C0001860937843F0020393707047846300206E
:1046D000F403002008B50649064821F00701C1F19E
:1046E000005202F53C32FCF787F9002008BD00BFFC
:1046F000830D01208863002070B541690446867AE5
:104700000A4D59B1437ADB0706D4342303FB065321
:10471000DB6A1B689B68984700236361342021464D
:1047200006FB0050BDE870401DF086BAAC0A0020C0
:104730003422024B02FB0030704700BFAC0A00205D
:104740003421827A064B01FB02331A6B93F8243032
:10475000801A1B3323F00303B0FBF3F0704700BF54
:10476000AC0A002038B53424827A064B04FB0233AD
:10477000DB6AD3E901240C601568FFF7E1FF04FB55
:10478000005038BDAC0A002008B5436843B1064963
:1047900006485A2218F0C8FF5A21034818F0BBFFF8
:1047A00003824369C36008BDA0BA04003B900400C3
:1047B0002DE9FF470546684691461C4603911DF0CA
:1047C00044FBDDE900674DB9574940F201125748F3
:1047D00018F0AAFF40F20111534813E005F11C083C
:1047E000EFF3118A402383F31288BFF36F8F4046A3
:1047F00013F0A8FD40B94E4988224C4818F094FFA8
:1048000088214B4818F087FF404613F0BFFD6B8CA2
:10481000002B56D02A8C9A4233D9002200232846F6
:1048200011F076FC044660B3404613F099FD40B9A0
:104830003F494FF49A723D4818F076FF4FF49A7151
:10484000DFE78AF31188BFF36F8F039D002D5AD0E5
:1048500032463B4668461DF01DFB3421A27A354B9B
:10486000204601FB0233DB6A03A91B681E68DDE9F1
:104870000023B0476061002839D12046FFF73CFF94
:1048800030E06C8C4046631E6B8413F069FD002899
:10489000CED08AF31188BFF36F8F95F824302A8C1D
:1048A0001B33121B2C6B23F0030302FB0344214B2D
:1048B000214AEB1A9B105343A37295F82430E372FC
:1048C000C3E7404613F04CFD0028B1D08AF31188AD
:1048D000BFF36F8F23464A46284611F019FC044661
:1048E0000028B2D10024204604B0BDE8F087039B25
:1048F0009D4209D90C494FF4AB720C4818F014FFD3
:104900004FF4AB7168E76561012300212381039BAC
:10491000E27A6160638204F118001EF076FF20469F
:10492000FFF732FFDFE700BFA0BA04003B900400AE
:10493000A0A00400AC0A0020C54EECC470B50C4623
:10494000054650B9224940F29D12224818F0ECFE6B
:1049500040F29D111E4818F0DEFE41B91C494FF48B
:10496000CF721C4818F0E0FE4FF4CF71F2E7EFF37E
:104970001186402383F31288BFF36F8F164813F01C
:10498000E1FC38B915498822124818F0CDFE88217B
:104990001248E0E7104813F0F9FC002323606B682D
:1049A00073B9C5E900440C4813F0DAFC58B90B4957
:1049B0004FF49A72074818F0B7FE4FF49A71E7E780
:1049C0001C606C60EFE786F31188BFF36F8F70BDDA
:1049D000A0BA04003B90040094630020A0A004004F
:1049E00070B5044650B91E491E484FF4D57218F0F0
:1049F0009BFE4FF4D5711A4818F08DFEEFF3118627
:104A0000402383F31288BFF36F8F174813F09AFC8B
:104A100038B916498822134818F086FE88211348B1
:104A2000EAE7114813F0B2FC25682DB162682B68E3
:104A30009542236008BF63600B4813F091FC40B9B6
:104A40000A494FF49A72074818F06EFE4FF49A71B3
:104A5000E5E786F31188BFF36F8F284670BD00BF6E
:104A6000A0BA04003B90040094630020A0A00400BE
:104A700070B5044670B13426154D2046037A64683B
:104A80009BB9144940F2C112134818F04DFE40F290
:104A9000C11107E00F4940F2BB120F4818F044FE65
:104AA00040F2BB110B4818F036FE013BDBB203723B
:104AB0004BB9C3604360837A06FB03539B6A1BB107
:104AC0009847002CD9D170BDFFF716FEF9E700BF5B
:104AD000AC0A0020A0BA04003B90040008B550B90D
:104AE000074908484FF4F37218F01EFE4FF4F371B3
:104AF000034818F010FE027A0132027208BD00BFAE
:104B0000A0BA04003B90040008B5034650B9084918
:104B1000084840F2312218F007FE40F231210448E3
:104B200018F0F9FD18465B68002BFBD108BD00BFEB
:104B3000A0BA04003B90040070B50D46044650B97D
:104B40000E494FF40F720E4818F0EEFD4FF40F713E
:104B50000A4818F0E0FD41B9084940F23D220848F2
:104B600018F0E2FD40F23D21F2E746681EB108462A
:104B7000FFF7CAFF4660656070BD00BFA0BA0400C1
:104B80003B90040038B505460C4651B90B490C481A
:104B90004FF4127218F0C8FD4FF41271074818F064
:104BA000BAFD20B9BDE838400846FFF797BFFFF7C8
:104BB000ABFF2146FFF7C0FF284638BDA0BA04006E
:104BC0003B9004002DE9F84F06460C461546FFF7CA
:104BD0009BFF002783464FF03409DFF86CA00BF1F0
:104BE0000C0B584619F008FDA04228BF20461FFABA
:104BF00080F829464246584619F006FDB4EB0804F1
:104C0000474445441DD00C9B53B1DDE90A010D9A80
:104C100098478346A8B101463046FFF7B3FFDEE769
:104C2000B37A03FB09A0C36A9B6843B1A34228BFC0
:104C300023461946DDE90A23FFF7BAFDE9E72146D5
:104C4000F8E73846BDE8F88FAC0A002008B540B94F
:104C50000A492B220A4818F067FD2B21074818F053
:104C60005AFD838833B105492C22054818F05CFDB4
:104C70002C21F3E783680B44036008BDCDBA040020
:104C80003B90040008B5034600689A68821A914276
:104C90000AD90849084840F2551218F045FD40F27B
:104CA0005511044818F037FD9A88401A11441860CD
:104CB000998008BDCDBA04003B90040008B58288F5
:104CC00003468A420AD20849084840F2C31218F043
:104CD0002BFD40F2C311044818F01DFD521A8280CA
:104CE00000680844186008BDCDBA04003B90040079
:104CF00008B503469A8800688A420AD207490848DC
:104D000040F2CF1218F010FD40F2CF11034818F016
:104D100002FD521A01449A80196008BDCDBA040000
:104D20003B900400F8B5858803680E4604465F1979
:104D300019F062FCB04208D2064907483E2218F03A
:104D4000F3FC3E21034818F0E6FC3544A5803846C4
:104D5000F8BD00BFCDBA04003B90040008B5244A5A
:104D6000244B1A600BF00CFA4FF47A612248D0F809
:104D70002436C3F30802C3F309434B4382F4807221
:104D80001E49883201FB02334FF4FA215B00B3FB6A
:104D9000F1F201FB12331A49B3F57A3F28BF013211
:104DA000C1F80429D0F820364FF47A60C3F3080222
:104DB000C3F30943434342F21C5082F4807202F26F
:104DC000172200FB02334FF47A701B0AB3FBF0F298
:104DD00000FB12330020B3F5FA7F4FF0010328BF28
:104DE0000132C1F81C27C1F80009C1F8003608BD1E
:104DF0000020A107D806002000C0FF00F82A00808C
:104E00000000125048B1054B054A1B68B3FBF2F392
:104E10005843044B43F0010318477047D80600205D
:104E200040420F0090530400BFF34F8F0549064BDB
:104E3000CA6802F4E0621343CB60BFF34F8F00BF38
:104E4000FDE700BF00ED00E00400FA050E4B40292D
:104E500028BF402170B51D460C4C4618B04203F1E6
:104E6000020304D1002305F81130074870BD027811
:104E70001209A25C03F8022C10F8012B02F00F02B9
:104E8000A25C03F8012CE9E7247000201FBB04009A
:104E900030B503788BB0044607AD032B21D8DFE88B
:104EA00003F0021A1C1E12492846F9F732FD059537
:104EB00063781E210493A3780E4A0393E3780E4887
:104EC00002932379019363790093A37916F034FF59
:104ED00009480BB030BD0949E6E70949E4E709494B
:104EE000E2E70A212846084A16F026FFDFE700BF5E
:104EF0002C8E04004E8E040006700020D89B040007
:104F0000338E04003D8E0400478E04002DE9F341EA
:104F10000446174698461E4DD5E8AF3FDA071BD525
:104F200030B945211B4818F021FF6FF0010014E053
:104F300001A918F08FFF1849024620461EF012FE04
:104F40000028F2D1D5E8AF3FC3F3C0061B0707D551
:104F50005721124818F00AFF002002B0BDE8F08186
:104F6000A5F1D404072221464046B847062809D8AF
:104F700045210B4818F0FAFE45F8D46CE671C4F8E8
:104F80000360E9E70723B0FBF3F0E071E4E700BF5B
:104F90001C02002037BB04003A8E04005DBB0400F5
:104FA00086BB04002DE9F04188B0DDF838809C799B
:104FB0005D791E79DF7893F802C093F801E01B78E1
:104FC000B8F1000F0ED0CDE90638CDE904CE134676
:104FD000CDE90267CDE90045084A16F0ADFE08B0FC
:104FE000BDE8F081CDE905E3CDE9037C1346CDE9C9
:104FF0000156034A009416F09FFEF0E7B0BB040090
:10500000D4BB040010B5FCF711FE044620B10246E3
:105010004521024818F0AAFE204610BDF5BB040049
:1050200070B504461E4615468CB0A2B129B10A4699
:1050300002A8042118F085FB02A900912B46224604
:10504000242103A8FFF7AEFF3146109A03A8FCF70E
:105050005BFC0CB070BD03462421044A03A816F083
:105060006BFE0028F0DA6FF01500F2E71FBC0400B9
:1050700007B50B4B0B48DA79C2EBC2020092002253
:105080001146FFF7CDFF024630B14521064803B077
:105090005DF804EB18F06ABE03B05DF804FB00BFD6
:1050A000480100203A8E040025BC040030B50446B7
:1050B00015468DB092B129B10A4602A8042118F014
:1050C00040FB02A900912B462246242103A8FFF7AA
:1050D00069FF03A818F096FE0DB030BD03462421E9
:1050E000044A03A816F028FE0028F2DA6FF0150033
:1050F000F2E700BF1FBC040007B5009313460A4641
:1051000001460348FFF78CFF03B05DF804FB00BFC6
:1051100057DD04000A4601460148FFF7C7BF00BF3C
:1051200057DD040007B5009313460A4601460348BD
:10513000FFF776FF03B05DF804FB00BF51DD04000C
:1051400007B5009313460A4601460348FFF768FF78
:1051500003B05DF804FB00BFFAD9040007B50022D4
:105160000346009103481146FFF75AFF03B05DF86C
:1051700004FB00BF49DD040008B5024811F040FC03
:10518000002008BDF4040020F8B5184DD5E8AF3F65
:1051900013F0010F2E4627D015F8CD3CA5F1D4070A
:1051A00083B901F065FF044628B14521104818F085
:1051B000DDFD2046F8BDFB7923B901F069FF044607
:1051C0000028F2D1D5E8AF3F5A0701D400F016FF0E
:1051D000D6E8EF3F23F40062C6E8E12F0029F7D1BB
:1051E0001B0501D5FFF7C8FF0024E2E71C020020E1
:1051F00045BC040007B5009313460A460146034820
:10520000FFF70EFF03B05DF804FB00BF12E40400DB
:105210000A4601460148FFF749BF00BF12E40400F7
:1052200030B500240A4D0B4B87B028460393CDE9D7
:10523000044411F0ABFC03AB2846009340F638025F
:105240000A23054911F0B8FC204607B030BD00BF65
:10525000102100207DBC0400787B0020014601481D
:1052600011F078BD10210020014601481CF057BD07
:1052700010210020037830B5012B13D0022B27D04A
:105280007BB90A46184B03F1100453F8045BA342A0
:1052900042F8045BF9D11B78137043884B731B0AE7
:1052A0008B7330BD0A46104B03F1100453F8045BB6
:1052B000A34242F8045BF9D11B7813704368C3F32F
:1052C00007224B731B0CCB731B0A8A730B74E8E722
:1052D00000F1100350F8042B984241F8042BF9D147
:1052E00003780B70DDE700BF86BC040010B519F031
:1052F00069FA1CF024FD0B4C18B1D4E8AF3F63B938
:1053000010BD12F083FBD4E8AF3F1BB9BDE81040DD
:1053100012F0CEBB0A209847F8E70A20BDE81040FB
:10532000184700BF98630020811EC9B21E2938B5F6
:10533000044604D8184820FA01F1C90708D41749CF
:1053400017487A2218F0F0F97A21144818F0E3F996
:10535000144819F01DF90546C8B1082C19D00BD80E
:10536000022C0FD0042C14D00F490D48522218F0F3
:10537000DBF952210C48E9E7102C01D0202CF3D1A5
:10538000052100E0042105F10C0019F049F9284637
:1053900038BD0221F7E700BF4100004097BC040080
:1053A0003B900400B00B0020C6BC0400034BD3E8C4
:1053B000EF2FC3E8E10F0029F9D17047986300206F
:1053C0000F2810B50CD80D280CD90A4819F0E0F8B0
:1053D000044618B104210C3019F022F9204610BD02
:1053E0001328F2D009B10448F0E70220BDE81040CC
:1053F000FFF79ABF4C0C0020140B002038B50B6847
:1054000005460C4643B90D490D48FA2218F08CF9AF
:10541000FA210A4818F07FF94A68DA600B684A896D
:105420005A820868FFF724FB2046102200211EF054
:10543000ECF92846BDE8384019F0C4B997BC04001F
:105440003B9004002DE9F84305460C461F461646DE
:1054500042B92449D622244818F066F9D6212148B9
:1054600018F059F930B91F49D7221F4818F05CF9D4
:10547000D721F4E701F10C09484619F0B9F830B921
:105480001849DB22184818F04FF9DB21E7E72046DE
:1054900019F0B0F9804630B11249DD22124818F0F7
:1054A00043F9DD21DBE705F10C01484619F07AF8F4
:1054B000484619F09DF8012310FA86F068826B7255
:1054C000314648462E82FFF7F9FBE36828467B60A9
:1054D000638AC4F80C807B81A4F812803C60BDE82C
:1054E000F88300BF97BC04003B900400F7B5054665
:1054F0000E461746AB88012B01D803B0F0BD2846F5
:1055000019F05EF804460028F7D0AB88984207D916
:10551000024657210C4803B0BDE8F04018F026BC05
:10552000284619F04DF82B688DF80000013C3946EB
:1055300068468DF801400193B0470028DDD0214630
:105540002846FFF7BBFBD5E7FFBC0400C368572123
:105550001A78014818F00ABC2FBD040038B505467A
:105560001446084602EBC3039C4202D16FF05E0072
:105570000FE0224612F8081BA9420FD1028A637875
:10558000934207D906482B46452118F0EFFB6FF0F0
:10559000150038BD636898470020FAE71446E3E732
:1055A0005CBD040070B5C6683378B6F8014083B9B5
:1055B0000F21204602F0F2FEF378054650B90A4A60
:1055C000118831B96FEA04506FEA10501080074A11
:1055D000137070BD0373012102F004FE2846BDE87C
:1055E000704002F099BD00BFB06F0020A570002090
:1055F00070B5C3681D786DBBB3F801600F213046EC
:1056000002F0CCFE044630B93246BDE87040452178
:10561000114818F0ABBB294602F0E4FDA378012B3A
:1056200004D02046BDE8704002F076BD231DD3E8CB
:10563000AF3FDB07F5D50321204602F0D3FD032061
:1056400019F0BEFA02460028EBD05721034818F0A3
:105650008DFBE6E770BD00BF83BD0400AEBD040056
:1056600010B5C3680121B3F80140204602F096FE50
:1056700030B92246BDE810404521034818F076BBFA
:10568000BDE8104002F048BDD9BD040010B5C368A4
:1056900001211C88204602F081FE30B92246BDE877
:1056A00010404521034818F061BBBDE8104002F0EE
:1056B00033BD00BFD9BD040037B508210C30FFF75A
:1056C00017FB01210446B0F8010002F067FE054611
:1056D00040B94521B4F801200F4803B0BDE830407F
:1056E00018F044BBE3788DF8003023798DF8013051
:1056F00063798DF80230A3798DF80330E3798DF862
:10570000043002AB13E9060003F024FB284603B083
:10571000BDE8304002F000BD02BE0400012108B522
:105720000C30FFF7E5FABDE8084002784521014852
:1057300018F01CBB3CBE0400014608B50748FFF743
:10574000FDF8074907481CF0EAFA021E05DABDE831
:1057500008404521044818F009BB08BD9402002008
:10576000140500200023002063BE040073B5C56843
:105770000121B5F80160304602F010FE044638B948
:10578000324645212B4802B0BDE8704018F0EEBA11
:105790002B781A2B19D1C378012B47D14FF48041B4
:1057A000043019F062F843040FD4D4F88C30694601
:1057B0000093D4F894302046019304F08DF82046ED
:1057C00002B0BDE8704002F0A7BC2B7873BB40F27A
:1057D000E243B5F8032018495A43C4F88820B5F8C5
:1057E0000530A4F89030B5F80730A4F89230A2F54F
:1057F000EA530C3B8B4203D95721104818F0B6FAF4
:10580000B4F89020B2F5FA7F03D357210C4818F072
:10581000ADFA40F67641B4F89220A2F10A039BB2A9
:105820008B4203D95721074818F0A0FA204603F00D
:1058300049F8C4E7D9BD040095F03C0085BE0400DA
:10584000B1BE0400DDBE040010B5002486B003AB79
:1058500000934FF462724FF0FF3305490548CDE9DC
:105860000344059411F0A8F9204606B010BD00BF0E
:10587000B08300200822002073B505460C46FFF7D0
:105880006DFE5F300BD1268AE0683146FFF7DEFA05
:10589000334600902A465721024818F067FA02B0B2
:1058A00070BD00BF0EBF040010B5012104460C30CE
:1058B000FFF71EFA2146BDE810400223014A007896
:1058C000FFF7DABF8857040010B5012104460C30F9
:1058D000FFF70EFA2146BDE810401223014A007876
:1058E000FFF7CABFC857040073B5044601210C3046
:1058F000FFF7FEF90578002321462846094AFFF7FD
:105900002DFE5F300BD1268AE0683146FFF79EFA04
:10591000334600902A465721034818F027FA02B070
:1059200070BD00BF5858040035BF040070B5C5688D
:105930000121B5F80160304602F030FD044630B96F
:105940003246BDE8704045210B4818F00FBA2B785D
:105950003BB9D5F80330C0F89830D5F80730C0F817
:105960009C30201D4FF4003118F07FFF2046BDE829
:10597000704002F0D1BB00BFD9BD04002DE9F8434F
:105980000C4612F043F8E168228A0B78022B6FD0A4
:10599000042B0AD01A4645213A4818F0E7F9204668
:1059A000FFF766F86FF0150409E0022A0CD84521CC
:1059B000354818F0DBF92046FFF75AF8002412F0BA
:1059C00077F82046BDE8F88348783E280BD1032AB3
:1059D00002D145212D48ECE7CB78012B01D00A2BD1
:1059E00046D1032604E018F026FF0646F0073DD511
:1059F00004F10C05284618F0FBFD01210746284656
:105A0000B4F81090FFF75AF902212846FFF770F911
:105A1000804600783E2815D1E3681B78012B2BD0F7
:105A20000A2B29D0022541F27B121949194817F097
:105A30007BFE002383F31188BFF36F8F0323184687
:105A400002DF04E018F0F7FEC1070546EBD5124A65
:105A50000623214698F80000FFF70EFFAA070DD590
:105A60006369A4F8109013FA87F7E760B307A5D528
:105A70002046FFF761FEA1E70325E8E72046FEF791
:105A8000F7FFF3E7E6BF04006CBF04008DBF04001E
:105A9000B2BF04003B9004005857040070B53B4867
:105AA000FEF79EFF044600286FD000F10C05284643
:105AB00018F086FD0228024604D0042844D045216F
:105AC000334804E0228A032A04D84521314818F0DB
:105AD0004DF911E004212846FFF70AF9FF22438817
:105AE00006882276228AC6F30B009342608307D091
:105AF0004521294818F03AF92046FEF7B9FF13E08E
:105B00000F2102F04BFC054618B94521628B234852
:105B1000DDE702F067FC21462076320B284602F0D2
:105B200065FA284602F0F8FA1D4BD3F84C3163B3FE
:105B30001C491D481CF0F3F8021E26DABDE870402F
:105B400045211A4818F012B928460221FFF7D0F86B
:105B5000054600783E2811D018F06DFE10F00206C0
:105B60000CD140F6B2421249124817F0DDFD86F31F
:105B70001188BFF36F8F0323184602DF06232146E7
:105B80000D4A2878FFF778FEB6E770BD9402002032
:105B900075C00400FFBF040025C004004EC004000F
:105BA00048010020140500200023002063BE0400EB
:105BB000B2BF04003B900400985704002DE9F04761
:105BC000884617460646002800F084800023DFF848
:105BD0001C91D9E8EF4FC9E8E23F002AF9D134B966
:105BE0003246BDE8F04745213B4818F0BFB8204693
:105BF000FEF7A6FD4FF00C0A384D0AFB0050438813
:105C0000B3421DD02046FEF79BFD0AFB00503246F2
:105C100043884521324818F0A9F8D9E8EF3FC9E890
:105C2000E24F002AF9D1002B54D02E492E4840F6DD
:105C3000062217F079FD40F606212A4817F06BFD81
:105C4000A74208D02046FEF79FFD3A8AF96804F182
:105C50000C0018F0D9FC2046FEF772FD0C2606FB5E
:105C600000504368ABB1B8F1000F12D12046FEF7E7
:105C700067FD012106FB00504268D2E90003127A59
:105C800003F01F06B1405B09F2B100EB830018F08E
:105C9000ECFD2046FEF754FD0C2606FB0050836801
:105CA0006BB12046FEF74CFD704305F8008020469E
:105CB000FEF746FD06FB0055A86810F0A1FA204645
:105CC000BDE8F047FEF7D4BEC94300EB830018F0EF
:105CD000D7FDDEE7BDE8F0878EC004009C6300209E
:105CE000BBC00400B2BF04003B900400900200203F
:105CF00001232DE9F74FD0F80C80018A98F8002095
:105D000003EB82038B4264D900913448452118F09B
:105D10002DF803B0BDE8F08F2A464521584618F00B
:105D200025F8013698F800309E42F2DA08EB860337
:105D3000B3F801500F212846B3F8037002F02EFB90
:105D400004460028E8D000F1BC091FB9204602F043
:105D5000E3F9E6E7656975B94521214818F006F8C9
:105D6000204940F29F22204817F0DEFC40F29F219C
:105D70001C4817F0D0FCA2692B689542204663614D
:105D800008BFA36102F0C8F810F03AFAC5F800A005
:105D9000236A7BB9C4E90755D9E8AF3F013FBFB2D9
:105DA0005BB910494FF42A720F4817F0BDFC4FF44D
:105DB0002A71DDE71D602562EEE7D9E8EF3F013B80
:105DC000C9E8E23F002AF8D10021204602F0B0F8ED
:105DD000BBE70026DFF814B0B246A3E7F3C0040027
:105DE00044C10400B2BF04003B90040023C104007E
:105DF00008B501F0F5FA064BD3E8AF2F02F00B021D
:105E0000D3E8EF1FC3E8E02F0028F9D108BD00BF99
:105E10001C02002010B5C1E900239DF808300C4693
:105E20000B72FEF78DFC0C22024B02FB00335C6010
:105E300010BD00BF9C630020F8B502460B46104819
:105E400018F0A6FB0446C0B104210C30FEF7FEFE9C
:105E50002046FEF775FC0C2700260A4D07FB005074
:105E600046802046FEF76CFC07FB0050866020460B
:105E7000FEF766FC07FB00556E602046F8BD00BFCC
:105E80007C0B00209C63002029289ABF014B185CE2
:105E900009207047A2C6040070B5C3680F21B3F88B
:105EA00001601D78304602F079FA044630B9324676
:105EB000BDE870404521164817F058BF65B1284627
:105EC000FFF7E2FF29460246204602F0E3FD2046A6
:105ED000BDE8704002F020B98378012BEFD109F0C2
:105EE0005BF8204618F08FFC0028E8D10520FFF76A
:105EF000CBFF05210246204602F0CCFD4521054896
:105F000017F034FF0521204602F0E6FADFE700BF74
:105F100083BD040060C10400F8B5C6680F21B6F85F
:105F200001703578384602F039FA044630B93A46FD
:105F3000BDE8F84045211E4817F018BF45B1284676
:105F4000FFF7A2FF29460246204602F0A3FD07E024
:105F5000F378C27A9A4208D15721164817F006FF03
:105F60002046BDE8F84002F0D7B88278C372012A13
:105F700005D00020FFF788FF00210246E4E70BB1BF
:105F800009F00AF8204618F03EFC0028F1D105205F
:105F9000FFF77AFF05210246204602F07BFD4521EE
:105FA000054817F0E3FE0521204602F095FAD7E7F1
:105FB00083BD04008BC1040060C1040010B5044619
:105FC00092B04822684606491DF012FC112C9DBF74
:105FD00012AB03EB840454F8480C024812B010BD15
:105FE000F84D0400BFC10400034B0146D3F8700113
:105FF00082689268104700BF48010020F7B504216D
:10600000264C274818F031FC01F0EAF94921254ACD
:10601000254817F0ABFE254DE279254B2046012A95
:1060200088BF1D46FEF734FF2A4603464921214812
:1060300017F09CFE264601251F4FE37907369D4247
:1060400020DB94F870502846FFF7B8FFB4F876309C
:1060500002460193B4F872304921009317482B4649
:1060600017F084FE94F871502846FFF7A7FFB4F8A4
:1060700074300246009349212B46114817F076FEF2
:1060800003B0F0BD3046FEF703FF2A460346492120
:10609000384617F06BFE0135CFE700BF48010020FE
:1060A0001C020020CBC10400CFC104009592040063
:1060B000C7C10400E6C10400FAC1040010C2040014
:1060C00053C20400004870477FC2040008B5094964
:1060D00009481BF024FE00280ADA0849084841F262
:1060E0006A4217F021FB41F26A41044817F013FBA2
:1060F00008BD00BF0405002008220020B2BF040034
:106100003B90040070B505460C4659B94FF0FF307E
:106110004FF0FF31FFF790FE044618B96FF06805A5
:10612000284670BD2046FEF70BFB0C22174BA61825
:1061300002FB003330465D8018F05AFA03280BD971
:1061400003213046FEF79EFD0580238A0121033B93
:106150008370304618F02DFA40F635439D420DD13C
:106160002046FFF741FF054670B102464521084829
:1061700017F0FCFD2046FEF77BFCD1E721460548E1
:106180001BF04FFDFFF7A2FF0025C9E79C6300202D
:1061900086C204009C0200202DE9F0438046174689
:1061A0000C4689B069B94FF0FF304FF0FF31FFF76F
:1061B00043FE0446B0B96FF06805284609B0BDE853
:1061C000F083887AFEF7B4FA2E4B83420AD02E4928
:1061D0002E484FF4E37217F0A7FA4FF4E3712A4800
:1061E00017F099FA02AE0122002130461BF032FD71
:1061F0002046FEF7A5FA0C23DFF8A49003FB0090DD
:1062000086602046FEF76AFC01464046FFF77AFFAB
:10621000054618B12046FEF72BFCCEE7002330469A
:106220001B4A10F057F860B14FF4FD721649174839
:1062300017F07AFA85F31188BFF36F8F032318469E
:1062400002DF2046FEF77CFA0C23584319F8006061
:106250008EB1104B424657210F4800933346093EFA
:1062600017F084FDF6B22046FEF702FC092E06D890
:106270000A4B9D57A1E7002FCCD03C609DE76FF003
:1062800004059AE77C0B0020B2BF04003B90040099
:10629000B4C4040095920400ADC2040098C6040082
:1062A0009C63002073B506460D4642F22F00002184
:1062B00001AAFFF771FF044630B14521124817F0DB
:1062C00055FD204602B070BD0198C368B3F80120A7
:1062D0003280B3F803302B80FEF7CAFB3288A2F17C
:1062E0001B03E02B03D95721084817F03FFD44F268
:1062F00048112A88A2F5A4739BB28B42E1D9572199
:10630000034817F033FDDCE7D1C20400F6C20400F5
:1063100020C30400F0B587B006460DF10B01002044
:1063200000F020FF0546002845D14FF0FF304FF028
:10633000FF31FFF781FD074600283FD019210C30BF
:10634000FEF7F0FC0446294619221DF05EFA9DF87E
:106350000B301C4A237392F8211192F82031601DF2
:10636000994294BF06F1700106F17E0118F076FAA9
:10637000938938462380D38903A96380B6F88C308B
:10638000114AA4F80D30B6F88E30A4F80F30B6F8E4
:106390009030A4F81130B6F89230A4F813300123ED
:1063A00000930723FFF736FD0022394642F20D0025
:1063B000FFF7F2FE0546284607B0F0BD6FF068050E
:1063C000F9E700BF480100201C020020022870B538
:1063D000054639D100210246084602F029FC044650
:1063E00070B945211D4817F0C1FC032018F0E8FBE7
:1063F000024688B3BDE870405721194817F0B6BC73
:10640000031DD3E8AF3FDB0706D5032101F0EAFE09
:10641000204601F081FEE8E7403010F059FC10F012
:106420000C0607D157210F4817F0A0FC3146204633
:106430002573EBE72046FFF76DFF0028E8D04521E4
:10644000094817F093FCE3E70246BDE87040572186
:10645000064B074817F08ABC70BD00BF48C3040054
:10646000AEBD04006BC3040096C304009592040003
:10647000B7C3040030B54FF0FF304FF0FF3187B0A5
:10648000FFF7DAFC044670B10025084A03A9072388
:106490000095FFF7BFFC2A46214642F20E00FFF7A7
:1064A0007BFE07B030BD6FF06800FAE71C020020E9
:1064B0002DE9FF410478054654B15349534840F251
:1064C000995217F031F940F299514F4817F023F9DA
:1064D0004F4BB0F80180198848F47042914205BFD3
:1064E0001C804C4B27461F7800F0B6FBEB782E1D26
:1064F000012B08BF484B304608BF93F86F4018F097
:106500005DF93146F0B102A818F04DF9D5F8113017
:10651000CDF80130B5F81530ADF8053001238DF810
:106520000030E878D0B13046FEF7B2FC4521024693
:106530003A4817F01BFC1321404618F0EBF904B061
:10654000BDE8F081204618F0F5FA014602A818F0DF
:1065500085F93146684618F081F9E2E7022202A97E
:1065600002F066FBEB78044623B96FF080012C48FB
:1065700018F086F9002CD6D0204640F2E242B5F859
:10658000013002A920F8703B18F068F9B5F817300F
:1065900053430022C4F88830B5F81930A4F890307D
:1065A000B5F81B30A4F89230EB782273E3706BB926
:1065B000694604F17E0018F051F9217A164BC1EBBF
:1065C000C101194404F1770018F048F90721204669
:1065D00001F008FE27B101212046277301F002FED9
:1065E000204601F069FF204601F096FDE378002B7C
:1065F000A5D1032018F0E4FA024600289FD05721C5
:10660000084817F0B3FB9AE7B2BF04003B900400C0
:10661000B06F0020A570002048010020D8C30400FE
:106620001C020020AEBD040000B5C16889B0087826
:1066300020B109B05DF804EBFFF7C8BEB1F8013036
:106640008DF80000ADF80130CB7801A88DF803304B
:10665000B1F80B300431ADF81730B1F80930ADF8AE
:106660001930B1F80B30ADF81B304B7B8DF81D3075
:1066700018F0F4F8084B68461A689B88CDF80B2090
:10668000ADF80F30CDF81120ADF81530FFF710FF41
:1066900009B05DF804FB00BF19BB040010B5F8F7A2
:1066A000C3FA034B1B6813B1BDE81040184710BD77
:1066B000C063002073B52C4D0646D5F870011BF061
:1066C00058FA40B94521294817F050FB6FF01204E1
:1066D000204602B070BD6FF0020105F1D40018F041
:1066E000CFF8012118F0C1F8C30739D4FEF78AFCAE
:1066F00004460028ECD11E4B1E60012205F598705F
:1067000011461BF0A7FA05F5AA701BF07DFA19488F
:1067100010F03CFA6FF0070340F69802164915484E
:10672000009410F049FA154912481BF00EFBD5F8F9
:106730007001134983681B689847044628B10246D4
:106740004521104817F012FBC2E726B902B0BDE898
:106750007040F8F769BA05F1C40010F051F9B7E7D5
:106760006FF07704B4E700BF48010020B9C504000A
:10677000C06300200023002038870020D6C5040015
:106780007D590200DFC50400F0B5C56801212F88DE
:1067900087B0BCB2204601F001FE064638B9224659
:1067A0004521264807B0BDE8F04017F0DFBA02AC3B
:1067B000D5F80220D5F8063001946989009119F0C6
:1067C0003AFF40B34FF0FF304FF0FF31FFF734FB9B
:1067D000054640B945211A4817F0C8FA304601F07D
:1067E0009BFC07B0F0BD12210C30FEF79BFA03466C
:1067F000224623F8027B06AF144603CCBC42186045
:106800005960224603F10803F6D1294642F21A00E4
:10681000FFF778FCE2E74FF0FF304FF0FF31FFF772
:106820000BFB04460028D5D002210C30FEF77AFA83
:106830002146078042F21B00EAE700BFD9BD0400F1
:1068400000C6040070B506460D464FF0FF304FF00D
:10685000FF31FFF7F1FA044628B9BDE87040452141
:10686000074817F083BA03210C30FEF75BFA068065
:1068700085702146BDE8704042F22100FFF742BC1E
:106880001CC6040073B5C368D9789A781E8842EA9A
:106890000122ADF8002059791A79B4B242EA0122F6
:1068A000ADF80220D9799A79204642EA0122ADF862
:1068B00004201A7A5B7A012142EA0323ADF80630FC
:1068C00001F06CFD054650B945211C48224617F0E1
:1068D0004DFA02212046FFF7B5FF02B070BD6946B0
:1068E00002F04CF838B91E212046FFF7ABFF2846CE
:1068F00001F012FCF1E74FF0FF304FF0FF31FFF7EE
:106900009BFA04460028F2D00E210C30FEF70AFA5A
:1069100000230680C0F80A30BDF8003021464380CD
:10692000BDF802308380BDF80430C380BDF8063066
:10693000038142F22000FFF7E5FBD8E7D9BD040050
:1069400070B5044603210C30FEF7D2F9E3680578F0
:10695000197840F63543B0F80100984207D1BDE8F8
:1069600070400A46084B5721084817F0FFB92246E5
:10697000FFF724F935B106480FF042FCBDE870403E
:10698000FFF7A4BB70BD00BF959204003BC6040096
:106990007802002038B511F039F82D4DD5F8543172
:1069A000002B52D00022002305F598700FF092FCC6
:1069B00000284AD10022002305F5AA700FF0A8FB99
:1069C000044660B940F6C2422249234816F0ACFEA4
:1069D00084F31188BFF36F8F0323184602DFD5F8C5
:1069E000483153B145211D4817F0C0F9D5F8480189
:1069F000FEF73EF80023C5F848312046FEF76EF852
:106A0000C5F848012046FFF7EFFA0246B8B1452124
:106A1000134817F0ABF913480FF0F2FB2046FDF7CF
:106A20008FFE0C22104B1F2102FB003022464088B3
:106A3000FFF7C4F82046FEF71BF8FFF747FBFFF708
:106A400045FBBDE8384011F033B801F083FDF8E7AD
:106A500048010020B2BF04003B90040078C6040047
:106A600086C20400780200209C63002038B504210F
:106A700004460C30FEF73CF9457801782246408800
:106A8000FFF79CF835B104480FF0BAFBBDE8384079
:106A9000FFF71CBB38BD00BF78020020F8B50646E2
:106AA0000024094DEF79E3B29F4202D86FF0010054
:106AB00007E02946304617F0B4FF0735631C08B1DC
:106AC0002046F8BD1C46EEE74801002037B50446D5
:106AD0000D46B9B12846164917F0A3FF90B92946CB
:106AE0001448C4EBC404204417F0A3FF124817F065
:106AF000A7FF430703D5FEF73FFB17F0F6FD002085
:106B000003B030BD684617F040FE0028F8D1684653
:106B1000FFF7C4FF0028F5DA064BC4EBC400694652
:106B2000184417F086FF002DE0D001462846DBE729
:106B30000CBB0400480100201C02002070B5194E57
:106B40000622314605461CF0FDFF30B34FF0FF3002
:106B50004FF0FF31FFF770F9044600B306222946D3
:106B60000C3017F051FD2146002242F20500FFF7DC
:106B700013FB044640B110F10D0F03D157210A4811
:106B800017F0F4F8204670BD33462A6843F86929A7
:106B9000AA88B280012283F868200024F2E76FF00F
:106BA0006804EFE7B1010020F1C7040038B50546DD
:106BB0000C4651B91E4940F2DE321E4816F0B4FDB3
:106BC00040F2DE311A4816F0A6FD086840B91849AF
:106BD00040F2DF32174816F0A7FD40F2DF31F1E74F
:106BE00045B913494FF47872124816F09DFD4FF4E1
:106BF0007871E7E7037A5A0708D50D4940F2E23287
:106C00000C4816F091FD40F2E231DBE74B686BB9BE
:106C10000B7A13B92B7A5B0708D52A7803789A4246
:106C200004D0294617F065FF00B1656038BD00BF8C
:106C300005C804003B900400064BD3E8EFCF4CF4AA
:106C4000806CC3E8E2CF002AF7D1037A19430172BE
:106C5000704700BF1C020020084BD3E8EF2F22F43E
:106C60008061C3E8E01F0028F7D1530504D5002256
:106C70000220034908F090BA704700BF1C020020B0
:106C80007DEB03001FB500230190CDE90233022004
:106C90008DF80C1001AA034908F07EFA029805B09D
:106CA0005DF804FBAD6B02002DE9F341054670B1C0
:106CB0004F4C94F8202194F821310AB19A4209D21C
:106CC000013384F821312B7A43F004032B7202B094
:106CD000BDE8F08100210222084601F0A9FF064626
:106CE00048B128460121FFF7A7FF304602B0BDE8B2
:106CF000F04101F011BA04F1D40017F0A1FE8206B0
:106D0000C0F3401702D5304600F082FB94F82131E1
:106D10007BB1002017F0D4FE58B15721354817F049
:106D200025F8002FD3D0012002B0BDE8F04100F0DB
:106D30006FBB94F8212194F820319A4217D1572142
:106D40002D4817F013F8002242F229001146FFF7F0
:106D500023FA10B145212948E1E794F821310133A4
:106D600084F821312B7A43F004032B72D9E72A46A9
:106D700005F10108414612F82E0B17F064FE064695
:106D800038B145211E4816F0F1FF012017F098FE9A
:106D9000C7E794F82131013384F821312B7A43F08D
:106DA00004032B7294F8A7305B0702D457211548CF
:106DB000E9E74146684617F03CFE01234FF0FF30FB
:106DC0004FF0FF318DF80730FFF736F8044660B119
:106DD000082269460C3017F017FC3246214642F271
:106DE0004E00FFF7D9F90028CFD045210648CAE761
:106DF0004801002033C804005DC8040093C80400A3
:106E0000B8C80400DDC804000CC904002DE9F8432B
:106E1000044658B3454D95F8202195F8213192B19B
:106E2000013293421BDC00210222084601F000FFE0
:106E30000646E8B120460221FFF7FEFE3046BDE8D7
:106E4000F84301F069B953B939493A4840F2E6428A
:106E500016F06AFC40F2E641354816F05CFC013B56
:106E600085F82131237A23F004032372BDE8F883E7
:106E700005F1D40017F0E4FD8306C0F3401802D5F5
:106E8000304600F0C5FA002017F01AFE064690B111
:106E900002464521284816F069FF95F8213113B1C3
:106EA000012017F00DFEB8F1000FDFD0BDE8F84368
:106EB000012000F0ADBA95F8213195F820219A42D1
:106EC0000CD2013B85F82131237A024623F00403DA
:106ED00002201A49237208F05FF9DEE74FF0FF3015
:106EE0004FF0FF31FEF7A8FF04F10109074668B132
:106EF00007210C30FDF716FF494617F09AFD324680
:106F0000394642F22800FFF747F920B145210C48E5
:106F100016F02CFFC1E795F82131013B85F82131AE
:106F2000237A23F004032372B7E700BF480100204F
:106F300005C804003B9004002CC90400ABEA030020
:106F40005EC9040070B5044609BB18B3244917F0A4
:106F500068FDF8B92046FFF7A1FD00283ADA23784A
:106F600053B92048C279002A34D1214617F061FD77
:106F70000123C371104670BD012B04D1A37903F026
:106F8000C003C02B06D04521174816F0EFFE6FF066
:106F90001500F0E7134DEB79012B1ED005F1D4005D
:106FA00017F04EFDC30707D4002CF0D020460C4943
:106FB00017F037FD0028EAD1EE792146731C3046E0
:106FC000EB71FFF783FD08B93046D4E7EB79013B5D
:106FD000EB71D0E76FF07700CDE76FF00B00CAE7F9
:106FE0000CBB04004801002088C904002DE9F341CE
:106FF000044638B957211A4816F0B8FE002002B0EE
:10700000BDE8F081002141F2090001AAFFF7C4F8B0
:10701000054610B157211348EEE7019E0622D6F827
:107020000C80114908F1010738461CF08BFD28B18E
:10703000062238460D491CF085FD18B93046FDF78B
:1070400017FDDBE7D8F801303046C4F80130BB88C3
:107050002570A4F80530FDF70BFD0120CFE700BF38
:10706000BBC90400D9C9040019BB040013BB040048
:1070700007B56846FFF7BAFF044BD87118B16946E7
:107080000020FFF723FD03B05DF804FB480100205A
:10709000F0B5304D89B0EC79002C54D195F8C26030
:1070A00016F001060FD157212B4816F05FFEEC7148
:1070B000162600240127EB79E0B283422ED8002B5C
:1070C00041D000203DE06A4621464FF60940FFF7D7
:1070D00063F810B157212148E7E7DDF800C0DCF87C
:1070E0000C104B782BB96046FDF7C2FC57211C48A9
:1070F000DBE78B1C02AA01F11204174618685968D5
:10710000083303C7A3423A46F7D1186834463860BB
:107110009B886046BB80FDF7ABFCC8E708AB06FB6D
:10712000003353F8182C33F8143C6946CDF801208D
:10713000ADF805308DF80070FFF7C8FC0134002869
:10714000B9D009B0F0BD0021084609B0BDE8F04053
:10715000FFF7F8BE48010020FCC904002DCA040056
:1071600052CA040038B50C4661B108480578012DB3
:1071700004D10130FFF7E2FC08B138BD0025002042
:107180002570FAE76FF01500F7E700BF480100200F
:1071900070B505460E464FF0FF304FF0FF3186B018
:1071A000FEF74AFE0446A0B102210C30FDF7BAFDFD
:1071B000094A4670057003A9204605230095FEF78D
:1071C00029FE0022214642F20C00FEF7E5FF06B040
:1071D00070BD6FF06800FAE71C02002008B50C4B88
:1071E0000246400903EB800017F0E7FC02F01F03A2
:1071F00040FA03F313F0010006D122B9054817F055
:10720000DCFC40F3C01008BD6FF07700FBE700BF67
:10721000C46300201C020020084A430902EB8302D9
:10722000012300F01F008340DB43D2E8EF0F18403A
:10723000C2E8E10F0029F8D1704700BFC463002005
:1072400030B587B0002200235F480EF037FD0028DC
:1072500040F098805D4817F0B0FC10F001035B4DE2
:107260004CD02B1D93E8070006AB03E907005848F4
:1072700017F0A3FCC0F34013544817F09EFC0146DE
:10728000002871D073B10C2252490DEB02001CF0A2
:1072900059FC002871D000210846FFF779FF044609
:1072A00000286BD14A4817F088FC420501D5FFF74A
:1072B000D3FC0023ADF80930BDF80E309DF80C006A
:1072C000ADF80530BDF810308DF80400ADF807308A
:1072D000431E58420DF10901584117F05FFC044666
:1072E00000284BD14FF0FF304FF0FF31FEF7A4FDE7
:1072F0000546002848D16FF068043FE0344817F095
:107300005CFC10F0800F344A0ED04FF480749089EA
:10731000D1891269ADF80C40ADF80E00ADF810102F
:10732000ADF812300592A2E72C4C03AB20686168DF
:1073300003C3A068186092F8D93024481C0744BFE2
:1073400005238DF80D3017F038FC800706D5302363
:10735000ADF810306023ADF80E3088E71B4817F009
:107360002CFC4107F3D482E73BB1FFF711FF044641
:1073700020B9184B2861C3E90100002412480EF01F
:1073800053FD204607B030BD072201A90C3017F08D
:107390003BF92246294642F20B00FEF7FDFE044669
:1073A0000028EBD19DF80D10012001F00101FFF73D
:1073B000EFFE04460028E1D1064B06AA12E90700B9
:1073C00083E80700D9E700BFE0630020C463002022
:1073D0001C020020D4630020480100204C5304000C
:1073E00010B5094C4422002120461CF00EFA04F18D
:1073F0001C001AF0F6FB04F130001AF0F2FB002238
:10740000024B1A6010BD00BFC4630020106400204E
:10741000044B0038597C18BF012001F00101FFF72F
:10742000B7BE00BFC4630020032838B5054603D1AA
:10743000BDE83840FFF704BFFFF7D0FE0446A8B907
:107440000B4B6A0903EB8203012205F01F018A40FE
:10745000D3E8EF0F1043C3E8E10F0029F8D1FFF79D
:10746000EFFE044610B12846FFF7D6FE204638BD91
:10747000C46300202DE9F04F00F10C068DB00446E6
:10748000304617F09DF80190874817F096FB00F002
:1074900001038548039317F090FBDFF824A2C0F3A3
:1074A00080030493019B13B90DB0BDE8F08F039BDB
:1074B00013B9049B002BF7D0238A082B06D845214B
:1074C0007A480DB0BDE8F04F16F050BC09213046A7
:1074D000FDF70EFC037A228A01339A420546EED369
:1074E0000123ADF82C307F238DF82630037A00F18C
:1074F000010803445B7A8DF82530FF238DF8243092
:107500000023ADF82A300278042A98BF684B8DF822
:10751000272098BF9B5CADF82830037A624802931D
:1075200017F04BFB00F001075F4817F046FB814660
:107530006FB1BDF828305A0709D5297A3046013194
:10754000FDF7BCFB019B013BDBB20193AAE7404680
:1075500017F034F900284ED0414606A817F023F959
:1075600017B919F0040F5CD1DAF80030B3B1304626
:1075700017F03EF88146029BB4F810B0DAF80070BC
:1075800023829DF8272033469DF9251006A8B84789
:107590006369A4F810B013FA89F3E36006AB0893AB
:1075A000444B1A68002A3AD0136803B1083B52F8DA
:1075B000081CB9B11F46A2F108033046059317F025
:1075C00017F88146029BB4F810B02382059B314620
:1075D0001B6808A898476369A4F810B013FA89F3E8
:1075E000E3603B46DBB19F681A68B7B1083F002AE9
:1075F000E3D13B46F7E76B78FF2B09D12E4B186898
:1076000006909A889B79ADF81C208DF81E30A7E76C
:10761000414617F08FFA0346F1E7002ACDD1002347
:1076200008932148BDF8283017F0C7FA10F0010779
:1076300083D1DB0781D50322384606A901F0F8FA89
:10764000814600283FF479AF022017F0B9FAD5F847
:1076500001304846C9F87E30B8F80430A9F88230C5
:1076600098F8063089F8843017F052F9A0B11F233A
:10767000394689F80C30484600F0B4FD484600F021
:107680004BFDFFF7DDFD024600283FF456AF5721C2
:107690000A4816F06BFB50E74846022100F0A2FDB5
:1076A000484600F039FD48E7C463002086CA04005C
:1076B000A4CA0400086400200CBB0400AEBD040092
:1076C00010640020F8B50546224817F076FA430703
:1076D0000F463CD52A78012A03D96FF015042046BD
:1076E000F8BD6B780F2BF8D843F6FC746888031F3D
:1076F0009BB2A342F1D8A9880B1F9BB2A342ECD83E
:107700008842EAD37AB90022002313480EF0D6FA51
:1077100004460028E3D1FFF761FD044640B10E485E
:107720000EF082FBDBE717F027FA0028EBD1D4E755
:1077300028686968094E0A4B03C6A8681F60306054
:107740002046FFF771FE044606F12400E8E76FF0DB
:107750000A04C4E71C020020F4630020C863002070
:10776000106400200020024B186017F029BA00BFF7
:10777000106400200A4B00F10802196831B98160D9
:10778000596839B9C3E90022002070478A4204D001
:107790000968F3E70A605A60F6E76FF01000704777
:1077A0000864002008B5034817F007FA00F001004C
:1077B00008BD00BFC4630020884208B501F1200362
:1077C0000CD998420FD20C490C4840F2B32215F064
:1077D000ABFF40F2B321084815F09DFFF3D000F154
:1077E00020029142EEE7013813F8012D8B4200F898
:1077F000012FF9D108BD00BFA9CA04003B900400C5
:1078000070B53E4B9AB01822002103A802931BF0DA
:10781000FCFF44F2010309A8099317F0DAF9099B68
:1078200069460493364B02A805931AF05BFE0246A4
:1078300008B34521334816F099FA1F25324BD3E897
:10784000EF1F21F00101C3E8E21F002AF7D12F4EFC
:1078500010F0DCF83468002C49D0002D2C4D18BFF6
:107860000025043C23680BB1284698476468002C27
:107870003DD0043CF6E74122009801AB09A91AF07B
:1078800003FD024610B145212248D4E7224A0DF1FA
:1078900025030DF1650153F8040B8B4242F8040BEC
:1078A000F9D120221D49009801AB1AF0CDFC024607
:1078B00010B145211A48BEE7009811F077FD054642
:1078C00018B1024645211748B5E713491048FFF79C
:1078D00073FF15491548FFF76FFF154BD3E8EF1FEE
:1078E00041F01001C3E8E21F002AA7D0F6E7002309
:1078F000C6E9003310F0DCF81AB070BD1271000157
:1079000000000209DBCA0400146400201C6400208B
:1079100006710020FECA0400C6700020A670002078
:1079200026CB04004FCB0400E67000202671002017
:107930001C020020042330B5A7B03D22002116A868
:1079400015931BF062FF304B1822002107A8069305
:107950001BF05BFF44F201030DA80D9317F039F9FA
:107960000D9B20220893294B2949099306A804ABB3
:1079700011F06CFD0246D8B14521264816F0F6F903
:107980006FF0040410F042F8234B1D6865B100202D
:107990001860224BD3E8EF1F21F00201C3E8E21F79
:1079A000002AF7D154B3A84710F082F827B030BDB1
:1079B0001B4B0DF15502194603F1400053F8044BDF
:1079C000834242F8044BF9D105AB0293202315AA58
:1079D000CDE900130D48412304991AF035FD024604
:1079E00010B145210F48C9E7049811F0DFFC0446A7
:1079F0000028C7D0024645210B48BFE70DA808491B
:107A0000FFF7DAFE0DA8CEE71271000100000209AF
:107A1000A670002074CB04001864002014640020B9
:107A2000C6700020AFCB0400D0CB0400402208B5C4
:107A300003491CF087F8B0FA80F0400908BD00BF88
:107A400047CC040010B51C4B9AB018220446002104
:107A500003A802931BF0D9FE4FF4804309A80993B1
:107A600017F0B7F8099B21460493144B0DF125003C
:107A7000059304238DF82430FFF79EFE04F12001C6
:107A80000DF14500FFF798FE412201AB09A902A8BC
:107A900011F0DCFC044602A81AF09CFD2CB90198F8
:107AA00011F084FC01201AB010BD05482246452182
:107AB00016F05CF90020F6E712410001000002090F
:107AC000F2CB040010B5002833D01D4A136823B14F
:107AD000043B984230D05B68F9E71A4BD3E8AF1FFC
:107AE000890706D51848572116F040F96FF00F00A6
:107AF00010BD1468011D44605068116000B95160E8
:107B0000D3E8EF2F42F00101C3E8E01F0028F7D1CE
:107B1000D30701D50020EBE70C4BD3E8EF1F21F092
:107B20001001C3E8E21F002AF7D10948FDF79CFBCA
:107B3000F0E76FF01500DBE76FF07700D8E700BFE4
:107B40001C640020146400201BCC04001C020020D4
:107B500034050020044BD3E8AF3F13F0100F034867
:107B600008BF0020704700BF1C02002006710020E3
:107B700070B50546194803688B4228D0184BD3E8E6
:107B8000AF3FDA0626D5036813B16FF00F0070BD62
:107B9000144AD2E8AF3FDB07F7D4D2E8EF3F43F017
:107BA0000204C2E8E64F002EF7D113F00204ECD134
:107BB000016029460C48FFF7FFFD0C4805F1200144
:107BC000FFF7FAFD0A48FDF74FFB2046DFE76FF0AD
:107BD0007700DCE76FF07C00D9E700BF1864002075
:107BE0001C02002014640020C6700020E6700020F3
:107BF0002405002010B50446FCF7A2FD044901EB62
:107C000000112046FDF7FAFBBDE81040FEF75EBA12
:107C10002464002070B50546114B1C6844B154F82B
:107C20003C3C3C3C13B12846297B9847E46BF5E784
:107C30000C4C0D4EB44211D90C490D4840F2B572AE
:107C400015F072FD40F2B571084815F064FD236827
:107C500013B12846297B98474034EBE7F7D370BD32
:107C600058640020604A0400604B04008ECC04007D
:107C70003B90040008B5094B1B7853B908490948E3
:107C800040F2463215F050FD40F24631044815F0FE
:107C900042FD1CF055F9044B185808BD5B760020D6
:107CA0001CA004003B9004000800000070B50446CE
:107CB00041B90D490D484E2215F036FD4E210A48B6
:107CC00015F029FD0022D1E901560948C1E9012238
:107CD00019F0A7FF3DB1314620462B46BDE8704064
:107CE0006FF06D02184770BD8ECC04003B9004000D
:107CF000900A002010B50C46817801290AD00B4962
:107D00000B4840F2F23215F00FFD40F2F231074815
:107D100015F001FDA16904F118001160E26900216C
:107D20001A60E27ABDE810401BF06FBD8ECC0400F3
:107D30003B90040070B505460022002314480EF065
:107D4000C9FA18BB134B1C6834B154F8343C3C3CA2
:107D500003B19847E46BF7E70F4C104EB4420FD9CC
:107D60000F49104840F27B6215F0DEFC40F27B6167
:107D70000B4815F0D0FCA36803B198474034EDE7F9
:107D8000F9D32846BDE870400EF03ABE70BD00BF82
:107D90000809002058640020604A0400604B040079
:107DA0008ECC04003B9004002DE9F8430446FFF715
:107DB00061FF1D4BD3F8D830834211D140270025F5
:107DC000DFF87080EFF3118387F31288BFF36F8FB2
:107DD000E16981B983F31188BFF36F8FBDE8F88340
:107DE0001249134840F2271215F09EFC40F2271169
:107DF0000E4815F090FC206A0A68814208BF226292
:107E0000E26183F31188BFF36F8FD1E901694046C6
:107E1000C1E9015519F005FF1EB10022494620466F
:107E2000B047FEF753F9CDE7184800208ECC040088
:107E30003B900400900A00201FB5437B0446072BAB
:107E400045D10430D0E8EF3F43F48062C0E8E12F31
:107E50000029F7D15B053AD416F0D8FE800323D56C
:107E6000E178002935D001293ED0637B072B2ED144
:107E7000244B93F8D8309B0629D516F01BFD30B360
:107E80000DF10E0103A8FEF70DFA00BBBDF80E20A0
:107E90002046BDF80C1016F07CFD0246B8B1452115
:107EA000194815F063FF12E0E37823B1154B93F8FE
:107EB000D8301907D4D5204616F050FD024618B127
:107EC0004521124815F052FF637B072BC8D004B040
:107ED00010BD0C4B93F8D930DA0707D40222572192
:107EE0000B4815F043FFC0E70022F8E702232046C5
:107EF0001A46009116F06CFD02460028B5D04521C7
:107F00000448EEE7480100201ECD0400BECC04006A
:107F1000E4CC040002CD04000448B0F8043100F5BC
:107F20008470002B08BF0020704700BF480100206C
:107F300030B58BB004460D46FFF79CFE114BD3F8CD
:107F4000D820824205D120460BB0BDE83040FFF773
:107F50002BBF24342146184619F0E1FE00280ADA26
:107F600009490A4840F25F1215F0DEFB40F25F114A
:107F7000054815F0D0FB1DB1694620460EF046FDC0
:107F80000BB030BD184800208ECC04003B9004009C
:107F900038B5002204468A4202D10024204638BD6A
:107FA000012004F1C403D3E8EF5F002D04D1C3E83E
:107FB000EC0FBCF1000FF6D102D0C8340244EAE75E
:107FC000002CEAD0C422002120461BF01EFC04F144
:107FD000400004490EF056FE034904F124000EF05F
:107FE0001BFCDBE71992020013EC030070B5164688
:107FF0000D4601210446FFF79BFF012E1FD0022EE4
:1080000049D1236933B12B48452115F0AFFE2046F5
:1080100016F01DFE256121690A8A012A49D9CB681B
:108020001B8804339BB29A4243D33AD92248452154
:1080300015F09CFE2046BDE8704016F008BE206991
:1080400038B945211D4815F091FE204616F0FFFD78
:1080500001E02E8A26B92846BDE87040FCF708BD2D
:108060000C3016F0C9FA86420BD94521144815F098
:108070007DFE00222046216901F006FC00232361D9
:10808000E9E720692A8AE9680C3016F0BDFA28462B
:10809000FCF7EEFCBFE7324645210A4815F066FEC4
:1080A000D3E7002323612046BDE87040012201F0A0
:1080B000EBBB70BD3FCD0400D3CD040061CD040007
:1080C00084CD0400B0CD0400034610B590B100F19A
:1080D000C402104616F09AFDB8B1411CD2E8EF4F29
:1080E000844204D1C2E8EC1FBCF1000FF6D1F0D1FC
:1080F000184610BD0649074840F2BA5215F014FB65
:1081000040F2BA51024815F006FB0346F0E700BF03
:108110008ECC04003B90040010B5044650B91B49B6
:1081200040F2E2521A4815F0FFFA40F2E2511748C5
:1081300015F0F1FA24300EF0DBFBC434D4E8EF3F45
:108140005A1EC4E8E12F0029F8D1002B08DC0F49A2
:1081500040F2F3520E4815F0E7FA40F2F351E6E729
:10816000012B11D140B1094940F2FC52084815F0E9
:10817000DBFA40F2FC51DAE706480EF041F8BDE8C0
:10818000104005480EF03CBC10BD00BF8ECC040072
:108190003B900400080900205405002010B5044657
:1081A000FFF792FF0FF032FC0C4B04F1B801D3F84B
:1081B00024312BB90A4816F019FD0FF079FC06E0BE
:1081C000994208D10FF074FC2046FFF7A5FFBDE8E7
:1081D0001040FDF77BBF1B68EBE700BF48010020A4
:1081E0006C02002070B5457B04468D420E460BD1D3
:1081F0005721082D96BF504B504A53F82520504820
:10820000BDE8704015F0B2BD417365B1022D0DD0CF
:10821000637B082B00F28C80DFE803F017674A16B7
:108220001616160F1600FFF74FFFF1E78378012BA4
:10823000EED140300EF070FEEAE70021414810F028
:10824000FDFA0023C4E90D3370BD082DFCD8DFE82A
:1082500005F02B0521182626212B2B0004F14005C3
:1082600028460EF059FE20460121FFF761FE204608
:1082700016F0EDFC2846BDE87040002200230EF009
:1082800045BE022016F09CFC024618B157212E482C
:1082900015F06CFD237B13B12046FFF7BBFC204695
:1082A000BDE87040FFF738BF324657212748A7E79F
:1082B000A378012BC8D1264B9D8A002DC4D00A2358
:1082C00047F6122640F2E73000215D434FF47A7200
:1082D0000023C5FB0601EDF79BFF02460B4604F1A8
:1082E0004000BDE870400EF0A1BD237B3E2B04D1C1
:1082F00022465721174815F039FD154D05F58476AE
:10830000616919B9BDE87040FDF7E0BEA2690B686C
:10831000914208BFA36120466361FFF7C7FCB5F82F
:108320000431002B14BF304600200DF069FFE7E751
:1083300032465721084863E76C580400F3CD040027
:10834000FDCD04006405002013CE040049CE0400D6
:108350004801002065CE040091CE0400F8B5074620
:1083600009480D461646FFF7AFFE044650B1837824
:108370001F4203D1BDE8F840FFF7CEBE3146A84703
:108380002046F7E7F8BD00BFF823002000220120B7
:108390000149FFF7E3BF00BF397E020070B5054613
:1083A0000E480E46FFF790FE044698B1437B012B22
:1083B00002D0073B012B0BD82388AB4207D1A3780F
:1083C0001E4208D12A465721054815F0CFFC204609
:1083D000FFF7A2FE0024204670BD00BFF823002056
:1083E000B2CE040008B50F4B98420AD303F1C8027D
:1083F000904206D2C822C01AB0FBF2F302FB13036C
:1084000053B10949094840F21A6215F08DF940F25A
:108410001A61054815F07FF9054BC0105843C0B2EA
:1084200008BD00BFF82300208ECC04003B90040060
:10843000295C8FC22DE9F84305460F4616461C46B7
:108440009046994619F07BFC50B11649164840F207
:10845000366215F069F940F23661124815F05BF9A1
:1084600034430AD0FFF706FC104BD3F8D8308342D0
:1084700006D157210E4815F079FC4FF00008C1468F
:108480000C4942464B46002D14BF2846084616F0BC
:108490007FF8044618B1791D0C30FCF7D7FB204655
:1084A000BDE8F8838ECC04003B90040018480020FF
:1084B000CECE0400AC0A002010B5044605480EF0EC
:1084C0009FFA204601F0C0F82046BDE81040FFF7B3
:1084D000A1BB00BF4405002010B5437B0446023B0E
:1084E000062B30D8DFE803F00D042F2F2F222D00AC
:1084F00001730021FFF776FEBDE810400220FEF771
:1085000093BF8378012B06D140300EF005FDBDE806
:108510001040FDF7AFBF0D490D4840F29F7215F0B6
:1085200003F940F29F71094815F0F5F8008816F03C
:10853000F1F938B9637B072B03D108212046FFF7F7
:1085400051FE002010BD6FF07F00FBE78ECC0400D1
:108550003B90040000232DE9F04F85B00193039375
:10856000914B5A8C32B1914DD5F8244134B905B0B4
:10857000BDE8F08F1B68002BF5D1F8E754F8B83947
:1085800003B1B83B00268A4913E01346B5F804212D
:10859000002A00F08A81D5F81021BAB904F1B80692
:1085A000002BE4D0D3F8B8201C46002AEDD0A2F16D
:1085B000B8039C42EAD17F4940F2BD327E4815F0B3
:1085C000B3F840F2BD317B4815F0A5F80A68002ADF
:1085D000E4D0D4F8A420002AE0D0D4F8A820002ABF
:1085E000DCD0D4F8AC20002AD8D0637B072B3AD15A
:1085F00020469047002836D004F1BC0016F006FB58
:10860000022830DC2046FFF75FFD04460028AED08C
:10861000637B072B40F046812046D4F8A430B5F8A0
:10862000041102AA98470646002800F02E81B5F8EA
:108630000421029B9A4206D30146D4F8A870204632
:1086400003AB01AAB847DDE9019A338ADDF80C8053
:10865000002B39D1574940F29122574815F064F860
:1086600040F29121AFE704F1B803B34208D1514978
:1086700040F2DA32504815F057F840F2DA31A2E70A
:10868000D4F8B820C6B9D5F82811C5F824218B42F2
:1086900001D1C5F8282100232046C4F8B830D4F809
:1086A000AC3098470028B3D0637B072B40F0FA80AA
:1086B0002046FFF773FDABE73260D5F828219342DF
:1086C00008BFC5F82861E6E7304616F093F840B1D8
:1086D00038494FF42672384815F026F84FF42671C1
:1086E00071E7B5F804313548002B08BF002000229F
:1086F00000230DF0EFFD40B12E494FF42A722E48B1
:1087000015F012F84FF42A715DE700220023284883
:108710000DF0FEFC074640B9264940F2B322264838
:1087200015F002F840F2B3214DE7C0E90198B5F821
:1087300004B1337ADA4503F1FF3398BF1FFA8AFB9D
:10874000012B08D91B4940F2D3221B4814F0ECFF3F
:1087500040F2D32137E7304616F04CF8814630B16D
:108760001449AD22144814F0DFFFAD212BE7014678
:10877000002200230C48FCF71BF8804658B1FBF799
:10878000DFFF0F4B314603EB00135A464046FCF720
:1087900059FE0646B0B907494FF43772064814F03F
:1087A000C3FF4FF437710EE7480B0020480100204B
:1087B000900A00208ECC04003B9004005002002060
:1087C00024640020B5F8043194F8C0809A458CBF29
:1087D0004FF0010908F1020884F8C09098BF5FFAD1
:1087E00088F804F1BC09D9E8EF3F0133C9E8E23F5A
:1087F000002AF8D104F1140A3946504616F0F6F969
:10880000A378012B45D106F10C0B04215846FCF747
:1088100039FA238808F0FD0843EA08330380338AD5
:108820000221043B4380584615F0C3FE3046FDF755
:10883000DBFB8046B0B3D9E8EF3F013BC9E8E23F3C
:10884000002AF8D13946504616F0E6F9424645214D
:10885000174815F08BFA3046FCF70AF920463946DE
:10886000FFF724FAB5F804311248002B08BF0020A6
:108870000DF0C6FC4521104823466FF0040215F0A8
:1088800075FA13212046FFF727FE2046FFF744FC28
:108890006DE60A494FF44072094814F045FF4FF461
:1088A000407190E6FDF712FCEFE79368FFDE00BF32
:1088B00086C2040050020020FCCE04008ECC0400CE
:1088C0003B90040040F2E2432DE9F041D0F888608B
:1088D0000446B6FBF3F6031D184616F097F982041A
:1088E000B6B213D5B4F88C20B2420FD8B4F88E20AB
:1088F000B2420BD3D4E92412914207D1D3E8EF1F3F
:1089000021F40051C3E8E21F002AF7D1164B1D687D
:1089100065B155F82C7C3C3D37B131462046B4F862
:108920009230B4F89020B847ED6BF1E70F4DDFF8C7
:108930004880454515D90E490E4840F2FB7214F0A7
:10894000F3FE40F2FB710A4814F0E5FE2F6937B1DF
:1089500031462046B4F89230B4F89020B8474035FC
:10896000E7E7F3D3BDE8F08158640020604A0400D3
:108970008ECC04003B900400604B04002DE9F041D4
:10898000074608460D4615F097FF064618B900261B
:108990003046BDE8F0811A4B1C6884B154F8303C75
:1089A0003C3C0BB9E46BF8E7294638469847002869
:1089B000EDD0284615F080FF0028F3D1E7E7114CF1
:1089C000DFF84C80444514D90F49104840F63C026A
:1089D00014F0AAFE40F63C010B4814F09CFE294618
:1089E000384698470028D2D0284615F065FF20B9B0
:1089F000CDE7CDD2E368002BF1D14034E2E700BFF0
:108A000058640020604A04008ECC04003B900400AF
:108A1000604B04002DE9F041C37804468BB900F1A6
:108A20007E06174B1D687DB13C3D04F170076B69F4
:108A30001BB13A46314620469847ED6B25B13C3D87
:108A4000F5E700F17706ECE70E4D0F4F04F17008E3
:108A5000BD4212D90D490E4840F6C41214F064FE0E
:108A600040F6C411094814F056FE6B691BB142462A
:108A70003146204698474035EAE7F6D3BDE8F08115
:108A800058640020604A0400604B04008ECC04004F
:108A90003B900400F8B5437A05468372164616F0FB
:108AA00074FA134B1C684CB154F8243C3C3C1BB189
:108AB00032462846697A9847E46BF4E70D4C0E4F2E
:108AC000BC4212D90D490E484FF4226214F02CFE1C
:108AD0004FF42261094814F01EFEA3691BB132460F
:108AE0002846697A98474034EAE7F6D3F8BD00BFD4
:108AF00058640020604A0400604B04008ECC0400DF
:108B00003B90040038B505460C460F480121FFF79D
:108B10003FFAC0B1057223680367A388A0F87430D8
:108B2000A37980F876300123437283728370074BF8
:108B3000C0F8A430064BC0F8A830064BC0F8AC30E3
:108B4000054BC0F88C3038BDF82300202995020071
:108B5000F57C020001EC03001800280070B5054602
:108B60000A480E46FFF7B0FA044620B18378012B7D
:108B700004D0FFF7D1FA0024204670BD32462946C2
:108B800016F036F90028F7D12046F2E7F823002046
:108B900037B50D46FFF7E2FF0446A0B12846FCF7C3
:108BA00077F9627B0346082A96BF0849084A51F8BC
:108BB0002220084857210092224615F0D7F8204677
:108BC000FFF7AAFA012003B030BD00BF6C580400C3
:108BD000F3CD040024CF040038B50446134816F042
:108BE00015F8420702D46FF00A0038BD084615F0A8
:108BF00063FE10B96FF01500F7E7FEF7D3FD00280C
:108C0000F1D10A4816F002F80306C0F3C0150AD4E1
:108C100015F0B2FF0028EDD021462846FFF7B8FF37
:108C20000028E2D0E6E76FF07700DEE71C020020C4
:108C3000F8B505460E480E461746FFF745FA0446B6
:108C400020B18378012B03D0FFF766FA00240DE0F2
:108C500036B13246294616F0CBF808B92046F3E77C
:108C6000637BBB42FAD1237AAB42F7D12046F8BDF1
:108C7000F823002010B5837804460B70C3784B703E
:108C8000037A8B70437B082B47D82E4AD35C81F83C
:108C90002030002381F823308278012A00D1437AE2
:108CA00081F82130204616F032F881F82200A378AE
:108CB000012B44D104F170038B60237A224AC3EB69
:108CC000C30313444B60E07804F17E0304F17702A0
:108CD00010B1184613460246C1E9032340F2E242AE
:108CE000D4F888304B61B3FBF2F30B83B4F89030C7
:108CF0004B83B4F892308B83D4F8A0302BB15B7CDB
:108D0000DA0644BF012381F82330D4F8A03013B130
:108D10005B7C9B060CD4002010BD0C490C4840F62F
:108D2000323214F001FD40F63231084814F0F3FC01
:108D300091F8233043F0020381F82330EBE76FF022
:108D40001500E9E7FECF0400480100208ECC0400A6
:108D50003B900400F7B56E460546134B86E80600C7
:108D60001C6844B154F8203C3C3C13B131462846C1
:108D70009847E46BF5E70D4C0D4FBC4211D90D49F6
:108D80000D4840F6DD3214F0CFFC40F6DD310948E5
:108D900014F0C1FCE36913B13146284698474034CA
:108DA000EBE7F7D303B0F0BD58640020604A04003D
:108DB000604B04008ECC04003B9004002DE9F04190
:108DC00005460E461746144B1C684CB154F81C3C23
:108DD0003C3C1BB13A46314628469847E46BF4E7E1
:108DE0000E4CDFF84480444512D90D490D4840F639
:108DF000536214F099FC40F65361094814F08BFC5F
:108E0000236A1BB13A463146284698474034EAE780
:108E1000F6D3BDE8F08100BF58640020604A04002A
:108E20008ECC04003B900400604B04002DE9F0411F
:108E300005460E461746144B1C684CB154F8183CB6
:108E40003C3C1BB13A46314628469847E46BF4E770
:108E50000E4CDFF84480444512D90D490D4840F6C8
:108E6000646214F061FC40F66461094814F053FC3C
:108E7000636A1BB13A463146284698474034EAE7D0
:108E8000F6D3BDE8F08100BF58640020604A0400BA
:108E90008ECC04003B900400604B04002DE9F041AF
:108EA00005460E461746144B1C684CB154F8143C4A
:108EB0003C3C1BB13A46314628469847E46BF4E700
:108EC0000E4CDFF84480444512D90D490D4840F658
:108ED000746214F029FC40F67461094814F01BFC1C
:108EE000A36A1BB13A463146284698474034EAE720
:108EF000F6D3BDE8F08100BF58640020604A04004A
:108F00008ECC04003B900400604B0400F8B505468D
:108F10000E46124B1C6844B154F8103C3C3C13B153
:108F2000314628469847E46BF5E70D4C0D4FBC429F
:108F300011D90D490D4840F6836214F0F5FB40F657
:108F40008361094814F0E7FBE36A13B13146284610
:108F500098474034EBE7F7D3F8BD00BF58640020D2
:108F6000604A0400604B04008ECC04003B90040077
:108F7000F8B505460E46124B1C6844B154F8083C3F
:108F80003C3C13B1314628469847E46BF5E70D4C5D
:108F90000D4FBC4211D90D490D4840F6926214F0B4
:108FA000C3FB40F69261094814F0B5FB636B13B143
:108FB0003146284698474034EBE7F7D3F8BD00BF69
:108FC00058640020604A0400604B04008ECC04000A
:108FD0003B9004002DE9F04105460E461746144B20
:108FE0001C684CB154F8043C3C3C1BB13A46314639
:108FF00028469847E46BF4E70E4CDFF8448044457C
:1090000012D90D490D4840F6A26214F08DFB40F6CE
:10901000A261094814F07FFBA36B1BB13A463146AD
:10902000284698474034EAE7F6D3BDE8F08100BF10
:1090300058640020604A04008ECC04003B90040079
:10904000604B0400F8B505460E46124B1C6844B14F
:1090500054F80C3C3C3C13B1314628469847E46B2D
:10906000F5E70D4C0D4FBC4211D90D490D4840F6A6
:10907000B26214F059FB40F6B261094814F04BFBA0
:10908000236B13B13146284698474034EBE7F7D3BA
:10909000F8BD00BF58640020604A0400604B040023
:1090A0008ECC04003B9004002DE9F04104460F46AD
:1090B00015469846002B6CD01B681BB157213848C9
:1090C00014F054FE29462046FFF786FD0646002888
:1090D0003FD12046294615F062FE044600285BD0A9
:1090E00097E80F002F4D05F1080C8CE80F00AB8AB4
:1090F000002B08BF4FF49673AB822B8A03B9AB8960
:109100002B826B8A03B9EB8927486B8215F07EFDB1
:10911000430501D5FDF7A0FD95F8212195F82031F3
:109120009A4219D903212046FFF75CF80220FEF786
:109130007BF9054658B1022015F042FD204600217A
:10914000FFF750F82046FEF7E7FF2E4601E0C8F88B
:1091500000403046BDE8F08102212046FFF742F88A
:10916000204615F0D5FB05460028F0D0002120460A
:109170002173FFF737F82046FEF7CEFF0320FEF7F6
:1091800053F902460028E0D05721084814F0EEFDBC
:10919000DBE76FF01506DCE76FF00B06D9E700BFE1
:1091A00062CF0400480100201C020020AEBD040074
:1091B00038B5044608460D4615F07EFB38B3154B0E
:1091C00093F8D830990707D4E37873B1294620463D
:1091D000BDE8384000F080BB94F898309A07F3D58A
:1091E000201D15F013FD4304EED42946204615F04A
:1091F00025FE58B92B88A4F88C306B88A4F88E30E3
:10920000AB88A4F89430EB88A4F8963038BD6FF0A2
:109210001500FBE748010020F7B510F8333C044681
:10922000A0F140066BBB304615F052FE374B1D686F
:109230004DB155F8383C3C3D1BB1304614F8341C58
:109240009847ED6BF4E7324D324FBD4212D93249A7
:10925000324840F2C47214F067FA40F2C4712E48EA
:1092600014F059FA6B681BB1304614F8341C984757
:109270004035EAE7F6D3304603B0BDE8F040FEF7EC
:109280004BBF10F83E3C012B39D110F83D3C83B95F
:10929000FDF7F0F8693032D15721214814F066FD0E
:1092A00040F239120023204603B0BDE8F0400DF033
:1092B0002DBEA0F13C05D5E8EF3F23F40052C5E8F0
:1092C000E12F0029F7D19B0411D5E36C6946009387
:1092D000636D30460193FFF76BFF024688B9D5E80E
:1092E000EF3F23F48053C5E8E23F002AF7D1D5E8E9
:1092F000EF3F43F40063C5E8E23F002AF7D103B033
:10930000F0BD5721074814F031FDF0E75864002004
:10931000604A0400604B04008ECC04003B900400C3
:109320009CCF0400D4CF040008B568B1094B00F10C
:109330000C011A6822B9074815F058FC104608BD00
:10934000914204D01268F5E76FF01500F7E76FF06F
:109350007700F4E76064002038B5154818F054FC35
:109360001449134818F05DFC1349114818F059FCD2
:1093700012490F4818F055FC16F0F7F905F09EFE5B
:10938000054698B915F04EFE0D48FEF79DFE0446C1
:1093900060B1043015F03AFCC30704D50321204620
:1093A0002572FEF71FFF2046FEF7B6FE284638BDA1
:1093B000900A002034640020406400204C640020A7
:1093C000F823002010B50268D2F8B03053B90C4928
:1093D0000C4840F2F12214F0A7F940F2F1210848BC
:1093E00014F099F9D2F8B4401968A34200F14C0086
:1093F00008BFC2F8B4108342C2F8B010E7D110BD64
:1094000090D004003B90040008B50246074803686A
:1094100023B9074A42600860184608BD054845213F
:1094200014F0A4FC6FF00B00F7E700BF6C640020A1
:10943000B8580400C1D0040070B5044652EA0300D5
:1094400007D1002213462046BDE870400431FEF7E4
:10945000F1BF0C48007850B90B490C4840F2463235
:1094600014F062F940F24631074814F054F91AF04A
:1094700067FD074D074ED5F8D85030588542E2D1E8
:10948000DFE700BF5B7600201CA004003B900400D7
:109490001848002008000000F8B50F4600210546D6
:1094A000164600234FF224420846FFF7C5FF044644
:1094B00030B92A464521064814F058FC2046F8BD2C
:1094C00004210C30FBF72EFC057047704680F5E751
:1094D000EDD0040070B505461E462B681046F3B16A
:1094E0005B7B072B1BD1002A14BF022201220B7ABF
:1094F000934206DD45210B4814F038FC6FF015004F
:1095000070BDCB7A072BF9D98861CE6105F13000A7
:1095100018F087FB284615F0BBFC0020F0E76FF041
:109520007F00EDE71AD104002DE9F84307460E4607
:109530009046D0F8B0404CB14C3C236B63B104F181
:109540003009484618F082FB054650B9FCF7BEFDCD
:1095500000252846BDE8F8832046FFF733FFE46C7A
:10956000E9E77B7B072B0AD0334940F2D7323348F7
:1095700014F0DAF840F2D7312F4814F0CCF815F097
:1095800039F928B12A4645212D4814F0EFFBDFE7D1
:109590002846FBF7A3FA236D05469BB9A38C078ADF
:1095A000403B9BB23F2B03D8238D9F4228BF1F46D1
:1095B000042105F10C00FBF765FB0780A38C043741
:1095C00043802765236D2A8AB3420ED8934215D073
:1095D000A38C403B9BB23F2B2BD92046FFF7F2FEDA
:1095E000236B13B1204615F053FC236D9E422CBF14
:1095F00000269E1BC8F800302665AAE7002200233B
:1096000048460CF085FD854208D00B4940F20942DE
:109610000A4814F089F840F20941ADE7FBF728FA4F
:10962000A38CA3F140023F2AD7D8064AAA61EB6176
:10963000D3E700221346F9E790D004003B900400E2
:109640003FD10400D7EF03002DE9F34104464FF06A
:109650000008364E364FBE4263D9364940F2A71253
:10966000354814F061F840F2A7110BE031884B1E29
:109670003E2B0AD92F494FF4D5722F4814F054F8D5
:109680004FF4D5712B4814F046F8204615F09AFC9B
:109690000546019040B127494FF4D772264814F08F
:1096A00043F84FF4D771EDE72046736801A9984756
:1096B000002831DB019B32889A829A8403F11002E0
:1096C000D2E8EF1FC2E8E05F0028F9D1DD641D6534
:1096D0009D60A16B03F1080201BBC4E90D221C606F
:1096E000C3F80C8003F1300018F08EFA019843683B
:1096F0001B6803B19847019B1033D3E8EF1F41F07B
:109700000101C3E8E21F002AF7D101984368DB6931
:1097100013B100F11001984708369CE70A60A26374
:10972000DDE7A3D302B0BDE8F08100BF484A0400E2
:10973000604A040090D004003B900400F7B50B8A07
:109740000646032B0D4606D84521484814F00EFB6B
:10975000002003B0F0BD042105F10C00FBF7C8FAAE
:10976000298A428804468A4206D013460A46452181
:109770003F4814F0FBFAEBE7417811B945213D4829
:10978000E4E70378122B21D0132B19D0012BDFD063
:109790001A465721384814F0E9FA6178022201206C
:1097A0003568FFF779FE04460028D1D002210C303D
:1097B000FBF7B8FA0023214603704370284625E0E2
:1097C000022AC5D0022345212C48D2E7082A346852
:1097D000EB6803D0082345212948CAE7627B072AA2
:1097E00002D057212748B1E7E77897B1022201203C
:1097F000FFF752FE05460028AAD002210C30FBF7E5
:1098000091FA0023037043702946204615F0F0FBBF
:109810009EE71A881320ADF800205A88ADF8022080
:109820009A88ADF80420DB880222ADF80630FFF7F5
:1098300033FE054600288BD069462046FFF79EF888
:109840000646022105F10C00FBF76CFA56B12946D9
:1098500007704770204615F0CBFB6946204615F08F
:10986000EDFA75E7012346700370CDE75CD1040083
:109870007FD10400A5D1040045D20400CBD104005F
:10988000FBD1040032D2040038B50B8A0546032B05
:109890000C4608D845210E4814F068FA2046BDE869
:1098A0003840FBF7E5B8042104F10C00FBF720FA7F
:1098B00042882846114615F0ACFB20B957210548CF
:1098C00014F054FAEAE7436821465B699847E5E7F4
:1098D00072D2040094D2040070B5124B0C46197871
:1098E00005460131C9B2012938BF012108221220E1
:1098F0001970FFF7D1FD064688B108210C30FBF73F
:1099000011FA22883146028062884280A2888280D1
:10991000E288C2802846BDE8704015F069BB6FF050
:109920000B0070BD4671002023281FD81A2804D8C8
:10993000431E182B0ED906207047A0F11B03082BDD
:109940001ED8DFE803F0051D1B231D19251D05008A
:109950000320704701230F4A83401A40C2B90E4AC0
:109960001A40002A14BF01200620704700F07F0330
:10997000522B05D100207047012070470520704709
:1099800010F0400F0CBF06200020704704207047E5
:1099900002207047AAAA8A025455450138B50446E8
:1099A000EFF31185402383F31288BFF36F8F1E48B6
:1099B0000EF0C8FC40B91D4988221D4813F0B4FEC2
:1099C00088211A4813F0A7FE17480EF0DFFC002389
:1099D0002360184B5A6872B9C3E9004412480EF06C
:1099E000BFFC58B911494FF49A72114813F09CFE0C
:1099F0004FF49A71E5E714605C60EFE785F3118836
:109A0000BFF36F8F0C480CF0FBFF021E0BDA4521F1
:109A10000A4814F0ABF9002383F31188BFF36F8F6A
:109A20000323184602DF38BDC8640020A0A004004C
:109A30003B900400C0640020A8050020D5D204009B
:109A4000011F01480CF086B8900700202DE9F04F67
:109A500042F60103002591B0166880460F46006863
:109A60000BA9D6F8049014468DF82C50ADF82E3082
:109A700014F03DFE00286FD04FF42053D8F80000BA
:109A80000BA98DF82C50ADF82E3014F030FE38B103
:109A9000A3681BB15A88BA4200D25F8001200EE051
:109AA0006168084615F0C9FA728B738D9A4294BFAB
:109AB000C0EB0200C0EB0300032803D8002011B064
:109AC000BDE8F08F0846FBF71FF80546606815F003
:109AD000B4FA728D738B05F10C0B9A4294BFC0EBF4
:109AE000020AC0EB030A584614F086FD824536D2BE
:109AF000606815F0A2FA728D738B9A4294BFC0EB26
:109B00000200C0EB030070B96368987AFAF710FEA0
:109B10000022002314F03CFD05460028CED001466B
:109B20006068FBF72FF800230093D8F80460102337
:109B30004146484602AAB047061E0DDB227CE0687B
:109B4000B2422BD001460BA814F0FFFD58B95721A3
:109B5000227C144814F00AF90023A3609EE75846BB
:109B600014F04AFDCFE7F2B202A906A814F0EDFD09
:109B700018B9324657210C48ECE706A90BA814F097
:109B8000B6FD0028E8D100230421637405F10C0020
:109B9000FBF7C8F8A0600780A3687EE702A919F068
:109BA000D1FFEEE703D3040027D3040008B5094B27
:109BB0001B7853B90849094840F2463213F0B4FD06
:109BC00040F24631044813F0A6FD1AF0B9F9044BEF
:109BD000185808BD5B7600201CA004003B900400D0
:109BE0000800000010B50446807AFAF7A1FD0B4B7F
:109BF00083420AD00A490B484FF4B57213F094FD22
:109C00004FF4B571064813F086FD2046FAF798FD2B
:109C10001822054B02FB003010BD00BFE00A0020F7
:109C20004BD304003B900400CC64002070B5531C5F
:109C30000E46428D418B05468A4228BF0A46934212
:109C400006D95721184814F091F80024204670BD19
:109C50003046FFF769FE022810D004280ED0FFF727
:109C6000A5FF124BD3F8D83083421AD0104B1B6893
:109C70001A1A18BF4FF0FF32134601E000230D4AB5
:109C800000210D48FFF7D8FB04460028DDD0FFF780
:109C9000A9FF0121856004F10C00FBF743F8067071
:109CA000D4E70022E8E700BF7AD304001848002078
:109CB000146500201C4E0E00E00A0020F8B5104A82
:109CC000074600230F480D4614F062FC044630B9E5
:109CD0002A4645210C4814F049F82046F8BD00F109
:109CE0000C0609213046FAF7B1FF2046FFF77AFF4C
:109CF000012187603046FBF715F80570EDE700BFDE
:109D00001C4E0E00E00A0020EDD0040070B5037870
:109D10008AB004460E4607AD032B20D8DFE803F0D7
:109D200002191B1D11492846F4F7F3FD05956378C8
:109D30001E210493A37830460393E3780C4A0293E0
:109D40002379019363790093A37911F0F5FF0AB0A9
:109D500070BD0849E7E70849E5E70849E3E70A2154
:109D60002846074A11F0E8FFE0E700BF2C8E040008
:109D70004E8E0400D89B0400338E04003D8E0400F8
:109D8000478E040010B5044600F15403D3E8EF1FDA
:109D900041F00101C3E8E21F002AF7D1201F15F0AE
:109DA0007DF904F17C0004490CF06CFF2068BDE8EB
:109DB000104003F0FDBD00BF05B002002DE9FF41DA
:109DC0004FF000084FF4205305460E46006802A9E4
:109DD000144617688DF80880ADF80A3014F087FC37
:109DE000A0B142F60103286803A98DF80C80ADF8F4
:109DF0000E3014F07CFC48B123691BB15A88B24282
:109E000000D25E80012004B0BDE8F081616828685E
:109E100014F06DFC10B100232361F3E7E368A06840
:109E20001A786AB1B7F81AC0798D038A8C4594BF45
:109E3000C3EB0C03C3EB0103934201DA0020E2E71A
:109E400004210C30FAF76EFF206106802369294651
:109E50005E80074B0194009338460023A26815F0FA
:109E600024FA0028EADB2069003818BF0120CAE77D
:109E700043F203002DE9F347176805468946006859
:109E800051681446D7F804A014F031FC804600282D
:109E90004BD195222946504616F092F90646207578
:109EA00040B1E3681B780BB184F81480002002B045
:109EB000BDE8F0872946504616F0C8FA10B90823C5
:109EC0002375F3E7A0682675FAF71EFE02210C3011
:109ED000FAF728FF164B2061A0F800900093019438
:109EE000334629463846A26815F0DFF9002807DA1C
:109EF00010F1FF0F32BF0E204042C0B22075D5E7EF
:109F00002369002BD2D0A06815F097F87B8D7A8B4F
:109F10009A4294BFC0EB0200C0EB0300E3681B78D9
:109F2000984294BF00200120C1E70120BFE700BF95
:109F30004BF00300F7B5144605460E464FF49572F4
:109F40000146206816F03CF9207430B92946206893
:109F500016F07EFA20B908232374002003B0F0BD68
:109F60006B8A5B0612D501230193E389294600938E
:109F7000AF68A389A2682068B84738B110F1FF0F15
:109F800032BF0E204042C0B22074E6E70022002318
:109F9000094814F0FDFA606008B90923DCE706837C
:109FA000E38943836068A289A1680C3014F02CFB1C
:109FB000002301202374D1E7E40B0020F7B5002330
:109FC00004460E46002269462C480BF051FD05461A
:109FD00048B1224645212A4813F0C8FE6FF00B0510
:109FE000284603B0F0BDFFF7E1FD264B009F294650
:109FF00018603422381D19F008FC3C60009C0022D7
:10A00000C4E90155C4E90C5500231F4801A9019575
:10A010000BF02EFD054618B1572122681B48DBE7DF
:10A02000019B0146B822184619F0EFFB184A8260DE
:10A03000603017F0E9FD019B5833D3E8EF2FC3E8F8
:10A04000E15F0029F9D1019B1C60236B019F2BB9B3
:10A0500004F10C0017F0D8FDC4E90A55226B07F192
:10A06000B003C7F8B020626B236302B963631722A1
:10A07000019B5A855A8304333360B1E7700700208F
:10A08000A4D304001465002090070020CED3040060
:10A090008005002008B5437B072B05D057210C48CD
:10A0A00013F064FE002008BD042114F0B2FF10B9C3
:10A0B00045210848F4E700F15403D3E8AF3FDB073C
:10A0C00002D445210448EBE750F8040CEBE700BF4D
:10A0D00032D20400F8D3040018D404002DE9F0476C
:10A0E000074608460C46FFF77DFDE3680646D0F8B4
:10A0F000089007F15802D2E8AF2FD20708D44521C3
:10A10000264813F033FE6FF015052846BDE8F087AA
:10A11000228A52B9224923484FF4DB7213F004FB20
:10A120004FF4DB711E4813F0F6FAE2681278027100
:10A13000002202601B78D22B0ED13B6821461868A2
:10A1400016F0EBFA054638B14521174813F00EFE1C
:10A150002046FAF78DFCD8E704F10C0014F048FA19
:10A160000023B4F810A080461A462146B760381D77
:10A17000FFF7B0F905460028C7D010F1690F03D1E9
:10A1800045210A4813F0F2FD6369A4F810A013FA00
:10A1900088F3E360C6F808903560B6E718D4040089
:10A1A0004BD304003B90040037D404004FD4040088
:10A1B0002DE9F74F0646EFF31187402383F312880A
:10A1C000BFF36F8F5D480EF0BDF840B95C4988223F
:10A1D0005C4813F0A9FA8821594813F09CFA5A4DAB
:10A1E00056480EF0D3F8284614F01DFF2B6804469D
:10A1F000524800930EF0B4F840B951494FF49A72A6
:10A20000504813F091FA4FF49A71E5E787F31188FB
:10A21000BFF36F8F002C4AD02046FFF7E3FC0369A1
:10A220000021D0E9025718220193D0F8009090F84D
:10A230000480B0F806B019F0E8FAA07AFAF778FAD4
:10A240006169824651B1627AD00705D4DAF82C20D0
:10A25000204612689268904700226261214650466B
:10A2600017F0EAFCB8F1000F0CD05DB12B684BB1D0
:10A270001B683BB1B9F1000F1CD04A464521334859
:10A2800013F074FD009B93B13146002017F047FD99
:10A29000031E0CDA45212E4A2E4813F067FD0023D9
:10A2A00083F31188BFF36F8F0323184602DF03B0D7
:10A2B000BDE8F08F281D15F0A5F94046FFF734FBE7
:10A2C000052830D8012303FA00F010F01404D9D186
:10A2D00010F0090F05F1580315D110F0220F22D00C
:10A2E000D3E8AF3FDA0704D445211B4813F03EFD05
:10A2F000C8E7EB6D002BC5D00023184A05F180009C
:10A300000CF004FEBEE72A681568D3E8AF3FDB0710
:10A31000EAD5002FB6D0A3B25B45B3D22846019947
:10A32000B8470134F7E70E4906484FF4467213F078
:10A33000FBF94FF446710A484FE700BFC86400209C
:10A34000A0A004003B900400C064002077D4040067
:10A3500035D604009BD4040018D404001C4E0E0013
:10A360004BD3040070B5044601F10C000D4614F007
:10A370002FF9266801462B8AEA68306816F01CF827
:10A380001E2100222046FFF751FC014628B9452135
:10A39000044813F0EBFC002070BD204615F063F973
:10A3A000F9E700BFBBD404002DE9F0410646904612
:10A3B0001F460D46C9B104220121FFF737FC0446B0
:10A3C00028B9BDE8F0414521094813F0CFBC04216C
:10A3D0000C30FAF7A7FC0570A0F80180C770214681
:10A3E0003046BDE8F04115F03EB9BDE8F08100BF50
:10A3F000DDD40400F8B50B8A04460D4607682BB976
:10A400004521254813F0B2FC0020F8BD012105F1DB
:10A410000C00FAF76DFC7B7B0646072BF4D154F851
:10A42000043C002BF0D0002103781C4A043C12F8B5
:10A43000317002EBC1009F420CD12A8A41788778A3
:10A4400091421DD94521164813F090FC012FDBD114
:10A4500004231EE001311E29E9D1572111481A4673
:10A4600013F084FC31780846FFF75EFA0028CBD061
:10A470000528C9D0062300222046FFF795FFC3E731
:10A480004368294620469847012F0346BCD100283F
:10A49000BAD000223178EFE7FFD40400E05804007E
:10A4A0003ED504001FD50400F0B51E4603680D46D6
:10A4B0000039044618BF012187B01868174615F007
:10A4C0008CFF38B904F1580014F0E4FE002847D19D
:10A4D000122013E0002E45D018220021684619F002
:10A4E00094F96FB1002239462046FFF79FFB019097
:10A4F00030B91D48452113F039FC112007B0F0BDDB
:10A50000236831461B6830460093BDF83030174A47
:10A51000ADF812300D9B8DF808500393BDF838301C
:10A52000ADF8103001238DF814306B4614F022FE84
:10A530009DF814307BB14FB10198FAF799FA324681
:10A54000294620469DF81430FFF72EFF182D07D11D
:10A550009DF81400D2E7019911B1204615F083F857
:10A560000020CBE70120C9E762D5040003F1030016
:10A570002DE9F04F06460024CB6887B01B78514F79
:10A5800004933068836A73B9002C40F090801921DD
:10A590003046FFF793FB0146002800F090803046DC
:10A5A00015F061F883E02830FAF71AFA4FF000034B
:10A5B0000546BB80BB68B0F818A0028AC168414854
:10A5C0003B6014F021F8D6F800806B8BD8F8284057
:10A5D0000593FCB1D4F800904FF0000BE4B9049B54
:10A5E000012B6AD1BB88002202933B68182101939A
:10A5F0006B8B304600935346FFF756FF044628B155
:10A600000346182130462A8BFFF7CEFE2846FAF77C
:10A610002FFAB6E7A146DFE7228B524532D1628B93
:10A62000002ADCD0B988059B581882422ED1228A94
:10A63000F888114481423EDC3846E16813F0E4FFBB
:10A640002268BBF1000F14D1D8F82C10C8F82820CC
:10A650008C4201D1C8F82C20002320462360FAF751
:10A6600007FAB9F1000F0FD0D9F800204C469146F7
:10A67000B4E7CBF80020D8F82C20944208BFC8F8E3
:10A680002CB0E9E7A346ECE74A46EFE70724284663
:10A69000FAF7EEF930682830FAF7A2F905460028F3
:10A6A000F5D12346524618213046FFF77DFE0020A3
:10A6B00007B0BDE8F08F0D24E9E70024A6E70E20DF
:10A6C000F6E700BF740500202DE9F0410E8A04462C
:10A6D000043EF6B2022E08468CB001D0102E64D192
:10A6E00004210C30FAF704FB0DF1080805884788AF
:10A6F000011D3246404614F028F8002857D09DB37B
:10A70000002687B3AF422FD34FF42053404601A910
:10A710008DF80460ADF8063013F0E9FF40BB142259
:10A72000002107A819F071F811212046FFF7C6FA99
:10A730000990002837D001210C30CDE90748FAF7FD
:10A74000F1FA00230A90394603701A4A0B932846FF
:10A7500007AB14F00FFD0A9B1B78FBB90998FAF7B9
:10A7600087F90A2301E03D4601232A4610210EE025
:10A7700042F60103404607A98DF81C60ADF81E3073
:10A7800013F0B5FF0028CAD010232A4619462046E8
:10A79000FFF70AFE00200CB0BDE8F08120460999C1
:10A7A00014F061FFF6E71120F5E70420F3E70E202F
:10A7B000F1E700BFBD9D02002DE9F04303680446A8
:10A7C0000D4685B00121186815F007FE40B904F167
:10A7D000580014F05FFDB0BB122005B0BDE8F08357
:10A7E00010220021684619F010F821212046FFF7B9
:10A7F00065FA029048B34FF00108DFF854900094D6
:10A8000005F10C072B8A012B04D82046029914F07D
:10A810002AFF18E0384613F0DBFE6B464A46014635
:10A8200006468DF80C8014F0A5FC9DF80C30002B2A
:10A83000E8D00298FAF71CF93246202120469DF80C
:10A840000C30FFF7B1FD0020C7E71120C5E700BFBE
:10A8500059F403002DE9F043036804460D4685B022
:10A860000121186815F0B9FD40B904F1580014F041
:10A8700011FDB0BB122005B0BDE8F083102200210D
:10A88000684618F0C2FF0F212046FFF717FA029022
:10A8900048B34FF00108DFF85490009405F10C071D
:10A8A0002B8A012B04D82046029914F0DCFE18E014
:10A8B000384613F08DFE6B464A46014606468DF833
:10A8C0000C8014F057FC9DF80C30002BE8D0029857
:10A8D000FAF7CEF832460E2120469DF80C30FFF7ED
:10A8E00063FD0020C7E71120C5E700BFF9F30300AF
:10A8F000F0B51D46036804460E4685B00121186870
:10A90000174615F06AFD38B904F1580014F0C2FC7E
:10A9100048BB122005B0F0BD65B310220021684687
:10A9200018F073FF39462046FFF7C8F9029018B3B4
:10A93000BDF828302946ADF80430012328468DF8AB
:10A940000C300E4A6B46009414F014FC9DF80C3049
:10A950005BB10298FAF78CF82A46314620469DF8FA
:10A960000C30FFF721FD0020D4E72046029914F0B7
:10A970007AFEF8E70120CDE71120CBE7F9F30300D9
:10A980002DE9F0410E8A0446043EF6B2022E084636
:10A990008CB001D0102E76D104210C30FAF7A8F932
:10A9A0000DF1040805884788011D3246404613F022
:10A9B000CCFE002869D085B377B3BD422DD80121E4
:10A9C000606815F00AFD064678BB42F602038DF872
:10A9D000000069464046ADF8023013F088FE20B30F
:10A9E00042F60303404606A98DF81860ADF81A3008
:10A9F00013F07DFEC8B1012D03D14FF6FF739F42C6
:10AA000013D004F1580014F045FC002814BF0020B6
:10AA100012200CB0BDE8F0813D4601232A460821F2
:10AA20002046FFF7C1FC0020F3E7182200210DEBC0
:10AA3000020018F0EAFE09212046FFF73FF90890CE
:10AA4000F8B101210C30CDE90648FAF76BF9002383
:10AA5000099003700A2339468DF82C30284606AB3E
:10AA60000B4A14F087FB9DF82C302BB10898F9F7AE
:10AA7000FFFF9DF82C30D1E72046089914F0F3FD34
:10AA8000D1E71120C5E70420C3E70E20C1E700BFCE
:10AA9000759E02002DE9F0430F460446062187B05B
:10AAA00007F10C00FAF724F90588B0F802808288D3
:10AAB000D7F80C90C5B10023B8F1000F13D045456D
:10AAC00012D88DF800308DF804304FF420536846CA
:10AAD00001A9ADF80220ADF8063013F008FE0646D5
:10AAE00060B10A2301E0454601232A46062120469B
:10AAF000FFF75AFC002007B0BDE8F083014614229E
:10AB000001A83F7C18F081FE07212046FFF7D6F808
:10AB10000290D8B10A2341468DF81530284601AB82
:10AB20000B4ACDE9036901948DF8147014F022FBEF
:10AB30009DF815302BB10298F9F79AFF9DF8153062
:10AB4000D3E72046029914F08EFDD3E71120D2E717
:10AB50004D9A02007FB5CB6804461D885E8885B19A
:10AB600076B1B5420DD810220021684618F04DFE8E
:10AB700005212046FFF7A2F8019058B9112007E0FF
:10AB8000354601232A4604212046FFF70DFC00200C
:10AB900004B070BD6B4631462846084A009414F054
:10ABA000E9FA029B23B90198F9F762FF0A23E9E762
:10ABB0002046019914F057FDE9E700BF8BF103002F
:10ABC0002DE9F0470D460446042186B005F10C003E
:10ABD000FAF78EF82368B0F80090B0F802800121EF
:10ABE0001868EF682E8A1FFA89FA15F0F6FB40B94B
:10ABF00004F1580014F04EFB28BB122006B0BDE84B
:10AC0000F087BAF1000F43D01422002101A818F0F8
:10AC1000FCFD236851461B685046019301231E4AE0
:10AC20008DF81430F6B201ABADF812800397ADF891
:10AC3000106014F09FFA9DF8143033B1524616217B
:10AC40002046FFF7B1FB0020D8E7206802992830A2
:10AC5000F9F774FE17212046FFF730F80290C8B1CB
:10AC600004210C30FAF75EF80546A0F80090A0F831
:10AC70000280029831460C30FAF754F839463246D1
:10AC8000281D18F0B5FD2046029914F0ECFCDAE717
:10AC90000120B3E71120B1E7359F0200F8B50F4658
:10ACA0001646FFF7F7F9B0B1036B18461BB150F821
:10ACB000B03903B1B03B741C214638B1428B458D8D
:10ACC000AA4228BF2A46A24207D263B92246572188
:10ACD000094813F04BF80020F8BD32463946BDE86C
:10ACE000F840FEF7A3BFD3F8B05005B1B03D184609
:10ACF0000C462B46E2E700BF80D50400002337B5A1
:10AD0000054601930C46FEF751FF0F4B1B6883422B
:10AD100004D00E4BD3F8D830834201D100252C4605
:10AD200001A92A4623460A480AF0A2FE014640B974
:10AD3000019B1C22184618F068FD0346184603B014
:10AD400030BD0023FAE700BF14650020184800203A
:10AD5000B007002010B50446806818B1F9F788FEE6
:10AD60000023A3602146BDE8104001480AF0F2BE6E
:10AD7000B00700202DE9F347044680300E46174601
:10AD80001D460CF0C9F8E06D50B91848572112F073
:10AD9000EDFF204600F018F9002002B0BDE8F08772
:10ADA000134B4FF00008984205D12068C4F85C802E
:10ADB00014F0E1FBF0E7D0F80490C0F80480E06DF7
:10ADC000D0F818A0FFF7C6FF2068C4F85C8014F024
:10ADD000D2FBB9F1000FDFD02068CDF800A03B46D0
:10ADE000324629460068C847D6E700BFA0D5040010
:10ADF0001865002070B5C36D0446CA6843B319498D
:10AE00008B4225D0D5781DB3052D406806D00F2D77
:10AE10001FD1437A012B1CD8022107E0437A012B72
:10AE2000FAD9022B12D0032B13D1042113F07CFF8B
:10AE300008B110300DD104F180000CF06DF8E26D16
:10AE40000020137C43F00103137470BD0321EDE770
:10AE50000E2500222B462046BDE870401146FFF724
:10AE600089BF00BF1865002070B5054650F8043C46
:10AE7000044655F80469002B39D039B1836D002B95
:10AE800035D01B7CDA0732D505231AE0304602F0B4
:10AE9000F3FD737A012B2AD0A46D44B3237CDB0726
:10AEA00025D5E368002BEFD028466269617CFEF768
:10AEB000BDFE064660B94521627C0D4812F056FF82
:10AEC0000E2300222846BDE870401146FFF752BF0E
:10AED000E368D4E90512984718B13046F9F7C8FD80
:10AEE000EEE731462846FFF7F9F80028F5D170BDA6
:10AEF000BCD50400F7B550F8044C0546002C5FD0D3
:10AF000000F1AC0104F1300014F0ABF92E1F05F193
:10AF10005C070022002338460BF0FAF8024690BB8B
:10AF2000AB6D2BB101466FF067033046FFF722FF90
:10AF3000002345F8043C05F15403D3E8EF1F21F04A
:10AF40000101C3E8E21F002AF7D1236B002B37D1A0
:10AF500004F128063046F9F743FDB8B904F10C06B0
:10AF60000022002330460BF0D3F890B966689EB9F2
:10AF70002146144826600AF0EDFD286803B0BDE8BC
:10AF8000F04002F0C5BDF9F773FDC2E7F9F770FDB7
:10AF9000E0E7F9F76DFDE3E7A26833689642636086
:10AFA00008BFA36077683FB1B3696FF06701009392
:10AFB000002320681A46B8473046FFF7CBFED5E796
:10AFC00003B0F0BD7007002030B50546044655F8C3
:10AFD000043B89B0186813F02BFF6946FEF796FE14
:10AFE0002846FFF787FF13216068FDF775FA0246D0
:10AFF00018B14521024812F0B9FE09B030BD00BFBA
:10B00000E1D5040010B5044654F8803D88B01868B6
:10B0100013F00EFF6946FEF779FE6A4645210448A3
:10B0200012F0A4FE2046FFF7CFFF08B010BD00BF0E
:10B0300004D6040070B50E4650B9204940F6CE72D1
:10B040001F4812F071FB40F6CE711C4812F063FBF2
:10B0500041B91A4940F6CF72194812F065FB40F623
:10B06000CF71F2E7FFF716F8044628B93046F9F732
:10B07000FFFC6FF07F0070BD00F10C0528463146E3
:10B0800016F0CFFD206B38B150F8B04904B1B03C98
:10B09000294614F09EFA20B90020ECE71C466FF018
:10B0A0000100002CF8D0D4F8B03023B90230F5D02C
:10B0B00020461C46ECE7B03BF8E700BF4BD304004A
:10B0C0003B90040038B50C46054650B9174940F688
:10B0D000E372174812F028FB40F6E371134812F0B0
:10B0E0001AFB41B9114940F6E472114812F01CFBF9
:10B0F00040F6E471F2E70CF089FC2846FEF7CAFF3F
:10B1000020B90CF0D5FC6FF07F0038BD0023236020
:10B1100083683BB9C0E9014414F02DFA0CF0C8FC77
:10B120000020F2E71C608460F6E700BF4BD3040008
:10B130003B90040010B50C4618B311B3FEF7AAFFFC
:10B14000F8B1036BBBB153F8B02902B1B03AD96D75
:10B150008C4209D07AB11346D2F8B020002AF6D03A
:10B16000D96DB03A8C42F6D12046064ADA65BDE880
:10B170001040FFF7EFBD0430214614F072F820466E
:10B18000F5E710BD1865002008B517F005F930B1D6
:10B1900002464521024812F0E9FD6FF0040008BDA7
:10B1A00058D6040010B51846144607491022A04787
:10B1B000041E06DA22464521044812F0D7FD204637
:10B1C00010BD0024FBE700BF1825002073D6040043
:10B1D00070B50D4C064623780D46834204D12846AF
:10B1E000611C14F0E9FB58B9237CB3420AD128460C
:10B1F000064914F0E1FB10B1012004EB001070BD12
:10B200000020FAE70020FAE74C6500205D65002089
:10B2100070B50D4C064623780D46834204D128466E
:10B22000611C14F0C9FB58B9237BB3420AD12846EC
:10B23000064914F0C1FB0028054808BF002070BD76
:10B240002046FCE70020FAE7C0240020CD2400209F
:10B25000CC24002070B50D4C054623780E46834261
:10B2600003D1601C14F0A8FB60B9237BAB420BD167
:10B270003146074814F0A0FB18B101200C2303FB52
:10B28000004070BD0020F9E70020FAE7B66F00200B
:10B29000C36F002070B5204B144682689A420FD1CC
:10B2A000A568C66875B922793046216814F08CFB10
:10B2B000024628B11949013014F0ABFB1570158115
:10B2C000012070BDE0680028FBD02B888B420AD09B
:10B2D000F6D2E068A36801380433E060003818BF94
:10B2E0000120A360EDE7256822792946304614F055
:10B2F0006BFB024660B93046084914F065FB024614
:10B300000028E6D02946013014F083FB237913701E
:10B31000A3685B881381DCE7D9BA02000CBB040088
:10B32000102108B50548F9F719FF024628B1BDE814
:10B3300008404521024812F019BD08BD082500202B
:10B3400099D6040070B50646134D40B12A4615F84B
:10B35000011C6C1E13F04CFD98B120460CE02846F1
:10B360000E4914F029FB40B90C4905F1100014F006
:10B3700023FB20B105F10F0070BD681EFCE7002023
:10B38000FAE73046217C04F1110213F031FD002868
:10B39000F5D004F11000EFE74D6500200CBB040070
:10B3A00010B54A1C0C4638B1097813F021FD08B1DC
:10B3B000204610BD0020FCE71046024914F0FCFABC
:10B3C000F5E700BF0CBB040070B50646134D40B155
:10B3D0002A4615F8011C6C1E13F00AFD98B1204690
:10B3E0000CE028460E4914F0E7FA40B90C4905F183
:10B3F000100014F0E1FA20B105F10F0070BD681ED5
:10B40000FCE70020FAE73046217C04F1110213F03A
:10B41000EFFC0028F5D004F11000EFE78165002073
:10B420000CBB04002DE9F04106460F46904613F090
:10B4300066FA394604463046FFF7EAFE054694B3FD
:10B44000A8B91A4814F0ECFA194A0446F0B102F10E
:10B45000140014F0E5FAD8B9012402F10C050C230C
:10B460005C43601C3946104414F0D3FA1655012190
:10B4700005F1080001FA08F114F0B5FABDE8F04151
:10B4800047F6122200230B480BF040BD1546E6E7B5
:10B4900009490A4840F2C65212F046F940F2C65134
:10B4A000054812F038F9BDE8F08100BFC82400203B
:10B4B000C0240020D8240020C4D604003B900400FF
:10B4C0000246014608B50832042311F8010BF9F7CA
:10B4D00013FE024628B1BDE808404521014812F09C
:10B4E00045BC08BDF4D604002DE9F04180460F4666
:10B4F00016461D46FFF7AEFE044678B91549FFF71C
:10B50000A9FE044628B9BDE8F0414521124812F0D1
:10B510002DBC394600F8018B14F07BFA228963892F
:10B520006AB973B926816581214611F8010B13F0C0
:10B53000E6F940B12046BDE8F041FFF7C1BF9642B1
:10B5400003D39D42EFD8BDE8F0819D422681EBD91F
:10B55000E9E700BF0CBB040015D704002DE9FF414B
:10B560000E4617469846044648B94521284812F029
:10B57000FDFB6FF01505284604B0BDE8F08102A977
:10B5800013F08FF8054628B122464521214812F0D4
:10B59000EDFBEEE7204601A912F05CFC019840B1FA
:10B5A0000A22294610F0F4FB024610B145211A4840
:10B5B000EDE7002002A9FFF74DFE044608BB002E70
:10B5C000D9D01649FFF746FE044630B94521144844
:10B5D00012F0CCFB6FF00B05CDE7002302A900F8B9
:10B5E000013B14F016FA04F1080104224046B84762
:10B5F000041EC0DA224645210A4812F0B7FB254650
:10B60000B9E7002EEFD1066046608660B3E700BF61
:10B6100037BB040039D704005AD704000CBB040020
:10B620007AD7040073D6040038B514460F4B8268ED
:10B630000D469A4217D122792168C06814F0C4F9E6
:10B6400088B1D4F8C8302F2B05D90948452112F00C
:10B650008DFB002038BD04EB830215810189013385
:10B660005181C4F8C8300120F4E700BFD9BA020004
:10B67000A1D7040008B5836853B10849084840F6CB
:10B68000036212F051F840F60361044812F043F8E7
:10B6900004490130BDE8084014F0BBB9C4D6040029
:10B6A0003B9004000CBB04002DE9F0411F46BDF89F
:10B6B00018300646012B904634D83B44012B3D46BA
:10B6C00033DCFFF73FFE044660B9FFF73BFE04465C
:10B6D00040B95721184812F049FB6FF01005284671
:10B6E000BDE8F08197B10023217A98F8002021FA73
:10B6F00003F0C70703D522FA03F0C00718D50133BA
:10B70000032BF4D102F007021143217206F17001FC
:10B71000601C14F07EF9337A01212046237014F066
:10B7200027FBDCE76FF00605D9E76FF00C05D6E7DD
:10B730006FF01205D3E700BFFAD7040010B56FF021
:10B74000020104460E4814F059F90D4814F068F946
:10B75000C20704D5002200230A480BF0D7FB20467D
:10B7600014F07CF858B12046FFF7ECFD38B1037AAD
:10B77000DB0704D5BDE81040012114F0F9BA10BD73
:10B78000D0250020A025002038B51546084B82683A
:10B790009A420AD1C46829680134204614F00CF991
:10B7A00018B12046696814F034F9012038BD00BF93
:10B7B000D9BA020008B513468168074A914209D1F7
:10B7C0001A791968C06814F0FFF818B100230360F3
:10B7D00043600381012008BDD9BA020040F239124A
:10B7E000002301480BF092BBA025002008B50421DE
:10B7F000084814F0F8F86FF00201064814F0FEF85B
:10B80000044814F00DF9C30701D5FFF7E7FF002046
:10B8100008BD00BFD0250020024608B50749013009
:10B8200014F0F7F800230C3202F8043CD2E8EF1FC2
:10B83000C2E8E03F0028F9D108BD00BF0CBB0400FE
:10B840002DE9FF41884616461F46044648B9452162
:10B85000354812F08BFA6FF01505284604B0BDE8A4
:10B86000F08102A912F01DFF054628B122464521AC
:10B870002E4812F07BFAEEE7204601A912F0EAFA10
:10B88000019840B10A22294610F082FA024610B10E
:10B8900045212748EDE7002002A9FFF799FC04465F
:10B8A00080B9FFF74FFD044630B94521214812F019
:10B8B0005DFA6FF00B05D0E7002302A900F8013B09
:10B8C00014F0A7F8B8F1000F29D0022269463846D3
:10B8D000B047061E06DA32464521174812F046FAEE
:10B8E0003546BAE79DF80030022E237208D0572162
:10B8F000124812F03BFA0021204614F039FAACE766
:10B900009DF80120012A04D957210D4812F02EFA82
:10B91000F1E7204602F0010114F0B7F99DE7204657
:10B92000FFF77AFF99E700BF37BB040039D704005F
:10B930005AD704002BD8040073D6040052D8040050
:10B94000ABD8040010B5FFF785FC044670B1014682
:10B9500011F8010BF9F7DEFB024618B14521044846
:10B9600012F004FA002323606360A360002010BD7E
:10B9700001D9040070B500F1700605463146007A21
:10B9800012F0BDFF04463146287A4CB1FFF7DAFFCA
:10B99000024658B1BDE870404521054812F0E6B9AD
:10B9A000FFF758FC10B104604460846070BD00BFB4
:10B9B00023D904002DE9F04706460D461D48002115
:10B9C00090461F469DF820A0DDF82490FFF796F9D9
:10B9D000044688B1456080F811A0C0F81490C76093
:10B9E000C0F818804A4651463046FFF757F90546D9
:10B9F00038B92046FFF7AEF96FF00B052846BDE8D1
:10BA0000F08700220123114613F04AFF2846A56063
:10BA100042464946B847054618B12046FFF79AF90D
:10BA2000ECE721463046FFF74DFB05460028E5D000
:10BA3000F3E700BF1C4E0E002DE9F041234B1546E5
:10BA4000826807469A4202D1C468638933BB0120E9
:10BA5000BDE8F081FCF760FB0021E3686181002B09
:10BA6000F5D038469847F2E705F170084146287A44
:10BA700012F045FF68B9164B9C4202D12846FFF7E9
:10BA800079FF3046134913F0C4FF0023237023814C
:10BA9000E2E74146304613F0BCFFDDE72389002B87
:10BAA000DAD0264616F8011B2846324613F0A0F9D4
:10BAB0000028D9D131462078FDF750F80028CBD0A6
:10BAC000437B072BC6D1FCF727FBC0E7D9BA02009E
:10BAD000E00500200CBB04002DE9F0471F46BDF82F
:10BAE000203006468846D1F80C90002B4DD17B1EA5
:10BAF000012B4DD8012F4946157818BF1588FFF73F
:10BB00004FFC0446B0B915B93846BDE8F087494640
:10BB1000FFF746FC044630B91F48572112F026F9BA
:10BB20006FF01000F1E706F17001013013F071FFC2
:10BB3000337A2370D9F81030DBB9B4F808A0258126
:10BB4000B9F80A30AB4203D04946404613F091FFA2
:10BB5000AA4505D00022307A06F17001FFF762FC99
:10BB6000002DD1D10D49601C13F053FF25702581A4
:10BB7000CAE72A464146304698470028C5DB0138C7
:10BB80000128DAD96FF00D00BFE76FF00600BCE7BF
:10BB90006FF00C00B9E700BF3ED904000CBB0400F5
:10BBA00073B50C460546082104F11000164613F043
:10BBB0001AFF122304223146CDE9003228462246DC
:10BBC000024BFFF7F7FE02B070BD00BF3F0004005C
:10BBD00038B505460C460F48012113F004FF10F05C
:10BBE000010F0D4B0AD11D835C830A4813F018FF27
:10BBF000830709D4BDE83840FFF7F0BD198B5A8B95
:10BC0000A94202D89442EFD838BD94421D83ECD9A2
:10BC1000EAE700BFD025002080250020022110B5D2
:10BC2000104813F0E0FE08401BD10F490F4A0B8863
:10BC30000F4CA24212D900B10B800E490E4840F2BF
:10BC4000076211F071FD40F207610A4811F063FDCF
:10BC50005068083203449BB20120EAE7F8D300B1F0
:10BC60000B8010BD6C650020CE6F0020604B04007F
:10BC7000704B0400C4D604003B90040037B5044662
:10BC80000D46FFF7A5FA0246B8B1037A0C308DF8DD
:10BC9000043013F0C5FE022300F001008DF805000A
:10BCA00001AA29462046F9F73DFA024618B1452176
:10BCB000034812F05BF803B030BD0346F1E700BF64
:10BCC0005DD9040010B5104C1049204613F074FEE5
:10BCD000014638B9601E13F0D8FF214614F8010C54
:10BCE000FFF7CCFF09490A4813F066FE014650B938
:10BCF000084813F0CAFFBDE81040074B187C03F159
:10BD00001101FFF7BBBF10BD4D6500200CBB040047
:10BD10005D6500205C6500204C65002008B50121B0
:10BD2000114813F060FEC3071CD4FFF777FF0F49DB
:10BD30000F480AF0A7FF002340F239120C48F9F728
:10BD40008DFA0C490C480AF09DFF02210B4813F0B4
:10BD50004AFE0B480B490AF095FFBDE808400A4827
:10BD6000FDF7E2BA08BD00BF6C6500200D010400BC
:10BD70002825002031C60200A0250020D025002063
:10BD8000D82400209D010400B805002003462DE9B9
:10BD9000F04178B3008A68BB01244FF0140C1749B6
:10BDA000DFF864E0714524D91549164840F28372E2
:10BDB00011F0BAFC40F28371114811F0ACFCD1E9EA
:10BDC0000076BB4204D30CFB0672143A93420ED9A0
:10BDD0003444A2B214460831E4E70CFB057843452D
:10BDE0000AD001356219B54292B2F6D1F2E70025C8
:10BDF000F8E7E4D3BDE8F0811046FBE7604B0400B0
:10BE0000C4D604003B900400704B04002DE9F04FB1
:10BE100089B09946BDF8483004460F4690461BB994
:10BE20004FF6FF73ADF84830374B1B88A34226D23C
:10BE3000BDF84830ADF81E30344B1D68002D3AD1A6
:10BE400009B0BDE8F08F149B28680493139B224629
:10BE5000039312ABCDE901930BFB06003B46CDF8F3
:10BE6000008013F0E0FD0028EAD001366B680AEB91
:10BE70000601B34289B2E6D80DE00026F6E74FF09E
:10BE8000010A4FF0140B224D07E0D1D269685144EA
:10BE9000A142F2D289B28A4608351E4B9D42F4D99E
:10BEA0001D491E4840F64B0211F03EFC40F64B0186
:10BEB000194811F030FC4FF0140A083D0DF11E0B2B
:10BEC000AE68BEB96B689E4219D22868149B0AFB03
:10BED0000600018A0493139B2246CDE902B3CDE903
:10BEE00000893B4613F09FFD0028A9D00136E9E701
:10BEF0000026E7E756F8083C1B8AA342F8D8AD684D
:10BF0000002D9DD0083DDBE7CE6F0020706500203E
:10BF1000604B0400704B0400C4D604003B90040046
:10BF2000002110B5E4B0182205A8CDE90011CDE933
:10BF3000021117F06AFC4FF41053ADF81030802353
:10BF40001022ADF812304FF48063244C6946CDE9DD
:10BF500006340DEB020062AB0DF078FA014630B109
:10BF6000452102461E4811F001FF64B010BD4FF498
:10BF7000AE720BA817F049FC224662990BA816F086
:10BF800008FA024610B145211648ECE74FF6FF715A
:10BF90000120154A0BAB14F0AEF81022134904AB84
:10BFA0000BA816F00DFA044662980DF0FFF91CB1CB
:10BFB000224645210E48D6E721460C4B03F11002DC
:10BFC000187812F8014D0131082903F8014B10705F
:10BFD000F6D1084813F007FDC7E700BF0002C00311
:10BFE0008BD90400B9D9040013F9030008250020F7
:10BFF000DCD90400D02500202DE9F0411849044681
:10C00000A1F1300015461E46BDF818700AF0CAFFAF
:10C01000144813F005FD010705D4FFF781FFFFF772
:10C0200051FEFFF77DF92046FFF78CF968B1037ADE
:10C03000DA070AD500F10C04204613F0F1FCC3071F
:10C0400003D40221204613F0CEFC10233A46069377
:10C0500031462846BDE8F041034B13F0F5BE00BF62
:10C0600058250020D02500200825002010B51B48A9
:10C0700013F0D6FCC0F3C00080F0010408B9FFF74C
:10C080004FFF164813F0CCFC0346144813F0C8FCCD
:10C09000DA0622D5830606D5FCB1FFF713FEBDE80C
:10C0A0001040FFF73DB920210C4813F09CFC1022F2
:10C0B0000B49881817F046FD48B90A480AF02CFFCA
:10C0C000BDE810406FF00101044813F097BC4FF633
:10C0D000FF710120FFF77CFDDFE710BDD0250020B8
:10C0E00008250020A025002008B51021034813F0E2
:10C0F0007AFCFFF7BBFF002008BD00BFD025002061
:10C100002DE9F043B9B00C4617462C496A464098D1
:10C11000984611F07BFE48B94521294811F026FECA
:10C120006FF01505284639B0BDE8F083009E01A9DF
:10C13000304611F08FFE36B94521224811F016FE27
:10C140006FF015042AE0019870B900230DF1080979
:10C15000494630468DF8143012F0A3FA054678B1FE
:10C1600032464521184808E00A2200210FF010FE4F
:10C1700002460028E9D04521144811F0F7FDDFE719
:10C18000CDF81090C4B1C022404608A9B847041E9B
:10C1900006DA224645210E4811F0E8FD2546C1E7A2
:10C1A000A40808ABCDE906344FF6FF710120094A17
:10C1B00004AB13F0A0FFB5E72346F3E7F7D904007B
:10C1C000FED9040037BB040039D704005AD7040055
:10C1D00073D6040095B20200002330B5B5B00191CA
:10C1E0008DF808003393044601AB0D4601204FF64D
:10C1F000FF710A4A13F07FFF339B6BB19B0003AAC8
:10C2000029462046F8F79CFF024618B1452104480C
:10C2100011F0ACFD35B030BD1A46F1E729B6020089
:10C220000FDA04002DE9F34100F17008CDE90012A6
:10C2300004460F46007A4146164612F060FB05465A
:10C240006B464FF6FF7101200C4A13F054FF1DB1ED
:10C250004146207AFFF7C0FF3946207AFEF7B8FF43
:10C2600040B13146013013F0D4FB1DB14146207A74
:10C27000FFF704FD02B0BDE8F08100BF89B70200FE
:10C28000002307B50193FFF781FD411C89B20846E1
:10C29000034A01AB13F02FFF019803B05DF804FBD4
:10C2A000AFFF03002DE9F0410C461646054686B067
:10C2B00050B9644940F6AA52634811F035FA40F685
:10C2C000AA51604811F027FA41B95E4940F6AB52D5
:10C2D0005D4811F029FA40F6AB51F2E7437B072B9A
:10C2E00040F0AC8000238DF8143042F60303206840
:10C2F00005A9ADF8163012F0FAF970BB676827B9D6
:10C300004521524811F032FD98E00123214600906A
:10C3100004AAB847031E05DA224645214C4811F00D
:10C3200025FD8BE0012B05D01A464521494811F027
:10C330001DFD83E09DF8103013F0300F7ED02046B5
:10C34000FFF79EFF044640B93E4940F6C9523E48B9
:10C3500011F0EAF940F6C951B3E7002320688DF8DF
:10C36000143042F6021305A9ADF8163012F0BFF9E9
:10C3700068B12046FFF784FF044640B9314940F6D2
:10C38000CF52314811F0D0F940F6CF5199E700274C
:10C3900042F60218206802A98DF80870ADF80A80EC
:10C3A00012F0A5F900BB002320688DF8143042F686
:10C3B000021305A9ADF8163012F099F900283DD105
:10C3C0006768002F9CD0022300902146284605AACA
:10C3D000B847031EA0DB022BA6D1BDF814301E42C5
:10C3E00014BF012000202AE042F60303206803A9BD
:10C3F0008DF80C70ADF80E3012F079F90028D2D01B
:10C400004FF42053206804A98DF81070ADF8123055
:10C4100012F06DF90028C6D042F60103206805A984
:10C420008DF81470ADF8163012F061F90028BAD00A
:10C430002046FFF725FF04460028ABD1002006B0B8
:10C44000BDE8F081C4D604003B90040032DA040059
:10C450004BDA040076DA04002DE9F84315468946E4
:10C4600094226968064613F0ABFE8046002841D14D
:10C47000022230466968FFF715FF00283DD00021F1
:10C480001F48AF8AFEF73AFC0237044680B11D21EF
:10C490001C4B47613A464174C0F80C80436085618B
:10C4A0003046FEF7FBFB074638B92046FEF752FC44
:10C4B0006FF00B052846BDE8F8830123424641464C
:10C4C00013F0EEF9A98A07F10C000231F8F72AFC03
:10C4D00020F8029BAA8A296917F08AF9214630467A
:10C4E000A760FEF7EFFD05460028E3D02046FEF7E3
:10C4F00031FCDFE74FF0FF35DCE76FF01505D9E7DA
:10C500001C4E0E00B9F8030030B505460C468BB042
:10C5100051B9424940F64F42414811F005F940F601
:10C520004F413E4811F0F7F84B6853B90B6843B9D7
:10C530003A494FF445623A4811F0F6F84FF4456134
:10C54000EFE7384813F06CFA420761D515B16B7B01
:10C55000072B60D160680590FFF718FC2268ADF8E2
:10C5600018003AB305A902912F4900230191012136
:10C5700000914FF6FF710593FFF748FC059B1BB92F
:10C580006FF001000BB030BD6360059B04A9186813
:10C5900000238DF8103042F60303ADF8123012F08C
:10C5A000A6F870B90598C3689B799B0605D46FF00F
:10C5B0001500E7E70028E8D1E2E713F055FDADF8F4
:10C5C0001800BDF818003DB1012301462246284657
:10C5D000A375FFF741FFD5E76FF07F0307930223B1
:10C5E000ADF8203042F60213ADF8123005ABA57558
:10C5F00002930E4B4FF6FF710193012304AA00939F
:10C600002B4609948DF81050FFF700FC0798B9E706
:10C610006FF00A00B6E76FF07F00B3E7C4D60400FE
:10C620003B9004001C020020E7F80300B9C7020099
:10C63000F7B500F130050446A0F12007284613F0B5
:10C64000EFF98307C0F340060AD51749174840F2AF
:10C65000565211F069F840F25651134811F05BF848
:10C6600054F8083C6FF001012846019313F0C6F915
:10C670000F4B394644F81C3C0E4B304644F8183CEE
:10C6800001AB44F8103C042324F8086C24F8066C31
:10C6900024F80C3CFFF738FF18B90221284613F0A4
:10C6A000A2F903B0F0BD00BFC4D604003B90040063
:10C6B000205A04003DB702002DE9F041364B1746E1
:10C6C0001468826805469A4216D1C6683389721C7E
:10C6D00093B12046317812F08BFB68B14FF495721C
:10C6E0002946204613F06CFDD0B1032807D12A4615
:10C6F00057212A4811F03AFB0120BDE8F0810528B6
:10C7000020460CBF4FF003084FF0020812F041FB27
:10C71000804505D93B794345EED287F80480EBE7A5
:10C720003146284613F0A5F91D4B9E42E4D1207AEC
:10C7300004F17001FEF78EFD05460028DCD0038968
:10C7400013B94389002BD7D02046FBF74BFE2B892A
:10C75000144A698922F8203002EB8003598018239B
:10C760001149124D03FB001300B202EB80021A6163
:10C77000042200EB40005D600D4D01EBC00120463E
:10C780009D609A82FFF7C0FE0028B5D04521094878
:10C7900011F0ECFAB0E700BFD9BA020094DA040055
:10C7A000E0050020B26F002034650020205A04000C
:10C7B0008DFD0300ADDA04002DE9F8431446404B2B
:10C7C000826807469A4203D001273846BDE8F883BD
:10C7D000C6683C4B9E4210D03289A389711C9A4294
:10C7E000F2D13078FCF7BAF905460028ECD0437B4B
:10C7F000072B26D0FBF790FCE6E74FF00008324D00
:10C80000DFF8C8904946284613F0D6F878B90722D1
:10C81000294615F8010CFCF70BFA78B9236929466B
:10C820001A6915F8010C53881288FEF75DFE0C3565
:10C83000B8F1000FD0D14FF00108E3E7FBF76CFC33
:10C84000F5E7736923B13946984708B92846D1E717
:10C8500039469422284613F0B3FC07460028F5D148
:10C86000A389022B14D1338913F0020604D1284680
:10C87000FBF752FCA660A7E728462269A188FFF7CC
:10C88000EBFD0646A8B92269937D01339375EEE767
:10C89000012B04D02846FBF73FFCA76094E73389BF
:10C8A00013F00106E3D028462269A18813F0C3FCE7
:10C8B00006462846FBF730FC002EA66085DB83E7A2
:10C8C000D9BA0200E0050020B76F00200CBB0400BD
:10C8D00073B50D46044650B91D4940F6EE621D4839
:10C8E00010F022FF40F6EE61194810F014FF09B174
:10C8F0000B6843B9164940F6EF62164810F014FF72
:10C9000040F6EF61F0E7437B072B1AD1061D4FF489
:10C910008031304613F067F8C30315D40223204654
:10C92000CDE900332A460C4B0C49FFF743F8044687
:10C9300020B16FF48031304613F060F8204602B029
:10C9400070BD6FF07F04F9E76FF07704F6E700BF82
:10C95000C4D604003B900400A3FA0300EFF80300E0
:10C9600070B50C46054686B050B96B4941F273224A
:10C970006A4810F0D9FE41F27321674810F0CBFEEF
:10C9800009B14B6843B9644941F27422634810F01D
:10C99000CBFE41F27421F0E70A890AB1CB8943B991
:10C9A0005D4941F275225D4810F0BEFE41F27521ED
:10C9B000E3E79A4208D9584941F27722574810F0E4
:10C9C000B3FE41F27721D8E7437B072B40F0A080EC
:10C9D0000B7C062B0FD8DFE803F00404595961944F
:10C9E00027000B68C3B11A7842B1022A12D0452140
:10C9F0004B4811F0BBF96FF0150009E008230193D3
:10CA00000623224600934749474B2846FEF7D2FFAC
:10CA100006B070BD1623F2E7102304212246CDE9AB
:10CA20000031424B4249F0E708680028E3D006781D
:10CA3000002EE0D14FF4245302A98DF80860ADF820
:10CA40000A3011F054FE08B342F60213206803A91D
:10CA50008DF80C60ADF80E3011F049FEB0B142F621
:10CA60000313206804A98DF81060ADF8123011F09E
:10CA70003EFE58B142F60413206805A98DF81460F3
:10CA8000ADF8163011F033FE0028B4D1082304228B
:10CA90002849CDE900322246274BB6E7086880B323
:10CAA00000264FF4205302A98DF80860ADF80A3033
:10CAB00011F01DFE00289ED042F60103206803A954
:10CAC0008DF80C60ADF80E3011F011FE002892D0F8
:10CAD00042F60203206804A98DF81060ADF8123008
:10CAE00011F005FE002886D042F60303206805A950
:10CAF0008DF81460ADF8163011F0F9FD00283FF400
:10CB00007AAF04232246CDE900330C490C4B7CE775
:10CB10006FF07F007CE700BFC4D604003B900400A8
:10CB2000CFDA0400E102040063FF030037FB0300D7
:10CB300045CB020061CC020067FB030021D102005B
:10CB4000CFFA03002DE9F0478EB007461646169D32
:10CB500031B12A4600216B680EB0BDE8F047184796
:10CB60005BB957213C4811F001F92A4600213846AB
:10CB70006B6898470EB0BDE8F0871278062A07D098
:10CB8000142A04D04521354811F0F0F8EDE70221D0
:10CB90004FF00008C246013B8DF810109CB206F120
:10CBA00001093378A3420CD9002CDED1B8F1000F73
:10CBB000DBD02A46414638460EB0BDE8F04713F0B8
:10CBC00071BB1422002109A816F01FFEB9F800203D
:10CBD00093B2002BC9D0B9F802101FFA81F8B8F14E
:10CBE000000FC2D04345C0D89DF8103013B3022BBC
:10CBF00025D02B7CADF80C10002B42F6010308BFAA
:10CC00004FF42053ADF8063004AB029301AB099307
:10CC100002ABADF834200C932A4638466B688DF889
:10CC200004A009A998470028A4D03378E41AA4B234
:10CC30009944B6E7B9F80430ADF81230D9E709F1F4
:10CC400004030DF1110009F1140C53F804EB6345D2
:10CC500040F804EBF9D1CCE7E9DA0400F8DA040093
:10CC60002DE9F04F91B0814617461A9E31B13246F8
:10CC70000021736811B0BDE8F04F1847307C0228DE
:10CC800040F083804BB95721A24811F06FF832462B
:10CC900000214846736898475BE01278062A07D05F
:10CCA000082A04D045219C4811F060F8EFE70846B7
:10CCB000002542F6020A5C1E8DF81800A4B207F1A6
:10CCC000010B3B78A3420BD9002CE0D1002DDED024
:10CCD00032462946484611B0BDE8F04F13F0E2BA9B
:10CCE000BBF800801FFA88F5002DD0D0BBF80200F9
:10CCF0009DF81820ADF81400BBF80410ADF816101C
:10CD000062B1022A15D0316831B306A811F0EFFCE8
:10CD100010B33A78A41AA4B29344D2E706AA0492B4
:10CD20009BF806209BF8071042EA0122ADF81A2072
:10CD3000E9E70A237081B181A6F80880484601928C
:10CD400000933246754B7649FEF734FE85B2002DCE
:10CD5000BED111B0BDE8F08F4FF0000310220021CA
:10CD60000CA88DF80C30ADF80EA016F04EFD03AAFD
:10CD70000B9204AA0E92484632467368ADF83C8086
:10CD80000BA998470028C4D1E3E7032866D1002BFC
:10CD90003FF479AF1278072A02D0152A82D10221F6
:10CDA00000255C1E8DF81810A4B207F101080DF1E2
:10CDB000180A3B78A34287D8B8F800B01FFA8BF561
:10CDC000002D3FF464AF9DF8183063B1022B13D0EF
:10CDD0003168F1B1504611F08AFCD0B13B78E41AC9
:10CDE000A4B29844E5E798F8053098F8062043EA9D
:10CDF0000223ADF81A30EBE708F105030DF1190233
:10CE000008F1150153F8040B8B4242F8040BF9D1D9
:10CE1000DEE798F80230B8F803208DF816304FF0AE
:10CE200000038DF80C3042F603030021ADF8142006
:10CE30000CA81022ADF80E30CDF810A016F0E5FCCD
:10CE400003AB0B9304AB0E93324648467368ADF8C0
:10CE50003CB00BA998470028C0D17AE73268157812
:10CE60002DB9528843B957212A4810F07FFF324626
:10CE7000002148467368FDE6B8465C1E18F8013B81
:10CE8000A4B2A34200F2ED80012C02D8572125481C
:10CE9000EBE7B7F80150002DE9D0A2F52453042B9D
:10CEA000E5D801A252F823F009CF02006FCE0200AC
:10CEB00079CF0200D1CF020059D00200B8F8023079
:10CEC00010220021D6F800A00CA8ADF8183016F0FA
:10CED0009CFC06AB0E93324648467368CDF82CA0F6
:10CEE000ADF83C500BA9984700283FF432AF3B788F
:10CEF000E41AA4B2A342984400F2B380012CC5D92D
:10CF0000B8F80050002DB2D0032CD7D857210648CE
:10CF1000ABE700BFE9DA0400F8DA0400BBFA03006B
:10CF20007DD0020011DB040024DB0400B8F80230DD
:10CF300010220021D6F800A00CA8ADF8183016F089
:10CF400064FC06AB0E93324648467368CDF82CA0BD
:10CF5000ADF83C500BA9984700283FF4FAAE3B7857
:10CF6000E41AA4B2A34298447BD8012C8ED9B8F815
:10CF70000050002D3FF47BAF032CD7D857213C48FD
:10CF800073E7B8F8023010220021D6F800A00CA8F0
:10CF9000ADF8183016F039FC06AB0E933246484611
:10CFA0007368CDF82CA0ADF83C500BA99847002829
:10CFB0003FF4CFAE3B78E41AA4B2A342984450D8D1
:10CFC000012C7FF663AFB8F80050002D3FF44FAF4F
:10CFD000032CD6D85721274847E798F8023000217C
:10CFE0008DF8183098F80330D6F800A08DF8193075
:10CFF00098F8052098F804300CA843EA0223ADF80D
:10D000001A3098F806308DF81C3098F8082098F8F7
:10D01000073043EA02231022ADF81E3016F0F5FB6C
:10D0200006AB0E93324648467368CDF82CA0ADF897
:10D030003C500BA9984700283FF48BAE3B78E41A8C
:10D04000A4B2A34298440CD8012C7FF61FAFB8F8C5
:10D050000050002D3FF40BAF082CBED857210648D6
:10D0600003E7002C7FF403AF002D3FF400AF2FE661
:10D0700037DB04004ADB04005DDB0400F0B5102B55
:10D080008FB0114605461A46149C0BD04521234803
:10D0900010F06CFE22460021284663680FB0BDE800
:10D0A000F0401847638904A8ADF80C30A38926899D
:10D0B000ADF80E3002230A468DF8103002900DF1C3
:10D0C0001103103152F8047B8A4243F8047BF9D1F2
:10D0D0002168C1B9002142F6020310220AA88DF886
:10D0E0000410ADF8063016F090FB01AB099302ABCB
:10D0F0000C93224628466368ADF8346009A9984726
:10D1000028B90FB0F0BD11F0F2FA0028E2D02246A3
:10D110002846218913F0C6F8F3E700BFF8DA0400C7
:10D120002DE9F04F8FB007461446189D21B94BB931
:10D130005721534810F01AFE2A46002138466B68E2
:10D1400098479AE01278012A06D0022A1FD045217A
:10D150004C4810F00BFEEFE70A464FF00409013B84
:10D160009BB24B458DF81020E6D34FF00008B3FB7F
:10D17000F9FBC2460134CDF8008004AEBBF1000FCC
:10D1800008D12A463846009913F08CF875E04FF024
:10D190001209E4E723880193BDF804300093B8F145
:10D1A000000F53D19DF81030002B37D0022B3CD00C
:10D1B0002968002945D12B7C042B4DD14FF42053F5
:10D1C000304602A98DF808A0ADF80A3011F08FFAA8
:10D1D00000283BD042F60103304603A98DF80CA08D
:10D1E000ADF80E3011F083FA80B342F602033046F8
:10D1F00009A98DF824A0ADF8263011F078FA28B3EB
:10D2000042F60303304609A98DF824A0ADF8263074
:10D2100011F06DFA00BB4FF0010819E0A378E27835
:10D2200043EA0223ADF81230C2E7A31C0DF111024C
:10D2300004F1120153F8040B8B4242F8040BF9D1AC
:10D24000B6E7304611F053FA0028B4D04FF000088A
:10D250000BF1FF3B4C4491E7102200210AA816F085
:10D26000D4FABDF804302A46ADF8343038466B683D
:10D27000099609A998470028EAD10FB0BDE8F08FB8
:10D28000E9DA040070DB040007B50A4650B9254905
:10D2900041F2D932244810F047FA41F2D9312148FD
:10D2A00010F039FA09B1096841B91E4941F2DA3280
:10D2B0001D4810F039FA41F2DA31F0E7437B072BD1
:10D2C0002CD153683BB908234FF0040ECDE9003E42
:10D2D000164B174909E0012B11D0117B5B0001931C
:10D2E00041B1202313490093134BFEF763FB03B0B6
:10D2F0005DF804FB0E2311490093114BF5E75389A8
:10D3000033B10C234FF0040CCDE9003C0D4BE0E7AA
:10D310000A230221CDE900310B4BDAE76FF07F00E1
:10D32000E5E700BFC4D604003B900400B5FF03004E
:10D330004DD30200C7FD0300CBFB03004BFC0300F1
:10D34000A3FB0300FBFA0300E7FA03002DE9F74F04
:10D350000C9C804691461E460D4641B96BB9266825
:10D36000002322460C93E9B24046B44623E0B1F5CF
:10D37000807F28BF0E252668F2E76368002B65D101
:10D38000013E2789B4F80AA0B6B202F1010B002EC3
:10D3900041D099F80020B24228BF3246012A0ED867
:10D3A00057213A4810F0E2FC0023224604210C9356
:10D3B00025684046AC4603B0BDE8F04F6047BBF877
:10D3C0000010023A93B28AB232B94521304803B014
:10D3D000BDE8F04F10F0CABC974201D892450CD27C
:10D3E0003B4657212B48CDF800A010F0BFFC00238E
:10D3F0000C9322460E212568DBE72181009322460B
:10D400000021404625680BF10203A84748B199F86E
:10D410000030B34208D921464046FFF735FF0028C7
:10D42000E5DB03B0BDE8F08F238962899A4205D11C
:10D4300000230C93224619462568BAE7013323815D
:10D4400099F80030F61AB6B29B44A0E7009613464E
:10D4500027682246B8470028E3D0238A013B9E4232
:10D4600005DA0C952B462246294626687CE7638917
:10D4700021461E4440466681FFF706FF0028D0DAA9
:10D480000C952B4622460E2126686DE787DB0400AB
:10D49000C4DB0400D8DB04002DE9FF471E46DDE9AC
:10D4A0000D9A0F46904605469DF8303050B92B49ED
:10D4B00041F20A422A4810F037F941F20A4127485E
:10D4C00010F029F941B9254941F20B42244810F0E6
:10D4D0002BF941F20B41F2E7427B072A36D1C27A9F
:10D4E0001ABB13B3D22106F10E02FDF7D7FB044697
:10D4F00088B302210C30F7F715FC002207800023C7
:10D500000027CDE90023314642462046CDE9027787
:10D51000F7F758FBB0420CD0104941F227421048AF
:10D5200010F002F941F22741C9E752212846B21C06
:10D53000DBE7494620463B46524612F0B1F9214608
:10D54000284604B0BDE8F047FDF774BD6FF07F00DA
:10D5500004B0BDE8F0876FF00B00F9E7C4D6040013
:10D560003B90040073B50C46054650B9274941F27B
:10D57000E342274810F0D8F841F2E341234810F085
:10D58000CAF809B10B6843B9204941F2E442204886
:10D5900010F0CAF841F2E441F0E78B8843B91B4927
:10D5A00041F2E5421A4810F0BFF841F2E541E5E7E3
:10D5B000437B072B03D06FF07F0002B070BDCB8898
:10D5C0008E89B3B1284612F0D2F80028F3D0A28990
:10D5D000431F9BB2934228BF134604339BB201936F
:10D5E0001623224600930B490B4B2846FEF7E2F91F
:10D5F000E3E712F0BCF802360138B042E2D312235E
:10D60000224600930549064B0196EEE7C4D6040076
:10D610003B90040025D602000BFC0300FFF803003A
:10D62000CFFB03002DE9F7430A9C0646174651B18C
:10D63000B1F5807F28BF0E2122462368C9B203B00E
:10D64000BDE8F0431847032B08D85721224810F0B3
:10D650008DFB22460E2130462368F0E7B4F80C809B
:10D660001D1F454512D945211C4810F07FFB18238A
:10D670000121CDE900311A4B224630461949FEF707
:10D6800099F90028E5D103B0BDE8F083D4F80890FB
:10D690002A464846391D16F055FAE3887A889A4298
:10D6A00000D110B145211048DFE7A8EB050312FABD
:10D6B00085F209EB05009BB2E280A060A3812BB943
:10D6C00018230122CDE90032084BD5E72146304628
:10D6D000FFF748FFD5E700BFE9DA040044DC0400A7
:10D6E00013FB0300FFF803006BDC040025FB0300C1
:10D6F00070B50D46064650B93A4941F285523A484E
:10D7000010F012F841F28551364810F004F809B1D2
:10D710000B6843B9334941F28652334810F004F89C
:10D7200041F28651F0E78B8943B92E4941F2875285
:10D730002D480FF0F9FF41F28751E5E74B8943B9D6
:10D74000284941F28D5228480FF0EEFF41F28D51E9
:10D75000DAE7437B072B3BD1FDF736FE044658B989
:10D76000FDF732FE0446002835D006F17001013085
:10D7700012F04FF9337A2370A3687BB10022143B77
:10D780009D422BD018892989884204D19889A9897A
:10D79000884228BF01225B6973B97AB930462946AD
:10D7A000124AFEF7FDF9064640B1A36813B92046B8
:10D7B000FDF760FF304670BD143BE1E7A26805F15C
:10D7C00014036A61E268A36002B9E3600026F1E72E
:10D7D0006FF07F06EEE76FF00B06EBE76FF0770672
:10D7E000E8E700BFC4D604003B900400EBFC030054
:10D7F000F8B50C46064650B9354941F2EB5235486A
:10D800000FF092FF41F2EB5131480FF084FF41B924
:10D810002F4941F2EC522F480FF086FF41F2EC51B4
:10D82000F2E7437B072B4DD1FDF7CEFD05460028DF
:10D830004BD08368002B48D000221746143B9C42F3
:10D8400008D018892189884208BF01275B691BB16C
:10D85000143BF4E70122F9E7002A36D004F1100066
:10D8600012F0DEF8430703D52146304612F085FD5D
:10D870009FB104F1140105F1080012F0B6FBAB688A
:10D880003BB1002321461A4630462568A8470020B0
:10D89000F8BD2846FDF7EEFEF3E7214630460E4A76
:10D8A000A781FEF77DF90028F2D104F1140105F1FA
:10D8B000080012F09AFBAB68002BE8D12846FDF770
:10D8C000D9FEE4E76FF07F00E2E76FF01500DFE7D5
:10D8D000C4D604003B900400EBFC03002DE9F843A0
:10D8E0008C680646904699464CB3256805B1143DB0
:10D8F00034F80C3C43451FD1143C07E02C466D69BD
:10D900002389F5B14345A5F11405F7D1727AA37BBC
:10D910009A4211D34A46214630462768BDF8203046
:10D92000B84748B921463046FFF762FF024618B1B2
:10D930005721054810F01AFA2C46002DDFD1BDE81A
:10D94000F8834345E2D0FAE7A6DC0400F0B587B0DF
:10D9500007460E461546FDF737FD0446C0B12A4678
:10D96000314603A810F018FEBDF81030042B0FD973
:10D97000042103A8F7F7BCF9BDF810104688028807
:10D98000B14207D22B4632464521084810F0EEF945
:10D9900007B0F0BD2146031D00963846FFF79EFFF5
:10D9A000314603A8F7F7A4F9DEE700BFCADC04009C
:10D9B000012370B500F170058EB00446039029462E
:10D9C000007A8DF8103010F09AFF90B1227A4AB3A5
:10D9D00002AE042130460FF0B4FE00962421124A14
:10D9E00005A82B46F7F7DEFA05AA10460F49F3F70C
:10D9F000DBFF4FF6FF7101200D4A03AB12F07BFBFA
:10DA0000204611F0C6F99DF81010884208D2204631
:10DA100011F08AF9024618B15721064810F0A6F90C
:10DA20000EB070BD0092D9E7FAD9040001C102001E
:10DA3000B9C60200E8DC0400F8B50E4B05461B68C9
:10DA40000E461746A3B11C6804B1043C53F8043CCD
:10DA50001BB13A463146284698474CB12346646884
:10DA60001B681CB1043C002BF3D1F7E7002BF0D16D
:10DA7000F8BD00BF78650020012330B585B00546AC
:10DA8000029000F17001007A8DF80C3010F037FF31
:10DA900090B94FF6FF7101201A4A02AB12F02BFB2E
:10DAA0000021284612F099FC20B94FF6FF710120A1
:10DAB000FEF78EF805B030BD2846FDF785FC00283E
:10DAC000E7D08468002CE4D0143C04F1100318461D
:10DAD00011F0A6FF020712D4184611F0A1FF830728
:10DAE0000DD421462846084AFEF75AF8002806DADF
:10DAF000009023462A465721044810F037F96469FC
:10DB0000E0E700BFB9C6020065FD030019DD0400AF
:10DB10002DE9F74F044603464FF6FF7101203A4ABC
:10DB200004F1700612F0E7FA3146207A12F000FB99
:10DB30003146207A10F0E3FE50B1237A4FF6FF71A0
:10DB40008DF8043001206B46304A009612F0D3FA6B
:10DB50002046FDF739FC074640B92046FDF7F2FBA9
:10DB6000054600283DD103B0BDE8F08F8568002D43
:10DB7000F3D055F81489B8F1000F01D0A8F11408BA
:10DB80004FF00009CA4601E04546984605F1100BE2
:10DB90006FF00801584611F031FF3146207A10F03D
:10DBA000AEFE80B92B464A4639462046A5F80CA061
:10DBB00012F07BF8B8F1000FCFD0D8F81430002B5A
:10DBC000E2D0143BE0E7584611F02AFFC307E9D43E
:10DBD0007B781BB13146781C11F01BFF05F114094D
:10DBE000E8E73146207A10F08AFE28B9284603B0CB
:10DBF000BDE8F04FFDF710BE3146681C03B0BDE82C
:10DC0000F04F11F006BF00BF39BA0200B5B70200ED
:10DC100008B5094B42689A420DD1836953B9074947
:10DC2000074841F6BF120FF07FFD41F6BF110348D0
:10DC30000FF071FD198208BD4DD30200C4D6040057
:10DC40003B90040008B5054B0146184612F004FC51
:10DC5000043B002814BF1846002008BDDC25002026
:10DC6000084B00F5B8701A68074BD0E8EF1F9942CF
:10DC700004D1C0E8EC2FBCF1000FF6D1D0E8AF0F13
:10DC8000704700BF68640020D825002008B5FFF762
:10DC9000E7FF0346C8B1D0E9001221B9002A0CBF42
:10DCA0000320022010E032B1836813B9094B1B78BE
:10DCB00033B9042008E00749087828B19B6833B9D4
:10DCC000003A18BF0122500008BD0320FCE70120E4
:10DCD000FAE700BF4771002010B5062111F099F94D
:10DCE000044628B94521044810F040F8204610BDEC
:10DCF000A0F1EC04FAE700BF62DD040010B5084CA7
:10DD00000246D4F8EC0020B9064AEC3462600C609C
:10DD100010BD0548452110F029F86FF00B00F7E71A
:10DD2000D8250020FC5A040082DD0400002370B5D1
:10DD30001A460446EC300D46FBF7CCFB50B1693077
:10DD400003D14521074810F011F82846BDE870407E
:10DD5000F6F78EBE04F5A0700023BDE87040024ABD
:10DD600009F0D4B84FD404001C4E0E0008B5D0F80A
:10DD7000A0304BB97030F7F78BF8452102460348C5
:10DD80000FF0F4FF082008BD0020FCE7ACDD040024
:10DD90002DE9F041D0F8EC600446F57890B0002D04
:10DDA00068D11022CF680CA8294615F02EFD227AE2
:10DDB000052A4FD8DFE802F0060303064E3DD4F8EB
:10DDC000D8300C9306F177030DF1200802937E36CC
:10DDD00004F111030093CDF80C8001960CAB04F113
:10DDE000270204F1370104F1C70012F084FF002874
:10DDF00034D110223946404615F0A4FE002837D110
:10DE0000627B237DCDE906009A4294BF0092009385
:10DE1000ADF8140004F14703D4F8EC0005AA06A9F4
:10DE200010F035FF00281EDA452113480FF09EFF41
:10DE300014E0D4F8E030002BC4D00DF1300C03F125
:10DE4000100E624618685968083303C27345944639
:10DE5000F7D1B7E7452109480FF088FF0825284684
:10DE600010B0BDE8F0810121201D12F053FBF6E750
:10DE70000B25F4E70025F2E7E7DD0400C6DD04002A
:10DE800038B50446051D0821284612F043FB084911
:10DE900004F15700F9F76CFE40B10821284612F052
:10DEA00016FB044845210FF061FF082038BD00BF74
:10DEB000F707040007DE040070B50B4605460D2188
:10DEC000043012F0C9FAF8B1DC68D5F8EC30022061
:10DED00003F170063246197A01F034FA48B9304637
:10DEE000F6F7D6FF452102460A480FF03FFF08200B
:10DEF00070BD224600F12E0304F1100152F8040B0C
:10DF00008A4243F8040BF9D12846092112F002FB9A
:10DF10000020EDE725DE040070B5051D0E462846FD
:10DF2000042112F099FA68B100220021002308466A
:10DF3000FBF782FA044638B90421284612F0EAFABF
:10DF4000204670BD034AF0E701210C30F6F7EAFEE7
:10DF50000670F5E71C4E0E0070B50C210546FFF764
:10DF6000DBFF0446F0B140210C30F6F7DBFE0E4B30
:10DF700002461B68014603F1200053F8046B8342FC
:10DF800041F8046BF9D1203203F1200153F8040B5E
:10DF90008B4242F8040BF9D128462146FFF7C6FE12
:10DFA000002070BD0820FCE7A065002070B5CD689A
:10DFB0000446EB78D0F8EC60102B01D0062070BD41
:10DFC0002A7990F8E830134080F8E8306A7990F8C0
:10DFD000E930134080F8E930022303742B68C0F85D
:10DFE0001130AB88A0F81530AB781A0706D5037B43
:10DFF0001B0703D50521043012F08CFAAB78980684
:10E0000006D5237B990603D51421201D12F082FA30
:10E01000AA78237BD20728D5DB0726D50D21201D22
:10E0200012F078FA237BE17C2D7803EA01021007D5
:10E0300004D5E27AA07C0243D2071AD4042D1AD860
:10E040000B4313F0040307D02046FFF71FFE314BAC
:10E0500005EB85052B441B5C23722046D6F8A010E7
:10E0600012F000FA48B90320A9E70023A4F8E83029
:10E07000D8E70523F0E70023EEE7D4F8EC309B7AED
:10E08000032B14D004D8013B012B1CD9082096E7A0
:10E09000042BFBD1237D627B934228BF1346102BB8
:10E0A0008CD10521201D12F0D7F90028DBD0237A6E
:10E0B000002BD8D00521201D12F0CEF918B9237AF3
:10E0C000013B012BCFD9261D0521304612F0C4F9A2
:10E0D0000028C8D02046FFF7C3FD002384F8E830AD
:10E0E00094F8E93003F0020384F8E9300A4B1D6824
:10E0F0002DB93046062112F00DFA28465FE720467A
:10E100000C2112F007FA0B2112F0E1F9BDE8704082
:10E11000FFF722BF36E20400A06500202DE9F0439E
:10E1200004468DB008AE10220021304615F06DFB7C
:10E13000227A052A33D8DFE802F0060303063222EA
:10E14000D4F8D8300893D4F8EC3004F1470204F145
:10E15000C707CDE9017204F1270803F17E0204F13B
:10E160003709009241464A46773304F1970001F09F
:10E1700015FFE0B1452128480FF0F8FD13E0D4F871
:10E18000E430002BDFD0354603F110072A4618682B
:10E190005968083303C2BB421546F7D1D3E745217E
:10E1A0001E480FF0E3FD08200DB0BDE8F083D4F861
:10E1B000EC3004AD03F17E027733019304F10A03DE
:10E1C000029200934A46334641463846039512F080
:10E1D00092FD10B145211248CEE70D21204612F0E4
:10E1E00099F90D21FFF798FE07460028DBD0102192
:10E1F0000C30F6F797FD2A460346154603CDB54287
:10E20000186059602A4603F10803F6D120463946C2
:10E21000FFF78CFD0020C7E744DE0400C6DD0400E4
:10E220005EDE040073B5047A0546022C23D844B19F
:10E2300090F8DC30D0F8D840DC4004F0010444F021
:10E24000800403212846FFF767FE0646D0B110215F
:10E250000C30F6F767FD009012482346006805F180
:10E26000270205F1570112F021FD044678B130462E
:10E27000F6F7FEFB06E0032C07D0224645210A48AC
:10E280000FF074FD082002B070BD0024D9E73146BC
:10E290002846FFF74BFD281D214612F018F92046AD
:10E2A000F1E700BFA0650020C6DD0400F7B5044615
:10E2B0000E46FFF7D5FC04F1570705463A46F368CA
:10E2C00003F1200153F8040B8B4242F8040BF9D1FF
:10E2D00004F1770203F1200153F8040B8B4242F85A
:10E2E000040BF9D13846F9F7A1FB00B3492168487E
:10E2F0000FF03CFD0E21201D12F00CF9D4F8EC605B
:10E30000D6F8A03033B9307A06F1700100F030FF52
:10E31000C6F8A000D6F8A0309BB15A8A02F02402B9
:10E320007AB15B7C99070CD4032003B0F0BD38466A
:10E33000F9F788FB28B9574857210FF017FD0B2034
:10E34000F3E7D4F8EC30DB780BB10020EDE7261DC5
:10E350000E21304612F080F860B94F4B202238462B
:10E36000196815F0EFFB28B957214C480FF0FEFC57
:10E370000820DAE7227A052A00F28380DFE802F03B
:10E380000349080381530321204612F0C3F831E00A
:10E390002046D4F8EC70FFF763FC04214FF0FF3304
:10E3A00005460DEB0100019304F06CFB0028DFD162
:10E3B000019B3B4A84F8DC00B3FBF2F102FB113312
:10E3C0000193C4F8D83055B12B6843B10B213046C6
:10E3D00012F0A0F838462B68D4F8D81098470321DB
:10E3E000204612F097F80E2112F094F8FFF71AFF6A
:10E3F00000289AD13046072112F08CF80820FFF748
:10E4000021FC0028A1D1204603B0BDE8F040FFF771
:10E4100037BD0A21304612F07DF86B68D4F8EC0065
:10E4200098470E21B0E7102104F1270004F02AFBE1
:10E4300000289DD155B3EB6843B31A4BD4F8EC10C8
:10E440001B88E27AADF80430C978A37CB9B9D20749
:10E4500003F0010311D4002B08BF032000238DF823
:10E460000500C4E9383330460C2112F053F8EB684C
:10E47000D4F8EC0001A99847BCE7581CEEE703204C
:10E48000ECE7452108480FF071FC71E702204CE7EA
:10E4900086DE0400ACDE0400A0650020CDDE0400B2
:10E4A00040420F0058530400C6DD04002DE9F0413E
:10E4B000044686B00D46FFF7D3FB04F13707064646
:10E4C0003A46EB6803F1100153F8040B8B4242F813
:10E4D000040BF9D1D4F8EC30DD78002D40F08180C8
:10E4E000227A052A67D8DFE802F021030321662C8F
:10E4F00094F8DC20D4F8D830D34003F0010343F083
:10E50000800339490DF10808CDF800803A460968C2
:10E5100004F1570012F0CAFB50B1452133480FF007
:10E5200025FC0825284606B0BDE8F0810023E8E771
:10E530001022414604F1170015F004FB08B1042530
:10E54000F0E7227A052A36D8DFE802F03A1D1D03EB
:10E55000353A02AB2448009300683B4604F1270299
:10E5600004F1570101F082FD0028DAD1201D0A21B3
:10E5700011F0D0FF092111F0CDFFB3680299D4F852
:10E58000EC009847CEE794F8DC300133DBB2142B73
:10E5900084F8DC3014D0102104F1270004F072FA62
:10E5A0000028BED10321204611F0B4FF06B0BDE81B
:10E5B000F041FFF737BE45210D480FF0D7FBB0E71C
:10E5C000231D0721184611F047FF20B109211846E5
:10E5D00011F0A0FFA6E7204606B0BDE8F041FFF726
:10E5E0009DBD05259EE700BFA0650020EDDE04006F
:10E5F000C6DD040038B504460D49A0F1EC055430E1
:10E6000008F040FB284611F0D2FF0A4A04F18403C7
:10E61000D3E8EF1FC3E8E02F0028F9D14FF0FF3314
:10E620008834D4E8EF2FC4E8E13F0029F9D138BDA0
:10E6300065EF0200D82500202DE9F0410546FFF7DF
:10E640004BFB0446002800F0CD80071D042138460E
:10E6500011F002FF002840F0C8800221384611F076
:10E66000FBFE002840F0B7800321384611F0F4FE8D
:10E6700018B16FF00F00BDE8F0810121384611F0AC
:10E68000EBFE0028F5D12046FFF7EAFAD4F8EC308B
:10E6900006469B7A032B15D005D8013B012B1BD9CD
:10E6A0006FF01500E7E7042BFAD12046FFF7EEFAEA
:10E6B000032804D1002EF3D0F368002BF0D04C4B8C
:10E6C0001B7807E02046FFF7E1FA032804D1002E6B
:10E6D000E6D0F368002BE3D0D5F8A0306BB1002171
:10E6E000EC22204615F091F8102104F1270004F0E7
:10E6F000C9F970B16FF06800BDE7287A05F17001C3
:10E7000000F036FDC5F8A0000028E8D16FF00B003E
:10E71000B1E70521204611F0FDFEF9F71BFA354B54
:10E72000012118602046FFF7F7FB80460028E1D062
:10E7300006210C30F6F7F6FA2D4B05461B782046DD
:10E74000002B14BF09260126FFF7A0FA2A4A032846
:10E75000127818BF46F0040604F5BA73D3E8EF1F29
:10E76000013103D1C3E8E02F0028F7D1D3E8AF3F50
:10E770009BB346F001062046AE70FFF787FA1F4BA9
:10E7800028701B7863BB1E4B1B786B701023EB70DB
:10E79000AB78414613F0010314BF032200222B7112
:10E7A0006A7184F8E8306B79204684F8E9300123F7
:10E7B00063722B68C4F80A30AB88E381FFF7B6FABE
:10E7C0002046022111F0A6FE0B2111F0A3FE032129
:10E7D000384611F09FFE00204DE706F00C06CAE710
:10E7E0000123D2E76FF07F0045E76FF0040042E7B6
:10E7F00047710020A06500205B07002048710020C1
:10E80000497100202DE9F743051D0646D0F8EC407C
:10E81000CB682846022111F01FFE00286AD103218F
:10E82000284611F019FE002864D10121284611F074
:10E8300013FE00285ED1314A1278002A5CD093F88A
:10E84000008018F0080F08F00F0755D0D4F8A0305A
:10E8500053B15B8A03F02403BBB92046FFF7ECFEFB
:10E8600000283FDB0F2142E004F170094A462020D6
:10E87000217A00F0B7FCC4F8A00030B94A46042061
:10E88000217A00F0AFFCC4F8A000D4F8A010002951
:10E89000E3D018F0040F10D04B7CDA070DD43046CB
:10E8A000FFF7F4F903283A4602D04921144801E061
:10E8B000572114480FF05AFACFE74B8A9B0601D430
:10E8C0003A46F2E70B7C01F11C020093204601F16D
:10E8D0001E03143110F0DBF9002807DA45210A483D
:10E8E0000FF044FA082003B0BDE8F0830121284668
:10E8F00011F010FE0020F6E70320F4E74771002036
:10E900000BDF040037DF0400E7DD0400F8B5D0F8C2
:10E91000EC400646D4F8A030051D002B32D157211B
:10E9200040480FF023FA07213F4B5F5CD4F8A0303A
:10E930004BB11B7C002B5DD1D4F8A00000F024FD6E
:10E940000023C4F8A0300221284611F085FD48B903
:10E95000072F94BF354B1F213A46204698BFD95DFB
:10E96000FAF798F80321284611F076FD68B3304B8A
:10E970001B6853B31D6805B10C3D53F8083C002BD0
:10E9800041D143E081BB0D21284611F065FD0746CA
:10E9900020B1D4F8A00008B100F000FE244B1B68A1
:10E9A0009BB11D6805B10C3D53F80C3C13B13946C1
:10E9B000204698474DB12B46ED681B681DB10C3DB4
:10E9C000002BF4D1F7E7002BF1D1304611F0EFFD29
:10E9D000637B072B24D1627AA37A9A4220D0204607
:10E9E000BDE8F84011F09CBE0139C9B20E299BD98F
:10E9F00009279BE70221284611F02EFD00289BD114
:10EA0000A1E70C3D23B1394620469847002DDCD0C4
:10EA10002B46ED685B68002DF3D1002BF3D1D4E7D2
:10EA2000F8BD00BFEFDF040027E2040016E2040097
:10EA300060640020F8B5031D06460F461846022103
:10EA400011F00AFD044620B1B6F8E840B4FA84F4A7
:10EA500064090321184611F0FFFC78B139463046AD
:10EA6000FFF754FFBCB1572118480FF07FF905217B
:10EA7000D6F8EC00F9F730FD0020F8BD012118466A
:10EA800011F0EAFC0028E9D10F21184611F0E4FC4E
:10EA90000028E3D1E6E705213046FFF73DFA0546B9
:10EAA00088B101210C30F6F73DF923460770224664
:10EAB000294606F1EC00FAF70DFD0028DCD02846C7
:10EAC000F5F7D6FFD8E76FF06800D6E71EE0040040
:10EAD000244B10B5044618604FF0FF324FF0FF335F
:10EAE000214807F0EBF850B1204941F23C32204870
:10EAF0000EF01AFE41F23C311C480EF00CFE1D488F
:10EB000008F0ECFA184807F08FF940B1174941F2C4
:10EB1000413217480EF008FE41F24131ECE72CB9C2
:10EB20005721BDE8104014480FF020B9134CD4E829
:10EB3000AF3F5B0614D5D4F8E830043CDB787BB9F2
:10EB40002046FFF709FA014610B12046FFF772FF91
:10EB5000D4E8EF3F43F48053C4E8E23F002AF7D102
:10EB600010BD00BFA0650020080600206BDF040078
:10EB70003B9004001C0600207BE00400DC25002004
:10EB80002DE9F0410B8A04460E4633B945212A4847
:10EB90000FF0ECF80020BDE8F081012106F10C0037
:10EBA000F6F7A6F8A4F1EC05E83C07460421204658
:10EBB00011F052FC3A7820B1572120480FF0D6F8D6
:10EBC000E8E70E2A02D957211D48F7E7DFF88080D1
:10EBD00058F8323043B957211A480FF0C7F80721C7
:10EBE0002846FFF727FFD5E71146284611F080FC9D
:10EBF0003B7860B9572114481A460FF0B7F8032143
:10EC0000204611F029FC0028C4D00821E8E708EBD1
:10EC1000C301328A0979914205D045210B480FF092
:10EC2000A5F80A21DCE73146284658F833309847E2
:10EC300001460028AED0D3E799E00400B9E0040013
:10EC4000EFE0040016E1040035E104003ED50400C5
:10EC5000245B04002DE9FF4190F8E930CF6823F0F0
:10EC6000020380F8E930D0F8EC603B78044606F106
:10EC70007008C3B1BB7903F0C003C02B13D0384672
:10EC8000F6F706F9452102465A480FF06FF840465C
:10EC9000F6F7FEF84521024657480FF067F80A20BC
:10ECA00004B0BDE8F08107223946404614F04AFF1F
:10ECB00068B13946307A00F00DFB054638B101469F
:10ECC000204611F0CFFBB8B1284600F05DFB0D21C6
:10ECD000201D11F0C1FB00286ED042460220317A7F
:10ECE00000F030FB054648B94046F6F7D1F845211B
:10ECF000024642480FF03AF80820D1E7F378002B9B
:10ED00003CD106F17E031878012827D19A7902F0C8
:10ED1000C002402A22D1D3F80120C5F83E20B3F822
:10ED20000530A5F8423096F87030BBB196F87630D1
:10ED300003F0C003C02B11D0314901AACDE90187EE
:10ED40000395F9F70BFB3B683046C5F80130BB88EB
:10ED5000A5F80530BB79EB71F9F75CFE94F8E91082
:10ED600011F002010DD0274941F2290226480EF088
:10ED7000DBFC41F2290123480EF0CDFC06F17703BC
:10ED8000C1E72846F7F77EFF014628B11F48572103
:10ED90000EF0ECFF032083E72846F7F773FF40B13E
:10EDA000184941F24D0218480EF0BEFC41F24D01E7
:10EDB000E1E72846F7F778FF94F8E9305B0703D5D9
:10EDC0000A21204611F0A6FBF37823B1B4F8E8102D
:10EDD00061B1002064E794F8E930002BF6D1D4F853
:10EDE000EC00FEF7C3FF0028F0D059E72046FFF7FC
:10EDF0008DFDEEE755E104006EE1040025DE040020
:10EE0000EF0504006BDF04003B9004007BE104008D
:10EE10002DE9F0410E460446D0F8EC80FEF720FFC5
:10EE2000F6684521054632780E48271D0EF09EFFF4
:10EE30000A21384611F05CFB38B16DB920463178B3
:10EE4000FFF764FD0020BDE8F0810B21384611F08A
:10EE50004FFB0028F1D1F1E72B69002BEED04046A3
:10EE60009847EBE7BBE104002DE9F0410546A0F12E
:10EE7000E80604460F463046012155F8EC8911F0AA
:10EE800037FB002861D0DFB10321304611F0E4FAEE
:10EE900000285AD03846F6F7F7FF0138C0B20828E4
:10EEA0008CBF00242E4B4FF0020198BF1C5C3046F3
:10EEB00011F030FB21462846BDE8F041FFF726BDA2
:10EEC00098F80B30002B40D00321304611F0C4FAE3
:10EED00020B92846BDE8F04111F069BB0521304654
:10EEE00011F0BAFAB8B114F8043C1F0707D514F8AA
:10EEF000033C180703D51121304611F00BFB14F821
:10EF0000043C23F0080304F8043C14F8033C23F009
:10EF1000080304F8033C14F8033CD90717D506216D
:10EF2000284611F0F7FA0221304611F0F3FA98F86A
:10EF3000033013B914F8033C3BB92068FEF716FF01
:10EF400018B934F8041C0029B5D0BDE8F0819A073F
:10EF500001D50821E4E75B07E5D50A21E0E700BF1A
:10EF60001EE2040038B5A0F5A075A0F59E74D4E8A3
:10EF7000AF2FD5E8AF3F452106480EF0F7FE2846F3
:10EF80000821FFF7C3FC2046BDE83840042111F0FA
:10EF9000C1BA00BFE2E10400F8B50446FEF79CFEEA
:10EFA0000546002800F08380061D0321304611F03D
:10EFB00053FA00287BD0D4F8A00008B100F0E4F99F
:10EFC00004F170073946207A00F0D2F8C4F8A000A6
:10EFD00068B93846F5F75CFF4521024636480EF021
:10EFE000C5FE2846BDE8F8400821FFF723BD0E21E5
:10EFF000304611F031FA28B1D4F8A020537C43F008
:10F00000020353742B7A032B11D823B10521304608
:10F0100011F022FAA0B9D4F8A020537C23F02003E9
:10F020005374D4F8A020537C23F001030DE0053B7A
:10F03000012BF0D8D4F8A020537C43F02003537464
:10F04000D4F8A020537C43F0010353742B7D697BDB
:10F05000D4F8A0208B4228BF0B46304613740521FC
:10F0600011F0FAF9D4F8A0305A7C08B342F010023B
:10F070000D2130465A7411F0EFF9C0B12021D4F8B7
:10F08000A00000F049F9D4F8A03005F147021E3382
:10F09000573552F8041BAA4243F8041BF9D1002348
:10F0A000D4F8A02053619361D4F8A0209383F8BDD5
:10F0B00022F010025A74FAE725DE0400012208B596
:10F0C000034B04481A70F8F7FDFC002008BD00BF90
:10F0D000477100202406002008B550B909490A48A4
:10F0E00040F24A220EF020FB40F24A2105480EF081
:10F0F00012FB437C5B0604D4BDE808400121F7F70E
:10F100009BBD08BD56E204003B9004002DE9F04190
:10F11000144D06462F4617F8013B0C4683424FF02C
:10F12000010804D10722384614F00CFDA0B1B8F153
:10F13000000F05D0072238460B4914F003FD70B9C3
:10F140002E702268094BC5F80120A2889A80A27906
:10F150009A7140F21123EB600248BDE8F081002073
:10F16000FBE700BFA46500200CBB0400A5650020E0
:10F1700008B541B90649074871220EF0D5FA712148
:10F1800003480EF0C8FABDE80840FFF7BFBF00BF54
:10F1900056E204003B9004000B4610B511460446AD
:10F1A0005BB908490848CD220EF0BEFACD210548CA
:10F1B0000EF0B1FABDE8104018470448428A2242D6
:10F1C000F8D110BD56E204003B900400A465002075
:10F1D00008B5002202200249FFF7DEFF002008BD2B
:10F1E000D9F00200F8B50E46054611464AB10E4C5C
:10F1F00000272046638A10F8012B2B400AD11846BD
:10F20000F8BD0A490A48DA220EF08EFADA210748D8
:10F210000EF081FA964203D1072214F093FC08B154
:10F220003846EDE72046EBE7A465002056E20400EF
:10F230003B900400F8B506460C4651B920492148D8
:10F2400040F203120EF070FA40F203111C480EF067
:10F2500062FA0B78012B01D00020F8BD8B7903F006
:10F26000C003402BF8D1184D002329466F8A11F8AE
:10F270003E2BBF0704F1010006D5B24204D106229D
:10F2800014F060FCD0B100236A8A297802F00202EF
:10F29000002BE1D1002ADFD0B142DDD1671C394615
:10F2A0000A480FF0EBF901230028EDD0D4F8013023
:10F2B000C5F83E30B4F80520054B9A800248CCE7EB
:10F2C00056E204003B900400A4650020D2650020B3
:10F2D000E265002010B529B10C4C237883420CD094
:10F2E000002010BD0A490B484FF49A720EF01CFA28
:10F2F0004FF49A7106480EF00EFA0722601C14F0C3
:10F3000021FC00280CBF20460020EAE7A46500206D
:10F3100056E204003B90040008B550B9074908487C
:10F320004FF4A2720EF000FA4FF4A27103480EF0EF
:10F33000F2F9438A1943418208BD00BF56E2040036
:10F340003B900400F8B506460F46154642B90C49F5
:10F350000C48EC220EF0E8F9EC2109480EF0DBF93C
:10F36000FFF740FF044640B929463846FFF700FF43
:10F37000044610B13146FFF7CFFF2046F8BD00BF6D
:10F3800056E204003B90040010B5044650B90E4903
:10F390000E484FF4AA720EF0C7F94FF4AA710A484A
:10F3A0000EF0B9F9037A5B0701D5F7F72FFD214677
:10F3B00011F8010BF5F72CFF2046BDE81040442260
:10F3C000002114F022BA00BF56E204003B90040072
:10F3D000F0B504461546184693B034B94521654842
:10F3E0000EF0C4FC6FF015062EE0382204A9A847E1
:10F3F000051E05DA2A4645215F480EF0B7FCF1E705
:10F40000204602A90FF04DF9064618B122464521C3
:10F410005A48F2E7204601A90EF01CFD019840B1C0
:10F420000A2231460CF0B4FC024610B14521544882
:10F43000E3E7ADB929463F2002AAFFF7D3FE30B17A
:10F440004422294614F0E1F9304613B0F0BD02A879
:10F45000F5F71EFD572102464A480EF087FCF3E7F8
:10F46000002002A9FFF752FE044650B902A8F5F7A2
:10F470000FFD4521024644480EF078FC6FF00B0664
:10F48000E2E7382D9DF8103039D0102B2DD8342DCF
:10F490002BD140F2112304ADC36010AF00F1100373
:10F4A0002A4603CABA4218605960154603F1080398
:10F4B000F6D110681860E27BB4F80D3043EA0243DD
:10F4C000022B4FD1637CDA07BED513F0300FBBD1CE
:10F4D00002A8F5F7DDFC572102462C480EF046FC49
:10F4E000637C23F001036374AEE738232A46452189
:10F4F00027480EF03BFC2046FFF746FF72E7102B33
:10F5000020D840F2112304ADC36010AF00F1100306
:10F510002A4603CABA4218605960154603F1080327
:10F52000F6D110681860638A03F02202990662829D
:10F53000C1D402A8F5F7ACFC5721024615480EF0DD
:10F5400015FCD8E704AB00F10C0512AF1A4603CA4C
:10F55000BA4228606960134605F10805F6D1237B9D
:10F56000112BA8D002A8F5F793FC452102460A48C2
:10F57000E5E700BF37BB040086E2040039D704008A
:10F580005AD70400AAE20400D2E2040083E3040094
:10F59000F6E2040019E304003EE30400024610B55D
:10F5A00050B90D490D4840F289120EF0BDF840F2F5
:10F5B000891109480EF0AFF80146382311F8010B04
:10F5C0000C32F5F717FE044620B1024645210448E7
:10F5D0000EF0CCFB204610BD56E204003B90040028
:10F5E000EDE3040070B506460E4B1C686CB951B1D2
:10F5F000002200230C480EF0CBFF054650B94521F0
:10F600000A480EF0B3FB204670BD238BB342FAD0FC
:10F610002468EBE7014606830248F5F78FF92C468C
:10F62000F1E700BFFC650020180C00201FE4040077
:10F6300010B5036804462BB9BDE8104057211348A4
:10F640000EF094BB0020124A116821B957211148CD
:10F650000EF08CFB0AE08B4214D1196860B9506837
:10F660001160834200D1516000221A602068F5F7D2
:10F67000FFF90023236010BD016051688B4208BF71
:10F680005060F1E708460968DFE700BF4DE4040079
:10F69000FC6500207DE4040030B5038A8BB01E2B8E
:10F6A00006D8452156480BB0BDE830400EF05EBB91
:10F6B0001F210C30F5F71CFB027804461AB15721C4
:10F6C00050480EF053FB0121B4F80100F8F766FE34
:10F6D000054610B945214C48E5E72178002940F05E
:10F6E0008C80E3788DF804306279237943EA022331
:10F6F000ADF80630A3798DF80830E3798DF809303C
:10F70000237A03F00102C3F340038DF80B30637AD0
:10F710008DF80A2003F001038DF80C30E37A8DF8A0
:10F720001030237B8DF81130627B8DF81220E37A44
:10F730002BB1A37A03F00103C3F10203DBB28DF80E
:10F740000D30237B2BB1A37A13F0020F14BF0123DA
:10F7500002238DF80E302AB1A37A13F0040F14BFE0
:10F76000012202228DF80F20E389002103F001031A
:10F770008DF81330238A284603F001038DF81430E6
:10F78000A37CC3F34002C3F380038DF815208DF8EA
:10F790001630B4F8133001AAC3F340038DF81730C4
:10F7A000B4F81330C3F380038DF81830B4F8133075
:10F7B000C3F3C0038DF81930B4F81530ADF81A3022
:10F7C000B4F81730ADF81C30B4F81930ADF81E306D
:10F7D000B4F81B30ADF82030637F8DF82230A37F62
:10F7E000ADF824108DF823308DF82610F9F7E6FADD
:10F7F0002846F8F791FC0BB030BD0022F6E700BFB9
:10F8000086CA0400A1E40400E0E4040030B5038AE1
:10F810008BB0212B06D8452157480BB0BDE83040AE
:10F820000EF0A4BA22210C30F5F762FA02780446F1
:10F830001AB1572151480EF099FA0121B4F801008C
:10F84000F8F7ACFD054610B945214D48E5E72178AC
:10F8500039B10022F9F7B2FA2846F8F75DFC0BB08F
:10F8600030BDE3788DF804306279237943EA0223CE
:10F87000ADF80630A3798DF80830E3798DF80930BA
:10F88000237A03F00102C3F340038DF80B30637A4F
:10F890008DF80A2003F001038DF80C30E37A8DF81F
:10F8A0001030237B8DF81130627B8DF81220E37AC3
:10F8B0002BB1A37A03F00103C3F10203DBB28DF88D
:10F8C0000D30237B2BB1A37A13F0020F14BF012359
:10F8D00002238DF80E302AB1A37A13F0040F14BF5F
:10F8E000012202228DF80F20E389002103F0010399
:10F8F0008DF81330238A284603F001038DF8143065
:10F90000A37CC3F34002C3F380038DF815208DF868
:10F910001630B4F8133001AAC3F340038DF8173042
:10F92000B4F81330C3F380038DF81830B4F81330F3
:10F93000C3F3C0038DF81930B4F81530ADF81A30A0
:10F94000B4F81730ADF81C30B4F81930ADF81E30EB
:10F95000B4F81B30ADF82030637F8DF82230A37FE0
:10F960008DF82330B4F81F30ADF8243094F82130EE
:10F970008DF826306EE700BF86CA0400A1E40400BB
:10F98000E0E4040037B5038A4A2B06D84521144821
:10F9900003B0BDE830400EF0E9B94B210C30F5F76B
:10F9A000A7F9027804461AB157210E480EF0DEF985
:10F9B0000121B4F80100F8F7F1FC054610B9452122
:10F9C0000948E5E7217849B90334019401AAF9F718
:10F9D0002DFA2846F8F7A0FB03B030BD0022F6E769
:10F9E00086CA04002CE5040061E504002DE9F04717
:10F9F0004FF00008038A8AB00E2B0546CDF804802C
:10FA000006D8452150480AB0BDE8F0470EF0AEB91F
:10FA10000F210C30F5F76CF90788044601213846B0
:10FA2000F8F7BCFC064610B945214848EBE7E37AF5
:10FA3000012B45D0CDF82480A37B002B35D105A91F
:10FA4000B4F805308B80B4F80730CB80A37A4B72C2
:10FA5000E37A8B72237BC3F30303CB72237BC3F361
:10FA600003130B73637A0B72637B4B73A37B8B73F0
:10FA7000E37A0F3B18BF4FF0FF33CB7300230B70BB
:10FA80004B80A3780B70B4F803304B80E37A012BE2
:10FA900002D03046F9F7D6FAA37A012B17D13046B7
:10FAA000F8F73AFB0AB0BDE8F0870DF108084046C8
:10FAB0002A8A04F10F010EF06FFDCDF82480BEE715
:10FAC000A17A012911D0572121480EF04FF9304673
:10FAD000F8F722FB00213846FFF784FD019000284B
:10FAE000E0D001A8FFF7A4FDDCE7A37B13B9572101
:10FAF0001848EAE73846B5F81090FFF773FD04F1AF
:10FB00000F0A054610B945211348DEE7038A1BB1E9
:10FB1000572112480EF02AF9284605F10C08F4F78F
:10FB200033FE40460EF068FD814502D945210C4860
:10FB3000CBE751464A4640460EF066FD094901951D
:10FB4000C1F810807CE700BF86CA0400A7E5040066
:10FB5000E7E504003FE6040071E60400A4E60400C3
:10FB6000D5E60400E865002000232DE9F341019368
:10FB7000038A0746072B06D84521434802B0BDE853
:10FB8000F0410EF0F3B808210C30F5F7B1F8B0F8F9
:10FB90000080044601214046F8F700FC064610B9F3
:10FBA00045213A48EAE7E57905B13D8A002140461A
:10FBB000FFF718FD074648B9452135480EF0D6F83D
:10FBC000304602B0BDE8F041F8F7A6BA038A13B98F
:10FBD00057213048F2E77DB100F10C0840460EF0A5
:10FBE0000BFD854202D945212B48E7E72A464046CE
:10FBF00004F108010EF008FDE378284D01976B72BF
:10FC00002379AB726379C3F30303EB726379C3F3B4
:10FC100003132B73A2796B7B9A4203D057212048A0
:10FC20000EF0A4F82279AB7B0F2A03D1EA7B9A422B
:10FC300088BFEB73E2791344AB732379012B0BD0AC
:10FC400016493046F9F7FEF93846F4F79DFD1422BF
:10FC50000021124813F0D9FDE378012BB0D02379AD
:10FC6000012B0CD157210F480EF080F83046F8F7E1
:10FC700053FA01A8FFF7DCFC02B0BDE8F08101A84F
:10FC8000FFF7D6FC9CE700BF86CA0400A7E5040086
:10FC900011E704008FE70400D5E60400E8650020C2
:10FCA000C7E70400E7E5040030B5038A89B0202BDC
:10FCB00006D845213D4809B0BDE830400EF056B8A1
:10FCC00021210C30F5F714F8027804461AB15721B7
:10FCD00037480EF04BF80121B4F80100F8F75EFB4D
:10FCE000054610B945213348E5E7217800295AD166
:10FCF0002379E1783BB9F9F709F9284609B0BDE85D
:10FD00003040F8F709BAA2796379FF2A1CBF43EAA9
:10FD10000213DBB28DF80530E3798DF804108DF80D
:10FD20000630237A00218DF80730637A01AA8DF816
:10FD30000830A37A8DF80930E37A8DF80A30237BF6
:10FD40008DF80B30637B8DF80C30237E8DF80D30F1
:10FD5000637E8DF80E30A37E8DF80F30E37E8DF834
:10FD60001030237F8DF81130637F8DF81230A37F20
:10FD70008DF81330E37F8DF8143094F820308DF82F
:10FD80001530D4F80E30CDF81630D4F81230CDF846
:10FD90001A30E38AADF81E30F9F780F82846F8F7F4
:10FDA000BBF909B030BD0022F6E700BF86CA0400E7
:10FDB0002BE8040051E8040038B5038A022B05D86B
:10FDC00045211148BDE838400DF0D0BF03210C306B
:10FDD000F4F78EFF027804461AB157210B480DF054
:10FDE000C5FF0121B4F80100F8F7D8FA054610B9AB
:10FDF00045210748E6E72178F9F7BAF82846BDE833
:10FE00003840F8F789B900BF86CA040097E80400B3
:10FE1000C6E8040030B5038A87B0142B06D8452104
:10FE20002F4807B0BDE830400DF0A0BF15210C30C1
:10FE3000F4F75EFF027804461AB1572129480DF005
:10FE400095FF0121B4F80100F8F7A8FA054610B9AA
:10FE500045212548E5E7217959B90088FFF7C2FB1C
:10FE6000019030B1214857210DF080FF01A8FFF724
:10FE7000DFFB217889BBE3788DF8043023798DF896
:10FE8000053063798DF80630A3798DF80730627AF2
:10FE9000B4F8073043EA02430293A37A01AA8DF82B
:10FEA0000C30B4F80B30ADF80E30B4F80D30ADF8BE
:10FEB0001030B4F80F30ADF81230B4F81130ADF89E
:10FEC0001430B4F81330ADF816302846F9F782F83C
:10FED0002846F8F721F907B030BD0022F5E700BF4A
:10FEE00086CA040010E9040040E904008BE904001C
:10FEF0000138032824D8DFE800F00209121BF9B901
:10FF0000022A34BF00206FF015007047012917D86E
:10FF1000022A15D80C4B01EB41010B4406E00529E0
:10FF20000ED8032A0CD8094B03EB8103985C704769
:10FF3000172905D8042A03D8054B01EB8101ECE70A
:10FF40006FF01500704700BF4BEA040033EA04006D
:10FF5000BBE90400884210B500EB02030DD98C18F0
:10FF6000A0420DD20B490C4840F2B3220DF0DCFB4D
:10FF700040F2B32107480DF0CEFBF3D09942F0E7F1
:10FF8000013A114411F8012900F8012B8342F9D1FB
:10FF900010BD00BFA9CA04003B9004002DE9F04742
:10FFA0009AB01646DDE923970CAA84468A46904605
:10FFB0001D462C4B03F1300E14461868596808335F
:10FFC00003C473452246F7D118681B796146206047
:10FFD0002371202204A8FFF7BDFF6B462022224890
:10FFE00004A900F071F80446C0BB102251460DF17F
:10FFF0003500FFF7AFFF102231460DF14500FFF746
:020000023000CC
:10000000A9FF294611F8013B06220DF156008DF893
:100010005530FFF79FFF2299062211F8013B0DF1A1
:100020005D008DF85C30FFF795FF4B463522414669
:10003000684600F049F8044680B9484610F028FEAA
:10004000012335228DF8303041463B46684600F0AA
:100050003BF8044610B9384610F01AFE20461AB094
:10006000BDE8F0875A53040057EA040070B50E4605
:100070001D46144698B00146202204A8FFF76AFFE7
:10008000202231460CA8FFF765FF1022294614A84C
:10009000FFF760FF102221466846FFF75BFF6B46C3
:1000A0005022184604A900F00FF840B9039B054AF6
:1000B0001BBAB3FBF2F102FB11331C9A136018B0A8
:1000C00070BD00BF40420F002DE9F0418EB00746E1
:1000D0000C4615460021182208A81E4613F095FB71
:1000E0004FF41053ADF81C308023ADF81E304FF4A0
:1000F0004063DFF85C801022CDE90938394605AB52
:1001000007A809F0A3F9024640B145210E480DF0B9
:100110002DFE6FF004000EB0BDE8F08106AB029337
:10012000102322464146CDE9006305982B4612F084
:100130007EF90446059809F039F92043EBD02246B0
:1001400045210248E3E700BF71EA040092EA040097
:100150000002C00310B5094C0A44914200D110BD01
:1001600011F8013B58400309E35C0001C0B2434071
:100170001809205C1B01DBB25840EEE7B0EA04002E
:100180000122024BC3F80424704700BF002008E09E
:1001900037B540230C460A490093411A49110546D8
:1001A0002346084A084810F0F6FD011E05DA2846E5
:1001B000234603B0BDE83040184703B030BD00BF50
:1001C00018660020FF0D04002C40040010B5EFF36A
:1001D0001184402383F31288BFF36F8F074A13689B
:1001E00023F00201DB07116002D4012002F070FD50
:1001F00084F31188BFF36F8F10BD00BF70660020BD
:10020000C9B2012908B508D9084909487E220DF06C
:100210008BFA7E2105480DF07EFA0C22036901FB62
:100220000233986C00F0070008BD00BFCBEA040061
:100230003B90040070B5C9B2012903690AD9184975
:1002400018484FF4E8720DF06FFA4FF4E871144853
:100250000DF061FAEFF31185402484F31288BFF3A7
:100260006F8F0C2606FB0134A46C14F0C00408D078
:10027000A24206D085F31188BFF36F8F4FF0FF3095
:1002800070BD012271430B449A6485F31188BFF35A
:100290006F8F43680B445B6898470020F0E700BF0E
:1002A000CBEA04003B90040070B50D4606490446B5
:1002B000411A491140220548FFF7BCFF2B46014671
:1002C0002046BDE870401847186600202C40040006
:1002D000F8B500220121054640F20510F3F76AFE49
:1002E0000F4802F00DFD0446B8B911F066FA2F6907
:1002F0000C4938460DF0E0FA031E09DB0126BE6406
:100300002D69084905F120000DF0D6FA031E02DA26
:100310001C462046F8BD6E65FBE76FF00404F8E765
:10032000B1030300B05B04007FB500220123CDE9D7
:10033000022304ABCDE90433094A6B46CDF800D063
:10034000CDF804D010F054FD002805DB43F6095227
:100350000023684605F0BEFF07B05DF804FB00BF50
:100360000B0E04000C22104B014602FB0033002050
:1003700030B4D3E910521864EFF31180402484F3B1
:100380001288BFF36F8F9C6C04F0C00444F0020429
:100390009C6480F31188BFF36F8F1DB12B4630BC76
:1003A0000248184730BC7047186600202C400400F3
:1003B00008B506281BD8DFE800F023230D0F04231F
:1003C0002300104B986C10F0070019D1BDE80840CD
:1003D000FFF7C8BF0120F9E70B4940F2FA220B48AA
:1003E0000DF0A2F940F2FA2107480DF094F9064900
:1003F0004FF4417205480DF097F94FF44171F3E75E
:1004000008BD00BF18660020CBEA04003B90040042
:1004100010B4EFF31182402383F31288BFF36F8F80
:100420001748016841F002040460C80708D482F349
:100430001188BFF36F8F01205DF8044B02F026BCDA
:100440001049D1F80C14C903F1D5EFF3118083F3EF
:100450001288BFF36F8F0C498B6C03F0C00343F01D
:1004600002038B6480F31188BFF36F8F82F31188CE
:10047000BFF36F8F00205DF8044BFFF773BF00BF21
:100480007066002000E0105018660020024BC0B2D9
:1004900003EB4010704700BF186600202DE9F041C3
:1004A000012206463F49D1E8EF3FC1E8E02F00288E
:1004B000F9D19BB93C493D484B60CB608A60F0F76D
:1004C0003DFD00280ADA3A4940F2A32239480DF0EE
:1004D0002BF940F2A32136480DF01DF95EB3731ECF
:1004E000012B56D8012E06D1334BD3F8503403F0EC
:1004F0000303012B1FD011F022FC0546E8B92F4B56
:100500001B78D3B1042207462B4BC3F808232A4C8F
:10051000DFF8AC80D4F84C24D4F84C34D20315D591
:1005200003F00303012B01D0012E0FD165B387F334
:100530001188BFF36F8FBDE8F081EFF3118740237F
:1005400083F31288BFF36F8F0125E0E7BDB1384612
:100550000DF0E7FFD4F8403413F0FF03DAD1D4F8FC
:100560000821002AD6D0C4F80831D4F80831202256
:100570000123C4F84034C8F8A0212361CAE7002150
:10058000202007F0F3FBE5E704220B4BC3F804231C
:10059000D1E7074940F2B52206480DF0C5F840F210
:1005A000B52198E714660020046600203866002014
:1005B000CBEA04003B90040000E010505B76002082
:1005C00000E100E008B5074811F0D3FA38B1064859
:1005D000F4F774F80448F0F787FA002008BD6FF0CC
:1005E0001200FBE7B8400400ED0503000A2838B507
:1005F0000446074D04D1AB680D2128465B68984737
:10060000AB6803485B68E1B29847204638BD00BF3D
:10061000B84004000023024A0020C1E900237047CB
:100620000050160000487047D45B0400024B0B607A
:1006300001231360704700BFDC5B040008B5012292
:100640000548114611F006FB02F0C2FB034B044AB9
:100650000020C3F80C2508BD7466002000B00450CB
:100660008000008010461A46084B10B5994209D800
:10067000C1F5B21404F58054A24203D813F0B8F8BF
:10068000002010BD6FF01500FBE700BFFF4F160004
:1006900038B542F201030F4D1446C5F80035A1B13B
:1006A00013F0A6F8BFF35F8FD5F81834DB0706D434
:1006B000C4F308041CB10123AB60BFF35F8F4FF498
:1006C0000052044BC3F8002538BDFF2113F09DF8FC
:1006D000E8E700BF00B00450F0B51D4B0546984256
:1006E0000F46144687B030D8C0F5B21303F58053D7
:1006F0009A422AD8FAB14FF0FF324FF0FF33154833
:1007000005F0E8FD11F05CF80646B8B101238DF85C
:100710001430114B4FF4FA50009302AB0494019340
:10072000CDE9027502F05CFB684602F05FFB04460F
:10073000084805F065FD204607B0F0BD2246394661
:100740002846FFF7A5FF3446F2E76FF01504F2E7FD
:10075000FF4F1600746600200F0F0400004870471A
:10076000285C04002DE9F34743680F1E0646154632
:10077000D3F828806CDBBB18434569D842EA0704EC
:10078000C4F30B04002C63D1006910F007FC4FF098
:10079000FF39002D55D0002C53D12346CDE900441C
:1007A00080220621304610F0FFFB0446002848D185
:1007B000A84513D10346CDE900008022C721304669
:1007C00010F0F2FB00250446002C3AD140F21B62E7
:1007D0000023304610F049FC0446DAE782461E4BFF
:1007E0005A7882B109FA02F137EA01010BD10121ED
:1007F0009140A94207D8BAF1000F1ED09AF8011013
:10080000914238BF9A460134042C03F10203E7D128
:10081000BAF1000F13D0002381229AF8001030465D
:10082000CDE900333B4610F0BFFB01239AF80120CD
:10083000044693401F44ED1AC6E79A46E3E76FF07B
:100840001504306910F0A8FB204602B0BDE8F0871F
:100850006FF01504F8E700BFEEEC04002DE9F0415D
:10086000044686B000694FF0FF32012111F0F2F921
:100870006668306811F07DF9D8B1337EA3B996F877
:100880004030D9061BD4206910F088FB204610F0B8
:1008900084FC021E80F28C804521B4480DF066FA7B
:1008A000206910F079FB04E0F06811F062F900288B
:1008B000E5D16FF01205284606B0BDE8F081306A38
:1008C00011F057F920B94521A9480DF04FFAF0E78A
:1008D000306A96F82410F38C03F03002302AD0F8F6
:1008E00010C0D0E9015E0AD1A24940F2F732A24815
:1008F0000CF01AFF40F2F7319E480CF00CFF03F0A9
:100900000602042A08D19B4940F2FE329A480CF0B4
:100910000BFF40F2FE31EFE701272D68DA0707FAF7
:1009200001F754BF43F4D01383F4B0132F4223F4E0
:10093000801208D18F4940F211428F480CF0F4FE2A
:1009400040F21141D8E7DCF80050DB074CBF3D43D3
:10095000BD43CCF80050DEF80030984710B1452177
:100960008648B2E70121306A96F824200369914055
:1009700042681268114208D17E4940F2A2627E4864
:100980000CF0D2FE40F2A261B6E71B681942836800
:1009900014BFDB681B699847054600283FF473AF16
:1009A000002D80F20C8115F1860F00F0088182E79E
:1009B000204610F049FB051E26DDE8071AD4206901
:1009C00010F0EAFA206910F0E9FA4FF0030800236A
:1009D00005AF1A469F212046CDF80480009710F0FD
:1009E000E3FA0546206910F0D7FAC5B12A46452139
:1009F000634811E0572163480DF0B8F90022002345
:100A0000204610F032FB0546206910F0C5FA002D93
:100A1000D8DA2A4645215C480DF0A8F949E738465E
:100A2000424606F1340113F08DF80746B0B196F84E
:100A300036304521039396F835309DF81420029303
:100A400096F83430514801939DF816306FF0150533
:100A500000939DF815300DF089F92CE796F83830A1
:100A6000002B36D0206910F099FA204610F0ECFAED
:100A7000051E29DD96F83830802225EA0305062177
:100A80003B462046CDE900778DF8135010F08CFAE4
:100A9000054630B1206910F07FFA2A4645213C48CE
:100AA000BAE701210DF1130300938022034601915F
:100AB000204610F079FA05460028EBD100220023E9
:100AC000204610F0D2FA0546206910F065FA002D94
:100AD000E3D196F837506B1EDBB2FD2B1FD815F013
:100AE0000B0F3FD0206910F059FA15F0080320D001
:100AF0000123802201930DF113030093172100239A
:100B00008DF81320204610F04FFA054620691DBBD2
:100B1000037F43F001030377206910F03DFA206959
:100B200010F03CFA636893F840309A0734D4206997
:100B300043E0A90705D400238022B721CDE9003383
:100B4000E0E7802206212046CDE9003310F02CFAA0
:100B500005460028EFD0206910F01EFA2A464521EC
:100B60000C4859E76FF08505F8E700BFCBEB0400B0
:100B70005FEB040078EB04003B900400A9EB040059
:100B800038EC0400E8EB04000AEC040056EC040026
:100B900099EC0400B3EC040000238022B921204624
:100BA000CDE9003310F000FA054620BB63682669E2
:100BB00093F840309B070FD4304610F0EDF92069D0
:100BC00010F0ECF9204610F0E8FA0546206910F024
:100BD000E3F905EAE5756EE611F035F94FF47A753B
:100BE000A0FB050747F61222002305FB0171E5F77C
:100BF0000FFBB0619BE7206910F0CEF9D0E600BF93
:100C000010B5036941B91C494F221C480CF08CFDFA
:100C10004F2119480CF07FFD486830B91649502221
:100C200016480CF081FD5021F3E75868F8B188426E
:100C300019D19C680868A142586000D198600020D2
:100C400008602AB15A680A609A68596002B99960C6
:100C5000002010E0814206D1086820609868814237
:100C6000EDD19C60EBE7044600680028F2D1002A31
:100C7000E8D16FF0150010BDF6EC04003B900400C5
:100C800008B503685F2B4FEA531107D80B4A03F0EE
:100C90001F0352F82120DA40D2070AD40849094834
:100CA0004FF474720CF040FD4FF4747104480CF072
:100CB00032FD0360044B53F8210008BD3C5C040086
:100CC00032ED04003B900400305C040070B54468D1
:100CD00001F01F05207C86B045EA4015A068002879
:100CE00070D0B2F5001F04D1294603F095FC002016
:100CF0004DE06068667CB2F5800F46624FF00006FA
:100D000001A80196466031D1B3F1007F14BF0523DD
:100D100004238DF804300023CDE904030393E36832
:100D2000CB40D90735D4B2F1A07F32D168460095C7
:100D3000FFF7A6FF009B203350F82330DB0728D4B1
:100D40006A462946A06803F009FB163019D0CDF891
:100D500008D02946A06803AA03F0A0F9002816DBF2
:100D600001222946A06803F0DDFBC0E7B3F1C06FA4
:100D700005D0B3F1007F14BF01230223C9E7032389
:100D8000C7E76946A06803F0ADFB0028DFDA06B0CC
:100D900070BD6A462946A06803F0E0FA0028D8D161
:100DA0009DF80010A06803F081FB0028D1D007490E
:100DB000074840F2F1120CF0B7FC40F2F111034881
:100DC0000CF0A9FC6FF08500E1E700BF65ED0400C1
:100DD0003B9004002DE9F043466840F20635337C31
:100DE000D00601F01F0747EA431748BF032302EA72
:100DF000050558BFC2F3401387B0B5F5837F14468D
:100E00008DF8033044D00DD8062D43D005D8A5B1B8
:100E1000022D12D06FF0150037E0B5F5807FF9D1C3
:100E200001250AE040F20222954235D0B5F5407F17
:100E300034D0B5F5007FEDD104250123220303FA58
:100E400001F12DD573685960B06870BB03A8039792
:100E5000FFF716FF039B00EB830084F48033C3F39A
:100E60000043C4F34044D0F8802044EA43049DF892
:100E7000033022F4706244EA830422F00F0244EA51
:100E800005231343C0F88030002007B0BDE8F0838D
:100E90000925D2E70825D0E70625CEE70525CCE7CA
:100EA000630344BF73689960CEE739460DF10202CF
:100EB00003F054FA14F4403F804616D13946B06826
:100EC00003F0DEFAB8F1000FDED19DF80210B06831
:100ED00003F0ECFA0028D7D01D491E48FC220CF084
:100EE00023FCFC211A480CF016FC4FF0000901AB62
:100EF000CDE90199CDE90439CDF80C903946B068B7
:100F000003AA03F0CBF84845BEDB14F4003314D039
:100F10009DF8033084F48034C4F300448DF80E301F
:100F20008DF80C508DF80D404B463946B06803AA39
:100F300003F078F90028C5DAA6E7CDE904330DF10E
:100F4000030303933946B06803AA03F0A7F8F1E757
:100F500065ED04003B9004004209022A034670B587
:100F600003D0012A1BD0E2B170BD134E3269516823
:100F70000029F9D0012503F01F030C689D400029CA
:100F8000F2D08A682A4010D04B6863B90B490C48EC
:100F900074220CF0C9FB742108480CF0BCFB094E0C
:100FA000E4E7094EE2E7304698471CB12368214642
:100FB0001C46E4E72346FAE780400400F6EC040010
:100FC0003B900400644004004840040038B5456884
:100FD000A868C0B103F03CFA0146A0B9A86803F0C4
:100FE000EBF9044688B902460949A86803F0A2F95A
:100FF00022460121DB20F2F7DDFF2246012140F2EB
:101000000D10F2F7D7FF002038BD6FF00400FBE7AA
:10101000590F030008B503685F2B4FEA531107D837
:101020000B4A03F01F0352F82120DA40D2070AD4FA
:10103000084909484FF474720CF076FB4FF4747150
:1010400004480CF068FB0360044B53F8210008BD12
:10105000905C040032ED04003B900400845C0400CA
:101060002DE9F04F1546824640F2FF19DFF870B1C6
:1010700085B000EB8108D04503D1002005B0BDE864
:10108000F08FDAF80010C1F3C322082AC1F3080474
:1010900000F2A080514B4C4508BF4FF0FF34B1F136
:1010A000D05F9F5C4FEA116210D2192A12D8DFE894
:1010B00002F014226562293062111111111111110F
:1010C000111111111111111168737679382A6CD030
:1010D0004E2A53D06FF08500D0E7C5F80446601C57
:1010E00014D0012603A80394FFF794FF039A06FA8D
:1010F00002F2426004E0C5F80C46621C06D00026ED
:10110000314614E0631CC5F8004661D10AF1040AB7
:10111000B1E7661CC5F80446F8D0012603A803947D
:10112000FFF778FF0121039A01FA02F28260DAF8F0
:101130000020039402F40040002818BF002103A8F7
:1011400018BF012601920091FFF764FF039C019AEA
:1011500000EB8400D0F88040C2F3412C00993A02A1
:1011600042EA8C020A4304EA0B04224342EA4602A2
:10117000C0F88020CAE7C5F80846BEE7C5F81046A3
:10118000ADE7C5F86045611CDAF80020BED0C2F3B7
:101190000042002AC1D0A4E7C5F86445F3E7C5F8CA
:1011A0006845F0E7C5F86C45EDE703A80394FFF741
:1011B00031FF039A631C00EB8200D0F8802022F0FC
:1011C000E04242F08042C0F880209FD0012697E79D
:1011D0000026A3E76FF0150050E700BFB3ED040051
:1011E000F0F0FCFF2DE9F04104460D46476810F091
:1011F000A6FD88B14021EFF311831A4681F31288CE
:10120000BFF36F8F60680068D0F83001D0B983F306
:101210001188BFF36F8FEEE71E4B1B78002BE9D0D0
:101220004FF04008642663681B68D3F83031FBB97F
:10123000012010F0D7FA013EF5D10021202006F060
:1012400095FDEFE77B6A00201D706368796A1B6873
:10125000C3F83C170121C3F84017C3F83001D3F895
:101260003001196582F31188BFF36F8FBDE8F081FB
:10127000EFF311831A4688F31288BFF36F8F61680A
:101280000968D1F830110029DCD183F31188BFF34C
:101290006F8FD2E75B76002008B503685F2B4FEABB
:1012A000531107D80B4A03F01F0352F82120DA40EC
:1012B000D2070AD4084909484FF474720CF034FA82
:1012C0004FF4747104480CF026FA0360044B53F891
:1012D000210008BDF85C040032ED04003B900400DE
:1012E000EC5C0400034610B50A4619790123006836
:1012F00003FA01F1436804691B6819420AD10C49D9
:101300000C4840F2A2620CF00FFA40F2A2610848C9
:101310000CF001FA2368194218BF82F0010222B1D1
:101320008368DB68BDE81040184783681B69F9E7EC
:1013300078EB04003B9004002DE9F8434568012157
:1013400007690646686B10F04DF8E96B481C16D02B
:10135000A86B10F019F910F1130F044608D14521BC
:101360003D480CF003FD6FF012042046BDE8F88301
:10137000411D04D1452139480CF0F8FCF5E74FF048
:101380000108EB6A98473D6BD7E90C3203EBC203C7
:101390009D420AD307F1280010F053F8736800212A
:1013A000586B10F01FF80024DFE7286810F0E1FB0D
:1013B00038B92A6845212B79126829480CF0D6FCE7
:1013C000D1E728682979EB8803F03002302AD0F879
:1013D00010E0D0E901490AD1224940F2F73222480F
:1013E0000CF0A2F940F2F7311E480CF094F903F02A
:1013F0000602042A08D11B4940F2FE321A480CF0BA
:1014000093F940F2FE31EFE72468DA0708FA01FCAD
:1014100054BF43F4B01383F4D0131CEA040F23F435
:10142000801208D10F4940F211420F480CF07CF9AC
:1014300040F21141D8E7DEF80040DB074CBF4CEA30
:10144000040424EA0C04CEF80040D9F80030984790
:10145000041E8ADB083597E7D7ED040007EE040089
:1014600029EE040078EB04003B90040010B50278EC
:101470000346002A6CD10C69D4F890203AB9D4F80C
:101480008C006FF07301BDE8104010F003B8D4F881
:10149000840050B1D4F8881039B1DB682BB1834295
:1014A00003D0D4F89C1012F0A3F9D4F88030D4F80B
:1014B00090202BB19A4214D9452126480CF056FCB5
:1014C000D4F88830D4F890202BB19A4223D9452102
:1014D00020480CF04BFCD4F88C00BDE810400FF015
:1014E000EBBF9B1AC4F880307BB9E36E04F1800235
:1014F0000833E366236F04F17001013B236704F1B5
:101500006C000FF05CFFE067DAE7E36F002BD7D0E9
:101510001344E367D4E79B1AC4F8883083B9636F38
:1015200004F1880208336367A36F04F17801013B7B
:10153000A36704F174000FF042FFC4F88400CAE707
:10154000D4F88430002BC6D01344C4F88430C2E7EA
:1015500010BD00BF52EE04002DE9F04F9A464368DB
:101560008FB000938B880746046998048946934698
:1015700030D44FF0FF324FF0FF3304F1380004F065
:10158000A9FEC4F82C907D68D7F810802B680193D1
:1015900098F8953023B1D8F82830994500F09A8012
:1015A000B9F804C01CF4006F1BD045219F480CF013
:1015B000DDFB6FF08505A36A13B19B889B0405D4FE
:1015C0000023E36204F1380004F01AFE28460FB04D
:1015D000BDE8F08F236C002BCBD1E36A9942C8D1D0
:1015E000D1E71CF0010F07D045213A6890480CF074
:1015F000BDFB6FF01505DEE71CF0080F04D0452198
:101600008C480CF0B3FBF4E7CCF34513082B02D065
:1016100045218948F5E7D9F800E0884B9E4502D876
:1016200045218748EDE704AE04350FCD0FC60FCD39
:101630000FC6019B95E80300734594BF0993CDF84D
:1016400024E01CF0020F86E803000CF0040331D004
:10165000002B14BF032302238DF82830CCF3001392
:101660008DF82930D8F80030D3F80036591C0AD04C
:101670001CF0020F039303A820D1FFF70DFE0123F6
:10168000039A9340836098F895302BB1404603F05D
:101690000BFE002388F895303B464046694A04A972
:1016A00003F0D0FD051E10DA2A46452166480CF0ED
:1016B0005DFB80E7003B18BF0123CDE7FFF7ECFDA2
:1016C0000123039A93404360DDE70123C8F8289083
:1016D00088F89530012384F89430009BD96B4A1C1C
:1016E00008D0986B00F0DCF8743003D157215748CC
:1016F0000CF03CFBBBF1000F6CD1C4F86CB00023C4
:10170000236704F1800204F1700104F16C000FF012
:1017100056FEE067BAF1000F64D1C4F874A000234C
:10172000A36704F1880204F1780104F174000FF05A
:1017300046FE002504F128062A460121C4F884004B
:10174000A56630460FF05DFE38460FF0B5FE2A461E
:101750002B46206F83424DD100231946A56FA94225
:101760004FD19A4238BF1A464FF4FA534FF000084F
:1017700003FB02F5A36A47F6122C1B684146B5FB32
:10178000F3F540F2E730C8354FF47A720023E5FBF9
:101790000C01E4F73DFD04F1500602460B463046CD
:1017A00004F098FD024698B3452129480CF0DEFA72
:1017B0002046C4F8908003F077FD6FF0730138463F
:1017C00084F895800FF066FE304604F0E3FD6FF07C
:1017D0007305F0E6DBF80030E366002B8FD0DBF812
:1017E00004308DE7DAF800306367002B97D0DAF821
:1017F000043095E7E16E01EBC301496801330A4407
:10180000A8E7606F00EBC100406801310344A6E720
:10181000A56E15F1740FCBD0002D3FF4CCAE386916
:10182000114628300FF0EDFDC5E600BF75EE04004F
:1018300094EE0400BBEE0400DFEE040047E8010074
:1018400013EF04006D14030049EF040073EF04006C
:10185000A2EF040008B503685F2B4FEA531107D8C5
:101860000B4A03F01F0352F82120DA40D2070AD4B2
:10187000084909484FF474720BF056FF4FF4747125
:1018800004480BF048FF0360044B53F8210008BDE7
:101890007C5D040032ED04003B900400705D0400A8
:1018A000F7B50C46054610F0D4F80022214606464E
:1018B000284602F037FE01A80194FFF7CBFF019BF9
:1018C00000EB8302D2F88010154B0B4043F00C0361
:1018D000C2F880300FF086FE07462B689B59B3B1E3
:1018E00000262146284602F097FE01A80194FFF742
:1018F000B1FF019B00EB8300D0F88020084B134020
:1019000043F00403C0F88030304603B0F0BD0FF060
:1019100069FEC01BC728E0D96FF07306E1E700BF7E
:10192000F0F0FCFF70B40D4CD4E90065901B63EB44
:101930000501400940EAC1604101891945EBD065C4
:10194000C4E90015002400250549C1E90023054B21
:10195000C3E9004570BC06F05DBE00BF70270020E3
:10196000582700206827002008B500220121E42024
:10197000F2F720FB164A0020D2F8183723F4403340
:10198000C2F8183703F076F8002820DB012011494F
:1019900003F020F900281ADB03F032F80E4B20F098
:1019A0001F00C3E900010D4B0022C3E900014FF005
:1019B000FF304FF0FF310A4BC3E90001094B0A49E0
:1019C000187A03F041F867220020084B1A6008BD1E
:1019D00000200E50D4060020702700205027002041
:1019E00058270020CC06002025190300D8660020C7
:1019F00008B503F005F8064AD2E90032C01A054BD3
:101A000061EB0201C3E90001400940EAC16008BD81
:101A1000702700206827002010B503F041F901204D
:101A2000FEF734FDEFF70EFB00280ADA0C490D48EB
:101A300040F207220BF078FE40F2072108480BF035
:101A40006AFE094B094A1B684FF47A70BDE81040E2
:101A5000B3FBF2F35843064B43F00103184700BFB2
:101A6000E5EF04003B900400D806002040420F0040
:101A7000A0530400F7B5224B0146224F187A224B9F
:101A8000D7E90056D3E900239E4208BF954211D101
:101A9000B1F1806F0ED24901012938BF0121012225
:101AA0004D1946F10006C7E9005603B0BDE8F04005
:101AB00003F094B9154BDFF858C0D3E90043DCE9D3
:101AC000002CA41843EB0C0C4FF0200E224663466A
:101AD000C1FB0E23954276EB0301C7E900230DD22B
:101AE000291B66EB0C04C82974F10004B4BF012162
:101AF0000021009103F034F903B0F0BD0021F8E7B4
:101B0000CC060020602700205827002070270020E6
:101B1000682700202DE9F04112F0FC6F1346D0E950
:101B2000014706690AD036494FF47D7235480BF0FB
:101B3000FBFD4FF47D7132480BF0EDFD02F03002F9
:101B4000302A08D12E4940F2F7322E480BF0ECFD36
:101B500040F2F731EFE72C4A2C4D1A40AA4208D147
:101B6000274940F2FB3227480BF0DEFD40F2FB3103
:101B7000E1E703F00602042A08D1214940F2FE32CF
:101B800020480BF0D1FD40F2FE31D4E713F440229F
:101B900012D09D0308D41A4940F2014219480BF0B3
:101BA000C3FD40F20141C6E7B2F5402F14D0184AF8
:101BB0009A4301D183F44023012524688D402542B6
:101BC00023F4801211D10E4940F211420D480BF05E
:101BD000ABFD40F21141AEE7094940F20542094828
:101BE0000BF0A2FD40F20541A5E73468DB074CBFCE
:101BF0002C43AC4334603B68BDE8F041184700BF5C
:101C000078EB04003B900400020003000200010096
:101C100001001000012310B503FA01F143680469C3
:101C20001B6819420AD10C490C4840F2A2620BF021
:101C30007BFD40F2A26108480BF06DFD236819425C
:101C400003D022B183681B6903E0002AFAD08368BD
:101C5000DB68BDE81040184778EB04003B900400B7
:101C60002DE9F041074688460025104E27FA05F277
:101C700012F0010210D128FA05F3DB070ED53179F5
:101C80003068FFF7C7FF044640B1452108480CF013
:101C90006DF82046BDE8F0810122F0E70135042D02
:101CA00006F10806E2D10024F3E700BF885D0400D6
:101CB00017F0040070B500260C4CE28820682179EA
:101CC00042F40032FFF726FF054648B90136042EDC
:101CD00004F10804F1D1BDE870400F21FFF7C0BF47
:101CE000452103480CF042F8284670BD885D040089
:101CF00032F0040003280A4610B507D945210B48E5
:101D00000CF034F86FF01504204610BD084B03EBBF
:101D1000C001097953F83000FFF77CFF0446002822
:101D2000F2D0452103480CF021F8EDE751F0040012
:101D3000885D040017F0040002460B46014803F0DA
:101D4000BDBF00BF9C080020014804F06DB800BF73
:101D50009C0800200348452108B50CF007F8002036
:101D6000F3F762F885F004001FB500240A220194FD
:101D70000294CDF80B400091014601A811F004FF38
:101D80004521009B064801AA0BF0F0FF84F311885F
:101D9000BFF36F8F0323184602DF04B010BD00BFEE
:101DA000A7F0040070B5064690B00D46434844497C
:101DB00004F032FD0BA8CEF75DFF4921414A4248AD
:101DC0000BF0D4FF142203200BA9EFF7F9FC3F48D6
:101DD0000FF0CFFE40B945213D480BF0C7FF6FF033
:101DE0001204204610B070BD3A4B02A80293CEF701
:101DF00093FF024630B1452137480BF0B7FF6FF033
:101E00001504EEE74FF0FF304FF0FF31FFF794FF7E
:101E100004460028E5D131493148CEF7E9FE0446B1
:101E200010B1FFF791FFDCE76FF077038DF8153005
:101E300013238DF814008DF817008DF8180005A8ED
:101E40008DF81630D6F712FC20B1FFF77DFF6FF04A
:101E50008504C6E740F6012307A807938DF82040C4
:101E6000D6F704FC0028F0D1022309A8CDF82540BC
:101E70008DF82430D6F7FAFB0028E6D141F64C5312
:101E800003A80393D6F716F80028DED1012301A892
:101E90008DF80430E8F76CFD0028D6D1114B04A86A
:101EA0000493D6F70FF80028CFD1FFF74DFF336921
:101EB0000D481D60F3F77AFA93E700BFE066002053
:101EC0009D160400D1F00400529C04009C400400C4
:101ED000F8F00400ED1E03001DF104007827002037
:101EE000B5200300905F01008920030003460A46E5
:101EF00010B50D4881680C6844B90C490C485D2246
:101F00000BF012FC5D2109480BF005FC1946A047B7
:101F100048B1084906484FF436720BF005FC4FF4FF
:101F200036710448F0E710BD9C40040046F10400FF
:101F30003B9004007AF1040030B5444885B0CEF7F8
:101F4000F7FC044600287CD10125CEF7A5FEE4F776
:101F500082F9E4F782F9E4F782F9CEF7B7FECEF71B
:101F6000C3FEE4F77EF92946204601AA8DF8045005
:101F7000CEF740FD031E63DB0221204601AA8DF847
:101F80000440CEF737FD031E5ADB08230721204605
:101F900001AAADF80430CEF72DFD031E50DB4FF043
:101FA000FB13019340F203230321204601AAADF85D
:101FB0000830CEF71FFD031E42DB0421204601AA94
:101FC0008DF80440CEF716FD031E39DB1F230621D2
:101FD000204601AAADF80430CEF70CFD031E2FDB1E
:101FE00003230521204601AA8DF80430CEF702FD17
:101FF000031E25DB1621204601AA8DF80450CEF7DA
:10200000F9FC031E1CDB40F201131721204601AA34
:10201000ADF80430CEF7EEFC031E11DB41F6F352AF
:10202000934211DD45210A480BF0A0FE002383F303
:102030001188BFF36F8F0423184602DF6FF00B0384
:102040001C46204605B030BD0023F9E7691D03009A
:10205000B3F1040008B5084908480FF060FE0028F5
:1020600008DA074907482F220BF05EFB2F210448AE
:102070000BF051FB08BD00BFE0660020704500205A
:10208000DBF104003B900400094B93F8FB31042B77
:1020900002D1810709D47047022B02D1020704D470
:1020A0007047082B03D1830601D5FFF7D3BF7047D4
:1020B0005C71002070B53A4C94F8FB31CBB194F8C8
:1020C000FB21042A36D120783E2824D1A678B31EDD
:1020D0005E425E41002200233146F3F771F9054666
:1020E000D8B9BEB1002384F8FB31BDE87040FFF7DA
:1020F000B1BF4FF0FF304FF0FF31FFF71DFE48B981
:10210000204604F2FB1100F0A7FC0546FFF71CFE79
:10211000002DD4D070BD0026DCE762780232204961
:1021200005F10C000CF070FA1E4B29461B681E4886
:102130009847D7E7022A21D1002200230820F3F78D
:10214000F3F805460028E5D062880432B2F5FE7F38
:10215000E5D340F2FB13452114480BF007FE6FF066
:102160000B02452112480BF001FE002383F3118876
:10217000BFF36F8F0423184602DFB3E7082A09D1A3
:10218000002200232020F3F7CFF8628805460028BC
:10219000DBD1BFE7452107480BF0E8FDA2E700BF10
:1021A0005C710020DC660020D440040004F20400CE
:1021B00068F204002AF20400F7B58A4D06462B782F
:1021C000002B40F0418404238DF80730864B0488AF
:1021D0001F68B7B10DF106030DF10702691CB8477E
:1021E00001280ED09DF80630002B40F0BA839DF8F0
:1021F00007300E22AB7001236A70EB70AC80A871BF
:10220000B8E3B4F5105F4FEA94230BD2002B00F033
:102210001584013B072B08D8DFE803F009073D7F51
:10222000070707C63F2B00F03D83012099E33046A6
:1022300040F2064230F9033B93420ED040F21D4279
:10224000934217D0012040F206439C4200F089835C
:1022500040F21D439C4234D183E3D5F7B1F842F2FA
:102260000C039C42EFD9A4F500530D3B41F24122EF
:102270009BB2DBE3D5F762F942F219039C42EED937
:1022800042F232039C4200F06C83A4F50153033BFD
:10229000012B16D865E3304640F6634230F9033B24
:1022A00093422ED010DC40F6034293421DD040F6FC
:1022B0002D4293421CD040F601429342B5D1CEF755
:1022C00073FD012893D1B0E740F67B4293421BD0C7
:1022D00040F67C429342A8D19DF80730434902332F
:1022E0008DF80730E8F757FAEBE7E3F7ABFFE8E7DD
:1022F0009DF807303D4903338DF80730E7F743FF7A
:10230000DFE7CEF763FDDCE79DF80730374904339C
:102310008DF80730E8F71BFAD3E73388A3F580532D
:10232000013B082B81D801A252F823F0512303006E
:1023300063230300772303002B2203002B220300D7
:102340002B2203002B2203002B22030097230300E0
:102350009DF80730254808338DF80730E7F701FF6F
:10236000AFE79DF80730214840338DF807300FF074
:1023700097F900203BE700229DF8073008338DF8DD
:1023800007301A4B1A605A60EB7A23F0600343F06F
:102390006003EB72EDE79DF80730144806338DF8C3
:1023A0000730E7F74DFF8CE7304642F24E0130F838
:1023B000033B1AB28A4200F3BF80B2F5005F42F2DB
:1023C0006D0215DC944240F2378342F294039C4242
:1023D00000F2388342F276039C427FF626AF01205A
:1023E0001FE300BF58730020F06600205F730020D9
:1023F000A3F50053013B4D2BE4D801A151F823F084
:10240000252603004726030059260300C5230300A1
:102410006B260300C5230300C5230300C523030067
:10242000C5230300C523030071260300772603009C
:102430007D26030083260300C5230300C523030074
:10244000C5230300C5230300892603008F2603004C
:1024500095260300A7260300AD260300BF26030030
:10246000D1260300C5230300C5230300D72603009C
:10247000C5230300C5230300C5230300C5230300B0
:10248000C52303000D2703001F2703003127030086
:10249000C5230300C5230300372703003D2703009E
:1024A0004327030049270300C5230300C523030076
:1024B0005B270300612703006727030079270300D8
:1024C0008B27030091270300C5230300C5230300C6
:1024D000C5230300C5230300C5230300C523030050
:1024E000C5230300C5230300C5230300C523030040
:1024F000C5230300C5230300C5230300C523030030
:10250000C5230300C5230300C5230300C52303001F
:10251000C5230300C5230300C5230300C52303000F
:10252000C5230300C523030097270300D927030011
:10253000EB270300A9270300A3F50153343B9AB20C
:10254000322A42F26D023FF63DAF322B3FF63AAFF0
:1025500001A151F823F000BFF1270300C5230300B8
:10256000AF270300C1270300C5230300C5230300D1
:10257000C7270300C5230300C5230300C5230300A9
:10258000C5230300C5230300C5230300C52303009F
:10259000C5230300C5230300C5230300C52303008F
:1025A000C5230300C5230300C5230300FD27030043
:1025B0000F28030015280300272803002D280300F7
:1025C0003F28030045280300572803005D28030027
:1025D00063280300692803007B280300C523030048
:1025E000C5230300F7270300C5230300C523030009
:1025F000C5230300C5230300C5230300C52303002F
:10260000C5230300C5230300C5230300C52303001E
:10261000C5230300C5230300C5230300812803004D
:1026200093280300CEF7DCFB42F26D039C4261D994
:1026300042F294039C4200F2758142F276039C427E
:1026400000F2EF813DE69DF80730B14803338DF885
:102650000730D4F7ABFEE7E79DF80730AC48083306
:102660008DF80730E7F7F6FFDEE7E7F706FEDBE772
:10267000D5F74AF8D8E7E7F7ECFED5E7D5F72AFB18
:10268000D2E7D5F78DFBCFE7E7F706FFCCE7E7F713
:102690007BFFC9E79DF807309D4907338DF8073068
:1026A000E7F7F9FDC0E7E7F7C5FFBDE79DF807309D
:1026B000974910338DF80730E7F7A1FDB4E79DF88F
:1026C0000730934808338DF80730E7F756FDABE73E
:1026D000E8F70EF8A8E79DF8073008338DF80730C3
:1026E0007023EB714023EB7242F26D039C4200F2C7
:1026F0008E81002042F263039C427FF6BDADA4F5BB
:102700000153243B40F2F5229BB28FE19DF8073044
:102710007F4902338DF80730E7F7DEFD84E79DF847
:1027200007307B4804338DF80730D4F7D1FE7BE7C0
:10273000D4F7B6FE78E7E7F7ACFC75E7E7F7CCFC33
:1027400072E7E7F7FCFC6FE79DF80730704801334C
:102750008DF80730E7F701FD66E7E7F7E0FC63E790
:10276000E7F7D4FC60E79DF80730694808338DF837
:102770000730E7F7E5FD57E79DF807306449043374
:102780008DF80730E7F704FE4EE7D4F7ABFE4BE7D2
:10279000E7F734FE48E79DF807305D4802338DF8CF
:1027A0000730E7F70BFD3FE7E7F7DBFD3CE79DF878
:1027B0000730574905338DF80730E8F72CF833E731
:1027C000E8F750F830E79DF80730514902338DF8AB
:1027D0000730E8F764F827E79DF807304C480433E2
:1027E0008DF80730E7F7FBFC1EE7D4F795FD1BE7F4
:1027F000E8F71AF918E7E8F7CBF815E79DF807307E
:1028000043481C338DF80730E8F734F90CE7E8F754
:10281000F1F909E79DF807303D4902338DF807309B
:10282000E8F79FFB00E7E8F72AFAFDE69DF8073096
:10283000374902338DF80730E8F757FAF4E6D5F751
:10284000B5FBF1E69DF80730314902338DF80730CA
:10285000E8F795FAE8E6D5F7F5FBE5E6E8F7A6FB35
:10286000E2E6D5F78FFDDFE69DF807302849023311
:102870008DF80730D5F7F4FDD6E6E8F7CBFBD3E6C5
:102880009DF80730224822338DF80730E8F746F9E3
:10289000CAE69DF807301E4902338DF80730E8F785
:1028A0001BFBC1E630464FF60B4230F8033B934228
:1028B00024F0080211D8B3F57C4F7FF6B6ACA3F52F
:1028C0007C43013B0A2B00F2BD80DFE803F023319B
:1028D000BBBBBB6ABBBB58616D0003F2FD2189B273
:1028E00018293FF6A2ACA3F57D43033B182B00F259
:1028F000A980DFE803F062A765A7A7A7A768A7A735
:102900007AA7A76B6E77A77DA786A7A7A7A7890039
:102910005F7300209DF807304D480C338DF8073069
:10292000E3F7A1FC4FF6025224F00803934292E42D
:1029300000209DF8073040338DF80730444B188055
:10294000EB7923F0230343F02303EB712B7A23F07D
:10295000070343F007032B724FF602539A427FF4AA
:1029600008AD0F236B700423AB700123E8702B714B
:10297000A5F80540012300202B7003B0F0BD9DF8A1
:102980000730334817338DF80730E3F787FCC9E782
:102990009DF807302E4820338DF80730E3F7A2FC6E
:1029A000C0E7E3F779FCBDE79DF80730284801331D
:1029B0008DF80730E3F7B3FCB4E7E7F7D9FFB1E7E9
:1029C000D5F778FAAEE7E7F799FFABE7E7F7B4FF9B
:1029D000A8E79DF807301E4903338DF80730E7F765
:1029E000B7FF9FE7D5F76EFA9CE7E3F7AEFC99E7F0
:1029F0009DF80730164904338DF80730E3F7ABFC38
:102A000090E7D5F767FA8DE7D5F770FA8AE742F2D3
:102A100094039C4214D842F276039C427FF6A9AC00
:102A20000020A4F50153373B0A4A9BB222FA03F374
:102A3000DB077FF546AC94E701205BE6012040E42C
:102A400000206FE701206DE74FF0FF3095E700BFF2
:102A50005F7300208140A82638B5094C0D462378C5
:102A60001BB9BDE83840E3F7BEBEA278611C023254
:102A700010F0BEFE0020042320702B7038BD00BF74
:102A80005873002070B506460C460D4D28460FF0D1
:102A900070F888B1A2B2AB681B6843B909490A480B
:102AA0005D220AF041FE5D2106480AF034FE3146FF
:102AB0002846BDE8704018476FF0120070BD00BF97
:102AC0009C40040046F104003B9004004FF4007168
:102AD000014806F0F1B800BF5B7400201FB5002468
:102AE0000A2201940294CDF80B400091014601A8FE
:102AF00011F04AF84521009B064801AA0BF036F96F
:102B000084F31188BFF36F8F0323184602DF04B0EC
:102B100010BD00BFC5F20400322337B50125ADF862
:102B2000043000231C216846134A8DF80630ADF8A6
:102B300000508DF80230E2F73FFF0446C8B90EF0AE
:102B40006EF980B2E1F74CFB29460C48EBF7F0FC3C
:102B5000044670B901462A468520F1F72BFA2A4629
:102B60002146E520F1F726FA2A4621468A20F1F788
:102B700021FA204603B030BDDD2A0300F8660020AC
:102B800008B54FF0FF304FF0FF31FFF7D5F840B1F7
:102B900007490848E6220AF0C7FDE62104480AF082
:102BA000BAFDEBF701FEBDE80840FFF7CDB800BF66
:102BB000DEF204003B900400024608B508480B46CC
:102BC000084904F0C7F8002808DA074907484722EF
:102BD0000AF0AAFD472104480AF09DFD08BD00BF88
:102BE00070450020C0020020DBF104003B9004008F
:102BF00008B5084908480FF092F8002808DA074994
:102C000007482F220AF090FD2F2104480AF083FD87
:102C100008BD00BF5C67002070450020DBF10400A8
:102C20003B9004000122054B05491A63A3F5432399
:102C3000D3F818050860C3F81825704700E0105055
:102C4000586700200122044B5A63044B1A68044B56
:102C5000C3F81825704700BF00E0105058670020E7
:102C600000B00450024628B1022806D10420054BCA
:102C70001B681847034B1B68FBE7572102480BF002
:102C800075B800BF6C6700201FF3040010B538B1A1
:102C900001280BD1BDE8104000200949E1F7B0B987
:102CA000084B0220BDE810401B681847064907483A
:102CB0004C220AF039FD4C2103480AF02CFD00BFDC
:102CC000652C03006C67002040F304003B90040077
:102CD00008B578B1012804D1BDE808400020E1F72B
:102CE000ABB9054905485F220AF01EFD5F21024885
:102CF0000AF011FD08BD00BF40F304003B90040042
:102D0000014B1860002070476C67002010B5294CFB
:102D1000237E834208D02849602228480AF004FD17
:102D2000602125480AF0F7FC04F14003D3E8AF3FE7
:102D30002BBB092937D8DFE801F0053636363624B3
:102D4000241F3622236AD3E900209047012808D0A7
:102D50001B4B984203D00223E06384F834301948B7
:102D60000EE042F210732363032384F83430164BD1
:102D700084F82900A363F2E70E4803F041FA00202B
:102D800010BD002384F82930104B0F49207E2363A7
:102D9000EBF70FFC0028F2D00749582207480AF049
:102DA000C3FC5821BDE70449932204480AF0BCFC47
:102DB0009321B6E7706700208DF304003B90040078
:102DC0001F646602A467002094670020FF3F420F43
:102DD0000122002101480EF03DBF00BF70670020B6
:102DE000014BD861704700BF7067002070B54FF08D
:102DF000FF3106464FF0FF30FEF79EFF054640B11B
:102E00004249BF2242480AF08FFCBF213F480AF0E6
:102E100082FC40494048E2F711FD0446FEF794FF6A
:102E2000002C07DA3D48224645210AF09FFF6FF04B
:102E30000B0070BD40F20113394C2385E369266213
:102E40006433E36242F2107323636FF0730384F818
:102E50002450E36304F14006D6E8EF3FC6E8E25FA2
:102E6000002AF9D1A368354633B12849D52228482C
:102E70000AF05AFCD521C9E74FF0FF304FF0FF317F
:102E8000FEF75AFF30B12149D82221480AF04CFC04
:102E9000D821BBE7207E04F12401EBF78AFB30B197
:102EA0001A49DA221A480AF03FFCDA21AEE7FEF7A7
:102EB0004BFF002320461B4A03F00CFA00280ADAD5
:102EC000452119480AF052FF0123D5E8EF2FC5E844
:102ED000E13F0029F9D14FF0FF304FF0FF31FEF70D
:102EE0002BFF30B10949E52209480AF01DFCE52114
:102EF0008CE7207EEBF73FFBFEF726FFD6E8AF3FDF
:102F000013B1074803F046FAE06B92E78DF3040033
:102F10003B900400886700200D2D0300C7F30400D8
:102F2000706700200E720B00F2F304000129F0EC30
:102F3000017A10B417D04FF0010C0024B0EC017AE4
:102F4000F4EEC77AF1EE10FA48BF64460CF1010CBA
:102F500048BFF0EE477A6145F0D1C2ED007A1C60BF
:102F60005DF8044B70470024C2ED007A1C605DF8E8
:102F7000044B704731B32DE9F0414FF0000E02F1E0
:102F8000020832F81EC038F81E304FEA9C0C9B082D
:102F900050F82C7050F823604FEA8C059C0040F8E4
:102FA0002C6040F8237005F1040C231D50F80C50E0
:102FB000C4580EF1020E8E4540F80C40C550E0D3C7
:102FC000BDE8F081704700BF2DE9F04F2DED108B6B
:102FD00093B00E930346DFEDC4BA8A468B46CDE923
:102FE0000F20043311934FF0000E4FEADB0707EB7D
:102FF00087014FEACB000090C800C7EBC701109BC8
:103000004FEAC7094FEA07180290C800059008F177
:10301000040109F1040007EB470603EB47121844CB
:1030200019447B0102EB07150D9701933301A5EBC2
:10303000C6040393F3000D9E0493DDF844C0009B87
:1030400002EBC70704EB4616D5ED006AD4ED004A43
:1030500096ED004A11ED016AD2ED003A97ED005A63
:103060001CED017A50ED017A74EE840A37EE850A80
:1030700076EE265A36EE663A36EEC66A77EE236A62
:1030800077EEC57A37EE637A36EEA55A70EE203ABF
:1030900076EEE56A75EE232A77EEE45A35EE635A4A
:1030A00077EEC47A4CED012A77EEA47A82ED005ACD
:1030B00075EE845AB0EE478AD0ED004AA5EEEB8A51
:1030C000A5EEAB7AA7EEAB6AD7ED015AD2ED012A95
:1030D00094ED019A91ED005A96ED01AADCED003ACB
:1030E00095ED014AB0EE462A34EEE56A74EEA54A43
:1030F00075EE04AA73EEA25A36EE491A73EEE23A5E
:1031000076EEE49A79EE0A2A75EE448A31EE0A1ACE
:1031100034EE454A36EE4A6A35EEEA5A76EEE26A0F
:1031200075EEAA5A79EEA29A74EEA2AAF0EE632A7C
:1031300036EE096AE1EE6B2A35EE409A35EE605ABA
:1031400076EEA46AE1EE2B3AF0EE431AF0EE444A32
:1031500035EE005AB0EE68AAB0EE620AB0EE481A38
:10316000E7EEAB1AA6EE2BAA35EEAABAA6EE6B1ABC
:1031700075EEEA5AE6EE2B4AA7EEEB0A8CED00BAA2
:1031800039EE206AC2ED015A77EE0A0A41ED016A72
:1031900033EEE14A37EE4A7A71EE286A74EE887AA5
:1031A00071EEA35A72EE822A33EE003ADE44F24503
:1031B000C5ED009A9C4481ED006A1A4485ED015AE0
:1031C000194440ED010A1D4486ED007AC7ED006AFE
:1031D000C4ED007A80ED004AC6ED015A1844C7EDEF
:1031E000012A1E4484ED013A1F441C443FF62CAFD3
:1031F0001F460D9B072B40F2B381019D109E029C40
:10320000083509F1080973190398049908340C93D7
:1032100006EB0903059A08300B93331908310A931A
:10322000331808320993731808F10C080893B3187F
:10323000079306EB0803059306F10C0306934FF082
:1032400001094FF000083B46DDE905C7DDE90765E8
:10325000DDE909400E9ACE4690440F9A08EB4801EA
:1032600002EBC802D2ED00EA02EBC80292ED00EADE
:1032700002EBC802D2ED00DA02EBC80292ED00DAEE
:1032800002EBC802D2ED00CA02EBC80292ED00CAFE
:1032900002EBC80292ED00BAD2ED01AAA2EB011234
:1032A00092ED01AA02EBC802D2ED017A02EBC8024C
:1032B000CDED017AD2ED017A02EBC802CDED027AB2
:1032C000D2ED017A02EBC802CDED007AD2ED017A9F
:1032D00002EBC802CDED037AD2ED017ADDE90B12E3
:1032E000CDED047A02E000BFF304353F95ED006AAE
:1032F00096ED007A5CED017A90ED003AD4ED003A5B
:10330000D2ED002A57ED014A91ED005A76EE070AF8
:1033100035EE030A37EEA34A74EEA26A35EE435A3D
:1033200036EE843A76EEC46A30EE204A77EEE38ACF
:1033300074EEE24A73EEE73A73EE042A75EE467ACB
:1033400047ED012A77EE877A35EE475AF0EE649A18
:10335000D0ED012A35EE065A33EE443A91ED016A7A
:10336000E7EEEB9AE7EEAB4ADDED007A96ED01FA77
:10337000DCED001AD7ED005A94ED017A92ED019A36
:1033800036EE624A23EE671AD5ED017A36EE226AEE
:1033900031EE872A77EE8FFA75EE892A75EEC95AD3
:1033A00031EEC79A37EE617A74EE671A34EE4F4AFF
:1033B00071EE8F1A36EEEFFA76EEC66A34EE274AD1
:1033C0007FEEA66A72EEC27A3FEE06FA72EE822AAB
:1033D00036EE2F2AF0EE65FAB0EE656AE1EEEBFA12
:1033E000A1EEAB6AF0EE495AF0EE691AE4EE2B5A00
:1033F000B0EE688AA4EE2B7AE4EE6B1AB0EE6F4A58
:10340000A5EE2B8AE5EE2B3AA5EE6B4A37EEE05A95
:1034100037EE297A30EE055ADDED049A7FEEA3FAF5
:1034200077EEC07A34EEA50A74EEE55ADDED034A74
:1034300071EE891A38EE844A64EEAF3A76EE488A25
:1034400038EE066A26EEE98A9DED019A77EEA07ABB
:1034500061EEE44A72EEC20AECEEA13AACEE058AE5
:10346000DDED001A29EE855A32EE822AADEE201AE1
:103470006FEE492A61EEA01AACEE265ADDED026A23
:1034800087ED002AEEEE272A82ED011A69EE277AEF
:10349000EDEE031A2AEE282A26EE843A20EE4A9A06
:1034A0006AEE860A25EEEA1A67EE666AECEEAF4A25
:1034B000EEEE0F7AADEE873AEDEE846AAEEE802A3C
:1034C000AEEEA89AEBEE250AABEE061ADE44F24504
:1034D000C2ED001A1F444CED017ACCED002A1A44CB
:1034E00084ED005A84ED018A9C4481ED002A81ED2F
:1034F000019A1C44C6ED000A194486ED011AC0ED7C
:10350000003AC0ED014A1E4485ED003AC5ED016A5E
:1035100018441D443FF6EAAE0C9A09F1010908323D
:103520000C920B9A08320B920A9A08320A92099A64
:1035300008320992089A08320892079A08320792CC
:10354000069A08320692059A083205920D9A4A4563
:103550007FF47AAE0E9B9346DB009BB20E9342E55E
:1035600013B0BDEC108BBDE8F08F00BF2DE9F04F1C
:103570002DED088B012A91B006468B4604880192F6
:10358000009300F06A83B4F5807F00F018811CD9A5
:10359000B4F5006F00F0138140F2DA80B4F5805F7B
:1035A00040F0DE800123214658467268FFF70CFD8B
:1035B000009B002B40F04783019B012B00F06683AA
:1035C00011B0BDEC088BBDE8F08F402CEAD040F282
:1035D000F080802C40F0C480B6F800E072684FEABA
:1035E0005E010BEB8E055FEADE0E4FEA810000F014
:1035F000A28010300BF110030BEB000C103203EB28
:103600000E1E284405F1100710ED043A50ED036A30
:1036100057ED024A17ED015A50ED027A10ED017A8A
:1036200017ED040A17ED031A53ED040A53ED031ABC
:1036300013ED022A53ED012A5CED043A1CED034A16
:103640005CED025A1CED016A72EE24AA32EE85AAE4
:1036500073EE839A34EE269A75EEA78A36EE078AC1
:1036600070EE80BA31EE81BA0CF1100C43ED04BA61
:1036700003ED03BA43ED02AA03ED01AA4CED089A4B
:103680000CED079A4CED068A0CED058A103276EEA9
:10369000C46A33EE633A77EEE57A52ED085A37EEB4
:1036A000467A32EE642A12ED076A72EEC52A65EE9A
:1036B000E64A70EEC00A71EEC11A23EE255A61EE99
:1036C000863AA6EE865A26EE604AF0EE646AA1EECD
:1036D000A54AE3EE066AE0EEA53A103007ED034A8C
:1036E00047ED043A00ED075A40ED086A12ED066A0C
:1036F00052ED056A67EE865A26EE475AE7EE265ADD
:1037000022EEA64A66EEC24AB0EE457AA2EE064A1C
:10371000E2EE864AA7EEA67A10339E4507F110071F
:1037200007ED064A47ED054A00ED067A40ED055AD9
:103730007FF46AAF72688FB2394658460223FFF7AA
:1037400043FC3946284602237268FFF73DFC2FE709
:10375000B4F5007F3FF426AFB4F5806F3FF43CAF83
:10376000009B002B40F06F82019B012B7FF428AF60
:1037700007EE904AB7EE007AF8EE677AC7EE276A4E
:1037800000220BF1080313ED027A53ED017A27EEC4
:10379000267A67EEE67A0132944203F1080303EDDC
:1037A000047A43ED037AEED111B0BDEC088BBDE88D
:1037B000F08F102C3FF410AF202C7FF4F9AE33883B
:1037C0009BED007A5B080BEBC30797ED006A07EBF4
:1037D0008305D5ED005A77EE066A0BEB830191ED78
:1037E000005AD7ED014ADBED017A36EEA53AD1ED6C
:1037F000012A37EE467A33EE053A37EEA46A77EEC1
:10380000E47A726895ED012A37EEA54A8BED003A0D
:1038100076EE624A0A914FEA830959085B4676EED2
:10382000C56A77EE857A34EE454A34EEC25AD5ED54
:10383000014A083305930A9B77EE223A76EEE56A51
:1038400077EEE57A36EE246AD3ED015A0C91A1F1B8
:103850000208194673EEC23A36EE256A37EE027A4E
:10386000083128468BED016A0291C3ED003A83EDE1
:10387000014A19463B4637EE627A02F1080CCDF850
:1038800020C0083002F1100CCDF810C0069002F1F3
:10389000180C08335FEA5800C7ED006A87ED015A3B
:1038A000079585ED007AC5ED017ACDF824C0039324
:1038B0000B970D9000F03381A9F10C030E902B446F
:1038C00002F120090B9D02F13008079A0F94DDF8F0
:1038D00010A00E9CA1F10C0001F1100CA2F10C0E35
:1038E000A5F10C010BF110071035103212ED026A30
:1038F0005CED026A15ED024A17ED027A55ED013AC8
:1039000057ED017A37EE042A76EE864A52ED015AD7
:1039100037EE447A74EE824A37EEA34A77EEE37AC2
:1039200008371CED015A77EE652A47ED044A37EE59
:10393000E63A77EEC67A0CF1080C083272EE852A68
:1039400074EE451A32EE662A37EE457A37EEA65AFD
:1039500052ED036A5CED037A77EEA67A77EE847A0D
:1039600047ED037A37EE257ADEED028A90ED02AA62
:1039700033EE063A32EE462A71EEE51A91ED026A0E
:10398000D3ED025A7AEE283A36EE254ADEED017A78
:1039900090ED018A76EE654A73EE84AAD3ED010AB2
:1039A00091ED010A33EEC66AC0ED02AA34EEE79A41
:1039B00074EEC84A78EE279A74EEA74A76EE655AF6
:1039C000D3ED017A91ED016A36EE276A36EE296A67
:1039D00080ED016A7AEE206A5AED017A1AED026AE8
:1039E00038EEA01A39EE089A76EEE86A27EEE28AF7
:1039F00063EE278A76EEC06A34EE634AE2EE868A88
:103A000079EEC03A31EE401AF0EE482A26EE490A25
:103A100073EEE03AE3EE062A66EE860AB0EE406AFE
:103A2000E9EE270AA6EEA76A4CED032A4CED048ABC
:103A300081ED026AC1ED010A59ED037A27EEC23A1F
:103A400019ED046A65EEA76A61EEA72AF0EE435A03
:103A500067EEE37AE3EEC66AE6EE047AE1EE865AB2
:103A6000E2EE062A45ED022A45ED015ACEED016A45
:103A7000CEED027A31EE4A1A58ED066A58ED057A13
:103A800066EEE45A27EEC74A21EE266A65EE273A2B
:103A9000A4EEA76AE7EE263AF0EE444AB0EE657A65
:103AA000E5EE264AA1EE277A013CA1F10801A3F137
:103AB0000803A0F10800AEF1080E42ED043A42ED11
:103AC000034A0AF1080A09F1100905F1080508F18D
:103AD000180883ED047A83ED036A7FF407AF0D9B2A
:103AE000059A0F9C02EBC3020592089A02EBC302EF
:103AF0000892029A02EBC3020292049A02EB0312AA
:103B00000492039A02EBC3020392069A02EBC302E9
:103B10000692099A03EB430302EBC3030993029A4B
:103B2000069F059B039997ED004AD2ED006AD1EDFF
:103B3000005A93ED007A91ED016AD3ED017A77EEA8
:103B4000251A76EE843A37EE862A73EEA13A1D46A0
:103B500077EEC67AD2ED012A97ED013A37EE657A13
:103B6000C5ED003A71EEE65A37EEE65A77EEC47AC2
:103B700075EEC45A77EEA67A35EE045AD2ED016A94
:103B800097ED014A76EE846A76EE826A77EE434AD2
:103B9000C5ED016A089D74EEA24AD5ED016AD5ED26
:103BA000003A25EE264A66EEE46AA4EEA34AE5EE64
:103BB000236A82ED004AC2ED016A32EE626A049D18
:103BC00036EE436AD5ED016AD5ED004A26EE265A57
:103BD00066EEE56AE6EE246AA5EEA45A039A37EE8D
:103BE000627AC2ED016A82ED005A099A37EE037AD1
:103BF000D2ED016AD2ED005A27EEA66A66EEC76AD8
:103C0000A7EE256AE7EEA56ABDF8308087ED006A69
:103C10004146C7ED016A584672680423FFF7D4F99C
:103C200041460A9872680423FFF7CEF941460B9883
:103C300072680423FFF7C8F94146042307987268A5
:103C4000FFF7C2F9B4E45846B268B189FFF792F9B8
:103C5000019B012B7FF4B4AC18E074B1002201F198
:103C60000C0353ED027AF1EE677A0132944203F1CC
:103C7000080343ED047AF4D185E4009B002B3FF464
:103C80009FAC826881895846FFF774F907EE904A25
:103C9000B7EE007AF8EE677AC7EE276A002C7FF459
:103CA0006FAD8DE4064BD3F840231C2A05D1D3F821
:103CB0004403431E5842584170470020704700BFDC
:103CC00000C0FF0003689A070CD50368DB070DD519
:103CD0000922074BC3F80C250F22C3F80425012243
:103CE0001A60FEE7034B0360EF3B0360704700BFC1
:103CF00000801050F000FA5008B50123454A4648AC
:103D0000C2F80038454AD2F840231C2A04BF444A6E
:103D1000C2F80C34FFF7D6FF0830FFF7D3FF0830A6
:103D2000FFF7D0FF0830FFF7CDFF00F5F470FFF785
:103D3000C9FF3C4AD2F88C3043F44063C2F88C305F
:103D40000022D30003F57F0303F54043D3F80014AA
:103D500001310AD0D3F8001439B1D3F8001401327C
:103D6000D3F80434402A0B60EBD12A4BD3F840241B
:103D7000002A4BD0FFF796FF48B1284BD3F83423E5
:103D8000294B9A429EBF234B284AC3F84026FFF78F
:103D900089FF18B1264B274AC3F8AC27FFF782FFEB
:103DA00048B134221B4BC3F82426D3F83C2622F416
:103DB0000022C3F83C26204BD3F80026D20744BF8C
:103DC0006FF00102C3F800261C4BD3F8182522F02F
:103DD0000302C3F81825D3F8182542F00302C3F8EC
:103DE0001825104AD2F88C1041F44061C2F88C10AA
:103DF000D2F8881041F47001C2F88810BFF34F8FD9
:103E0000BFF36F8F0022C3F8A02508BDC822C3F8F6
:103E10004024AFE70000125000C50D5000C0FF0065
:103E20000030055000ED00E0001D0A1840E0A91E1A
:103E300000A0085078000A0400E0105000B00450C0
:103E40005F2898BF074B4FEA50129FBF53F82230AC
:103E500000F01F0023FA00F000F0010088BF0020EE
:103E6000704700BF50710400034A4309D35C00F05F
:103E70001F001844C0B2704782F4040010B5044615
:103E80000846FFF7F1FF00B204EB4000838ADA0531
:103E90001CD5C3F3432123F4F853838204F11202A7
:103EA00004F1580032F8023F13F4807F03D0C3F3CB
:103EB000432399420AD09042F4D1002204EBC1037B
:103EC0005A6004F160000DF0A9FC00B910BD05496D
:103ED00005484FF4DB7209F027FC4FF4DB71014811
:103EE00009F019FC44F404003B90040010B501688B
:103EF00004460846FFF7A4FF50B90F494FF4747207
:103F00000E4809F011FC4FF474710B4809F003FCE2
:103F100001F01F035F2923604FEA511208D90649B7
:103F200040F2D932054809F0FFFB40F2D931ECE705
:103F3000034B53F8220010BD32ED04003B90040007
:103F400044710400072808B50AD90749074840F218
:103F5000A73209F0E9FB40F2A731034809F0DBFB87
:103F6000800000F5807008BD0FF404003B90040051
:103F7000F0B50646002487B0114F019117F8012BC8
:103F800006AB03EBD20313F8143C02F00702D34054
:103F900013F0010306D10134032CEFD1002318469E
:103FA00007B0F0BD074A03AD07CA85E8070055F81A
:103FB00024100A6A46F824200A62002AEBD0EEE7B1
:103FC00092F40400404E040010B504460846FFF782
:103FD00037FF38B120460DF052FC18B920460DF0DD
:103FE00041FC50B90C490D4840F2E91209F09CFB24
:103FF00040F2E911084809F08EFB20460DF027FC3D
:1040000030B120460DF051FCBDE81040FFF79ABFDB
:104010004FF4A27010BD00BF44F404003B900400B4
:10402000F7B504460846FFF71FFF06B204EB460645
:10403000B38A0D46DB072BD520460DF0E7FC294659
:1040400020460DF004FC58B120460DF02EFC002255
:10405000276800B207EB8003C3F81025C3F81025CA
:10406000204600242946FFF709FFB48201A80195E4
:10407000FFF73CFF019B00EB8300D0F88020064B4C
:10408000134043F00203C0F88030204603B0F0BD77
:104090006FF01500FAE700BFF0F0FCFF2DE9F043E8
:1040A0000E461746044685B050B95C495C4840F25C
:1040B0005E4209F039FB40F25E41584809F02BFBA3
:1040C0000846FFF7D1FED7F800800546B8F1000F8B
:1040D0001AD020460DF0DEFB28BB4346CDE9000098
:1040E0008DF80E008DF80F000DF10F0230460DF126
:1040F0000E010DF003FC2AB204EB4202938A23F076
:10410000020343F0010393827B68002B34D03146D5
:10411000204693F80080D3F804900DF0B0FB28B14E
:10412000B9F1000F1FD06FF0150028E028B204EBA2
:104130004000838A23F4604323F020038382B9F193
:10414000000F10D0B8F1030FEDD87B6821685B68D1
:1041500093F800C001EB8C01B8F1000F12D1C1F847
:104160001085C1F810852AB204EB4202938A23F02D
:104170001C0343EA88039382BB6853BB002005B04D
:10418000BDE8F083D1F8102522F00302C1F8102514
:10419000226802EB8C03D3F8102522F4473222F474
:1041A0007C72C3F8102541F6F072D3F8101502EABC
:1041B000061242EA08420A43C3F8102504EB4C03F6
:1041C000A3F86460838A43EA4C3343F0200383827C
:1041D000C9E73146D3E900782046FFF74FFE002FAC
:1041E000CCD063689F4206D004F160000DF0FCFA69
:1041F000002804DAC3E7A3689845F5D1002004EB52
:10420000C003C3E901782DB204EB4505AB8AC0B207
:1042100043EA402343F48073AB82AFE744F40400E5
:104220003B9004002DE9FF410D4617461E4604460B
:1042300050B93D493D484FF48D6209F075FA4FF48D
:104240008D61394809F067FA0846FFF70DFE804690
:1042500027B320460DF013FB18B920460DF0F7FAEE
:1042600018BB294620460DF0FDFA10B17B78012BD2
:104270001BD001238DF80F3000237A1CCDE9007389
:104280002846BB1C0DF10F010DF038FB0FFA88F327
:1042900004EB43039A8A42F003029A82002E40D034
:1042A000294620460DF0EBFA20B96FF0150004B056
:1042B000BDE8F0810022377823684FEA870C03EBD2
:1042C0008703C3F81025C3F810250FFA88F204EB12
:1042D0004202938A23F4604323F020039382707890
:1042E000F8B12168124B6144D1F81045B6782340EB
:1042F000C1F8103541F6F073000400F4403003EAD1
:10430000051303433005D1F8104500F48010034332
:104310002343C1F81035938A43EA473343F020031F
:1043200093820020C3E700BF44F404003B900400E4
:104330000FE0ECFF08B550B90649074840F271425A
:1043400009F0F2F940F27141024809F0E4F9C0E9DC
:10435000031208BD44F404003B90040070B51546F8
:10436000044650B9124940F27A42124809F0DCF989
:1043700040F27A410E4809F0CEF942B90C4940F2B8
:1043800023320C4809F0D0F940F22331F2E70DF066
:104390005EFA48B10846FFF767FD04EB40040020D1
:1043A000A38A5B0B2B7070BD6FF01500FBE700BF9D
:1043B00044F404003B9004002DE9F041044650B958
:1043C0001F4920484FF4916209F0AEF94FF4916112
:1043D0001B4809F0A0F990F8745090F8757065BB0F
:1043E000A8464622294614300FF00FFA164B2668CD
:1043F00053F83770AF4213D1002540F20D10C6F8C4
:104400004451D6F84431114B9E4208BFDB20EFF7F0
:10441000AFFD0123284684F874302366BDE8F0819F
:10442000E8B2FFF78FFDA0F580739B08112B04BF46
:1044300046F8008033580135DCE76FF07700EDE790
:1044400044F404003B9004005C71040000A00D5093
:1044500008B550B90849094840F28F4209F064F99B
:1044600040F28F41044809F056F990F87400003882
:1044700018BF012008BD00BF44F404003B900400B5
:1044800008B550B90749084840F29D4209F04CF977
:1044900040F29D41034809F03EF9BDE80840FFF7AE
:1044A000BFBD00BF44F404003B90040008B550B900
:1044B00009490A4840F2A44209F036F940F2A44101
:1044C000054809F028F9064B90F8750003EB8000C9
:1044D000BDE808400DF0A2B944F404003B9004008C
:1044E000DC06002010B50C4650B90B490B4840F2D1
:1044F000AB4209F019F940F2AB41074809F00BF95A
:10450000074B90F8750003EB80000DF06DF9002863
:10451000A4BF2070002010BD44F404003B900400B0
:10452000DC0600202DE9F3410D461646044650B93D
:1045300037494FF4A562374809F0F6F84FF4A56102
:10454000334809F0E8F80DF08DF940B9304940F2F0
:104550003542304809F0E8F840F23541F0E72046AE
:104560000DF075F9276800B320460DF088F98046F4
:10457000D8B920460DF099F90546FFF7E3FC47F856
:1045800000803B5823682AB203EB8203D3F810253E
:1045900042F00102C3F8102526B101232268AB4086
:1045A000C2F8143302B0BDE8F081D7F814339B038E
:1045B0005CBF4FF40033C7F8143346B9144940F2D6
:1045C0004F42144809F0B0F840F24F41B8E728468E
:1045D000FFF74AFC04EB4004A38AC3F38203042BD5
:1045E00011D0052B11D001A80195FFF77FFC019B8D
:1045F000C168D94001F001010231284602B0BDE88E
:10460000F0410DF0C8B90321F7E70221F5E700BF3B
:1046100044F404003B90040008B550B90749084829
:1046200040F22F5209F080F840F22F51034809F070
:1046300072F8BDE808400DF0E9B900BF44F4040089
:104640003B9004002DE9F04F07468BB050B97649F6
:10465000764840F25C6209F067F840F25C617248AB
:1046600009F059F8814659F8043B90F87540D3F8A1
:10467000141300936E4BC9B241F4003153F8342047
:1046800000980DF097F9810305463AD50023CDE94E
:1046900007330993664B07A803EBC4035B6819460D
:1046A0000193FFF765FC042303EBC40303934FF06E
:1046B000000B604B0DF11C0A0293029A5C4912F840
:1046C000013B0292039A02EBD3028A5C03F00703D8
:1046D00022FA03F3DA071AD40BF1010BBBF1030F33
:1046E0000AF1040AE9D14FF40031002200980DF0DC
:1046F00061F9019907A8FFF73BFC0028D7D125F401
:1047000000350124002D77D10BB0BDE8F08F4A4B66
:104710005B440493DAF800100029DDD091FAA1F18E
:10472000B1FA81F1049B1C7841EA44142046FFF75A
:104730009BFB07EB4000B0F81480C8084FEA9803D1
:10474000059301231AF8002001F0070103FA01F193
:1047500022EA01020AF8002006A80694FFF7C6FB29
:10476000069A059B203250F82220C8F382065B0788
:10477000B046C2F3014223D521464846D6B242464E
:104780000DF09DF806A80694FFF7B0FB069B2033BA
:1047900050F82330C3F301439E4207D10021204645
:1047A0000DF0F9F8314620460DF0F5F806A806940C
:1047B000FFF79CFB0122069B02FA03F30362A9E7C1
:1047C000022A0DD1032120460DF0E5F806F005037D
:1047D000012BEBD14246214648460DF070F8E5E743
:1047E0000221204605920DF0D6F8032EF2D0059A4C
:1047F000032ADBD1022EECE795FAA5F3B3FA83F393
:10480000009904FA03F225EA020503F5A27251F8B1
:10481000222007EB43034846B3F86410C2F3014279
:104820000DF04DF86EE700BF44F404003B90040027
:104830005C71040092F4040092F404000123034A22
:1048400003FA00F09368034393607047F00200207E
:104850000123044A03FA00F0936823EA00039360FB
:10486000704700BFF002002073B504460191EFF3DA
:104870001186402383F31288BFF36F8F0B4D019B8A
:104880006A6801A8134001930CF0AEFF002807DB13
:1048900001226B68824023EA02036B6020700020D3
:1048A00086F31188BFF36F8F02B070BDF002002055
:1048B00008B5144B027AD3F8101521F001010A4310
:1048C000C3F810250268B2F5803F0AD30E4940F2C2
:1048D000B9720E4808F028FF40F2B9710A4808F092
:1048E0001AFFC3F8A4264268FF2A08D9064940F2F5
:1048F000C472064808F018FF40F2C471EEE7C3F82E
:10490000AC2608BD00200E5095F404003B90040036
:104910000B2808B50AD90A490A4840F2447208F03F
:1049200003FF40F24471064808F0F5FE0023000141
:1049300000F1A04000F56220C0F82C3508BD00BF92
:1049400095F404003B9004000B2808B501D8002919
:104950000ADA0A490A4840F2165208F0E5FE40F227
:104960001651064808F0D7FE000100F1A04041EAC8
:10497000C27100F56220C0F8281508BD95F4040046
:104980003B9004000B2808B50AD910494FF4A062E7
:104990000F4808F0C9FE4FF4A0610C4808F0BBFEB8
:1049A000B3F5801F08D3094940F20252084808F0C5
:1049B000BBFE40F20251F0E7000100F1A04000F51B
:1049C0006220C0F82025C0F8243508BD95F4040005
:1049D0003B900400012303FA00F010F0670F0AD0A7
:1049E000064B5B68DB4303F0670303420CBF6FF0C9
:1049F0001500002070474FF0FF307047F002002094
:104A000038B50D4B1B78012B0BD14FF0FF326FF0F7
:104A100040430A4CD4E90001824273EB0105F9D30B
:104A200038BD0749074840F2191208F07DFE40F2F0
:104A30001911034808F06FFEF002002040270E50C5
:104A4000C8F404003B90040030B50C25074B1C183B
:104A500094F8544005FB0433C3E90312187501238D
:104A6000034A8340C2F8243330BD00BFF002002067
:104A700000200E50F0B5504D85B02C78002C40F041
:104A800095804E4A01AB07CA83E807004C49184697
:104A9000D1F8102522F00202C1F81025FFF708FF17
:104AA0000723672202F001012144013BCCB24FEA07
:104AB0005202F7D1052C7CD119464FF0010C3E4E25
:104AC00000246720CFB204E00CFA02F220EA0200D0
:104AD000013490FAA0F25FFA84FEBE45B2FA82F287
:104AE000F2D30131327505292A4482F8547006F157
:104AF0000C06E5D10121002432489A0801FA02F29D
:104B000012F0670F18BF1C500433302BF5D1E4208E
:104B1000EFF72EFA2A4B0024D3F81025012622F0B5
:104B20000202C3F8102540F6FF72C3F82823C3F829
:104B30008041C3F88040C3F88441C3F88440C3F87F
:104B40008841C3F88840C3F88C41C3F88C40C3F84F
:104B50009041C3F89040C3F89441C3F89440C3F81F
:104B60009841C3F89840C3F89C41C3F89C40C3F8EF
:104B7000A041C3F8A040C3F8A441C3F8A440C3F8BF
:104B8000A841C3F8A840C3F8AC41C3F8AC401E66C6
:104B90000D4B0E4A1B685D20B3FBF2F358430C4BE0
:104BA0003343984720462E7005B0F0BD6FF0770074
:104BB000FAE76FF08B00F7E7F00200204C4E04009C
:104BC00000200E5000210E50D806002040420F0059
:104BD000B053040038B52C4B0C461B78012B0AD07F
:104BE0002A492B4840F2062208F09EFD40F2062199
:104BF000264808F090FD274BD3F8102595073DD4A3
:104C0000D3F8102542F00202C3F81025C0B1D3F842
:104C1000482712F0010202BFD3F8481741F0010102
:104C2000C3F848171B4BD3F84017D3F84417490073
:104C3000F9D42AB9D3F8482722F00102C3F848274B
:104C4000154B164A1B681349B3FBF2F303EB4313EE
:104C5000BBB1D1F84027D1F8445715F080450BD1AE
:104C60004FF0FF312046FFF7FFFD002803DB2078DF
:104C7000FFF7E4FD284638BD013BE9E76FF0770018
:104C8000F9E76FF07300F6E7F0020020C8F40400C3
:104C90003B90040000200E50D806002040420F0038
:104CA0002DE9F041294D6C682B78E44304F067044A
:104CB00053B9274927484FF4117208F035FD4FF4D6
:104CC0001171234808F027FD672200274FF00108E3
:104CD000214BC3F82823FEB2DCB9E420EFF756F9E4
:104CE0001D4BD3F8482722F00102C3F84827D3F818
:104CF000102522F00102C3F81025D3F8102522F068
:104D00000202C3F8102501225A669A662C70BDE88B
:104D1000F081AB6808FA06F10B4013F0670F02D080
:104D20003046FFF795FD6B68DB4303F067030B42EA
:104D300008D03046FFF7ECFDE30703D531460748BE
:104D40000CF06CFD64080137C5E700BFF0020020DD
:104D5000C8F404003B90040000200E50F402002030
:104D60002DE9F04104461D46FFF734FE9046074604
:104D70009DF8186050B11549154840F2BB2208F063
:104D8000D3FC40F2BB21114808F0C5FC11490B19B6
:104D900093F854300C3301EBC30041F833204560E5
:104DA0002B4620466EB10C4EA400FFF7EBFD3359A5
:104DB0002BB1FFF725FE4045A94100D23751BDE890
:104DC000F081BDE8F041FFF7DDBD00BFC8F404008D
:104DD0003B900400F002002000210E50F8B505467B
:104DE000FFF7F8FD50B11149114840F2193208F0AF
:104DF0009BFC40F219310D4808F08DFC0D48431919
:104E000093F854300C3350F8334000EBC30CDCF80B
:104E10000460641846F1000640F83340CCF80460A2
:104E20002846BDE8F840FFF78FBD00BFC8F4040076
:104E30003B900400F0020020F7B5374B374CD3F815
:104E40002C5304F188060DB903B0F0BD95FAA5F016
:104E50000123B0FA80F08340DF4325EA03052318DD
:104E600093F854100C2303FB01431A7D82420AD0AD
:104E70002B492C4840F2B73208F056FC40F2B731CB
:104E8000274808F048FCDA684FEA800C002A3BD03B
:104E9000D6E8EF3F03EA0702C6E8EE2FBEF1000FA7
:104EA000F6D1C340DB0727D50B2809DD1E491D4875
:104EB00040F20B5208F038FC40F20B511A48E0E780
:104EC000020102F1A04202F56222D2F82435D2F8A2
:104ED0002025164F6744D7F800C0BCF1000FB2D0B0
:104EE0004FF0000CC7F800C00C2707FB01410F6909
:104EF0000097C9688847A6E701F10C0304EBC307D4
:104F000054F833207B68E4E7084B53F80C10002971
:104F100099D043F80C2096E700200E50F0020020B4
:104F2000C8F404003B90040095F4040000210E50E6
:104F3000064C0748214640F2D62208B508F0F4FB9B
:104F400040F2D621204608F0E6FB00BF04F504003D
:104F50003B900400202908B501D9FFF7E9FF054B74
:104F600040EA0120C3F80005D3F80024D207FBD59E
:104F700008BD00BF00B0045010B50C4B04680C4ACB
:104F80000C48844208BF1A46B2FBF1F301FB13221E
:104F90009A4208D213F0010005D17E2B02D8581E88
:104FA00018BF012010BD0020FCE700BF0020A107B2
:104FB0000024F40000A0045008B503685F2B4FEAFA
:104FC000531107D80B4A03F01F0352F82120DA408F
:104FD000D2070AD4084909484FF4747208F0A4FBB8
:104FE0004FF47471044808F096FB0360044B53F8C7
:104FF000210008BD7871040032ED04003B900400EC
:105000006C71040073B51446421C06460D4618D058
:10501000012902D1BBB10CF090FD01A80196FFF768
:10502000CBFF019B094A00EB8300D0F88010A3005E
:1050300043EA45032B430A40134343F4A063C0F8FB
:10504000803002B070BD0CF084FDE6E7F0F0FCFFAC
:105050002DE9F84F91F8213005460C46002B00F061
:10506000978091F8228029686448654E654A636993
:10507000814208BF1646B6FBF3F6634BD3F84033C4
:105080001C2B12D1022E95F8223040F28480227E11
:1050900012F0FD0F7FD172080132D2B2904538BFB5
:1050A000904643F0080385F8223094F8232095F8C1
:1050B000223062F3000385F82230227CDBB262F3F7
:1050C000410385F8223094F823701FBB237E3A46B3
:1050D000012B94BF0023012301212068FFF792FFD9
:1050E0003B463A4601216068FFF78CFF3B46394654
:1050F000A27EA068FFF786FF237C3A460121E06884
:1051000083F00103FFF77EFF01233A461946E06969
:10511000FFF778FF94F82130002B3FD04FF0FF339A
:105120006B6294F8211094F812E0207E627E0029D0
:105130003ED0E768217C94F8249094F820C02B6836
:10514000B9F1000F12D1D4E900BAD4F80890E4699B
:10515000C3F800B6C3F804A6C3F80896C3F80C4613
:10516000C3F81076C3F8B815C3F8B085B11E7C2912
:10517000C3F8C0E501D8F1071DD52449244840F201
:10518000FA4208F0D1FA40F2FA41204808F0C3FA96
:105190004FF0020867E76FF3C30384E7E3686B62CD
:1051A000227C95F8223062F3410385F82230B8E77B
:1051B0004FF0FF37BFE7003A18BF01220228C3F8BB
:1051C0002C6512D0032813D0012801D142F002022D
:1051D000C3F85425C3F8ACC56B6863B12868BDE853
:1051E000F84FC0F30830EEF7C3BE42F00402EFE719
:1051F00042F00602ECE7BDE8F88F00BF00A00450C3
:105200000024F4000020A10700C0FF0038F50400CE
:105210003B900400431C07B50ED0019001A8FFF796
:10522000CBFE019B00EB8300D0F88020044B1340A1
:1052300043F00203C0F8803003B05DF804FB00BF08
:10524000F0F0FCFF2DE9F0410E4690461F46044663
:1052500000B151B91249134840F21A2208F064FA19
:1052600040F21A210E4808F056FA90F820508DB9F5
:105270004969FFF781FE80B120463146C4E90187C4
:10528000FFF7E6FE0123284684F8215084F82030F9
:10529000BDE8F0816FF07700FAE76FF01500F7E7EF
:1052A0006BF504003B90040070B5044650B92549E5
:1052B00040F27922244808F037FA40F27921214857
:1052C00008F029FA90F8203043B91E4940F27D22B7
:1052D0001D4808F029FA40F27D21F0E70068C0F38C
:1052E0000830EEF753FE636843B12146174A51F880
:1052F000043BC3F8082320680CF003FC2368D3F8B0
:105300000006D3F80456D3F8086694F82230DB0779
:1053100014D4FFF77FFF3046FFF77CFF2846FFF7E6
:1053200079FF606AFFF776FF2368D3F80C06D3F89D
:105330001056FFF76FFF2846FFF76CFF002384F835
:10534000203070BD6BF504003B9004000700F81F8F
:105350002DE9FF410E461746044650B973494FF4F4
:105360006372734808F0E0F94FF463716F4808F016
:10537000D2F990F820306BB10B680BB94B684BB980
:10538000B3680BB9F3682BB917F008080BD0636A40
:10539000013308D065494FF46472654808F0C4F9D8
:1053A0004FF46471E2E794F82130002B40F0AF80B5
:1053B00063682BB117F0140F04BF012384F8213068
:1053C00004F1100596E80F0085E80F00606A411CA3
:1053D00005D094F822309A0718D50CF0AEFB33684C
:1053E000256823B103F06043B3F1005F06D1B368D1
:1053F0007BB103F06043B3F1005F0AD000236FF08C
:105400000C0084F8213004B0BDE8F0810CF0A1FB61
:10541000E5E717F0010318BF0123C5F84C3717F073
:10542000020318BF0123EC46C5F8143796E80F00B5
:105430008CE80F00039BC5F83C07C5F84017C5F87A
:105440000427C5F80837002317F01C0FC5F80831EA
:10545000D5F8083130D1D5F80035073B18BF012306
:1054600094F8222063F38202072384F82220C5F8EF
:10547000003594F822301B070DD58223C5F8843CF3
:105480006368002B46D00023C5F80031D5F8003101
:105490000123C5F80433B8F1000F11D163686BB96B
:1054A00001232B60D5F80831002BFBD06246042184
:1054B00028460CF0E8FA03E00123D1E701232B6032
:1054C0006368DBB994F822301F0702D50023C5F8C2
:1054D000843C606A461C05D094F8223099070AD5AE
:1054E0000CF037FBB8F1000F03D12846211D0CF05A
:1054F00008FB002087E70CF020FBF3E7042317F0FC
:10550000040F14BFC5F80833C5F80433F1E76FF092
:105510000F0078E7B8F1000FC2D094F822301A07D4
:10552000D4D4606A431CD7D1E3E700BF6BF5040015
:105530003B90040070B5044650B928494FF472728C
:10554000274808F0F1F84FF47271244808F0E3F8A6
:1055500090F822300568180710D5D5F80433D9071C
:105560000CD5D5F800314BB10023C5F80031D5F882
:105570000021C5F8843C0123C5F8083304212846DE
:1055800004F110020CF07FFA30B3636843B9134999
:1055900040F2FF32124808F0C7F840F2FF31D4E77A
:1055A000606A421C05D094F822309B0711D50CF09C
:1055B000D0FA94F821301BB12846211D0CF0A1FA35
:1055C0002046002300F80C3FD4E90131BDE87040CB
:1055D00018470CF0B2FAECE770BD00BF6BF50400A1
:1055E0003B90040010B5436904463BB90020E268D3
:1055F0004042537843F00103537010BD9847002890
:10560000F4D000F1FF03FE2B08D9064906482122F9
:1056100008F08AF82121034808F07DF8E368404249
:105620001870E4E7A7F504003B900400F7B50446C2
:105630000D46EFF31187402383F31288BFF36F8F7A
:105640001F4A0428966898BF1E4B127C94BF53F8DB
:1056500020301D4B0092452102461C4808F086FB75
:105660003DB1EB69C3F308031BB14521184808F0AD
:105670007DFB36B130460CF06BFB034608B1027877
:1056800002B9144B32464521134808F06FFB2946F6
:105690002046FCF75FFB042C08D1104910488722F4
:1056A00008F042F887210D4808F035F887F3118893
:1056B000BFF36F8F304603B0BDE8F040EEF7DEBBBE
:1056C000B467002084710400CAF50400D8F5040012
:1056D00005F60400BFC104002BF6040048F60400E0
:1056E0003B90040038B50A4B53F82040013053F882
:1056F0002050A54200D838BD606830B1037EDB077A
:1057000001D4FFF76FFF0834F3E723689847FAE7FF
:1057100098710400012270B5334B032086B01A70D3
:10572000FFF7E0FF0CF032FC0420FFF7DBFF2F4C0B
:105730002F4DAC42264624D92E4944222E4807F04C
:10574000F3FF44212B4807F0E6FF54F80C3C059387
:1057500054F8103C049354F8143C039354F8183C48
:10576000029354F81C3C019354F8203C009354E9F4
:105770000A2354E90C0101F02DFD54F8303C5E651C
:10578000D7E7AE4204F13004DFD302F03FF9174C03
:105790001A4EAC421BD917496822174807F0C4FFBC
:1057A0006821CFE7D4E90A23B3F1FF3F08BFB2F184
:1057B000FF3F05D052EA0301206803D102F00AFB43
:1057C0003034E6E73146183002F016FEF8E7E9D348
:1057D00002F06EF9EAF7C8FA094A137B23F00103D5
:1057E000137306B070BD00BF5B760020BC49040097
:1057F000BC490400B4F604003B900400B51D04004D
:1058000040470020D82370B5134E012203FB0066E9
:10581000002386B0CDE904230F220193CDE90232A3
:1058200018234FF4A0720D4D0D4903FB005504469B
:1058300002FB00110B4B3046009501F0CBFC737B53
:105840002C7423F004037373074B013403EBC4235C
:10585000EE606B6006B070BD68460020B467002043
:10586000889C00207D5C0300889400207FB5002088
:10587000FFF738FF314B03F5006282F3088883F3AA
:105880000A88E0232E4C84F822302023E37700237B
:1058900023766376A37684F82030626A42F4E022AD
:1058A000626284F82330EEF767FAEEF751FC4FF0AE
:1058B000FF33A362E362EEF70DFEEEF771FC2148C1
:1058C00001F022FD204B214A93420AD92049214868
:1058D000CC2207F029FFCC211D4807F01CFF1C3308
:1058E000F2E7FCD30120FFF7FDFE02201A4CFFF780
:1058F000F9FE02F04DF9194B00259C61184B4FF44D
:105900006062059301231749CDE903532046164BE6
:10591000CDE90155009501F05DFC0646637B20460C
:1059200023F00403637301F037FE2846FFF76AFF94
:10593000314620460C4AEEF7DDFB00BF889400207C
:1059400000ED00E0104900202C4004004441040018
:10595000B4F604003B90040040470020B4670020E8
:10596000229C0400C89D00201557030038B50B4C3D
:105970000B4DAC420FD90B490B48252207F0D4FE42
:105980002521084807F0C7FE2046D4E901120CF093
:10599000FBF81834EDE7F7D3002038BDD00700201E
:1059A000E8070020D8F604003B900400F8B5044650
:1059B0000E4600F11405EFF31187402383F312889C
:1059C000BFF36F8F284602F0BDFC40B9164988220C
:1059D000164807F0A9FE8821134807F09CFE2846C8
:1059E00002F0D4FC20463146EAF7D4FF04F10C0063
:1059F0000CF0EEF928B139462846BDE8F84001F030
:105A0000B9BF284602F0ACFC40B907494FF49A727E
:105A1000064807F089FE4FF49A71DDE787F3118895
:105A2000BFF36F8FF8BD00BFA0A004003B9004003F
:105A3000002038B50A4C0B4DAC420FD90A490B482F
:105A4000952207F071FE9521074807F064FE204675
:105A50000CF0A5F8002802DB2034EDE7F7D338BDC1
:105A600070070020D0070020FAF604003B900400E5
:105A70002DE9F74305460E4691461C4600F10807FE
:105A8000EFF31188402383F31288BFF36F8F3846FA
:105A900002F058FC38B92B4988222B4807F044FE05
:105AA0008821284822E0384602F070FC2B69FBB1BF
:105AB00033601C68EB692C610133EB6114B96A69CE
:105AC00093421BD0EB68E41A09D4D5E905235A4365
:105AD000A24204D9B4FBF3F203FB124474B11B4994
:105AE0001948EA2207F020FEEA21184807F013FEC1
:105AF00059EA04020FD16FF00B043360384602F00C
:105B00002FFCC8B90F494FF49A720F4807F00CFEEA
:105B10004FF49A71C5E7CDE900942A4641463846CC
:105B200001F0EEFD044618B9094B9B681B69336010
:105B3000204603B0BDE8F08388F31188BFF36F8F70
:105B4000F6E700BFA0A004003B900400FAF60400B2
:105B5000B46700202DE9F843C3680546CB1A0E460A
:105B60001ED4D0E905125143994219D9B3FBF2F181
:105B700002FB1133A3B900F10808EFF311894024A7
:105B800084F31288BFF36F8F404602F0DBFB90B9BD
:105B900036498822364807F0C7FD8821334808E097
:105BA000344933484FF4897207F0BEFD4FF48971D0
:105BB000304807F0B0FD404602F0E8FB2F69002FA7
:105BC0003AD1EFF3118384F31288BFF36F8F83F31D
:105BD0001188BFF36F8F3BB92749A622244807F0ED
:105BE000A3FDA6212448E4E72C68A54224D01CB3D9
:105BF000A36833B920498F221D4807F095FD8F21F6
:105C0000F0E7D4E9003213605A60637BC4E900779F
:105C100023F002036373A76004F1180002F0AEFCE6
:105C20002046C4F88C70266101F0B6FC4946404617
:105C3000BDE8F84301F09EBE2B6940463360EB6936
:105C40002E61013BEB6102F08BFB40B907494FF439
:105C50009A72074807F068FD4FF49A719EE789F33E
:105C60001188BFF36F8FBDE8F88300BFA0A00400C8
:105C70003B900400FAF604001FF7040008B50C4B33
:105C80009B6893F90E30002B09DB4024EFF311835E
:105C900084F31288BFF36F8F08F036FCF6E70549EE
:105CA00005481C2207F040FD1C21024807F033FD87
:105CB000B46700204AF704003B9004002DE9F3414B
:105CC000044617461E46EFF3058545B15149524833
:105CD0006F2207F029FD6F214E4807F01CFDEFF3FE
:105CE0001188402383F31288BFF36F8F4B4802F073
:105CF00029FB38B94A498822474807F015FD882111
:105D00004748EAE7454802F041FBE368454A9BB152
:105D1000A0689168884224D057EA060329D13F48F9
:105D200002F01EFBA0B188F31188BFF36F8F6FF0F4
:105D30000F0002B0BDE8F081916891F90E100133B7
:105D4000E360936835482161A36002F009FB50B914
:105D500033494FF49A72304807F0E6FC4FF49A71D9
:105D6000CEE72169EBE788F31188BFF36F8F00203E
:105D7000DFE791F90E1090F90E306FF07E02994234
:105D8000A8BF19469142B8BF11468B4202DD0BF005
:105D900020FF054622464146CDE900761F4801F026
:105DA000AFFC0028E3D0EFF31186402383F3128881
:105DB000BFF36F8F194802F0C5FA00289AD0174830
:105DC00002F0E4FAA068C0B1236821699C420AD0BD
:105DD0004BB193F90E309942A8BF19466FF07E037C
:105DE0009942B8BF19460BF0F4FE30B131460B486A
:105DF00001F0C0FD6FF00A009BE7002DF6D10748C7
:105E000002F0AEFA0028A3D086F31188BFF36F8F9B
:105E1000F0E700BF6BF704003B900400D867002058
:105E2000A0A00400B4670020F8B50546EFF3058391
:105E300043B14A49D7224A4807F076FCD721474860
:105E400007F069FC8368002B00F08180454A926866
:105E500093427FD1C36833B94049EF22404807F0ED
:105E600063FCEF21EBE7012B03D0013BC360002073
:105E7000F8BDEFF31187402484F31288BFF36F8FCE
:105E8000394802F05FFA38B938498822344807F0B7
:105E90004BFC88213548D3E7334802F077FA29696B
:105EA000A8680BF096FEEFF3118384F31288BFF31A
:105EB0006F8F83F31188BFF36F8F3BB92C49A622F4
:105EC000274807F031FCA6212948B9E72C68AC42E5
:105ED0000FD100232448C5E9023302F041FA88BB00
:105EE00022494FF49A721E4807F01EFC4FF49A7133
:105EF000D0E7002CEDD0A36833B91D498F22184894
:105F000007F012FC8F21DFE70026D4E9003213608E
:105F10005A60637BC4E9006623F002036373A660E2
:105F200004F1180002F02AFBAC6094F90E30204610
:105F30002B61C4F88C6001F02FFB39460A4801F050
:105F400019FD94E787F31188BFF36F8F8FE76FF028
:105F500015008DE74FF0FF308AE700BF6BF70400B4
:105F60003B900400B4670020D8670020A0A0040084
:105F70001FF7040008B5836843B90B490B488F220B
:105F800007F0D2FB8F21084807F0C5FBD0E90032AB
:105F900013605A600023427BC0E9003322F0020202
:105FA0004273836008BD00BF1FF704003B900400EC
:105FB0002DE9F04704460F4691469A469DF8208009
:105FC00000F10805EFF31186402383F31288BFF335
:105FD0006F8F284602F0B6F938B94A4988224A48F4
:105FE00007F0A2FB8821474819E0284602F0CEF9C5
:105FF000B8F1000F00D06768EFF31183402282F3FD
:106000001288BFF36F8F83F31188BFF36F8F43B98B
:106010003E493D48A62207F087FBA6213B4807F0F2
:106020007AFB234653F80C8F984519D0B8F1000F2E
:1060300016D04046FFF79EFF08F1180002F09EFAC6
:1060400000234046C8F88C30C8F8109001F0A4FA3C
:106050003146284601F08EFC00242046BDE8F0873A
:10606000BAF1000F14D0082002F0B8FC002841D08B
:106070000122C0F804900260016801F003015FB9D9
:1060800022680A430260626820606AB960600BE0BF
:106090004846C9F800A0EFE73A68032A1FD8016014
:1060A0006168B1B9C4E9000004F11400042102F0F0
:1060B0007FFB04460028CBD1284602F051F9E0B915
:1060C00010494FF49A72104807F02EFB4FF49A7162
:1060D00089E70A6802F0030202430A60D6E722F069
:1060E00003020A4302603A6802F0030240EA020334
:1060F0003B60D9E76FF00B04DEE786F31188BFF34E
:106100006F8FAAE7A0A004003B9004001FF70400D3
:106110002DE9F743054690461F4600F10806EFF3C8
:106120001189402383F31288BFF36F8F304602F04A
:1061300009F940B920498822204807F0F5FA88215A
:106140001D4807F0E8FA304602F020F92C68D4B177
:1061500023686A6823F00303944220464FF001014C
:106160002B6008BF6B600BF043FD0446304602F025
:10617000F7F8C0B910494FF49A72104807F0D4FAF2
:106180004FF49A71DCE758EA0703EFD049463046EE
:10619000CDE9008705F10C0201F0B2FA38B9084BDD
:1061A0009B681C6903E089F31188BFF36F8F204659
:1061B00003B0BDE8F08300BFA0A004003B90040042
:1061C000B467002008B5836843B90B490B488F2298
:1061D00007F0AAFA8F21084807F09DFAD0E90032AB
:1061E00013605A600023427BC0E9003322F00202B0
:1061F0004273836008BD00BF1FF704003B9004009A
:1062000070B50446EFF31186402585F31288BFF37D
:106210006F8F2C4802F096F838B92B4988222B480A
:1062200007F082FA8821284814E0264802F0AEF8E8
:10623000EFF3118385F31288BFF36F8F83F3118817
:10624000BFF36F8F43B922492048A62207F06CFAAA
:10625000A6211F4807F05FFA2568AC4213D095B11C
:106260002846FFF7AFFF05F1180002F087F9002379
:106270002846C5F88C3001F08FF93146BDE87040F2
:10628000104801F077BBD4E902329A4218BF0133BB
:106290000221A36004F1100002F08AFA0028ECD178
:1062A000084802F05DF840B907494FF49A72074870
:1062B00007F03AFA4FF49A71B5E786F31188BFF305
:1062C0006F8F70BDDC670020A0A004003B9004002D
:1062D0001FF70400F7B5044616461D46EFF3058385
:1062E0005BB152EA050308D026492748882207F007
:1062F0001BFA8821234807F00EFAEFF31187402399
:1063000083F31288BFF36F8F204802F01BF838B96F
:106310001F4988221C4807F007FA88211C48EAE731
:106320001A4802F033F8A368ABB1013B1748A360E9
:1063300002F016F840B916494FF49A72124807F065
:10634000F3F94FF49A71E9E787F31188BFF36F8F80
:10635000002003B0F0BD56EA05030BD10B4801F055
:10636000FFFF0028E7D087F31188BFF36F8F6FF02E
:106370000F00EEE722463946CDE90065034801F0FB
:10638000BFF9E6E78DF704003B900400DC670020CE
:10639000A0A004002DE9F0470446EFF31188402740
:1063A00087F31288BFF36F8F2E4801F0CBFF0646AC
:1063B00038B92D4988222D4807F0B6F988212A4896
:1063C00018E0284801F0E2FF4FF000096FF00A0AD8
:1063D000EFF3118387F31288BFF36F8F83F3118874
:1063E000BFF36F8F43B922492048A62207F09CF9DA
:1063F000A6211F4807F08FF92568AC420ED06DB179
:106400002846FFF7DFFE05F1180002F0B7F828462E
:10641000C5F88CA001F0C0F8B146D9E700230221ED
:10642000A36004F1100002F0C3F978B9B9F1000FCC
:106430000CD10C4801F094FF70B90B494FF49A72DB
:106440000A4807F071F94FF49A71B8E74146BDE880
:10645000F047044801F08EBA88F31188BFF36F8FBC
:10646000BDE8F087DC670020A0A004003B9004009A
:106470001FF7040007B5074B4FF40062009306496D
:106480004FF0FF33054800F097FB002003B05DF8A4
:1064900004FB00BFB0710400C8AB00201848002006
:1064A0002DE9F0430446714E714F85B0EFF311882A
:1064B000402383F31288BFF36F8F304601F042FF11
:1064C00040B96C4988226C4807F02EF98821694848
:1064D00007F021F9304601F059FFD4F8DC50F5B946
:1064E000022104F1F4000BF0C5FB00283BD004F1BD
:1064F000EC0500220121284601F0BEFD0028F8D15C
:1065000000234FF0FF3202934FF0FF334146CDE9B5
:106510000023304604F1E40201F0FAFDC6E7D4F8A6
:10652000E0202B68954208BFC4F8E030C4F8DC30A6
:10653000D4F8F430304643F00203C4F8F430EB688A
:10654000D5F8049023F0040343F00103EB6001F05D
:1065500007FFD0B947494FF49A72474807F0E4F86B
:106560004FF49A71B3E7D4F8F430DD06C8D5C4F817
:10657000F4003E4801F0F4FE0028EBD088F31188C7
:10658000BFF36F8F05B0BDE8F08388F31188BFF3C8
:106590006F8FB9F1000F09D1384937484FF438727D
:1065A00007F0C2F84FF43871344891E72846C847DD
:1065B000EFF31188402383F31288BFF36F8F3046C7
:1065C00001F0C0FE00283FF47CAF304601F0DEFE53
:1065D000EB68D90623F0010231D4EA60EB689A0730
:1065E00016D5386823F00203EB6088B100210368F8
:1065F00070B14268954230D1036841BB7A683B6014
:10660000824200D17B60002340F8083BFFF7F8FD91
:10661000D4F8F430304623F00203C4F8F430C3F366
:10662000002501F09DFE002894D088F31188BFF367
:106630006F8F002D7FF43AAF01F0B2FA36E723F006
:106640001103EB6005F11000FFF7DAFDC6E70B6000
:106650007B68834208BF7960D5E723B11A68014699
:1066600018461346C4E71A46F9E700BFE86700205A
:10667000E0670020A0A004003B900400B6F70400EF
:1066800070B5C3680546C3F340069B070C460DD59D
:106690000122002104F108000BF0DCFA0023236042
:1066A000054B65605A681AB9C3E90044304670BDAD
:1066B00014605C60FAE700BFE0670020F8B5C368CB
:1066C00004469A070F46C3F340063AD45B0726D424
:1066D0000B680BB983680B60E368DD0722D5A368FC
:1066E00053B92949294840F2571207F01DF840F2E2
:1066F0005711254807F00FF802263B603D68002D32
:106700003ED0234B9A68D5F8D8309A420CD0D5F8B1
:10671000F430D807C3F3800216D46FF012060023BA
:106720003B6027E00126E9E70BF009FBD5F8F430E0
:106730000028EED1D907C3F3C002EED552B15B07F2
:1067400008D46FF00F06EAE7002AFAD1C3F3C003BA
:10675000002BF6D100232360D5F8E03063B9C5E9FA
:10676000374428460BF0A1FAE36843F00403E360E2
:106770003B68A3603046F8BD1C60C5F8E040F0E718
:106780006FF01506CBE700BFB6F704003B9004009E
:10679000B467002073B50446EFF31185402383F3FB
:1067A0001288BFF36F8F194801F0CCFD40B918492A
:1067B0008822184806F0B8FF8821154806F0ABFF7C
:1067C000124801F0E3FD00230321201F0193A4F1EF
:1067D00010060BF04FFA28B1A369304601A90193C6
:1067E000FFF76CFF094801F0BBFD40B908494FF4C1
:1067F0009A72084806F098FF4FF49A71DDE785F326
:106800001188BFF36F8F02B070BD00BFE867002032
:10681000A0A004003B90040038B50D46044640B9E2
:106820000B499C220B4806F07FFF9C21084806F08C
:1068300072FF31B906499D22064806F075FF9D2179
:10684000F4E7102200210CF0E0FF656038BD00BFC6
:10685000B6F704003B900400F8B5C368064603F0A1
:106860000503002B0C4614BF0127002728D085689C
:1068700055B91C491C4840F2C11206F055FF40F2C0
:10688000C111184806F047FF0122002104F1100051
:106890000BF0E0F920461549FFF7BEFFE36843F02F
:1068A0001003E360F3685B0712D5336823606BB9AC
:1068B000D5F8E03033B9C5E9374428460BF0F5F98F
:1068C0003846F8BD1C60C5F8E040F6E73460F4E7F0
:1068D000D5F8DC302360D5F8E030C5F8DC40002B7B
:1068E000EBD1F0E7B6F704003B9004008B1C0400EA
:1068F00038B50446EFF31185402383F31288BFF3C4
:106900006F8F134801F01EFD40B9124988221248CA
:1069100006F00AFF88210F4806F0FDFE0C4801F042
:1069200035FDE4680A4804F01F0401F019FD40B980
:1069300008494FF49A72084806F0F6FE4FF49A712F
:10694000E9E785F31188BFF36F8F204638BD00BF9C
:10695000E8670020A0A004003B90040037B50C4677
:10696000019051B9224940F27D12224806F0DCFE26
:1069700040F27D111E4806F0CEFE4B6843B91C491B
:106980004FF4BF721B4806F0CFFE4FF4BF71F1E722
:10699000EFF31185402383F31288BFF36F8F1648FE
:1069A00001F0D0FC38B915498822124806F0BCFE27
:1069B00088211248DFE7104801F0E8FC204601A9D1
:1069C000FFF77CFE04460C4801F0CAFC40B90B49B5
:1069D0004FF49A72074806F0A7FE4FF49A71E8E761
:1069E00085F31188BFF36F8F204603B030BD00BF21
:1069F000B6F704003B900400E8670020A0A0040064
:106A0000014601480BF08BB91848002070B50C46C0
:106A1000054650B9314940F2CD12314806F084FEA6
:106A200040F2CD112D4806F076FEC368DB0508D58F
:106A30002A494FF4E7722A4806F076FE4FF4E771D0
:106A4000F0E70BF07CF940B1244940F2CF12244822
:106A500006F06AFE40F2CF11E4E744B91F494FF453
:106A6000E8721F4806F060FE4FF4E871DAE7EFF3D2
:106A70001186402383F31288BFF36F8F194801F00A
:106A800061FC38B918498822154806F04DFE882166
:106A90001548C8E7134801F079FC28462146FFF75E
:106AA000DBFE05460F4801F05BFC40B90E494FF490
:106AB0009A720B4806F038FE4FF49A71E8E786F3B5
:106AC0001188BFF36F8F3DB14FF0FF324FF0FF33AE
:106AD00004F11000FFF7FEFB284670BDB6F7040076
:106AE0003B900400E8670020A0A0040038B50446ED
:106AF00050B9224940F22B22214806F015FE40F2FF
:106B00002B211E4806F007FEC368DB0508D51B498C
:106B10004FF40B721A4806F007FE4FF40B71F0E7C2
:106B2000EFF31185402383F31288BFF36F8F15486D
:106B300001F008FC38B914498822114806F0F4FD28
:106B400088211148DEE70F4801F020FC20460BF0B9
:106B5000B3F804460B4801F003FC40B90A494FF46E
:106B60009A72074806F0E0FD4FF49A71E9E785F361
:106B70001188BFF36F8F204638BD00BFB6F7040001
:106B80003B900400E8670020A0A0040008B550B9BD
:106B90000749084840F2053206F0C6FD40F20531CB
:106BA000034806F0B8FDF82200210CF02EFE08BDC7
:106BB000B6F704003B900400F0B589B004460E9D82
:106BC00050B92D4940F232322C4806F0ADFD40F26A
:106BD0003231294806F09FFD41B9274940F233324E
:106BE000264806F0A1FD40F23331F2E7D0F8F40078
:106BF00010F0010008D020494FF44D721F4806F0F4
:106C000093FD4FF44D71E4E7C4E9370004F1E4006B
:106C1000C4E9390004F1EC00C4E93B0055B328791C
:106C2000002840F2011008BF0120C4F8F400002041
:106C30004FF0FF364FF0FF37CDE90330CDE90100CB
:106C4000CDE9066720460E4B009400F01FFB55B1BE
:106C5000296811B120460BF078F86B791BB1237BC2
:106C600043F001032373204601F0B4F8C4F8D84080
:106C700009B0F0BD0120D8E7B6F704003B9004004E
:106C8000A164030038B50D46044650B90E494FF4CF
:106C900078720E4806F048FD4FF478710A4806F005
:106CA0003AFD41B9084940F2E132084806F03CFD9E
:106CB00040F2E131F2E7302200210CF0A6FD4FF462
:106CC00080736560E36038BDB6F704003B90040054
:106CD00038B5044650B91B491B4840F2F13206F062
:106CE00023FD40F2F131174806F015FDEFF3118551
:106CF000402383F31288BFF36F8F144801F022FB07
:106D000038B913498822104806F00EFD8821104832
:106D1000EAE70E4801F03AFBE4680C4804F01F046F
:106D200001F01EFB40B90A494FF49A72064806F07A
:106D3000FBFC4FF49A71EAE785F31188BFF36F8F7C
:106D4000204638BDB6F704003B900400E8670020F9
:106D5000A0A00400F7B50C4616461D46019050B998
:106D60002D4940F257422D4806F0DEFC40F25741D3
:106D7000294806F0D0FC41B927494FF48B622748D7
:106D800006F0D2FC4FF48B61F2E7EFF3118740235A
:106D900083F31288BFF36F8F214801F0D3FA38B91B
:106DA000204988221D4806F0BFFC88211D48E0E7E5
:106DB0001B4801F0EBFAE36813F01E0F22D155EAED
:106DC000060211D1204601A9FFF778FC04461448B9
:106DD00001F0C6FAC0B913494FF49A720F4806F091
:106DE000A3FC4FF49A71E1E743F00803E360019BD1
:106DF00004F11000A36232462B460B4901F0FCFA65
:106E00000124E4E70024E2E787F31188BFF36F8FE2
:106E1000204603B0F0BD00BFB6F704003B9004006D
:106E2000E8670020A0A00400956703000146014820
:106E3000FFF790BF18480020F7B50C4616461D46D0
:106E4000019050B92C4940F27A422C4806F06CFC73
:106E500040F27A41284806F05EFC41B9264940F2EA
:106E60007B42264806F060FC40F27B41F2E7EFF3FC
:106E70001187402383F31288BFF36F8F204801F0FE
:106E800061FA38B91F4988221C4806F04DFC882158
:106E90001C48E0E71A4801F079FA20460AF0F6FEAD
:106EA00055EA060311D1204601A9FFF707FC044665
:106EB000134801F055FAB8B912494FF49A720F48C5
:106EC00006F032FC4FF49A71E2E7E36804F1100037
:106ED00043F00803E360019B3246A3620A492B4654
:106EE00001F08AFA0124E3E787F31188BFF36F8F7B
:106EF000204603B0F0BD00BFB6F704003B9004008D
:106F0000E8670020A0A0040095670300014601483F
:106F1000FFF792BF1848002038B5044650B91D4904
:106F20001D4840F29C4206F0FFFB40F29C4119488C
:106F300006F0F1FBEFF31185402383F31288BFF3D2
:106F40006F8F164801F0FEF938B9154988221248AA
:106F500006F0EAFB88211248EAE7104801F016FA29
:106F600020460AF093FE20460AF0A6FE04460B488F
:106F700001F0F6F940B90A494FF49A72064806F052
:106F8000D3FB4FF49A71E6E785F31188BFF36F8F57
:106F9000204638BDB6F704003B900400E8670020A7
:106FA000A0A00400F8B50D46044650B9384940F297
:106FB000AD42384806F0B8FB40F2AD41344806F027
:106FC000AAFB41B9324940F2AE42324806F0ACFB6E
:106FD00040F2AE41F2E70AF0B2FE40B12C4940F275
:106FE000AF422C4806F0A0FB40F2AF41E6E7EFF3DA
:106FF0001186402383F31288BFF36F8F264801F078
:10700000A1F938B925498822224806F08DFB88214C
:107010002248D4E7204801F0B9F9E36803F01F03E0
:10702000002B14BF0127002712D11B4801F098F94B
:1070300040B91A494FF49A72164806F075FB4FF49E
:107040009A71E5E786F31188BFF36F8F3846F8BD74
:1070500020460AF01BFE20460AF02EFE2046294656
:10706000FFF70EFB04460C4801F07AF90028E0D047
:1070700086F31188BFF36F8F002CE7D04FF0FF32FB
:107080004FF0FF3305F10800FFF724F9DEE700BFFA
:10709000B6F704003B900400E8670020A0A00400BD
:1070A00008B5836843B90B490B488F2206F03CFBB7
:1070B0008F21084806F02FFBD0E9003213605A6098
:1070C0000023427BC0E9003322F002024273836056
:1070D00008BD00BF1FF704003B9004002DE9F843F2
:1070E0000546EFF31188402787F31288BFF36F8FAF
:1070F000344801F027F938B933498822334806F07B
:1071000013FB8821304814E02E4801F03FF9EFF3DB
:10711000118387F31288BFF36F8F83F31188BFF356
:107120006F8F43B92A492948A62206F0FDFAA62105
:10713000274806F0F0FA2C68A54234D09CB300260C
:107140002046FFF7ADFF04F1180001F017FAB14631
:107150002046C4F88C9000F01FFA0136EFF311833B
:1071600087F31288BFF36F8F83F31188BFF36F8F9C
:10717000002BD7D02C68A54210D07CB12046FFF759
:107180008FFF04F1180001F0F9F9E1E788F31188A5
:10719000BFF36F8F00263046BDE8F88341460948AB
:1071A00000F0E8FBF7E7074801F0DAF80028EDD136
:1071B00005494FF49A72054806F0B6FA4FF49A71F1
:1071C000A0E700BFEC670020A0A004003B900400F3
:1071D0001FF704002DE9F04385B098460F9B044645
:1071E0000F2B0F463BD1254988453CD104F158016E
:1071F000C4E916111099002621730421073222F0E8
:10720000070507EB05096173A37349462046C4E9E6
:107210000666A660E673ECF757FB0E9B073020F07E
:107220000700E067C4E91D7502930D9BA9EB0009F7
:1072300001930C9B4A460093394643462046ECF79F
:1072400015FF0F4B66659B6884F870600BB1D3F82F
:1072500080304846C4F8803005B0BDE8F08303F1C3
:1072600010011E29C2D90749074840F24B2206F0F7
:107270005BFA40F24B21034806F04DFA7D5C0300B7
:10728000B4670020D7F704003B900400F0B587B046
:107290000446DDE91276EFF3058555B11749184824
:1072A00040F21A3206F040FA40F21A31134806F062
:1072B00032FA0595109D04950F9D03950E9D02953C
:1072C0000D9D01950C9D0095FFF784FFB6F1FF3FE2
:1072D00008BFB7F1FF3F05D056EA070305D12046A6
:1072E00000F078FD204607B0F0BD3A46334604F181
:1072F0001800044901F080F8F4E700BFD7F7040054
:107300003B900400B51D040040F20113838100236B
:1073100010B50446C0E91D3301F05AFB014B9C60D7
:1073200010BD00BFB467002070B590F90D20437BFD
:10733000002A54DBDC0652D12A4A43F080039042F3
:10734000437308D128495222284806F0EDF952210A
:10735000254806F0E0F9D90706D5234953222348EA
:1073600006F0E2F95321F3E7214C224652F81C3F84
:10737000216A934207D1C0E900210860206211E030
:107380009942F8D01B68002BF5D090F90E5093F974
:107390000E60B542F4D0AE42F2DD5968C0E900316A
:1073A00008605860E569954200D005B9E568A368B2
:1073B0003BB910490D48EA2206F0B6F9EA210D481A
:1073C000C7E75A7BD20604D1DA897F2A01D9AA6994
:1073D00032B1AB4202D0284600F03EFFA56170BD3D
:1073E000A361FCE768460020FAF704003B90040024
:1073F000B46700201CF8040038B590F90D20014650
:10740000002A437B19DA1F4A03F07F03904243733B
:1074100008D11D495A221D4806F086F95A211A48FA
:1074200006F079F9DC0706D517495B22174806F004
:107430007BF95B21F3E70AF08DFC154D2A4652F8E3
:107440001C4FAB68944200D004B9EC688B4210D05A
:107450003BB910490D48EA2206F066F9EA210D48C9
:10746000DEE75A7BD20604D1DA897F2A01D9A269E4
:107470002AB1A34202D0204600F0EEFE2346AB61C3
:1074800038BD00BF68460020FAF704003B900400B6
:10749000B46700201CF8040008B5836843B90949A3
:1074A00009488F2206F040F98F21064806F033F98B
:1074B0000AF050FC437B23F00203437300238360F4
:1074C00008BD00BF1FF704003B90040008B5124A36
:1074D000936860B1597B11F0090F08D10F4910482A
:1074E000D22206F021F9D2210C4806F014F96FF0EF
:1074F0000A01C3F88C100B49C3F888004B6843F0AD
:1075000080534B60002383F31188BFF36F8F936820
:10751000D3F88C0008BD00BFB467002048F8040011
:107520003B90040000ED00E038B5194CA168206ADA
:107530000B68814214BF1A46002249680B605960EB
:10754000A368216A2AB9134AC3E900210B602362A8
:107550000CE093F90E0092F90E50A84214D0854227
:1075600012DD5168C3E900210B605360E569094BE6
:107570009D4200D005B9E568A3689D4202D0284627
:1075800000F06AFEA56138BD9142DCD01268D9E7EF
:10759000B4670020D067002038B50446EFF31185AA
:1075A000402383F31288BFF36F8F124800F0CAFEA6
:1075B00040B911498822114806F0B6F888210E48D2
:1075C00006F0A9F80B4800F0E1FE2046FFF7ACFEFC
:1075D000084800F0C5FE40B907494FF49A720748C1
:1075E00006F0A2F84FF49A71E9E785F31188BFF32A
:1075F0006F8F38BDF0670020A0A004003B9004000E
:1076000038B50446EFF31185402383F31288BFF3A6
:107610006F8F134800F096FE40B912498822124835
:1076200006F082F888210F4806F075F80C4800F043
:10763000ADFEA36813B12046FFF72EFF084800F007
:107640008FFE40B907494FF49A72074806F06CF86C
:107650004FF49A71E7E785F31188BFF36F8F38BD58
:10766000F0670020A0A004003B90040070B5044621
:107670000D46EFF31186402383F31288BFF36F8F1B
:107680001C4800F05FFE40B91B4988221B4806F0E9
:107690004BF88821184806F03EF8164800F076FEB0
:1076A000002394F87010627B84F8703069B165B182
:1076B000104800F055FEC0B90F494FF49A720F48B8
:1076C00006F032F84FF49A71E4E712F0280FEFD188
:1076D000A36813B12046FFF7DFFE637B204623F04B
:1076E00004036373FFF720FEE2E786F31188BFF31C
:1076F0006F8F70BDF0670020A0A004003B900400D5
:107700002DE9F047DFF8C8A02B4F1646DDE90898B1
:10771000DAF80820294BB84204460D461A600AD10F
:107720002749284840F29E2205F0FEFF40F29E21A4
:10773000234805F0F0FFEFF31183402383F3128811
:10774000BFF36F8F384600F0FDFD38B91E4988221F
:107750001C4805F0E9FF88211B48EAE7384600F09D
:1077600015FEDAF80870314638460AF0FBFAB8F12F
:10777000FF3F08BFB9F1FF3F06D04A4643461349D1
:1077800007F1180000F038FE204600F0E9FD40B98E
:107790000D494FF4B7720B4805F0C6FF4FF4B771AF
:1077A000DAE7054800F0DCFD0028F1D02846BDE806
:1077B000F047FFF78BBE00BFF0670020F4670020A2
:1077C000FAF704003B900400A0A00400B51D0400DB
:1077D000B46700202DE9F04104460D46EFF3118710
:1077E000402383F31288BFF36F8F5B4800F0AAFD3C
:1077F00038B95A4988225A4805F096FF88215748D7
:1078000017E0554800F0C2FD637B03F01F02002A19
:107810000CBF0126002669D1524A03F07F0394422F
:10782000637308D150495A224D4805F07DFF5A2113
:107830004D4805F070FFD90706D54B495B224848F3
:1078400005F072FF5B21F3E720460AF083FA637BC1
:107850006DB243F08003DA07A573637306D542491E
:1078600053223F4805F060FF5321E1E7DFF8008134
:10787000424652F81C3F934235D1D8F82010C4E953
:1078800000210C60C8F820400FE09942F7D01B6837
:10789000002BF4D093F90E008542F6D0A842F4DD17
:1078A0005968C4E900310C605C60D8F81C4094420F
:1078B00000D00CB9D8F80C40D8F808309C4202D05F
:1078C000204600F0C9FCC8F81840234800F048FDE5
:1078D000002839D121494FF49A72214805F024FF3C
:1078E0004FF49A718BE7D8F82010D1E79B0729D580
:1078F000A16839B91D491A488F2205F015FF8F215B
:107900001A4896E720466DB20AF024FAA5730B6870
:10791000994209D14B68C4E900131C604C60D4E75C
:107920004A689342F6D01B68002BF3D093F90E20DF
:107930009542F5D0AA42F3DD5A68C4E900321460DA
:107940005C60C2E7A573C0E787F31188BFF36F8F50
:107950003046BDE8F08100BFF0670020A0A0040021
:107960003B90040068460020FAF704001FF704006B
:10797000B467002038B503460C46D1B9EFF305854E
:10798000BDB9154A91699268914212D000F0E8FCA5
:1079900050B912494FF4B772114805F0C5FE4FF4C3
:1079A000B7710E4805F0B7FE2846BDE83840FFF72E
:1079B0008DBD184600F0D4FC40B908494FF49A72C6
:1079C000074805F0B1FE4FF49A71EAE784F3118895
:1079D000BFF36F8F38BD00BFB4670020A0A00400C4
:1079E0003B900400034648B9EFF3058232B9064ADA
:1079F00091699268914201D0FFF768BD83F31188C5
:107A0000BFF36F8F704700BFB467002010B5EFF36E
:107A10001184402383F31288BFF36F8F1F4800F057
:107A200091FC38B91E4988221E4805F07DFE882148
:107A30001B480EE0194800F0A9FCEFF3058353B191
:107A4000194940F23B32174805F06EFE40F23B31D7
:107A5000154805F060FE154B9A68D37B012B08D1C1
:107A600011494FF44F720F4805F05EFE4FF44F710D
:107A7000EEE7013BD373094800F072FC40B90849B6
:107A80004FF49A72074805F04FFE4FF49A71CFE712
:107A900084F31188BFF36F8F10BD00BFF067002023
:107AA000A0A004003B900400FAF70400B467002093
:107AB00070B5EFF31186402383F31288BFF36F8F05
:107AC0002E4800F03FFC38B92D4988222D4805F09A
:107AD0002BFE88212A480FE02B4D284800F056FC49
:107AE000AB68DA7B52B9294940F24732254805F0A4
:107AF0001BFE40F24731254805F00DFEEFF30581EE
:107B000041B122494FF452721E4805F00DFE4FF468
:107B10005271F0E70132DA732A4652F81C4F944250
:107B200000D004B9EC685A7BD20604D1DA897F2AE6
:107B300001D9A2692AB1A34202D0204600F08CFBF1
:107B400023460E48AB6100F00BFC40B90C494FF4E2
:107B50009A720C4805F0E8FD4FF49A71BAE786F383
:107B60001188BFF36F8FEFF31180402383F31288E6
:107B7000BFF36F8FBDE87040FFF734BFF0670020A0
:107B8000A0A004003B900400B4670020FAF70400B2
:107B9000024B03F11C02C3E907227047B4670020BF
:107BA00070B5EFF3058353B1324933484FF48E6219
:107BB00005F0BAFD4FF48E612E4805F0ACFDEFF3F1
:107BC0001186402383F31288BFF36F8F2B4800F098
:107BD000B9FB38B92A498822274805F0A5FD882134
:107BE0002748EAE7274C254800F0D0FBA168206A27
:107BF0000B68814214BF1A46002249680B60596025
:107C0000A368216A2AB9204AC3E900210B602362D4
:107C10000CE093F90E0092F90E50A84220D0854254
:107C20001EDD5168C3E900210B605360E569164B06
:107C30009D4200D005B9E568A3689D4202D0284660
:107C400000F00AFB0D48A56100F08AFB60B90C4901
:107C50004FF4B772084805F067FD4FF4B771BFE7FE
:107C60008A42D0D01268CDE73046BDE87040FFF7B9
:107C70002DBC00BFFAF704003B900400F067002021
:107C8000A0A00400B4670020D06700202DE9F041D7
:107C900006460C46EFF3058757B12D492D484FF4A2
:107CA000916205F041FD4FF49161294805F033FDE3
:107CB00050EA010304D1FFF773FF0020BDE8F08113
:107CC000EFF31188402383F31288BFF36F8F2248AC
:107CD00000F038FB38B9214988221E4805F024FD00
:107CE00088211E48E2E71E4D1B4800F04FFBA868A4
:107CF0001C4B1860FFF780FBA868234632461A49E0
:107D0000183000F079FBAA680446537B124843F010
:107D10000403537300F024FB40B910494FF4B772C9
:107D20000C4805F001FD4FF4B771DAE74046FFF764
:107D3000CDFBAB68D3E90A23B3F1004F08BFBA42C9
:107D4000BBD10AF07CF8201A20EAE070B6E700BF49
:107D5000FAF704003B900400F0670020A0A00400A4
:107D6000B4670020F4670020B51D0400F8B506468E
:107D70000F46EFF3058454B11449154840F2B2425E
:107D800005F0D2FC40F2B241104805F0C4FCFFF708
:107D90007DFFB7F1FF3F08BFB6F1FF3F0546304614
:107DA00012D04FF47A7647F61120214647F6122278
:107DB0000023C5FB0601DEF72BFAB0F1004F71F18D
:107DC000000128BF6FF00040F8BD00BFFAF70400C3
:107DD0003B90040038B50446EFF31185402383F34C
:107DE0001288BFF36F8F1B4800F0ACFA40B91A49F4
:107DF00088221A4805F098FC8821174805F08BFC6A
:107E0000144800F0C3FA637B5B0710D504F1180037
:107E100000F0B4FB637B204623F004036373FFF799
:107E200083FA2946BDE838400A48FFF7A3BD094850
:107E300000F096FA40B908494FF49A72074805F0E5
:107E400073FC4FF49A71D8E785F31188BFF36F8FF5
:107E500038BD00BFF0670020A0A004003B900400E4
:107E6000014B9868704700BFB46700202DE9F843C4
:107E70000446077BEFF31185402383F31288BFF399
:107E80006F8F754800F05EFA40B9744988227448D3
:107E900005F04AFC8821714805F03DFC6E4800F071
:107EA00075FA637B180712D56B4800F059FA40B990
:107EB0006A494FF49A726A4805F036FC4FF49A7199
:107EC000E9E785F31188BFF36F8FBDE8F883D9091F
:107ED00043F008027DD16273A36813B12046FFF717
:107EE000DBFA04F1180000F049FBA66D04F1580814
:107EF000B04511D04FF0000976B13046FFF7CCFA0B
:107F000006F1180000F03AFB3046C6F88C90FFF7F7
:107F10000BFAA66DB045EFD1DFF85881D8F80830DC
:107F20009C4273D1EFF30589B9F1000918BF4FF0F6
:107F30000109D8F81C604B4A964200D00EB9D8F817
:107F40000C60B34202D0304600F086F92046C8F8F3
:107F5000186006F0D0FAB9F1000F02D04248FFF7DE
:107F6000D3F9D8F808309C425FD1EFF30586002E94
:107F70005BD1237BDA071FD5374800F0F1F90028E1
:107F800096D085F31188BFF36F8F86F31188BFF306
:107F90006F8F0423184602DFEFF31185402383F32C
:107FA0001288BFF36F8F2C4800F0CCF900283FF403
:107FB0006CAF294800F0EAF9274800F0D1F940BB3E
:107FC00026494FF4B772264805F0AEFB4FF4B7715F
:107FD00061E7264A03F07F0343F00803944263738A
:107FE00007D123495A221E4805F09EFB5A212048FA
:107FF00052E7D90706D51E495B22194805F094FBC4
:108000005B21F4E7204609F0A5FE65E74FF0000983
:108010008FE72846FFF75AFA15494FF4EE721048D9
:1080200005F082FB4FF4EE71E1E70B4800F098F9A0
:1080300000283FF43DAF85F31188BFF36F8FFB0736
:108040007FF543AF0A4940F28E52054805F06CFBBC
:1080500040F28E51CBE700BFF0670020A0A00400E3
:108060003B900400D06700201049002068460020A3
:10807000FAF70400B46700202DE9F8430646884665
:108080001746EFF31189402383F31288BFF36F8FF4
:108090001C4800F057F9054640B91B4988221B4887
:1080A00005F042FB8821184805F035FB154800F023
:1080B0006DF93468A6421AD0DCB12046C4F88C8031
:1080C0002761FFF7E9F904F1180000F057FA20469C
:1080D000FFF72AF90B4800F043F960B90A494FF459
:1080E0009A720A4805F020FB4FF49A71DBE70025ED
:1080F000F0E72546EEE789F31188BFF36F8F284636
:10810000BDE8F883F0670020A0A004003B900400C5
:10811000D3B5DDE90667089CCDE90067FFF7F0FA03
:108120001CB1034B9B681B69236002B0D0BD00BF2C
:10813000B46700202DE9F84306460F469046EFF35A
:108140001189402383F31288BFF36F8F1A4800F020
:10815000F9F840B919498822194805F0E5FA88214B
:10816000164805F0D8FA144800F010F93468A64211
:1081700017D10025104800F0F3F8A8B90F494FF4C3
:108180009A720F4805F0D0FA4FF49A71E8E7414629
:108190002046B84705460028ECD17368A342E8D0D2
:1081A0002468002CF3D1E4E789F31188BFF36F8FC3
:1081B0002846BDE8F88300BFF0670020A0A00400B7
:1081C0003B900400427B034612F01F0210D10A4983
:1081D00088420DD00949086868B1D9897F2909D832
:1081E00093F90E20064B1B689A42B8BF00207047D7
:1081F000002070471046704768460020E4060020C3
:10820000F867002008B568B10E4B98420AD303F115
:108210001802904206D21822C01AB0FBF2F302FBF9
:10822000130343B1084909483F2205F07DFA3F2175
:10823000054805F070FA0122054BC0105843054B64
:108240001A5408BDE849002072F804003B9004006D
:10825000ABAAAAAA5C76002070B50D4B0D4D1E7C12
:10826000FFF7B0FF06EB460305EBC30504462846BF
:1082700000F084F90022084B9A553CB1621E284652
:10828000BDE870400549D31700F0B6B870BD00BF17
:10829000B4670020E84900205C76002005820300D6
:1082A00038B5EFF31185402383F31288BFF36F8F46
:1082B0001E4800F047F840B91D4988221D4805F0C6
:1082C00033FA88211A4805F026FA184800F05EF8BB
:1082D000194B1A4A9C681068A0420ED1FFF7BCFFE8
:1082E000124800F03DF8D8B911494FF49A7211487C
:1082F00005F01AFA4FF49A71E4E700211B7C116033
:108300000F4AD35C002BEBD02046FFF75BFF002821
:10831000E6D0637BDB0601D1FFF706F92046DDE7F7
:1083200085F31188BFF36F8F38BD00BFF067002061
:10833000A0A004003B900400B4670020F467002074
:108340005C760020006838B1044B00F003001B7C11
:10835000C01A18BF0120704701207047B467002081
:10836000002302680360EFF30581074B19B1996898
:10837000497BC90706D4197C98680843831A584278
:108380005841704701207047B4670020024B1A7CA7
:108390009B68134303607047B4670020024B186862
:1083A000984208BF00207047E8060020034B1B6876
:1083B0000BB9F9F71DBB0020704700BFFC67002018
:1083C00030B570B10B4B5B6898420AD0036843B17B
:1083D000D3E90421D0E90445121941EB0501C3E9B1
:1083E0000421D0E9003213605A600023C0E9003351
:1083F00030BD00BFE8060020B3F1FF3F08BFB2F177
:10840000FF3F2DE9F84F04469B4615461F4600F0F6
:10841000A480D0F80090B9F1000F08D0504951481D
:10842000702205F081F970214D4805F074F98160E2
:10843000EFF31188402383F31288BFF36F8F4A480C
:10844000FFF780FF824638B948498822454805F041
:108450006BF988214548E8E74348FFF797FFBBF1F0
:10846000000F434A1FDBFFF7A1FF064601354BF122
:10847000000B3F4A2D184BEBE073D2E90017C4E91B
:1084800004536D1843EB0707FFF788FF0346DFF837
:10849000E8E0DEF80490EBB9C4E900E9C9F800406F
:1084A000CEF8044028E06FF00103D2E900125B1A15
:1084B0004FF0FF3161EB02025B1B62EB0B02012B01
:1084C00072F10001BCBF01234A464FF0000AC4E923
:1084D0000432D9E7D3E9041CD4E904208A4270EBC2
:1084E0000C0B29DA891A5A686CEB0000C3E90410F6
:1084F000C4E9003214605C60FFF750FF84420ED183
:108500001C4B1B685BB9BAF1000F02D1FFF74EFF9D
:108510000646304609F07CFC0021F9F7ABFA124818
:10852000FFF71EFF88B911494FF49A720D4805F004
:10853000FBF84FF49A718DE7521A60EB0C009945E5
:10854000C4E90420A8D01B68A5E788F31188BFF30D
:108550006F8F28463946BDE8F88F00252F46F8E78B
:108560009AF804003B90040000680020A0A00400DA
:10857000004A0020FC670020E806002070B5044691
:10858000EFF31186402383F31288BFF36F8F1E48E9
:10859000FFF7D8FE40B91D4988221D4805F0C4F8F0
:1085A00088211A4805F0B7F81748FFF7EFFE23684F
:1085B0000BB3FFF7F3FE05462046FFF701FF00224D
:1085C0004FF00043A542C4E9042306D1FFF7EEFEB5
:1085D00009F01EFC0021F9F74DFA00240A48FFF7C4
:1085E000BFFE58B909494FF49A72094805F09CF842
:1085F0004FF49A71D5E76FF01504EFE786F3118811
:10860000BFF36F8F204670BD00680020A0A004005B
:108610003B9004002DE9F04D0446EFF31186402312
:1086200083F31288BFF36F8F3E48FFF78BFE40B98C
:108630003D4988223D4805F077F888213A4805F001
:108640006AF8DFF8F0803748FFF7A0FEC8F800406E
:10865000FFF7A4FE4FF0000A04464FF0000B344F22
:10866000D8F80030D7E9001CD81754B1D4E9045227
:10867000AB4270EB020E1EDAED1A62EB0002C4E9A7
:10868000045200245B184CEB0000C7E90030204680
:10869000C8F8004009F0BCFB2146F9F7EBF9214886
:1086A000FFF75EFEA8B186F31188BFF36F8FBDE8B8
:1086B000F04DFFF7F5BD69184CEBE5732046C4E9B2
:1086C00004ABC7E90013FFF77BFE1648FFF748FE2F
:1086D00040B915494FF49A72144805F025F84FF443
:1086E0009A71ABE786F31188BFF36F8F2046A368BA
:1086F0009847EFF31186402383F31288BFF36F8FFF
:108700000848FFF71FFE002892D00648FFF73EFEFC
:10871000D8F800305B1BC8F80030FFF73FFE044676
:108720009EE700BF00680020A0A004003B9004006A
:10873000004A0020FC67002070B5EFF3118640234B
:1087400083F31288BFF36F8F1548FFF7FBFD40B925
:1087500014498822144804F0E7FF8821114804F0E6
:10876000DAFF0F48FFF712FEFFF720FE0F4AD2E9AB
:108770000045041945EBE0750948FFF7F1FD40B9E4
:1087800008494FF49A72084804F0CEFF4FF49A71EA
:10879000E4E786F31188BFF36F8F2046294670BD4A
:1087A00000680020A0A004003B900400004A0020C4
:1087B000F8B505460E46EFF31187402383F3128880
:1087C000BFF36F8F1A48FFF7BDFD40B919498822E2
:1087D000194804F0A9FF8821164804F09CFF1448AA
:1087E000FFF7D4FD2C68A54217D0D4E900321360FE
:1087F0005A60002331462046C4E9003309F06BFB80
:108800000B48FFF7ADFD50B90A494FF49A720A4878
:1088100004F08AFF4FF49A71DEE70024F0E787F353
:108820001188BFF36F8F201E18BF0120F8BD00BF55
:1088300004680020A0A004003B90040070B504462A
:108840000D46EFF31186402383F31288BFF36F8F39
:108850001C48FFF777FD40B91B4988221B4804F0EC
:1088600063FF8821184804F056FF1648FFF78EFD75
:1088700001212068E5608442A1600CD11148FFF716
:108880006FFDC0B910494FF49A72104804F04CFFC4
:108890004FF49A71E6E7D0E9003213605A60002382
:1088A000C0E9003309F017FB314604460548FFF7DD
:1088B00061F8204670BD86F31188BFF36F8F0024E6
:1088C000F7E700BF04680020A0A004003B9004006C
:1088D0002DE9F84F4F1E0F4206460D469A4607D027
:1088E00025491722254804F01FFF1721224817E0C9
:1088F000141D3ED241F0040B00F11408EFF311896E
:10890000402383F31288BFF36F8F4046FFF71AFDB1
:1089100040B91B498822194804F006FF88211848ED
:1089200004F0F9FE4046FFF731FD22465946304635
:10893000D04704464046FFF713FD40B910494FF4B5
:108940009A720E4804F0F0FE4FF49A71E7E789F34B
:108950001188BFF36F8F64B1204640F8046B4DB1AE
:10896000384207D004493422044804F0DDFE3421A3
:10897000BCE70020BDE8F88FDFF804003B9004005E
:10898000A0A004002DE9F04105460E46174609F067
:10899000D6F930B9074B9B68D3F8804014B9BDE8CD
:1089A000F081054C3B46324629462046BDE8F04161
:1089B000FFF78EBFB4670020D007002002460021D9
:1089C000014B0248FFF784BFF3D60300D007002015
:1089D000014BC0F880307047D00700200146024AA2
:1089E0000020FFF7CFBF00BFF3D6030001680E4A97
:1089F0000346914215D1C169A2F11022A2F1EF12F2
:108A000091420ED18268012A0BD8C26812B1016965
:108A10008A4206D0586928B19B691B1A58425841AE
:108A200070470120704700BF55AA00FF70B50D4B7D
:108A30009E68A6B13046FFF7D9FF044678B9F368BF
:108A40006BB935690DB9204670BD2846FFF7CEFFDA
:108A500028B9EB68B34202D12E462D69F2E7012412
:108A6000F1E700BF086800202DE9F041444B454C78
:108A700005461B6820468846984718B100242046C2
:108A8000BDE8F081A4F1140754F8144CFB68DCB184
:108A9000BC68CCB1002D66D0B8F1000F65D008FBE2
:108AA00005F6B6FBF5F5A84561D1311D5FD8B207D3
:108AB00011D026F0030204321C4603E061689142A3
:108AC00057D2A469002CF9D12F4B2E481B68984728
:108AD0000028D4D0D2E73246EEE7891A232904F1E0
:108AE00020051CD80123A360D4E90523AAB1936112
:108AF000A3690BB162695A610023C4E905333B697C
:108B0000DB0703D5FFF792FF002835D1324600215D
:108B100028462C460AF079FED6E7FB60E8E702F12A
:108B2000200C04EB0C032039C3E90110DC6021693F
:108B30001648196144F80C00A0F11020A0F1EF10C4
:108B4000D86101B1CB6061695961A069986141B197
:108B50008B61996901B14B6101212361C4E9012154
:108B6000CAE7FB60F5E72C46AEE74446ACE70446AF
:108B7000AAE7A0680028B0D0012003F0AFF800BF3A
:108B8000200700201C6800201C07002055AA00FFB9
:108B900070B5464B464C05461B6820469847002852
:108BA00040F08280002D43D054F8143CA4F1140608
:108BB000002B3DD0B268002A3AD09D4203D37268A0
:108BC00013449D4202D3012003F088F8A5F120044C
:108BD0002046FFF70BFF0028F5D155F8183C012B74
:108BE000F1D155F8143C45F8180C3BB39A682ABBF0
:108BF00055F81C2C02F120015A680A445A6055E9C4
:108C000005321A6155F8145C2B6903B1DD6020222E
:108C1000002120460AF0F9FD286910B18368002B75
:108C20002ED033699B0703D5FFF700FF0028CAD178
:108C3000BDE870401F4B1E481B68184755F8100CC4
:108C400000282AD0836843BB4268636813442033FA
:108C5000636003692361D4E905239AB9CBB94369F9
:108C600063618269A261B3B19C61A36903B15C6174
:108C7000236903B1DC60202200210AF0C6FDD0E7A1
:108C80002C46E1E79361A369002BE8D062695A6141
:108C9000E5E7F360F7E7F460E7E7F36845F8083CD9
:108CA00003B15C61F460BCE770BD00BF2007002029
:108CB0001C6800201C07002038B50C462822002123
:108CC000054615480AF0A1FD144B15481B68984746
:108CD0001449154800F038F8232C1CD915F003036B
:108CE0001FBF043CE418C3F10403ED182246002121
:108CF00028460AF08AFD084B0C49C3E90054203C81
:108D00009D606C609A6811609A68A1F11021A1F1D0
:108D1000EF11D161DA6038BD086800202407002017
:108D20001C680020918B0300698A030055AA00FF8C
:108D3000014B1B68184700BFF4060020014B1B685D
:108D4000184700BFF0060020024B1860024B0020BD
:108D500019607047F4060020F006002010B50A469E
:108D6000044619B1024B00211B68984710BD00BF93
:108D7000F8060020F8B50D4E0D4C0E4D33680E4828
:108D8000984767782B680C48984733680B48984792
:108D9000022F08D12478E31F5C425C412B6807480E
:108DA00098472046F8BD0024F8E700BF20070020C0
:108DB000306800201C07002088080020740800206C
:108DC0000E4B0340B3F1607F06D1B1F5885F14BF4D
:108DD0006FF0860000207047B3F1707F0BD101F473
:108DE000E043B3F5005F06D111F4E06F0CBF6FF004
:108DF0008600002070476FF0860070470000C07F3B
:108E00008A42F8B506460D4600F0188101F0FE4191
:108E1000B1F1C06F6BD18D4C22F4875121F01F014D
:108E2000A14222F0FF0015D0894988422CD022F4BB
:108E3000FF7121F00101B1F1062F2CD004F5C064BF
:108E4000A04207D004F57454A14203D0A4F5844491
:108E5000A1421DD1D1B221BB8BB122F4FF7323F00B
:108E60000103B3F1062F06D07A4922F4FF6323F001
:108E700007038B4203D122F4807225F4807595425A
:108E800014BF00200120F8BDD1B251B9824208D0F0
:108E9000002BE9D1F3E7D1B219B9B2F1062F40F0B6
:108EA000D1806B4E25F4FF7121F00101B14225F014
:108EB000FF0411D006F58856B4420DD0664F25F454
:108EC0007F7626F00306BE4206D0644EB44203D03D
:108ED00006F57456B142BFD115F0FF01BCD0604E0B
:108EE00041F00071B14204BF02462546B4E7B1F13A
:108EF000A06F17D102F0FE43B3F1A06F40F08C8059
:108F000082EA050333F47E1340F086802E0440F19C
:108F10008380C5F30540C2F3054290428CBF002018
:108F20000120B0E74F4B9D4209D1A3F500439A427F
:108F300000F084804C4B22F47E109842A0E7B1F1FF
:108F4000407F69D102F0FE43B3F1407F64D182EAF1
:108F5000050030F47E145FD131462846FFF730FF1C
:108F600000286DD1414B12F47C1103EA020318D0A2
:108F7000B3F1607FC2F305413DD13D48D3B243F028
:108F8000007383423DD003F17E43043B112B01D893
:108F90003848C45C15F47C1FC5F3054333D18C42BB
:108FA0006EE7B3F1607F0DD13148D3B243F0007367
:108FB00083421ED003F17E43043B112BDDD82E49A2
:108FC000C95CDAE7B3F1707F19D106F4E043B3F579
:108FD000005F03D10121C6F30223994006F4E04368
:108FE000B3F5005FD6D10120C6F3022600FA06F4DD
:108FF000D0E71021C1E7B3F1707FCBD1EEE70024B9
:10900000C8E71024C6E712F47C1F01D1A34215D093
:109010002C0401D58B4281E725F0004323F47F0324
:10902000B3F1106F0CD102F0FE43B3F1106F07D112
:109030001248104040F01060A84221E7012022E7CA
:10904000002020E7002B7FF416AF18E7000300068E
:1090500000020006004000060004000600090006A9
:10906000FF0000020093C004000140050000C07F23
:109070000300000203F9040003F904000000FFF6F6
:109080002DE9F047884692461C4600F023FC064630
:1090900000283CD1D8F80070B7F8009009F4E043FC
:1090A000B3F5804FBB6808BF2AF0010A3AEA030310
:1090B00025D164B3BAF5006F2CD0AAF50052D2F1D5
:1090C000000A4AEB020A2A4B24F0FF029A4224D1FA
:1090D00014F0FF0504D0274B45F000759D423BD0AE
:1090E000534622464846F968FFF78AFE054670B99E
:1090F0005346224648463969FFF782FEA8BB6FF007
:10910000840600233846C8F8003000F0A9FC304639
:10911000BDE8F0874FF0010AD5E7174B9A42D7D048
:10912000A3F588539A42D3D024F4FF7323F00103AC
:10913000B3F1062FCCD011498A42C9D0104A9342CC
:10914000C6D0A2F584429342C2D004F0FE43B3F1EC
:10915000407F04D12304C3D56FF08606D1E7B3F175
:10916000A06FF7D0034B9C42B9E72E46CFE700BF74
:1091700000030006FF0000020013000600090006BD
:109180000046000670B5114B05461B6810480E4698
:109190009847044618B16FF08F04204670BD6B6984
:1091A00033602B7F012B04BF02232B77094B18BFA1
:1091B00030601B68064818BF6FF096049847002877
:1091C000EBD0002CE7D06FF09604E6E720070020F4
:1091D000600800201C07002038B500F0FE43B3F102
:1091E000407F04460D4602D06FF0860038BDFFF781
:1091F000E7FD0028FAD114F47C1F12D0C4F3054314
:10920000032B137022D9284A2240B2F1607F3DD14E
:10921000264AE4B244F0007494422BD1102BE5D9D5
:10922000E2E7214B2340B3F1607F15D11F49E3B240
:1092300043F000738B4202D110231370D6E703F181
:109240007E43043B112B04D9002313706FF085007B
:10925000CCE71749CB5CD3E7B3F1707FF4D101F4CD
:10926000E043B3F5005FEFD10123C1F302218B404E
:10927000DBB2C5E704F17E44043C112CB4D80D4A9E
:10928000125D9342B0D8142BB0D9DFE7B2F1707FF2
:10929000AAD105F4E042B2F5005FA5D10122C5F3E1
:1092A0000225AA40EDE700BF0000C07F03000002D6
:1092B00003F9040003F9040000232DE9F3411360CE
:1092C0004768D0F8148004460E463846114609F027
:1092D000B8F9054688B9384609F0B5F9054660B9C8
:1092E000FFB277B9B8F1000F05D1A36823F00313DB
:1092F00023F47F4363B16FF08605284602B0BDE8D2
:10930000F0810121606909F076F90028EDD1F2E7DA
:109310004FF6F87362889A4227D8154B15481B6898
:109320002779984710B16FF08F05E6E707B901A8D4
:10933000314600F08DFA104B05461B680D489847E2
:1093400010B1002DD9D1EEE7002DD6D10FCCD6F833
:1093500000C066460FC694E8070086E80700002FA5
:10936000CBD1019BCCF81430C7E76FF08505C4E77B
:1093700020070020600800201C07002010B50446CC
:1093800060B1074B07481B689847204608F02BFF41
:10939000BDE81040044B03481B68184710BD00BFD0
:1093A00020070020600800201C07002037B5044675
:1093B000C0B101A900F08EFA044698B91F4B2048AD
:1093C0001B6898471F4D38BB0198037F032B11D1B1
:1093D00009F022F92B6804461948984728B10CB9BE
:1093E0006FF08F04204603B030BD002C08BF6FF033
:1093F0008704F7E7022B1BD1032303770379FF2BA5
:1094000019D04369104A03F14043A3F580539342B6
:1094100002D800F0DBFC0446019809F0FDF82B6847
:10942000002818BF0446064898470028DAD0D6E737
:109430006FF09604F0E76FF08404EDE7200700205A
:10944000600800201C070020FFDFFF3F2DE9F041EE
:1094500016461F46002288B0038805468846CDE997
:10946000042207963A60002E62D0B6F1005F80F0C9
:109470009E8023F0FF03B3F5E24F02D0B3F5824F95
:1094800022D1284608F090FD0446002840F0838051
:10949000EB686BB16A885AB12B8803F44F41B1F580
:1094A000824F05D1DBB2222B37D02DD8122B39D0E9
:1094B0004246002308EB060112F8010B914243EAF1
:1094C0000003F9D1002B33D0284605AA04A9FFF7E1
:1094D000F3FE0446A0B9049B9B6A63B3049B414618
:1094E0005A882846069206AA029203F1280201929F
:1094F0009A6A00925B6A324600F02CFB044678B30D
:109500000498FFF73BFF46E0273BDBB21B2BCFD88D
:10951000284921FA03F3DB07CAD50732B6EBD20F8D
:10952000C6D205E040F209239A42F6D1402EBFD8B8
:109530006FF086042FE06B681B0A07D10799049827
:1095400008F011FE04460028C8D0D9E7324641464B
:10955000284607AB00F0A2FA04460028EED0CFE779
:109560000499069B4A88D2B94B804FF6F873069A45
:1095700004989A4218D82B8813B102889A4210D1C5
:109580006B8813B142889A420BD13946FFF7FAFD36
:1095900004460028B4D1204608B0BDE8F0819A42C4
:1095A000E3D06FF08604ABE76FF08504A8E76FF0B7
:1095B0008504F0E70102000C38B504460D46FFF7BC
:1095C000D9FB30B12A462146BDE83840024809F0AF
:1095D00066B86FF0880038BD3468002070B51D4E45
:1095E0001D4C33681D4898472378590744BF23F022
:1095F0000403237023789A0705D500F00FF9237828
:1096000023F002032370164D14482B6898473368E3
:1096100014489847637813B1134809F043F80023BE
:10962000042111486370FFF799FB2B680D48984798
:1096300033680A4898472378DB0705D509F00CF80A
:10964000237823F0010323702B680448BDE87040A1
:10965000184700BF20070020306800207408002051
:109660001C07002088080020346800202DE9F04104
:10967000FFF780FB18B100242046BDE8F081364F8B
:1096800036483B689847044620B16FF08F04FFF7D7
:10969000A5FFF1E7324D2B78D80706D408F0DAFFA2
:1096A00004462B7843F001032B702E4E2B48336871
:1096B000984710B1002CE8D0E9E7002CE7D13B68CF
:1096C0002648984704460028DFD12B78990706D40E
:1096D00000F09CF804462B7843F002032B703368AB
:1096E0001E4898470028E5D1002CD0D13B681B4884
:1096F00098470028C9D13368184895F800809847E2
:109700000028C2D13B681848984704460028BCD1BD
:109710006B7843B918F0010F05D0144808F0BCFF6E
:10972000022304466B7033680F4898470028C1D164
:10973000002CACD13B68094898470028A5D12B786C
:1097400006485A075CBF43F004032B703368984700
:10975000002890D099E700BF20070020740800205F
:10976000306800201C070020880800203468002092
:1097700038B5074C074B20461B689847064B2046D8
:1097800093F88055054B1B689847284638BD00BFA5
:109790007408002020070020386800201C070020E3
:1097A00000F140431F2B70B505460E460CD82C2205
:1097B000154C02FB0344237F022B02D163698342D1
:1097C00018D06FF08B001AE0012108F014FFB8B137
:1097D0000D4B00221C46197F022902D15969A9426A
:1097E00005D00132202A03F12C03F4D1E9E72C2320
:1097F00003FB0244204608F0F1FE00B9346070BD5E
:109800006FF08700FBE700BF386800200122024BA1
:10981000002083F880257047386800202DE9F0414A
:109820000A4C002526464FF0010803272046C4F8BD
:1098300020802777013508F0D6FC202D04F12C0478
:10984000F4D1002386F88035BDE8F0813868002027
:10985000F8B506460F46FFF78BFF80B300241B4B7D
:1098600022461D46197FD1B13CB9022905D1196A9A
:1098700019B91979002918BF1C460132202A03F1B1
:109880002C03EFD114B96FF08C0006E0204608F0ED
:10989000A5FE204608F0A7FC10B100240DE01C46F0
:1098A000237F7BB90123237736B1094B651BAD10AC
:1098B0005D4305F18045356000203C60F8BD6FF0E8
:1098C0008800EAE76FF09600E7E700BF38680020FD
:1098D000A38B2EBA00232DE9F0410B6090B0054612
:1098E0000E46FFF745FF002800F0AF80584B59485F
:1098F0001B689847804668B931462846FFF750FFF5
:1099000010F18C0F0446544F0AD03B6851489847D9
:1099100010B10CB96FF08F04204610B0BDE8F08193
:1099200031464046FFF794FF044618B13B6849486A
:109930009847F1E70122336801465D61336809A861
:109940005A601C22356809F060FF00220023686914
:10995000CDE90623414A00F14043A3F580539342E9
:10996000CDE90444039405D9284608F03CFC6FF087
:10997000870420E006AA03A908F097FE0446002801
:1099800037D1039B6A690A93DBB2002B08BF002220
:109990000346CDE90000DDE906010E9209AA00F0B8
:1099A00067F910F18A0F044608D030680CBB08F044
:1099B0001AFC6FF0960400233360A6E704A909A8F7
:1099C00000F086F80446A0B92846049908F0CBFBBD
:1099D000044670B9DDE9060105AB0193AB6A09AA3B
:1099E00000936B6A00F044F9044648B1284608F039
:1099F000EFFB306808F0F7FB14F18C0FDBD1B6E712
:109A0000059B09ACAB620FCC0FC594E8070085E855
:109A1000070033689A68D00413D49A68910444BF4D
:109A200042F400629A6033681A7F012A04BF02225E
:109A30001A77306808F0D2FD044600283FF465AF7D
:109A4000B9E742F480629A60E7E76FF0880463E761
:109A500020070020600800201C070020FFDFFF3FD8
:109A600010B50B4B04461B680A48984718B16FF0B5
:109A70008F04204610BD204608F0CEFD064B04465C
:109A80001B68044898470028F3D0002CF1D1EEE77A
:109A900020070020600800201C070020194610B491
:109AA000002443680C60084C1A0AB4EB132F02D050
:109AB000064B9A4203D15DF8044B00F029BB6FF0CE
:109AC00086005DF8044B7047004E80004B4E8000CE
:109AD00010B4002443680C60084C1A0AB4EB132F2E
:109AE00002D0074B9A4203D15DF8044B00F010BB43
:109AF0006FF086005DF8044B704700BF004E800099
:109B00004B4E80002DE9F041456804462D0A0E4673
:109B10001746984606D00E4CA54214D06FF086002A
:109B2000BDE8F08105886D0407D443463A463146C6
:109B30002046BDE8F04108F0C4BC00F0DBFD10F1A8
:109B4000860FEDD1F1E7BDE8F04100F0D3BD00BFD5
:109B50004B4E80002DE9F04FDFF880B0D0F804E0E4
:109B600085B0BBEB1E2F0446DDE90E890D46164677
:109B70001F46DDF840A04FEA1E2C1CD0DFF860E045
:109B8000F44518D0BCF1000F22D1CDE9019ACDF8EF
:109B9000008000F02FFD10F1860F1BD13B463246AE
:109BA00029462046CDE90F9ACDF8388005B0BDE8AA
:109BB000F04F08F0EBBA3B46324629462046CDE945
:109BC0000F9ACDF8388005B0BDE8F04F00F012BD17
:109BD0006FF0860005B0BDE8F08F00BF004E80003A
:109BE0004B4E800030B44468240A06D0064DAC4287
:109BF00006D030BC6FF08600704730BC08F010BB58
:109C000030BC00F0F5BD00BF4B4E80002DE9F7439E
:109C10000D46DDE90A891646134942681F46B1EB35
:109C2000122F04464FEA12230ED0104A934200D05E
:109C3000ABB93B46324629462046CDE9008900F0C3
:109C400095FC10F1860F0CD13B4632462946204642
:109C5000CDE90A8903B0BDE8F04300F087BC6FF09E
:109C6000860003B0BDE8F083004E80004B4E8000BC
:109C7000F0B4DFF830C05468DDE90456BCEB142FB3
:109C80004FEA142702D0064CA74204D1CDE904566E
:109C9000F0BC00F09BBD6FF08B00F0BC704700BFC4
:109CA0004B4E8000004E80002DE9F043DFF84890D5
:109CB000DDB2446845F000754D45DDF82C804FEA73
:109CC0001424DDE90767DDE909CE0CD014B1094D94
:109CD000AC420CD1CDE90AE8CDE9087C0796BDE895
:109CE000F04308F0F5BD6FF08500BDE8F0836FF03C
:109CF0008600FAE74B4E800005000002F7B5089E8B
:109D00000E4FF5B2044645F000754868BD424FEA73
:109D100010200DD010B10A4DA8420CD1009604F1CC
:109D2000080008F0CAFD08B90523236003B0F0BDA0
:109D30006FF08500FAE76FF08600F7E70500000294
:109D40004B4E8000F7B5089E0E4FF5B2044645F025
:109D500000754868BD424FEA10200DD010B10A4D81
:109D6000A8420CD1009604F1080008F0A8FD08B93B
:109D70000523236003B0F0BD6FF08500FAE76FF0B4
:109D80008600F7E7050000024B4E80002DE9F04108
:109D900044681D46DDE9087CDDE90636240ADDF865
:109DA00028E003D0DFF82080444508D1CDE909E55B
:109DB000CDE9077C0696BDE8F04101F08BB86FF065
:109DC0008600BDE8F08100BF4B4E80004268044B26
:109DD000B3EB122F01D108F038BE6FF08500704749
:109DE0004B4E800010B50C4C206801F067FE0B4A0A
:109DF0001368591C11604BB9094A4820D2F8003445
:109E000043F00703C2F80034EAF7B2F82068BDE86F
:109E1000104001F069BE00BF00070020BC6D0020AB
:109E20000080045038B5164D286801F047FE154BE8
:109E30001C68013C1C60ECB94820EAF7A7F807222F
:109E4000114BC3F80823D3F8002422F00702C3F80B
:109E50000024C3F80041D3F80021C3F80441D3F82B
:109E600004214FF48072C3F80841D3F80831074B3E
:109E7000C3F888212868BDE8384001F035BE00BF2E
:109E800000070020BC6D00200080045000E100E0CD
:109E900070B5154D154E2B68B34222D0FFF7A2FFC7
:109EA00001F09AFA124A134B134952F8040B43F883
:109EB000040B8B42F9D101F0DFFA38B108F0F7FB5F
:109EC0000446FFF7AFFF3CB92E6005E000F0BAFE94
:109ED000044618B1FFF7A6FF204670BD08F05EFEED
:109EE000EEE70024F8E700BFFC06002011736500D0
:109EF000BC71040000C080511CD38051F8B50546E8
:109F00000E4618461C2117461C4608F096FC6B6846
:109F100021491A0AB1EB132F1BD1204A3378226151
:109F20001F4A13F00303E26066610CD0023303F0B2
:109F30000303012B26D86B880733DB086360194BBA
:109F400023600020F8BD6B880733DB086360164B85
:109F5000F6E7164B9A4212D16A69154B1344022B4D
:109F600013D90023224642F8183FC4E90333626143
:109F70006A69104B9A4201D12023E7E747B1C4E94F
:109F80000067DEE76FF08400DCE76FF08500D9E75B
:109F90006FF09600D6E700BF4B4E8000DDA80300AF
:109FA000652B04000000002040008151004E80001D
:109FB000FF3F008004C0FF7F0022074BC3F8102141
:109FC000C3F80C21C3F80021C3F80421C3F8082109
:109FD000C3F81421704700BF0050045008B5FFF7C4
:109FE000EBFF01230360104B0A6832B9D3F80C2150
:109FF0001AB9D3F80821002AF6D00B687BB90B4BAD
:10A0000099420ED0A3F58473D3F80831002B0CBF0E
:10A010004FF0FF306FF00200FFF7CEFF08BD0020C9
:10A02000FAE74FF0FF30F7E70050045008510450B2
:10A0300070B506460D46F9B14B6913F00F0408D010
:10A040000F491048552203F06FFB55210C4803F0CF
:10A0500062FB2146012007F0FEFC0B480B49C0F8CB
:10A060000065C0F80455FFF7B9FF214605462046B4
:10A0700007F0F1FC284670BD6FF00105FAE700BF5C
:10A080001CF904003B90040000500450005104509F
:10A09000034B0449C3F800050348FFF79FBF00BF07
:10A0A00000500450045104500450045010B50446AC
:10A0B0000021012007F0CFFC064B0749C3F80045FB
:10A0C0000648FFF78BFF00210446084607F0C3FC53
:10A0D000204610BD00500450085104500850045050
:10A0E00038B50C4659B1074D0749C5F80005074872
:10A0F000FFF774FF10B9D5F80835236038BD6FF04D
:10A100000100FBE700500450105104500C50045063
:10A1100070B51C4E44680288B6EB142F43884FEA92
:10A12000142513D14069184B98420BD003F5FF4317
:10A130007D330344012B02D8B2F5105F20D06FF0BD
:10A14000860016E047F212139A42F7E70F4885425D
:10A15000F5D102F44F40B0F5824F0BD144F212100A
:10A16000073382424FEAD30301D15B000133002061
:10A170000B6070BDB2F5885F02D10733DB08F6E7EC
:10A180000223F4E7004E800001C0FF7F4B4E8000A9
:10A190002DE9F047804600244FF010091E4E94B080
:10A1A0000DF1270525F01F0506F1200A01221021D7
:10A1B0001A4808F0E7FA2B19009352461023202181
:10A1C0001548CDF8049000F0DFFE0746F8B9D6E94F
:10A1D0000C321034013342F10002302CC6E90C324B
:10A1E000E4D1B8F1000F04D022464146284608F0D9
:10A1F000BCFA2E46084C0FCE0FC496E80F0020354F
:10A2000084E80F0095E80F00103484E80F0038460A
:10A2100014B0BDE8F08700BF084A0020284A00209B
:10A22000F0B5194D194FAB6B8DB0BB4229D0184E0C
:10A23000306801F043FC402300221946284608F00C
:10A24000F1FA3021684608F00EFB044678B96846FA
:10A25000FFF79EFF044690B9302302461946684630
:10A2600008F0E0FA01220023C5E90C23AF6330684F
:10A2700001F03AFC204608F01AFA0DB0F0BD0E24A9
:10A28000F5E70020F9E700BF084A0020B4A5B4A50F
:10A29000040700202DE9F04F99B00DF1570802F1A5
:10A2A0000F0982460E46144628F01F084FEA191976
:10A2B00022B1002967D0B2F5803F64D8334F344DC6
:10A2C000386801F0FBFBD5E90C3213430BD1504643
:10A2D000FFF7A6FF834630B1386801F005FC584609
:10A2E00019B0BDE8F08FD5E90C2319EB020243F158
:10A2F0000003B3F5803F14D3302102A808F0B3FA6D
:10A30000B8B902A8FFF744FF83460028E4D1302300
:10A310000246194602A808F085FA00220023C5E982
:10A320000C23DFF870A03CB92046FFF731FF8346CD
:10A33000D2E76FF0920BCFE7102C4FF001024FF0F5
:10A3400010015046A14628BF4FF0100908F01AFA34
:10A35000102352462021CDE900830D4800F014FE61
:10A3600083460028B8D14A463046414609F040FAB3
:10A37000D5E90C32013342F10002C5E90C32A4EBFD
:10A3800009044E44CFE76FF0860BA8E704070020CE
:10A39000084A0020284A00202DE9F041069C04F0DC
:10A3A000FE45B5F1407F08D0224923481A2203F028
:10A3B000BBF91A211F4803F0AEF9056895BB14F4E8
:10A3C0007C1604600BD0C4F305461C4D24F47E14A7
:10A3D000AC4246602AD1BDE8F04100F083B8184D88
:10A3E0002540B5F1607F0DD1164FE5B245F00075FF
:10A3F000BD4215D005F17E45043D112DE5D8124E24
:10A40000765DE2E7B5F1707FDFD10D8805F4E047B6
:10A41000B7F5005FD9D10126C5F30225AE40D4E7D8
:10A420001026D2E76FF08800BDE8F0816FF085005C
:10A43000FAE700BF6FF904003B9004000002C0037C
:10A440000000C07F03000002C5F9040010B40468D6
:10A450004CB16AB1094B24F47E149C420AD15DF8D8
:10A46000044B08F05FBA6FF088005DF8044B70474A
:10A470001046FAE76FF08500F7E700BF0002C0035F
:10A48000F8B51E46036805460F4603B311B341688D
:10A49000914222D8124A23F47E13934211D108F03C
:10A4A000AAFA044678B905F10C0138466A6809F041
:10A4B0009FF96B684FF4AA712846336008F0BDF924
:10A4C00003E06FF09604002333602046F8BD6FF080
:10A4D0008804FAE76FF08604F7E76FF08904F4E781
:10A4E0000002C0032DE9F0410E46114632881D4698
:10A4F000B2F5105F0446736830D10F2D0AD81948A1
:10A500001A0AB0EB132F07D0174B9A4204D06FF002
:10A51000860220E0202DFAD804F59A772A4638469C
:10A5200004F58C7809F064F92A46434639463046EA
:10A53000FFF7E4FC024670B9414604F1200000F048
:10A540007FFD024618B1BDE8F04108F0B0B8102315
:10A55000A360012323771046BDE8F0816FF08502E8
:10A56000F9E700BF4B4E8000004E80002DE9F0411E
:10A570000E46DDE906EC17461C4643B91B4920226E
:10A580001B4803F0D1F82021184803F0C4F8BCF1AF
:10A59000000F06D115492122154803F0C5F82121E5
:10A5A000F2E74FF000080588CCF80080BEF1000FFC
:10A5B00015D025F0FF05B5F5E24F03D1BDE8F04118
:10A5C00001F040B9B5F5824F0DD1734622463946A8
:10A5D0003046CDF818C0BDE8F04108F082BE6FF0FB
:10A5E0008600BDE8F0816FF08500FAE7D7F9040036
:10A5F0003B9004002DE9F04F8DB00446DDE916785C
:10A6000089469246189E039343B9374978223748C2
:10A6100003F08AF87821344803F07DF8B8F1000F90
:10A6200006D131497922314803F07EF87921F2E7E9
:10A6300036B92D497A222D4803F076F87A21EAE7D7
:10A640004FF0000CB0F800E0C6F800C0C8F800C039
:10A65000002F43D04568DFF898B04FEA152CBBEBCC
:10A66000152F26D104A9D0F814B0FFF751FD0146EB
:10A67000C0B9049B9F4219D35FFA8BFB59465346DE
:10A680004A46204600F084F9014658B95846CDE9BB
:10A690000078039B05AA00F035FB014610B9BDF810
:10A6A0001630336008460DB0BDE8F08F6FF08901B9
:10A6B000F8E7BCF1000F14D12EF0FF04B4F5E24F1F
:10A6C00004D10DB0BDE8F04F08F09FBDB4F5824F46
:10A6D00007D10DB0BDE8F04F08F0BEBD6FF08601A8
:10A6E000E0E76FF08501DDE7D7F904003B90040057
:10A6F0004B4E80002DE9F0430546164698460F461E
:10A7000093B041B92E49EA222E4803F00DF8EA2110
:10A710002B4803F000F833B92949EB22294803F00C
:10A7200003F8EB21F4E7D0F804C0DFF89C9004882C
:10A73000B9EB1C2F4FEA1C2E2DD142880732B2F5FF
:10A74000C47F4FEAD20937D224F0FF02B2F5E24FBC
:10A7500011D14A4606A908F0ECFC48B905ABCDE991
:10A7600001834A463B462846009606A9FFF742FF6A
:10A7700013B0BDE8F083B4F5105F06D0B4F5885F80
:10A7800003D042F204039C4216D14A4606A9002097
:10A79000FFF780FDE1E7BEF1000F0DD14AB124F0D3
:10A7A000FF04B4F5E24F07D113B0BDE8F04308F061
:10A7B000C0BC6FF08600DBE76FF08500D8E700BF14
:10A7C000D7F904003B9004004B4E800030B4074C96
:10A7D000041961F10005032C75F1000502D330BCAA
:10A7E00000F090BA6FF0850030BC7047FF3F0080EA
:10A7F0002DE9F84304881E4604F44F43B3F5824F15
:10A800009046DDE908270D460CD0B4F5885F0ED1DF
:10A8100042462946304608F0EBFF0020C7F800808A
:10A82000BDE8F883E4B2422CF2D0122CEFE7438863
:10A830000733B2EBD30F4FEAD30921D3DFF84C80B3
:10A84000D8F8000001F03AF9284608F08BF90446E0
:10A8500030B94A4630460C4908F0CAFFC7F80090A4
:10A86000284600F03BF80546D8F8000001F03CF916
:10A87000002D14BF28462046BDE8F84307F017BF57
:10A880006FF08900CCE700BF00000020080700201F
:10A890006029F8B505460E4618D80E4F386801F005
:10A8A0000DF9284608F05EF907F001FF044640B9AB
:10A8B00009493246284608F09BFF6021064807F008
:10A8C000BCFF386801F010F92046F8BD6FF089042C
:10A8D000FAE700BF080700200000002008B5037851
:10A8E0009B0705D00548602107F0A7FF002008BDA1
:10A8F00008F054F90028F5D00220F8E70000002005
:10A90000F7B5224943680446B1EB132FDAB239D1C7
:10A91000032A03D16FF0840003B0F0BD466901A99A
:10A92000F5B2284608F0C8F80028F5D16A46214655
:10A93000019808F096F80028EED10446009FA7423F
:10A9400019D89DF8043007F0070223F01F0343EAEB
:10A95000820301A88DF804308DF80560FFF7BEFF73
:10A960003946284608F0C3F80028D5D103B0BDE821
:10A97000F04008F0D4B86019FFF78AFB0028C9D16D
:10A980000134DBE76FF08B00C6E700BF4B4E800061
:10A990002DE9F04F89B007460C4615461E4608F0D3
:10A9A000BEF878B97B690090C3F3013262F30510F9
:10A9B0008DF8000010F0300007D1B96889070FD07A
:10A9C0006FF0860009B0BDE8F08F102808D1BDF8FF
:10A9D000023023F4F87343F4A873ADF8023081E039
:10A9E000F968DFF850C261450AD0DFF84CC2614512
:10A9F00012D0DFF848C2614550D12421009B01E00C
:10AA00001421009B61F3933300933B88B3F5105FEF
:10AA100013D06FF08500D5E7BB685B04F9D53B88A0
:10AA200003F44F41B1F5824FF3D1DBB2122BF0D1D9
:10AA30003821009B61F39333009300234FF0010B07
:10AA4000984619469C46D7F808E0DFF8F49159F883
:10AA500004AB1EEA0A0F08D00BFA0CF343EA080312
:10AA600003F07F08012341EA0A010CF1010CBCF15B
:10AA7000070FECD12BB19DF8033068F347038DF835
:10AA800003303EEA0101C4D17B88FF2B11D008D8E6
:10AA9000802B3BD0C02BBCD102230BE0DBB2F82BC8
:10AAA000B6E7B3F5807F33D0B3F5C07FB1D10623CD
:10AAB00000E003239DF8021063F306118DF80210E5
:10AAC00018B91EF0030F7FF47BAF3B79022B2CD01B
:10AAD00020D8012B7FF474AFBDF8021063F3C811C6
:10AAE000ADF80210012A39D0032A23D0002A7FF4BE
:10AAF00067AF3B88B3F5105F8BD1182E04D0202EA2
:10AB000002D0102E7FF45CAF474F2BE00123D1E73A
:10AB10000423CFE7032B02D0FF2B7FF451AF022198
:10AB2000BDF8023061F3C81357E7BDF8023043F4B3
:10AB3000C07352E7412E0ED0202E05D006D8102E1D
:10AB400002D0182E7FF43CAF384F0BE0302EFBD0F4
:10AB5000612E7FF435AF0135013EF5E7302E7FF4ED
:10AB60002FAF334F4FF000080F364FEA1619C1458B
:10AB700015D11F2E1CD81C22002101A808F045FE6B
:10AB80004FF0000A4FF0FF39D04518D11F2E04D9DD
:10AB9000BA20FFF78BFA002835D1002012E704EB2A
:10ABA000080007F056FE00283AD008F10108DEE759
:10ABB0004146204607F09BFF0028DCD002E707EB68
:10ABC0000A124FEA0A130692BAF1000F1ED1009A38
:10ABD0000792BDF802202B44C2F3C11205920DF179
:10ABE000040C03F1100E624618685968083303C25A
:10ABF00073459446F7D101A904EB0A00FFF718FA50
:10AC000038B107F08CFF6FF09200DBE6CDF81C90B6
:10AC1000DFE71C2101A807F010FE0AF1010AB3E7E3
:10AC20006FF08A00CEE600BF400081510000002096
:10AC30001084045000444004000002090002C003D4
:10AC4000D884040010B590B01C22002101A808F09F
:10AC5000DCFDF82007F0FDFD08B3202200200DEBFD
:10AC60000201FFF717FB0446F8B901A84FF4807101
:10AC700007F0EDFE0E4B0F4904930F4BCDE9011386
:10AC80000E4BF821069320230DEB0302FFF780FE05
:10AC9000202104460DEB010007F0CFFD05E0F9206F
:10ACA00007F0D7FD0028D8D10446204610B010BDCB
:10ACB0000010C00400240001014B4E80F800FF7F0B
:10ACC00073B5C5B20E46284601A9144607F0F4FE36
:10ACD00088B9BDF80630C3F3C113013BDBB2022BC8
:10ACE0008FBF6FF08600054AD25C054B9EBF1343B1
:10ACF0003360C4E9005002B070BD00BF38FA0400F0
:10AD0000004B4E802DE9F04385B0884601A90646E8
:10AD100014461D460C9F07F0CFFE48B9B6F1F80364
:10AD200048F1FF38022B78F1000804D26FF086005A
:10AD300005B0BDE8F08307F0F2FE0028F8D1002C42
:10AD4000F4D09DF8048018F00F0240F0A280BDF806
:10AD50000630C3F3C113013BDBB2022B00F29C802F
:10AD6000554908F03008C95C544BB8F1100F43EA5C
:10AD70000103636038D1524B2360204602A9FFF7DC
:10AD8000C7F90028D4D1029BBB4200F2918044F263
:10AD9000121221880198914204BF042205F8012B68
:10ADA0000D9A214613609DF804302A78C3F30113ED
:10ADB00063F301022A7003AA08BF07F1FF3707F007
:10ADC00050FE0028B4D12B78039A6E7062F384038E
:10ADD0002B70238803F44F42B2F5824F54D1394689
:10ADE0002846FFF755FDA3E7134691469DF8071047
:10ADF00034484908E9B94946204607F028FE019B36
:10AE0000C3F38533242B1FD0382B21D0142B49D1E9
:10AE10004FF410522C4BE3609DF806302280C3F3B0
:10AE20000213013B052B40D8DFE803F02C16242643
:10AE30003F29CA0705D5062B31D850F8232049EA07
:10AE4000020949080133D5E74FF410521F4BE2E7DE
:10AE500047F212121E4BDEE7C0236380B8F1000FE9
:10AE60008BD1B2F5105F02D119F0030F85D06FF0CE
:10AE700096005DE7FF23F0E74FF48073EDE74FF4B2
:10AE8000C073EAE78023E8E7B3F5885F7FF450AF4B
:10AE9000A5E76FF088004BE76FF0910048E76FF08F
:10AEA000830045E76FF0920042E76FF098003FE7BC
:10AEB0006FF089003CE700BF38FA0400004B4E8079
:10AEC00001108001D8840400004440040002C00343
:10AED000000002092DE9F04700240588274E86B0BE
:10AEE00091469846DDE911A305F44F421E4023F038
:10AEF0000043B2F5824F23F47F0318BF2546B3F118
:10AF0000106F0F461E4B418846F01066CAF800408D
:10AF10000CD19E420CD1038823F0FF03B3F5E24F1E
:10AF20000CD06FF0860006B0BDE8F0879E4202D0DC
:10AF3000144B9E42F5D16FF08500F4E7EDB2284640
:10AF400005AA00F073FBB8B9059B5C684C45E8D1D5
:10AF5000284600F0ABFB0028EDD0109B2246029360
:10AF60000F9B394601930E9B05980093CDF80CA0DA
:10AF7000434600F0BFFCD6E72046D4E70000FFF6CA
:10AF800000000209000001092DE9F3411D464FF4BC
:10AF90008073284C8046002017460E46019300F02F
:10AFA00099F901AB23601123234A0121C4E902234B
:10AFB00004F11003636040F61103E36104F1200320
:10AFC00063612123089AE3621C4B46F000561A6025
:10AFD000099A45F0005542F00052C3E901122022BF
:10AFE000C4F81080A6612762A5626162DA60BFF3CF
:10AFF0005F8F4FF0A3421460BFF35F8FBFF35F8F8B
:10B000001361BFF35F8FBFF35F8F03235363BFF3FE
:10B010005F8FBFF35F8F9363BFF35F8F07F049FECE
:10B02000431C0446FAD0002000F07EF9204602B00E
:10B03000BDE8F081D06D002004000020C06D00202C
:10B0400070B504460D4619B10A688B681AB953B930
:10B050006FF021063BE033B94B6823F00802102A59
:10B0600001D0202B35D12046256107F092FE0646FF
:10B0700000282CD1184B04F1780123600123636070
:10B08000AB6804F114009A069B01DBB202F0E042C7
:10B090001A4342F48032112300F020F8AB6893B9D0
:10B0A0002A68A3691A606B68A26943F00053936031
:10B0B0002268A36992699268DA60A3691033A36178
:10B0C00063680133636000221023C4E90223304621
:10B0D00070BD6FF04106FAE7F4840400026100F1EC
:10B0E0001402826000F110024160C2600A6042688E
:10B0F000034991604268D3604368103343607047EE
:10B1000004000020BFF35F8F094A1368BFF35F8F0D
:10B1100043F48071BFF35F8F1160BFF35F8F23F43F
:10B120008073BFF35F8F1360BFF35F8F704700BF03
:10B130000010805108B5FFF7E5FFBFF35F8F064AA7
:10B140001368BFF35F8F43F00103BFF35F8F13609A
:10B15000BFF35F8F08BD00BF0010805170B500269F
:10B16000C0E9006605460C46FEF73CFE01232B7045
:10B17000FFF7C8FFBFF35F8F204BDB68BFF35F8F24
:10B180009B08013BACB3226842B19A4205D9FEF755
:10B1900049FE6FF03F002E7070BD1346D4E90115D3
:10B1A000E068002908BF4FF40071002808BFF120B3
:10B1B0002469BFF35F8F114A9360BFF35F8FBFF3C2
:10B1C0005F8F1564BFF35F8FBFF35F8F5064BFF372
:10B1D0005F8FBFF35F8F5163BFF35F8F44F48024B1
:10B1E00044F00104BFF35F8F1460BFF35F8F002052
:10B1F000D2E74FF40071F1202546DAE700108051C4
:10B2000070B503780D461446002B53D0BFF35F8F03
:10B210002D4A136BBFF35F8F5908C3F34203052B0D
:10B220004BD011F0060F02D14FF0FF3070BD4368D4
:10B23000D3B9BFF35F8F5368BFF35F8F032BF3D98D
:10B24000224B2349BFF35F8FD2F88060BFF35F8F3B
:10B25000BFF35F8F43F8046BBFF35F8F8B42F1D175
:10B26000FFF768FF01234360BFF35F8F164B9A68B7
:10B27000BFF35F8F0132B4EB021F21D8BFF35F8FA2
:10B280005A68BFF35F8FB4EB820FCDD884B1BFF3A0
:10B290005F8FD3F88020BFF35F8F291D05F8012B46
:10B2A0008D424FEA122204F1FF34EFD0002CF5D189
:10B2B0000020BBE76FF02000B8E76FF05100B5E762
:10B2C0006FF03F00B2E700BF0010805110108051B6
:10B2D0002010805110B50446FEF784FD104B18680D
:10B2E00000F0ECFB0CB101232370BFF35F8F4FF034
:10B2F000A3430022DA61BFF35F8FBFF35F8F4FF08C
:10B30000FF321A63BFF35F8FBFF35F8F3422DA61BE
:10B31000BFF35F8F0122034BC3F8042310BD00BFAE
:10B32000080700200080045010B5044638B9FEF725
:10B3300079FDBDE81040074B186800F0D5BB0378D5
:10B340003BB1FEF76FFD034B186800F0CDFB002307
:10B35000237010BD0807002038B51A4CD4F80051EE
:10B36000C5B1BFF35F8F4FF0A343996ABFF35F8FFF
:10B37000BFF35F8F4FF0FF321A63BFF35F8F00237D
:10B38000C4F80031D4F800310F4B1868BDE83840DC
:10B3900008F001BAD4F8083153B100F0B7F807F05B
:10B3A00085FEC4F80851D4F808310121074BECE7B9
:10B3B00007490848502202F0B7F95021044802F02A
:10B3C000AAF900BF00800450100700200C070020DD
:10B3D0003BFA04003B90040008B5074B186808F0DE
:10B3E000C9F9064B186808F0C5F9BDE80840002205
:10B3F00048201146E8F7DEBD100700200C070020AA
:10B4000038B5094B1C7864B1084B4FF0FF311D680B
:10B41000284608F0B1F94FF0FF310446284608F0FD
:10B42000B8F9204638BD00BF5B7600201007002029
:10B4300038B5074B4FF0FF311D68284608F09CF9DE
:10B4400004464FF0FF31284608F0A3F9204638BDE6
:10B450000C07002010B5064CE36C3BB9214651F8AF
:10B460004C3B986907F03FFE0123E364014810BD9F
:10B47000006E00204C6E002010B50B4B0B4C23606F
:10B4800003F5C04363602461FFF7E4FF50B1236D0F
:10B490000020B3F5007FCCBF4FF480634FF40073FE
:10B4A000A36010BD0E20FCE700208051006E00203C
:10B4B00010B50446114B186800F000FB104B1A68D9
:10B4C000236122605A6862609A68A2600D4A12681D
:10B4D0009A660023A364FEF785FC04220A4BC3F896
:10B4E0000423204607F0D3FD20B9204607F0D4FD01
:10B4F00000B910BDFFF79CFFF3E700BF1407002061
:10B50000006E002020850400008004500048704731
:10B51000006E0020042210B50446084BC3F808232F
:10B52000FEF780FC064A236912689A66002363646A
:10B53000044BBDE81040186800F0D6BA00800450F3
:10B540002085040014070020244B0340B3F5806FCE
:10B550002FD017DC402B2ED008DC102B2DD0202B29
:10B560002DD0181E18BF012040007047B3F5807F12
:10B5700027D0B3F5007F26D0802B08BF0B2018BF43
:10B5800002207047B3F5804F1FD00ADCB3F5805F0F
:10B590001DD0B3F5005F1CD0B3F5006F08BF0620C7
:10B5A000EDE7B3F5004F16D0B3F5803F08BF032099
:10B5B000E5E7112070470A2070470C2070470920EA
:10B5C00070470820704707207047142070470520F7
:10B5D0007047042070470F20704700BFF0FF010044
:10B5E00070B50F4E0F4C0546306800F067FA2068C2
:10B5F00030B980220C49FEF74DFE70B9202323603C
:10B600002368094A013B2360002452F823202A6062
:10B61000306800F069FA204670BD0224F8E700BFE8
:10B62000180700206C6E0020706E002012281BD0BE
:10B63000A0F11203302B2DD826280DD81738C3B20D
:10B640000B2B27D81648184100F00100C0F1FF204D
:10B6500000F57F007A3070472738C3B21148D840D0
:10B6600000F0010087387047B1F5807F0ED006D812
:10B67000E0290CBF6FF085006FF086007047B1F5D0
:10B68000C07F0AD040F209239942F2E7064B00201E
:10B69000136070476FF0860070476FF08500704749
:10B6A000EEF7FFFF1102000CB4860400A0F11203B4
:10B6B000DBB21E2B9DBF0348D84000F001000020E4
:10B6C000704700BF2102214270B50446A4B046680D
:10B6D00011A80D46FFF7ECFE174B11A8196807F0EB
:10B6E000FCFC21466B46002211A807F03EFF0446F1
:10B6F00080B911A807F0DDFEDDE9001203462846F7
:10B7000007F03EFE11A807F093FF11A807F0D6FC42
:10B71000044648B111A8FFF7FDFE204606F0C7FF1A
:10B720000446204624B070BD11A8FFF7F3FE314651
:10B73000684607F082F8F4E7C486040070B5D51DAA
:10B740001C78ED080646042C084611464FEA4502CF
:10B7500086B002F101021DD10A9C94421AD1104C0C
:10B76000104A344044F0106494424FF0000414D165
:10B770005A1CCDE902526A1C134401AACDE90453B4
:10B780000194FFF753FF18B9019802A9FFF79CFF36
:10B7900006B070BD6FF08600FAE72046F8E700BFFC
:10B7A0000000FFF6000002092DE9F0410388C76898
:10B7B00003F44F44B4F5824F08BF1C4603F4E04045
:10B7C0001E4B18BF00248C4600259846E4B21E7814
:10B7D000A6421ED1D3E90261B0F5804F08BF0E46E4
:10B7E0001168D3F804E019B9664508BFC2F800E053
:10B7F000116871450DD1664503D06FF08600BDE834
:10B80000F081142303FB05831B7C43B96FF0850093
:10B81000F5E70135132D03F11403D8D1EDE7422CE0
:10B8200009D1074B9F4206D003F20B139F4202D06F
:10B830000A339F42E1D10020E1E700BF38850400D0
:10B84000000800062DE9F34105881F4605F44F4323
:10B85000B3F5824F0E46804641881BD1EDB2422D92
:10B860003DD8402D13D8A5F11203DBB21E2B36D8DC
:10B870001D4A42FA03F3DA0731D4CC1DE408640010
:10B880000134089BA34207D26FF0890024E0CC1D4D
:10B89000E408F6E700242546284601AAFFF7C6FE7D
:10B8A000D0B9D8F80420114BB3EB122F19D0123DA8
:10B8B000EDB21E2D15D80E4BEB40DB0711D53946E6
:10B8C0000423019A01F8013B304600F09FF806F08E
:10B8D000EEFE08B9099B1C6002B0BDE8F0810024AF
:10B8E000DAE76FF08500F7E7DEFFFFBF004E80006C
:10B8F0002100004070B51446C4B01D460FABCDE921
:10B900000121CDE90432039220AB1022064600212A
:10B9100007A8069307F079FF489A630001339A421B
:10B920006CD12B78042B69D14A9B9C4269D86B1C43
:10B93000CDE90743631C1D44304607A9CDE90945FD
:10B94000FFF7C2FE0446002855D131A8FFF7B0FD2D
:10B950002D4B31A8196807F0C0FB0A25002231469B
:10B960000BAB31A807F001FE0446002834D131A802
:10B9700007F09FFD044602460B9901A807F0D7FC8B
:10B98000DDE90C12234607A807F0FAFC31A807F0FE
:10B990004FFE31A807F092FB0446E8B9013DDDD126
:10B9A00031A807F0C3FD054631A807F082FD03ABBF
:10B9B0000246D5E9000107F0D3FC049B039A0C93DF
:10B9C000059B49990D93069B0BA80B920E9307F0CC
:10B9D000AEFC4B9B0B9A1A60DDE9031006F02DFFBD
:10B9E000DDE9051006F029FF204606F060FE04465A
:10B9F00031A8FFF78FFD204644B070BD6FF086047C
:10BA0000F9E76FF08904F6E7DC8604002DE9F047DA
:10BA100096B0814603A80E4615465768FFF748FDC5
:10BA2000254B03A8D3F800A04FF00008514607F0BB
:10BA300054FB6B460022294603A807F096FD0446F6
:10BA400018B103A8FFF766FD21E03A464946009881
:10BA500007F0C3FCDDE90123294603A807F054FDE4
:10BA600003A807F0E5FD03A807F028FB0628044615
:10BA700011D108F10108B8F10A0F04D0514603A80A
:10BA800007F02BFBD5E703A8FFF744FD6A24204607
:10BA900016B0BDE8F0870028D3D103A807F046FD13
:10BAA00005463A460168304607F0A2FE3A46696804
:10BAB000F01907F09DFEC4E7DC86040008B54FF0DE
:10BAC000FF324FF0FF33FAF7F9F840B10449054867
:10BAD000172201F029FE1721014801F01CFE08BDC4
:10BAE00061FB04003B90040008B5FAF79DF940B1F2
:10BAF000044905481F2201F017FE1F21014801F0EB
:10BB00000AFE08BD61FB04003B9004002DE9FF47DD
:10BB1000002705460C469246019700F10C06EFF30C
:10BB20001189402383F31288BFF36F8F3046FCF7EF
:10BB300009FC40B918491948882201F0F5FD88210F
:10BB4000154801F0E8FD3046FCF720FCAB682846BC
:10BB50005C4004EA0A02124903EA0A08534001AAB7
:10BB6000CDE90237FCF7E6FA019C3CB12046C4F867
:10BB70008C700021646EFBF779FDF6E7DDE9023297
:10BB800023EA020330464946AB60FBF7F3FE40462A
:10BB900004B0BDE8F08700BFA0A004003B90040003
:10BBA0009F3704002DE9F04F85B00F46DDE90E1BED
:10BBB00004461646EFF305836BB151EA0B030AD036
:10BBC000384939484FF4857201F0AEFD4FF4857164
:10BBD000344801F0A0FD0391002F4BD006F0010383
:10BBE0000293FCF73DF904F10C098046EFF3118A4A
:10BBF000402383F31288BFF36F8F4846FCF7A2FB04
:10BC0000039938B929498822274801F08DFD8821F8
:10BC10002648DEE748460391FCF7B8FB16F0020F12
:10BC20001CBF0023A360A368029A039903EA0705D7
:10BC300092B1AF4212D1720744BFAB43A3604846F2
:10BC4000FCF78EFBC0B919494FF49A72164801F0FF
:10BC50006BFD4FF49A71DBE7002DECD151EA0B0339
:10BC600012D14846FCF77CFB0028ECD08AF31188FF
:10BC7000BFF36F8F002503E08AF31188BFF36F8F46
:10BC8000284605B0BDE8F08FC8E91A762246CDE90E
:10BC9000001B48465146FBF733FD0028EAD1D8F88F
:10BCA0006850EDE7A6FB04003B900400A0A0040050
:10BCB00008B5EFF3058343B106490748382201F080
:10BCC00033FD3821034801F026FDC0E90233C0E905
:10BCD000000008BDA6FB04003B90040008B5054B1E
:10BCE000044613B10021AFF3008001F069FA204649
:10BCF000E8F7D4FC00000000F8B50E4B06461D68BE
:10BD0000AB789B0712D56F6816F8014B29462CB902
:10BD10000A20B847002805DB204609E02046B8473E
:10BD20000028F1DAAB7843F00403AB704FF0FF303A
:10BD3000F8BD00BFD05604000CB430B589B005463C
:10BD40000C461C22002101A807F05FFD0223059587
:10BD50008DF806300D4B029323462CB1B4F1004F01
:10BD600028BF4FF00043013B1D440DAA0C9901A8C8
:10BD70000695009200F00CF914B1059B00221A7090
:10BD800009B0BDE8304002B0704700BF2F3F04004B
:10BD9000242AF0B5044601D8012A40D12E4B1622A0
:10BDA00008F0CEF81A5001B10C600020F0BD2F460B
:10BDB0003D4615F8010B2028F9D0A0F109060346ED
:10BDC000042EF4D92B282CD02D282CD10126BD1CD3
:10BDD0007B78302B2DD1287840F02000782824D192
:10BDE00032F0100021D16B782C4610220235002051
:10BDF000392B82BF03F1FF3343F02003263B303B56
:10BE00009A421AD9A0FB02040CB9C01801D346F01B
:10BE100002062F462C4617F8013B3D46E8E7074649
:10BE2000C6E70026D3E70026D3E7002A08BF08228A
:10BE3000DDE7002A08BF0A22D9E701B10C60F2074A
:10BE400048BF4042B307B1D5034B222208F078F82F
:10BE50001A504FF0FF30A9E70C0000002DE9F04127
:10BE600001260746B24201DCBDE8F0813B461F4691
:10BE700013F8014B002CF7D0252CF8D11C78023791
:10BE8000252CF3D00023DFF804819C461D461F2D8E
:10BE900018D8A4F1200EBEF1100F09D9A4F1300E6C
:10BEA000BEF1090F1ED80A24202504FB03E304E099
:10BEB00028FA0EFE1EF0010F06D017F8014B002CD9
:10BEC000E5D128E07F2D1CD8A4F1300EBEF1090F7A
:10BED000E9D9242C10D1BCF1000F46D0B34246D092
:10BEE0000023EAE724F0040EBEF12A0FF8D06C2CF0
:10BEF00009D145F08005E0E724F0040EBEF12A0FD9
:10BF0000EED06C2C22D06C2C1BD8682C23D06A2C41
:10BF100028D04C2C26D0BCF1000FA5D0B445A1D11F
:10BF200044F020070B68A7F1650CBCF1020F01D9A2
:10BF3000612F1ED1073323F00703083301360B604E
:10BF40008FE7742CB9D07A2CB7D0E4E72C0648BF21
:10BF500045F40075CDE7EC0548BF45F4007545F4A0
:10BF60008075AAE745F42075A7E79C46B8E76324E7
:10BF7000D6E7692C02D007D8632C03D02F0601D551
:10BF8000AC05D7D40433D9E7732CF6E78928010030
:10BF90002DE9F04F436893B080460193837898076A
:10BFA000CDE9061216D50B4600250B921F789FB1DE
:10BFB000252F15D00133059341463846019B0135A5
:10BFC0009847002880F22A8498F8023043F004034E
:10BFD00088F802304FF0FF35284613B0BDE8F08FE7
:10BFE0005F789A1C252F0592E6D000242646A246AB
:10BFF000A346BBF11F0F32D8A7F12003102B0AD89C
:10C00000DFE803F02409092A0909091B09090922A3
:10C01000092709091900A7F13003092B2DD92A2F67
:10C0200039D154B90B9B1BF0400F53F8042B0B93E1
:10C0300029D0164601E04BF0010B059B13F8017B5C
:10C040000593002FD5D15BE04BF0020B4BF0040BB6
:10C05000F3E74BF0080BF0E74BF0100BEDE7BBF10B
:10C060007F0F3FD8A7F13003092BD8D81BF0400F22
:10C0700003D00A2202FB0636DFE70A2202FB0A3A55
:10C080004BF0200BD9E7B2F1000AF9DACAF1000A45
:10C090004BF0280BD1E72E2F05D11BF0400F9BD181
:10C0A0004BF0400BC9E7242F1CD1002C00F03E813F
:10C0B000079B1BF0400F0B930AD152460BA9069821
:10C0C000FFF7CCFE0B9B1A1DD3F800A00B92B4E730
:10C0D00032460BA90698FFF7C1FE0B9B1A1D1E687E
:10C0E0000B92AAE76C2F00F00E8100F20581682FF9
:10C0F00000F011816A2F00F016814C2F00F013819F
:10C1000034B1079B22460BA906980B93FFF7A6FEB6
:10C11000002E47F02009B8BF2BF0400BA9F16503B2
:10C12000BCBF00261FFA8BFB022B40F20481B9F141
:10C13000610F40F05882FF431BF0400F0CA84BF4F6
:10C14000C05407F0200308BF4FF0FF360493314678
:10C150000B9B073323F0070303F1080293ED000B59
:10C160000B92049A07F04AFE0130C3B2B342029325
:10C1700001DB029B5E1E01230C9FA3464FF070095A
:10C18000039307F10903122B0DD907F16303C62BA3
:10C1900040F20A8107F2E73340F2CE72934294BF35
:10C1A0000323042303939DF8342002F00C0312F0C0
:10C1B000010240F014811BF0020F40F00D811BF0D2
:10C1C000040400F0F380002B40F00C8120231BF4CA
:10C1D000405F20D1029A002E02F1480208BF0126DA
:10C1E0006A44133A029921B112F8011D302900F076
:10C1F0002E811BF0100F029A18BF3246391DC0F273
:10C200002B81B74280F22881BA424BF4005B40F3A5
:10C2100025817E1C961B1BF40052089200F02081A1
:10C2200027EAE774013403B10134002E00F02081C5
:10C23000721C1444A245CCBFAAEB040400241BF0DA
:10C24000090F04D12C44A54240F0178100243BB1D2
:10C2500018464146019B013598470028FFF6B4AEC9
:10C260001BF4006F12D041463020019B98470028F4
:10C27000FFF6AAAE049B41460235C3F17800019B4C
:10C2800000F0F80098470028FFF69EAE1BF0080F5C
:10C2900005D12C44AC4240F0FC8025460024089B8C
:10C2A000002B00F0158127EAE77A7642A7EB0A0710
:10C2B000029B0AF1FF3A05F101094146BB4289BFE1
:10C2C0000CAB3020FB1858795645019B00F3EA80EF
:10C2D0009847002807F10107FFF676AEBAF1FF3F55
:10C2E00008D141462E20019B98470028FFF66CAEEE
:10C2F00005F102094D46DBE7742F3FF49EAE7A2F1D
:10C300003FF49BAEFCE61BF0800F18BF4BF4007BA4
:10C310004BF0800B91E61BF4807F18BF4BF4007B41
:10C320004BF4807B89E64BF4207B86E62646544618
:10C33000B346B24681E6FF431BF0400F07F02003EF
:10C3400008BF0626B9F1650F04930B9B03F10703A1
:10C3500023F0070303F1080293ED000B0B9211D1B8
:10C36000711C00224BF4805BC9B2134611290CA842
:10C3700028BF112100F0F2FA0C9FC3B202930223EE
:10C380000393FEE6B9F1660F05D14BF4005B33462B
:10C3900001221121EAE7F1B200224FF065090129DB
:10C3A000134638BF0121E1E70223FBE6002B3FF4EF
:10C3B0000EAFBAF1030F39DC9DF83430A14E13F003
:10C3C000080FA14B08BF1E463746B94617F8010BA8
:10C3D000A0BBAE1BB14478E023BB2B23F7E61BBB0D
:10C3E0002D23F4E62022BAF1040F12DD1BF0080F12
:10C3F000AAF104040ED12C4441462020019B0135B2
:10C40000029298470028FFF6DFADA542029AF3D1C9
:10C4100092B1002441461046019B013598470028FF
:10C42000CADAD1E52B22DEE72D22DCE71BF0080F6C
:10C43000AAF10304C0D1DEE71446BDE7049B4146E0
:10C44000C01A019BC0B298470028BEDABCE5029929
:10C450000139C9B20291C5E6561EDCE60026DAE6CD
:10C460001BF4006F039A0CBF032405241444DAE67E
:10C470001BF0100F18BF0134DCE609934146019B05
:10C4800020209847002805F10105099BBFF6DBAE87
:10C490009AE541463020019B013598470028BFF6B8
:10C4A000F9AE91E598470028FFF68EAD1BF0100F0E
:10C4B0000BD0BAF1FF3F08D105F1020941462E2009
:10C4C000019B98470028FFF67FAD4D464C442CE277
:10C4D00041469DF83500019B98470028FFF674AD52
:10C4E000002E65DD41462E20019B98470028FFF66F
:10C4F0006BAD4FF0010A029B4146D3469A45B7BF48
:10C500000CAB302053445879019B98470028FFF624
:10C510005BAD0AF1010A5645EDDA02355D44049B34
:10C520004146A9EB0300019BC0B298470028FFF6E3
:10C530004BAD002F4146019BB6BF2D202B207F42E3
:10C5400098470028FFF640AD039B042B3DD14FF4E4
:10C550007A794146019B0335B7FBF9F606F13000C5
:10C56000C0B298470028FFF62FAD09FB16774FF0B1
:10C5700064094146019B0135B7FBF9F606F130002D
:10C58000C0B298470028FFF61FAD09FB16774FF0A1
:10C590000A094146019B0135B7FBF9F606F1300067
:10C5A000C0B298470028FFF60FAD09FB167713E0DD
:10C5B0001BF0100F01D10135B1E741462E20019B40
:10C5C000023598470028AADAFEE4039B0235032BC4
:10C5D000CDD0039B012BDAD107F1300005F1010921
:10C5E0004146C0B26CE7A7F16303122B00F2FF8053
:10C5F000DFE813F013005700FD00FD00FD00FD0013
:10C600005700FD00FD00FD00FD00FD001701F800D2
:10C61000FD00FD002C00FD00B9000B9B01240CAFB8
:10C620001A1D1B680B928DF830301BF0080F2ED0AE
:10C630003E19B946B1452CD1EF1BB944AAEB04040D
:10C6400043E700BF27FC040023FC04000B9B1A1DDA
:10C650000B921F68AB4B002F08BF1F461BF0400F0B
:10C66000384614BF31464FF0FF3107F09DFA0446BB
:10C67000DBE741462020019B98470028FFF6A4AC49
:10C68000013EB442F5D35544B246AD1BD0E7564601
:10C69000F7E7414619F8010B019B98470028C9DAD2
:10C6A00092E41BF0800F0B9B35D01BF4007F2DD044
:10C6B000073323F0070303F10802D3E900010B92CB
:10C6C0002BF0100900291FFA89F936DA404249F4A3
:10C6D000806961EB41010DF1300B0A235A4607F0E6
:10C6E0006FFA19F0400FA0EB0B0B65D029F0010297
:10C6F0005E4592B240F3B280002F00F0A98019F09D
:10C7000010033446914626D002345CE01A1D1868A6
:10C710000B92C117D4E71A1D1BF4807F19680B9286
:10C7200001D10846F5E71BF4007F19BF48B241F379
:10C73000C01108B241F3C031C2E750EA0103CAD1C7
:10C740001BF0400FC7D0002EC5D12BF0110B344683
:10C750001FFA8BF9B34640F2064319EA03031CBFE4
:10C76000013400232FE02BF0100B0A231FFA8BFB60
:10C770001BF080040B9A57D01BF4007115BF0732D1
:10C78000101D22F007020B900FBF106802F1080184
:10C790000B91D2E9000150EA010252D12BF01609A7
:10C7A0001BF0400F1FFA89F94FD0002E4DD12BF00E
:10C7B000170B1FFA8BF9B34619F0100352D0002F54
:10C7C0004ED10BF1010419F0080F5ED119F0010FE1
:10C7D00006D0A2456EDDAAEB040404EB0B0654461A
:10C7E00022464DE04BF0100B10237827C0E7B9F13B
:10C7F000780F04D1C7F1780343F01003B8E741463E
:10C800002520019B98470028FFF6DEAB41463846BD
:10C81000019B98470028FFF6D7AB0235059BFFF731
:10C82000C5BB08230027A3E7111D10680B911BF45B
:10C830008071B0D01BF400711ABFC0B2214680B223
:10C84000A9E72BF0060B1FFA8BF90DF1300B45E72A
:10C8500029F0110934461FFA89F97CE79146ABE7C4
:10C860005C4651E75C4676E7CDE90223414620204D
:10C87000019B98470028FFF6A7AB029A039B013261
:10C880009245F1DC2C1BA5181446F3B1414630202B
:10C89000019B98470028FFF697AB6FB90135A94671
:10C8A0002E44A6EB09035B4521DC5D460CAE5DBB67
:10C8B000D944C3E65E4693E7023541463846019BBC
:10C8C00098470028EBDAFFF77FBB40F2064319EAEE
:10C8D000030FE4D019F0020F05F10105414614BF22
:10C8E0002B20202019F4806F18BF2D20E7E7414648
:10C8F0003020019B09F1010998470028D1DAFFF7A0
:10C9000063BB00BF2BFC0400013D4146019B705DF1
:10C9100098470028CBDAFFF757BB41462020019B00
:10C92000013598470028FFF64FAB631B002BF4DC62
:10C9300074E700BF1FB502AB074A00934FF0CC333A
:10C9400007F022FADDE90201C00840EA4170C90897
:10C9500005B05DF804FB00BFCDCCCCCC2DE9F04F89
:10C960009DB055EC104BCDE90C322A46C5F31303AC
:10C970000B91290DD20FC5F30A5507908DED050ACD
:10C980000A9275B922461A431BD13023012605604D
:10C9900043710A9B43F00203037130461DB0BDE8AA
:10C9A000F08F40F2FF7295424DD1059A0026134355
:10C9B0000A9B079A14BF43F0080343F00403137162
:10C9C000EBE7059A4FEA83089A46B14D02F001025F
:10C9D0000992059A48EA9278970001221646C5F115
:10C9E000000B0892584600F019FAB5F1FF3FACBFB2
:10C9F0008146A0F10109ABEB090B09EB0503584691
:10CA0000069300F011FA18A9A0F17D05584600F030
:10CA10002BFA14AB089AA9EB0505019312AB02920D
:10CA20005146009318AA2B46059807F0F0F8B9F183
:10CA3000010F04460D4600F2D880099B002B40F000
:10CA4000CB8001276FE0059A43F4801AA5F23545A3
:10CA500002F001024FEA8A080992059A134348EA54
:10CA600092784FEA82074BD140F2FE7319420CBF15
:10CA700001260026002D3246B1DB284600F0C8F919
:10CA80000346032DC8BF013B1846069300F0CCF9BE
:10CA9000069B7C3018A95D1B0544184600F056FA29
:10CAA00014AB18AA0598019312AB51460296009355
:10CAB0002B4607F0ACF8069B04460D46152B00F2FA
:10CAC000888016AB734A3846414600934FF0CC330A
:10CAD00007F05AF9169B179A9B0843EA827303EBF7
:10CAE0008303BB42DDE9129A0CD13846414600F07F
:10CAF000A3F9069B83428CBF00270127002612E082
:10CB00000126B7E7099B002B53D1013F48F1FF31C4
:10CB1000B81B61F1000100F08FF9069B099F834269
:10CB20008CBF002601260D9B002B40F09380DDF882
:10CB30002CB04FF000084FF00A0ACDF82080CDF855
:10CB40001480DDE91201FFF7F5FE149BCDE90E011B
:10CB5000184615991093FFF7EDFE0E9B81460F9A2C
:10CB600098420B461191934180F08E8020462946D1
:10CB7000FFF7E0FE0AFB09F3109AB8F1000F14BFAB
:10CB8000002707F001070AFB10480D46934214BF27
:10CB9000002606F001060E9B5FFA88F80446129301
:10CBA0000F9BCDE91339119B1593089B0133089313
:10CBB000C7E7B81C48F1000100F03EF9069B83422C
:10CBC0008CBF00200120B9EB00006AF10002CDE922
:10CBD000120200273E46A6E7129B0127139A013B4B
:10CBE00042F1FF32CDE9123288E7B9F13E0FF0D8B9
:10CBF0004FF0FF33A9F12000C9F1200103FA09F237
:10CC000003FA00F023FA01F103FA09F3024327EAD9
:10CC100003070A4328EA020857EA08070CBF01275E
:10CC200000276BE700FB02FC0133A1FB001262440A
:10CC30008C4275EB020CF5D2069A13440C9A1344FD
:10CC4000D20F9342B8BF13460B9A9A42A8BF1A4616
:10CC500093466EE70A21002201230846E8E70AFB13
:10CC600003F00131A2FB0A230344944275EB030055
:10CC7000F5D2594510DDBBF1000F02D154EA05038E
:10CC80000AD00123059371E70A2200230121ECE772
:10CC9000CCFBFFFFCDCCCCCC7EB34FF00A0A149B6B
:10CCA000159918460F93FFF745FE0F9B0AFB00F2FC
:10CCB00081460E919A4220D1B8F1000F14BF00278F
:10CCC00007F00107DDE91201FFF734FE10900F9124
:10CCD00020462946FFF72EFE0F9B0AFB1048109AAC
:10CCE00004460D465FFA88F81292CDE913390E9B7F
:10CCF0001593089B01330893D1E7069B089A1344C8
:10CD00009946002F5DD0B8F1050F5AD114F00103F8
:10CD10004DD1059A32B9DDE914239D4208BF9442F2
:10CD200062D0059B18194FF00A044FF000024FF033
:10CD3000010645F100012546A04271EB020756D2DB
:10CD4000FBB1B3451DDA0D9B73B106EB09030C9AD9
:10CD50001A44012A13460B9AB8BF01239A42A8BF6E
:10CD60001A46964293460CDD053009F1010906F199
:10CD7000FF364FF00A024FF0000341F10001D9F7EE
:10CD800047FA5E450FFA89F9079BA8BF5E4636B29F
:10CD9000B14406F1050809F1FF3798444FF0000946
:10CDA000B1452BDB079B0A9A1F601A71F5E5059BBD
:10CDB0002BB9DDE914239D4208BF944209D0012319
:10CDC000B0E7059B53B9DDE914239D4208BF9442A7
:10CDD00004D1099B002BF2D1002EF0D0B8F1040F42
:10CDE00094BF002301239DE74FF00408F1E705FB02
:10CDF00002F70136A4FB05423A449DE70A220023CC
:10CE0000D9F706FA303209F1010908F8012DC7E710
:10CE1000014B5843800C704741340100014B58438B
:10CE2000000D7047FB2E0B00024B5843C00C013025
:10CE3000704700BF4F93120070B50346094A0020A7
:10CE40004FF0CC364FF0333506FB03F402FB0144C0
:10CE5000A3FB023121449D4275EB010401D3013053
:10CE6000F2E770BDCDCCCCCC1A232DE9F04FB0FB4E
:10CE7000F3FA334E03FB1A0389B004460D4606EB62
:10CE80000A1653B9D6E90023C1E90023D6E9020105
:10CE9000C5E9020109B0BDE8F08F2A4A02EBC303DD
:10CEA000D3E9008904AB404649460093D6E9022302
:10CEB00006F06AFF06AB83460F464046494600939C
:10CEC000D6E9002306F060FF00238146DDE9066213
:10CED00016EB0B0652EB070828BF012333B1049B66
:10CEE000059A013342F10002CDE904322046039154
:10CEF000FFF79AFF07461A2000FB0AF0FFF794FF9E
:10CF00003F1A3246434648460399009706F057FFBA
:10CF10000D4A4FEA141C640004F01E0352F82C4022
:10CF2000DC4004F003042418304641F10001DDE93F
:10CF30000423C5E900414146009706F040FFA7E7FA
:10CF400088540400B8530400F48604002DE9F04F1F
:10CF50001A2700F11905DFF8E8A089B004460E464B
:10CF6000B5FBF7F56F434FEA051B0AEB05153A1AB7
:10CF70000AD1D5E90023C1E90023D5E90201C6E9B8
:10CF8000020109B0BDE8F08F2B4B03EBC203D3E9DC
:10CF9000008904AB404649460093D5E9022306F0D8
:10CFA000F3FE5AF80B206B68013ACDE9020106A99D
:10CFB00063F1000340460091494606F0E5FE8A46CB
:10CFC000029900238146DDE906526D18039952EB60
:10CFD000010828BF012333B1049B059A013342F1B4
:10CFE0000002CDE904323846FFF71EFF074620460F
:10CFF000FFF71AFF3F1A2A46434648465146009714
:10D0000006F0DDFE0D4A4FEA141C640004F01E0316
:10D0100052F82C40DC4004F0030401342418284664
:10D0200041F10001DDE90423C6E9004141460097D2
:10D0300006F0C5FEA3E700BFB8530400488704000C
:10D040005855040010EE902AF0EE407A22F000418C
:10D05000B1F1FF4F10B506D810EE100A20F00043D2
:10D06000B3F1FF4F04D977EEA07AB0EE670A10BD96
:10D07000B2F17E5F03D1BDE8104000F0B7B894175D
:10D0800004F0020444EAD0748BB9022C08D0032CBB
:10D09000EBD1DFED407A9FED407A77EEC77AE4E797
:10D0A000DFED3E7A9FED3C7A77EE877ADDE739B99E
:10D0B000002802DADFED3A7AEDE7DFED3A7AF1E7C0
:10D0C000B1F1FF4F2CD1B3F1FF4F1DD1022CDFED99
:10D0D000327A0BD0032C10D0012C02D09FED327A83
:10D0E000E2E79FED327A77EE677ABEE7B0EE087A34
:10D0F000DFED2D6A46EE877AB7E7B8EE087ADFED06
:10D100002A6A56EE877AB0E7022CC9D0032CC0D029
:10D11000012CDFED277A9FED277A47FE877AA4E777
:10D12000B3F1FF4FC4D05B1AB3F1F45F4FEAE351A0
:10D1300012DBDFED1C7A9FED207A77EEC77A012CA7
:10D140001AD0022C1FD0002C8FD09FED1C7A77EEC6
:10D15000877A9FED127AA0E7002A01DA3C3108DBDA
:10D1600087EEA00AB0EEC00A00F040F8F0EE407A78
:10D17000E5E7DFED107AE2E717EE903A03F10043BE
:10D1800007EE903A71E79FED0D7A77EE877A9FED83
:10D19000037AA8E7DB0F49C06042A20DDB0F4940CC
:10D1A000DB0FC9BFDB0FC93FDB0F493FDB0F49BFB7
:10D1B00000000080000000002EBD3B332EBDBB33BD
:10D1C00038B5074D074C641BA41024B9064B0BB1AE
:10D1D000AFF3008038BD013C55F824309847F4E7A0
:10D1E00000000000000000000000000010EE102A07
:10D1F00022F00043B3F1A14F12D3B3F1FF4F02D994
:10D2000030EE000A7047002A9FED4F0ACBBFDFEDDA
:10D210004F7ADFED4F7A37EE800A37EEC00A70475B
:10D220004C498B4211D8B3F1445F0BD2DFED4A7AFF
:10D23000B7EE007A70EE277AF4EEC77AF1EE10FAC4
:10D2400000F381804FF0FF3315E04449F0EEC07ADF
:10D250008B424FD8A1F5D001B7EE007A8B4241D86E
:10D2600077EEA76A002336EEC77AF0EE006A77EE13
:10D27000A67A87EE270ADFED3A7A591C9FED396AC4
:10D28000DFED395A60EE006A26EEA67A07EE276ACD
:10D29000DFED367A46EE077A9FED356A07EE876A4C
:10D2A000DFED347A46EE077A9FED336A07EE876A40
:10D2B000DFED327A57EE275ADFED317A55EE877A75
:10D2C000DFED305A57EE875ADFED2F7A55EE877A29
:10D2D00067EE877A46EE267A67EE807A1FD130EEC7
:10D2E000670A704777EEC76A012377EE877A86EE82
:10D2F000A70AC0E725498B420BD8F7EE086A02233C
:10D30000B7EE007A37EEE66A07EEA67A86EE070AEF
:10D31000B1E7BFEE007A032387EE270AABE71C498B
:10D32000002A1C4801EB830100EB830393ED007A94
:10D3300077EEC77A77EEC07A91ED000A30EE670A91
:10D34000B8BFB1EE400A70476821A233DA0FC93F77
:10D35000DA0FC9BFFFFFDF3ECAF24971FFFF973FF7
:10D36000D769853C59DA4B3D6BF16E3D356B883D95
:10D370006E2EBA3D2549123EABAAAA3E21A215BD8A
:10D3800095879D3D388EE33DCDCC4C3EFFFF1B4045
:10D39000AC8704009C870400704790ED007AD1EDC3
:10D3A000007AB4EEE77AF1EE10FACCBF012000204B
:10D3B0004CBF01230023C01A704710B50B781C071F
:10D3C0001FD18B787F2B1CD0B1F9031011F5004FC2
:10D3D00017D013781B0714D193787F2B11D0B2F993
:10D3E000032012F5004F0CD00478D0F8C8344CB9A3
:10D3F000891A0B44C0F8C83490F8CC34013380F853
:10D40000CC3410BD521A1344F4E710B5C278C2F3FD
:10D410008004C2F3400302F0010023440344C2F33A
:10D42000C0029B180CBF0123DBB201204B7010BD62
:10D4300000207047F8F7E4BEF8F74CBF06EE901AEC
:10D44000B7EE007AF8EEE66AC7EE267AD0ED006A0B
:10D4500037EE677A67EE807A47EE267AC0ED007A7B
:10D460007047F7B503781546022B0ED1436849681B
:10D4700040780131023813F8012B0091C1B22846DF
:10D48000E2F7F6F9012003B0F0BD012B05D14A689F
:10D4900041682846FFF791FFF4E7032BF2D14F686C
:10D4A00041784668FB1D0239B279C9B2009328461B
:10D4B000F31DE2F7DDF93A463146EAE700EBC10039
:10D4C000408840087047F8B50346FFF7F7FFB0FA09
:10D4D00080F0C0F11F0003EB800CDCF81060CA0084
:10D4E000171D0C4606328DB256B9012101FA00F023
:10D4F000D9680143D960CCF81040DD539D52F8BD86
:10D50000F1000431585AD85303EBC0009E52C58035
:10D510005D52F4E710B500EBC104E388994202F1D3
:10D5200004010AD1012303FA02F2C36823EA0203C9
:10D53000C360002340F8213010BDA28840F821309C
:10D5400000EBC20100EBC300CB808280F4E708B59A
:10D550000346FFF7B3FFB0FA80F21846BDE8084073
:10D56000C2F11F02FFF7D6BF2DE9F843B1FA81F5EA
:10D57000C5F11F0900EB8908D8F8102003460E46B4
:10D58000C2B10327D8F8104018462146FFF796FF8E
:10D59000B04206D34A461846FFF7BCFF2046BDE816
:10D5A000F88303EBC404E088013FC8F8100001D001
:10D5B0008242E7D14FF0FF34C5F120029440DA688F
:10D5C0001440EBD094FAA4F2B2FA82F2111D53F88F
:10D5D00021402146DFE738B50346FFF76FFF0D46D0
:10D5E000044611461846FFF769FF0444600003EB48
:10D5F000C50568801846FFF761FF014423F83140F4
:10D6000038BD38B50C460346FFF758FFA51A511A26
:10D61000054403EBC4044800608003EBC2006C00C7
:10D62000448023F8321018461146FFF747FF0144A3
:10D6300023F8315038BD38B50546FFF73FFF0C469B
:10D64000014405EBC1035B88DA070AD42846FFF7DB
:10D650007EFF21462846FFF731FF22182846FFF7B4
:10D66000BAFF35F83410611A05EBC1035B88DB079C
:10D670000CD42846FFF76BFF35F834102246611AA8
:10D680002846FFF7A8FF35F83430E41A214628462B
:10D69000BDE83840FFF717BF70B5056809B900202D
:10D6A00070BD01F007030B33CC0804EBD304AB6867
:10D6B00028469C4228BF1C462146FFF755FF0646D8
:10D6C0000028ECD001462846FFF7F8FEA04207D913
:10D6D00028463219FFF795FF11462846FFF7F3FE5B
:10D6E00005EBC60210465388043043F00103538013
:10D6F000D6E71146FFF7D0BF002070470FB407B53B
:10D7000004A951F8040B0191E3F7F4F903B05DF8B3
:10D7100004EB04B07047002383F31188BFF36F8FCD
:10D720000423184602DF70470FB407B504A951F867
:10D73000040B0191E3F7DEF903B05DF804EB04B0EC
:10D740007047F0B564230546042600200A2769B90E
:10D75000F0BD9A42B2FBF3F40CD2012B0AD048B9C7
:10D7600003FB14220A24B3FBF4F3D2B2013EF0D13E
:10D770002E70EDE7303405F8014BB2FBF3F403FBF8
:10D780001422B3FBF7F301390130C9B2C0B2D2B2EF
:10D79000DBB2DCE7A0F13003DBB2092B02D80020BA
:10D7A0000B707047A0F16103052B02D85738C3B244
:10D7B000F5E7A0F14103052B01D83738F7E76FF003
:10D7C00015007047F7B5054601F0010000EB510662
:10D7D0009E424FEA510703D90026304603B0F0BD00
:10D7E00058B128780DF10701FFF7D4FF0028F3DBCB
:10D7F0009DF80730013502F8013B01351744BA4264
:10D80000EBD015F8010C0DF10701FFF7C3FF00285D
:10D81000E2DB9DF807402401E4B2147015F8020B16
:10D82000FFF7B8FF0028D7DB9DF807301C4402F84B
:10D83000014BE4E7838B13F0070305D10368002B4A
:10D840000CBF002003207047022B05D1C08BB0FA1B
:10D8500080F0400980007047012B05D10368002B40
:10D860000CBF0020052070470020704710B50C4603
:10D8700000B111B96FF0150010BD081D00F02FF8B0
:10D880000028F9D1A368032BF6D9F3E72DE9F0417D
:10D890000D4607461946281D90461E46E3F728FC0C
:10D8A000044638B13346424629463846A446BDE8C8
:10D8B000F0416047BDE8F08138B50C46054658B1E7
:10D8C00051B10B6843B14B6833B12022002105F000
:10D8D0009CFF00202C6138BD6FF01500FBE703466C
:10D8E00040B1426802F00302022A06D0032A04D0A3
:10D8F000012A05D06FF0150070471A68002AF9D088
:10D90000002098607047704770B4C66804680D0CBA
:10D9100006FB0544806A14FA81F184682468A446F1
:10D9200070BC60472DE9F0430646884617461C4602
:10D93000C36A89B01D686D4205F020051CB92046F8
:10D9400009B0BDE8F083AC42A14628BFA9466A46AB
:10D950004B4641463046FFF7D7FF0028F0D16B46D3
:10D96000484502D1241A8044E8E713F8012BBA4253
:10D9700001D10130F4E70120E2E70B6803F58033C1
:10D980000B60008A1A0CB0EB134F04BFA3EB0243E9
:10D990000B60704738B5C26803680D0C090C04466B
:10D9A00002FB0131806A2D0400F021FB50B9E26ACC
:10D9B00029462046E3685279FFF7B4FF002818BFD4
:10D9C0006FF0050038BD014610B507220446FF2060
:10D9D000F2F7C0FBE07110BD0368012B81BFC918CD
:10D9E00001F1FF315B421940084670472DE9F041D3
:10D9F0000C4605460821C06AFFF7EEFF07220746DE
:10DA00002146FF206688B4F80480F2F7A3FBE3798F
:10DA1000834208D1E8684644C01BB04294BF00204E
:10DA20000120BDE8F0810020FBE738B505460C4633
:10DA3000FFF7DCFFA0B1A08898B94FF6FF732288EA
:10DA40009A420DD10821E86AFFF7C6FF6288EB68A9
:10DA50009B1AB3FBF0F202FB1030B0FA80F04009E1
:10DA600038BD0020FCE7F7B504460D46C06A082122
:10DA7000FFF7B2FF0823074629682046FFF744FF57
:10DA80000646002836D12B683B442B60E26899B2E9
:10DA9000D21B91422ED11A0C09BF228AA3F58031E4
:10DAA00002F1FF3203EB0241204608236A46296057
:10DAB000FFF72AFFE8B9E36A5A796B4613F8011BAE
:10DAC0008A420CD101300828F8D1636805E02B6840
:10DAD000BDF802201B0C1B0413442B600AE06946AE
:10DAE0002046FFF7A2FF0028F1D129462046E3F7A0
:10DAF00029FB0646304603B0F0BD2DE9F04307464A
:10DB000090461C4689B01BB9002009B0BDE8F083DF
:10DB1000FD683B68080C05FB003313FA81F6FB6ACD
:10DB20001D686D4225400CD0B86A83683146D3F831
:10DB300004902B46C8470028E7D1641BE4D02E444C
:10DB4000A84422464146684605F052FEFD6A0DEBA8
:10DB500004002A686979121B05F057FEB86A2B6821
:10DB60008268314654686A46A047CEE710B50A4637
:10DB7000082341680446FFF7C0FF08210246E06A17
:10DB8000FFF72AFF63681B1A6360104610BD4FF64B
:10DB9000FF7313B500220446ADF800308DF806304F
:10DBA00083686846ADF80420ADF80230FFF70BFF3C
:10DBB00069462046FFF7DAFF02B010BD2DE9F04FAD
:10DBC000082195B00446C06AFFF706FF0546636862
:10DBD00020461B0C1B0403A90393FFF7CEFEDDF8C0
:10DBE0000CB0E66806AA5E44761B08233146204640
:10DBF0000496FFF789FE021EC0F2A980E36A06AA16
:10DC00005979002312F8010B814240F08F800133D3
:10DC1000082BF7D1A36862682B449A427ED25946FA
:10DC20002046FFF7B7FE024691E0BDF81A30360CE9
:10DC300036041E44049608AA204604A9DDF810A064
:10DC4000FFF711FF0246002840F08180204608A916
:10DC5000FFF7CCFE18B9019B9A45ECD1DAE763686F
:10DC600005930AAA204605A9059EFFF7FCFE024679
:10DC700000286CD1BDF82820BDF820309A4227D06A
:10DC80006268059B9A42ECD15645E4D1BDF8243038
:10DC9000002BE0D0BDF822704FEA1A431B041F444A
:10DCA000A36808A8ADF82230FFF78DFEE36ABDF83F
:10DCB00024901E68764206F02006B9F1000F0ED1BE
:10DCC000204608A9FFF752FF02460028C3D03EE0D5
:10DCD00020460AA9FFF78AFE0028D1D0D4E74E4596
:10DCE000B04628BFC8460CAA434639462046FFF72F
:10DCF0000BFE024658BB4346A1680CAA2046FFF71C
:10DD0000FCFE41460246E06AFFF766FEA368034454
:10DD1000A360E2B9A9EB08094744CEE72046FFF724
:10DD200036FF024600283FF47AAF10E0731B20460E
:10DD300006A90193FFF779FE00287FF476AF20460D
:10DD400004A9E3F7FFF9024600283FF474AF104638
:10DD500015B0BDE8F08F00231A46E3F7F9BB13B501
:10DD600000240094E3F7C6FC02B010BD0FB407B561
:10DD700004A951F8040B0191E2F7BCFE03B05DF871
:10DD800004EB04B07047704770B54C680368A34259
:10DD900001D2012070BD8A682244934201D3002041
:10DDA000F8E74E69D1E90325B54203D36FF00B03C1
:10DDB0008B61F4E71B1B42F835304368086902EBBE
:10DDC000C00253600B6901330B61E2E737B50C46C3
:10DDD000C0B201A91546E3F757FD00280CDB0198F6
:10DDE00050B121462A46E3F775FD04460198FFF736
:10DDF000CAFF204603B030BD6FF01504F9E70020DC
:10DE0000E3F7B4BD00221146E3F77EBD034610B52B
:10DE100008460AB10021116053B1D0B1411E11F87A
:10DE2000010F80B113F8014BA04201D13D28F6D17A
:10DE300000200EE0013313600AE03D2808D0B0FA5C
:10DE400080F0400905E018782F28F6D1002AF1D19A
:10DE5000012010BD10B509B100230B6058B1034675
:10DE60001A781C4601332AB13D2A03D02F2AF7D154
:10DE700001B10B60201A10BD0830704710B5134671
:10DE800014460A4681880068FFF769FFA042A8BFD0
:10DE9000204610BD2DE9F04F97B004469A468946BA
:10DEA000019200297CD0DAB1BAFA8AF67609258F78
:10DEB00004F1080B0135ADB2A8466F1EBFB2B7F52D
:10DEC000004F26D04A233946584603AAFFF747FF9A
:10DED000002807DA10F1020F08BFB8463D46ECE70C
:10DEE0000126E4E700F158030DEB0300002303A92A
:10DEF00000F84C3C4846E0F702FD0028EED126B37E
:10DF000039465846FFF727FF002805DA17B0BDE865
:10DF1000F08FBEB30020F9E705F57F513F31584639
:10DF200089B2FFF718FF0028F0DB238FBB42F1D145
:10DF30002246013B22F8383F4FF400410223584665
:10DF4000E3F706FB00EAE070E0E7B846B8F5404FBB
:10DF500029D0238F04F10805434515D308F58041E6
:10DF600053462846019A89B2E3F7F2FA0028CDDB3E
:10DF7000002ECFD04846E0F7D4FC4A46034641463F
:10DF80002846DDE70126E1E7224602234FF400415F
:10DF9000284622F8388FE3F7DBFA0028DEDAB5E707
:10DFA0006FF01500B2E76FF00B00AFE773B5C36B0E
:10DFB00004460363C3B100F108063046E3F720F9D5
:10DFC000054670B902234FF4004130460DF10602B8
:10DFD000FFF7C5FE0028B4BF4FF40043BDF806307C
:10DFE0002387284602B070BD6FF01205F9E72DE9CE
:10DFF000F04187680446FB680D461646984703794A
:10E00000DB0707D4BB682BB1324629462046BDE862
:10E01000F0411847417933462A462046BDE8F04191
:10E02000E3F7BABE70B50446D0F83401A8B10026B3
:10E03000451EAE4201DD00200FE0721902EBD272E4
:10E040005210D01CC30004EBC0000089884201D2EA
:10E05000561CEEE702D80433E01870BD551EE8E701
:10E06000002310B50446C0F83431D4F8500110B97B
:10E07000C4F8580110BDD4F8542103689042C4F884
:10E08000503108BFC4F8543103F068FFEDE7034690
:10E0900010B5D3E8EF0F00EA0102C3E8E42F002C2B
:10E0A000F7D110BD70B504460D46FFF7D9FF6FF0EC
:10E0B000010104F59C70FFF7EAFFD4F85C319B681E
:10E0C0002BB1294662682068BDE87040184770BDD2
:10E0D00010B50446FFF7C4FF6FF0010104F59C7012
:10E0E000FFF7D5FFD4F85C315B6823B1D4E90001B8
:10E0F000BDE81040184710BD37B54FF42053002439
:10E100000546016868468DF80040ADF8023000F021
:10E11000EEFA18B92868083803B030BD42F601039A
:10E12000296801A88DF80440ADF8063000F0DFFA48
:10E130000028EFD02046EFE737B542F6030300246E
:10E140000546016801A88DF80440ADF8063000F0DE
:10E15000CEFA18B92868083803B030BD2046FBE76E
:10E16000006870471C307047F7B500F11C0531B1ED
:10E17000A94203D20025284603B0F0BD0D46002673
:10E1800042F60307D0F8343100EBC30000F11C0461
:10E190000835AC42EED9296801A88DF80460ADF8C5
:10E1A000067000F0A4FA0028F2D1E4E7034600F17B
:10E1B0001C0219B1914202D2002070471146D3F8D7
:10E1C000342101F1080003EBC2031C33984228BF3D
:10E1D0000020704713B5FFF7E9FF044618B9002483
:10E1E000204602B010BD00238DF8043042F6030330
:10E1F000016801A8ADF8063000F079FA0028EFD1E7
:10E20000EDE770B5054616460C4621462846FFF751
:10E21000E1FF044628B13046216800F068FA002882
:10E22000F3D1204670BD38B500F59C7504466FF0FB
:10E2300002012846FFF72BFF83070DD504F5B270C6
:10E24000F8F754FC2046FFF70BFF6FF0010128465A
:10E25000FFF71DFF002038BD6FF07700FBE710B51A
:10E26000044623780846052B06D8032B0ED8023B1C
:10E27000012B06D9012010BD063B012BFAD8022242
:10E2800000E000222146E4F79BF8F3E70122F9E7DA
:10E29000E9F768BA00F59673F0EC016A90EDE06A70
:10E2A000D0ED4A7A90ED957A67EE867A56EE877AC7
:10E2B000C1ED007AD0ED957A90ED4A6A50ED016A91
:10E2C00090EDE07A67EE867A46EE877A9842C1ED65
:10E2D000017A01F10801DFD17047D0E8EF3F43F048
:10E2E0000103C0E8E23F002AF7D1704710B50446A9
:10E2F000E4F732FD48B1011D2046EFF7F9F918B1F6
:10E3000010F1780F08BF002010BD6FF01500FBE77B
:10E3100010B50446E4F720FD60B1032300F12801A5
:10E3200083862046EFF7E4F918B110F1780F08BFA3
:10E33000002010BD6FF01500FBE770B50646E4F74E
:10E340000BFD0D46044678B171B1032300F1640161
:10E35000A0F858303046EFF7CBF910B110F1780F34
:10E3600001D10020E56770BD6FF01500FBE770B5C7
:10E370000646E4F7F1FC0D46044668B161B100F1D0
:10E3800080013046EFF7B4F910B110F1780F02D1E7
:10E390000020C4F8985070BD6FF01500FBE7F8B589
:10E3A00007461646E4F7D8FC0C46054680B100F156
:10E3B0004C013846EFF79CF920B110F1160F00D14F
:10E3C0000020F8BDC5E91146A368A0802360F7E7E7
:10E3D0006FF01500F5E710B50446E4F7BDFC70B129
:10E3E00090F8403033B1436AB0F8B8106FF07F0254
:10E3F000204698472046BDE81040E4F7CBBE10BD4C
:10E4000070B5054691B188B1E4F7A6FC044668B141
:10E41000D0F8B0606EB9C0F8B01000F19C01284689
:10E42000EEF732FF08B1C4F8B06070BD6FF01500B0
:10E43000FBE76FF00F00F8E72DE9F04389B00746DE
:10E4400091461E46E4F788FC0446A0B399B396B300
:10E4500090F8C03093BB037F9BBB90F8405085BBC6
:10E460004FF001084FF4403204AB016280F8408065
:10E470002946A0F8B8904662A0F8BA50C0F8BC503F
:10E4800005A8CDE90623059300F0CAF8B4F8B81042
:10E4900005A800F0CCF8A1893846CDE90155BDF8B2
:10E4A0001830059A0095EEF7F7FF08B984F81C803C
:10E4B00009B0BDE8F0836FF01500F9E76FF00C00CC
:10E4C000F6E76FF00F00F3E705F09FB905F090B99C
:10E4D00001460068E5F794B908B5E5F7F1F9BDE83C
:10E4E0000840E5F711BA00210120E5F789B9436F2B
:10E4F00083F30B887047E5F7D9BD61B662B680F348
:10E500001188BFF36F8F704772B6002383F31188B1
:10E51000BFF36F8FBFF34F8F30BF62B6BFF36F8F04
:10E52000704772B6002383F31188BFF36F8FBFF378
:10E530004F8F20BF80F31188BFF36F8F62B6704793
:10E5400040E800F313F4803FD8B208BF6FF0150025
:10E55000704730B50C684B6885B00A894D890094C6
:10E56000013B24F01F04234402F01F0242EA45123B
:10E5700023F01F0369468DF808200393E5F746FE54
:10E5800005B030BD08B5E6F791F8002008BD70472A
:10E59000C16A8968E6F70CB992B281600160C280F5
:10E5A0008280704703680B6043684B6083688B60B0
:10E5B000704710B50C460121E6F764FB047010BDEE
:10E5C00010B5036801211C78E6F778FB204610BDE2
:10E5D00010B5036802211C88E6F770FB204610BDC9
:10E5E00010B5036804211C68E6F768FB204610BDDF
:10E5F00002688068101A70478388C2888168D21ABE
:10E6000003685B1AD01A704738B50D461446114698
:10E61000E6F788FB22462946BDE8384005F0E8B811
:10E6200010B50C460121E6F77DFB047010BD10B556
:10E630000C460221E6F776FB0470240A447010BDF4
:10E6400030B5054614460A8885B08B78ADF80020B1
:10E6500000210D220DF103008DF8023005F0D5F8F0
:10E660006A466946284603F064F828B9BDF80020D8
:10E670009DF802302280A37005B030BD13B50C4662
:10E6800001AA0331FFF7DCFF48B90322204601A9A4
:10E6900005F058FAB0FA80F0400902B010BD002031
:10E6A000FBE770B50D4600210446FFF7D3FB0D28AC
:10E6B00018D1237B302B13D0312B13D1012305F834
:10E6C000063B04F10C062A462046012302210234AF
:10E6D000FFF778F8B44205F1FF35F4D1002070BDA2
:10E6E0000023ECE76FF01500F9E70020704710B544
:10E6F0000C46017822788AB08A420FD06946E6F744
:10E70000B9FD204605A9E6F7B5FD10220DF115016A
:10E710000DF1010005F016FA0AB010BD012A06D06D
:10E72000022A07D072B940886388C01AF4E74068AB
:10E730006368FAE71022611C01300AB0BDE810409E
:10E7400005F000BA6FF01500E6E7042A0AD0102A97
:10E750000DD0022A4FF0000315D103700B884380BF
:10E7600001207047012303700B684360F8E7022320
:10E7700000F8013B01F1100351F8042B994240F8D5
:10E78000042BF9D1ECE718467047012310B5062198
:10E79000044600F8013BF4F775F918B9A37963F062
:10E7A0003F03A37110BD0B6803608B8883808B7956
:10E7B0008371037823F00203037070470078C0F37D
:10E7C0004000704738B50446807AE5F7B1FF6169CB
:10E7D000054649B1637ADB0704D4C36A20461B6847
:10E7E0009B6898470023636121462846BDE838406E
:10E7F00003F022BA438A23B9C068B0FA80F0400916
:10E80000704700207047D0F8A03083B15A7CD10700
:10E810000DD5D2060DD51B7C102B14BF032304236A
:10E820004372807A98428CBF0020012070470223F7
:10E83000F6E70323F4E70F2807D80D280BD805289F
:10E8400008BF032018BF02207047132803D01A28DE
:10E8500008BF0120F6E70120704770470B6803608E
:10E860008B8883808B7983717047034610B5D3E81A
:10E87000EF0F40EA0102C3E8E42F002CF7D110BDEE
:10E88000D0E8EF3F0B40C0E8E23F002AF8D17047E4
:10E890007047C0F307235370002311719370C1F3C5
:10E8A0000723090C10709171000E090AD070537182
:10E8B000D17170470020704710B503884288934299
:10E8C00019D8052B17D9B2F5486F14D88388B3F53A
:10E8D000FA7F10D240F67644C088A0F10A0189B2CE
:10E8E000A14208D801339BB25343B3EB800F34BF2E
:10E8F0000120002010BD0020FCE70020704708B573
:10E90000F0F7E8FC18B1408A003818BF012008BDB4
:10E91000E7F700BD70B506460D464FF0FF304FF0EB
:10E92000FF31E7F789FA044668B103210C30E6F7B6
:10E93000F9F9068085702146BDE87040002240F25A
:10E940000640E7F729BC6FF0680070BDC36818780F
:10E9500008B1E7F73BBD1846E7F7AABD38B54FF059
:10E96000FF3105464FF0FF30E7F766FA044668B11D
:10E9700002210C30E6F7D6F92B88214603800022CD
:10E98000BDE8384042F21600E7F706BC6FF06800B9
:10E9900038BDF8B507460E464FF0FF304FF0FF3157
:10E9A0001546E7F749FA044678B106210C30E6F738
:10E9B000B9F93B884680038085802146BDE8F84050
:10E9C000002242F22200E7F7E7BB6FF06800F8BDD3
:10E9D0002DE9F047814688464FF0FF304FF0FF3178
:10E9E00017461E469DF820A0E7F726FA0546A0B177
:10E9F00007210C30E6F796F9B9F8003080F802806C
:10EA00000380C7700671A0F805A02946BDE8F0474D
:10EA1000002242F23200E7F7BFBB6FF06800BDE8AA
:10EA2000F087072208B505F08DF8B0FA80F04009AC
:10EA300008BD0B6803608B8883808B798371704776
:10EA4000D0E8AF0F7047F8B50F46144638BB4FF00B
:10EA5000FF304FF0FF31E7F7EFF9054610B32721FC
:10EA60000C30E6F75FF9224606463946FFF7E1FF2C
:10EA7000C31D04F1100152F8040B8A4243F8040B41
:10EA8000F9D11022002106F1170004F0BEFE29463C
:10EA9000BDE8F840002242F22700E7F77DBB6FF0A7
:10EAA0001500F8BD6FF06800FBE7037A02465B07CC
:10EAB00005D501462E3211F8010BFFF7C4BF704790
:10EAC00038B54FF0FF3105464FF0FF30E7F7B4F9A6
:10EAD000044658B129460C30FFF7A2FD2146BDE897
:10EAE0003840002242F22D00E7F756BB6FF0680075
:10EAF00038BD70B5044686B00E4601300131FFF7CF
:10EB000090FF2E34162200210546684604F07DFE53
:10EB100010226946204605F015F840B11022204623
:10EB200006F12E0105F00EF8002808BF0125284641
:10EB300006B070BD10B50C4630B919B1F0F77AFBCC
:10EB400000B1441C204610BD0024FBE707B580B986
:10EB500006216846F3F796FF40B99DF805306846F0
:10EB600003F03F038DF80530E7F7E8FF03B05DF8E9
:10EB700004FB6FF01500F9E701207047037AD9070D
:10EB800004D523F001030372E8F78EB8990704D582
:10EB900023F002030372E8F739B9704710B50C4649
:10EBA00031B10020FFF7D2FF08B90123237010BD57
:10EBB0006FF01500FBE700207047D0E8AF0F7047FB
:10EBC000032808B501D0E8F727FBBDE80840E8F7BF
:10EBD00037BB0368D90444BF43F480630360036810
:10EBE0009A0444BF43F400630360704700230B6042
:10EBF000436813B9C0E9001170471960416070475C
:10EC0000D0F8B000003818BF01207047D0E8AF0F2F
:10EC100070472438E9F7C8B8002203680BB91846D2
:10EC200070478B4210D10B6842B942680360914231
:10EC300000D14360002301200B60704713604368DC
:10EC4000994208BF4260F5E71A461B68E6E710B52F
:10EC50000446006918B1E5F70BFF0023236110BDDE
:10EC600010B50446D0F8A00028B9207A04F170014C
:10EC7000F0F730FB38B1E278438A2AB913F0210F5C
:10EC800014BF0120002010BD13F0240FF8E72DE978
:10EC9000F843089E8146102E0C4690461F462FD8FA
:10ECA0004FF0FF304FF0FF31E7F7C6F8054658B395
:10ECB0001C210C30E6F736F80346B9F80020394637
:10ECC00023F8022B2268C0F80220626800F10C04CD
:10ECD0005A60B8F8003032464381204604F088FD7F
:10ECE000102E05D00021C6F11002A01904F08DFDF0
:10ECF0002946BDE8F843002242F21900E7F74CBA72
:10ED00006FF01500BDE8F8836FF06800FAE78278CD
:10ED10000346012A06D1C07A28B1D3F8A00010B169
:10ED2000007C70470020704710B583780446012BA3
:10ED300029D1437B072B29D10A0601F07F030FD588
:10ED4000021DD2E8EF0F40F40040C2E8E10F0029B5
:10ED5000F7D12046A37201F0E3FC88B9002010BD72
:10ED6000427A9A42FAD2827A9A42F7D2021DD2E8C5
:10ED7000EF0F20F40040C2E8E10F0029E9D0F6E7E8
:10ED8000637AA372EBE76FF01500E8E76FF07F009E
:10ED9000E5E78378012B0CBF407A0020704737B538
:10EDA00005460C46FFF70AFD2946A8B16846FFF75D
:10EDB000FAFC69460020E9F7A5FE58B12388A0F8BF
:10EDC0008C306388A0F88E30A388A0F89030E38858
:10EDD000A0F8923003B030BDFFF7ACFE03460068E8
:10EDE00000909A889B79ADF804208DF80630E0E712
:10EDF00038B5037A04468B42154615D100F17001EF
:10EE00000722284604F09EFE80B1E378072243B92A
:10EE100004F17E01284604F095FEB0FA80F0400926
:10EE200038BD04F17701F5E70020F9E70120F7E7A5
:10EE30008378012B0CBF703000207047F8B507466F
:10EE40000D464FF0FF304FF0FF31E6F7F5FF064675
:10EE5000D0B10E210C30E5F765FF04460E220021EB
:10EE600004F0D3FC3B88314623802B88002263804A
:10EE70006B8842F21300A380AB88E380EB88238188
:10EE8000BDE8F840E7F788B96FF06800F8BD704753
:10EE900010B50446F8F7BAFD234653F84C2BD2F8C8
:10EEA000B01061B9E164D2F8B41061B9C2E92C3391
:10EEB000F8F7FEFD2068BDE81040E9F76FB98B4216
:10EEC000F6D00968EDE70B60C2F8B430F0E77047A0
:10EED0002DE9F843446B002C55D054F8085905B17E
:10EEE000083D002701E02C461D46D4E900682EB3FA
:10EEF000F8F78CFD0022D6F8B03004F14C0163B174
:10EF0000994232D1E36C42BBD6F8B420C6F8B03097
:10EF1000914201D1C6F8B430E764F8F7C9FD04F1B5
:10EF20003009002200234846F7F7F2F80646F8B900
:10EF3000D8F804300BB1204698472760E3680BB13E
:10EF400020469847D8F820300BB120469847D5B1D5
:10EF5000AB68002BC7D0083BC5E71360D6F8B430C8
:10EF6000994208BFC6F8B420D6E71A461B68C6E720
:10EF7000B36923B16FF06D02F1692068984730469C
:10EF8000E5F776FDCDE7BDE8F88338B5436B0D4670
:10EF9000BBB1184650F8084904B1083C53F8043C8A
:10EFA0009B680BB1294698475CB12046A46843682A
:10EFB00024B19B68083C002BF4D1F6E79B68002B3A
:10EFC000F0D138BD406B28B1838B08388B4201D01B
:10EFD0008068F8E7704710B54AB989B2FFF7F2FFC9
:10EFE00028B143689B6913B1BDE81040184710BDB4
:10EFF00038B50D460521FFF7E5FF002329461A46DF
:10F00000EAF768FA044610B12846E5F731FD2046D4
:10F0100038BD406B28B1838908388B4201D08068A5
:10F02000F8E7704770470346006828B159680268DE
:10F0300088421A6008BF5A6070470346002003B92F
:10F0400070471A8A5B681044F9E710B5D46802313A
:10F05000237813B92170012010BD8B42FBD0038AA5
:10F06000023B038200201061F6E708B503680A8AB4
:10F070001868C968EEF76AFC002008BD38B5054677
:10F0800001F10C000C46FFF7A3FA2D680146238A14
:10F090002868E26801F090F9002038BD70B4056876
:10F0A0002A6B52B3136803B1B03BA2F1B004002243
:10F0B000114600E0B03B844207D0668D648BB142BC
:10F0C00038BF3146A24238BF22461C462BB1D3F886
:10F0D000B030002BEED18442EFD1438D408B8B4278
:10F0E00001D890420BD9824238BF02469942286823
:10F0F00038BF194670BCEEF79FBC1146EDE770BCF7
:10F10000704773B51446014605464FF49572206862
:10F1100001F056F8207530B92946206801F098F9B9
:10F1200020B908232375002002B070BD237AB3B143
:10F13000A3F11802534253419B000193638A29466D
:10F140000093AE68238AE2682068B047002808DB95
:10F15000238A98420CD1002301202375E4E702237F
:10F16000EBE710F1FF0F03D34042C0B22075DAE79E
:10F170000E20FBE71FB5CDE9012300231A460093BB
:10F18000ECF744FE05B05DF804FBF8B5936805465E
:10F190000F461446166863B9506801210C30E5F734
:10F1A000C1FDA0602B681B78002B14BF0223012334
:10F1B0000370A3681B78012B03D0022B1FD0002003
:10F1C0001CE02B681B78002BF9D1606804210C30FF
:10F1D000E5F7A8FDE06007802A68E36852885A8056
:10F1E0006168728D738B088A9A4294BFC0EB0200EB
:10F1F000C0EB0300042894BF00200120F8BD2B6859
:10F200001B78022BDBD1606812210C30E5F78AFDF8
:10F21000E06007802B68E268591C0232113351F814
:10F22000040B994242F8040BF9D16168728D738B1B
:10F23000088A9A4294BFC0EB0200C0EB0300122878
:10F24000D9E7D0680431037813B901700120704701
:10F250008B42FBD0002091680B8A043B0B8210612B
:10F2600070470022036803B970478B420FD10B68C7
:10F270003AB942680360914200D1436000230B60B9
:10F28000704713604368994208BF4260F6E71A4628
:10F290001B68E8E7D0E8EF3F43F00802C0E8E12F41
:10F2A0000029F7D1C3F3C00070472DE9F04F0446A1
:10F2B00085B0104690469946FFF7BFFE638B628D7E
:10F2C0008B46934228BF1346834240F29380636883
:10F2D00040460393E5F718FC4FF0000A0646404607
:10F2E000FFF7ABFE628B638D06F10C079A4294BF69
:10F2F000C0EB0205C0EB03053846FFF77DF98542F8
:10F3000017D24046FFF799FE628B638D9A4294BFF5
:10F31000C0EB0205C0EB03058DBB98F80A00E5F7CA
:10F3200007FA00220023FFF733F9064630B95746A3
:10F3300036E03846FFF760F90546EDE701464046FE
:10F34000E5F720FC4046FFF778FE628D638B06F1FF
:10F350000C079A4294BFC0EB0205C0EB0305384688
:10F36000FFF74AF985421FD24046FFF766FE628DDD
:10F37000638B9A4294BFC0EB0205C0EB0305F168B2
:10F38000328ACDF80090DBF804700A44039859469D
:10F39000ABB2B847071E0CDABAF1000F18BF5746D8
:10F3A000384605B0BDE8F08F3846FFF725F9054629
:10F3B000E5E70E9BB3B9394606F10C00E5F7B2FC60
:10F3C0004046FFF73AFE638D628BB944934228BFF3
:10F3D00013468342BA441FFA89F9A8D9AF423FF4D1
:10F3E0007EAFA4E7394630460F9A0E9B9847002817
:10F3F000E1D19CE70027D3E700232DE9F34117680B
:10F400001446D7F8048001461373064695224046F9
:10F4100000F0D6FE0546207330B93146404601F073
:10F4200015F828B908232373002002B0BDE8F08145
:10F43000CDE9005531463846A388A268FFF735FF6D
:10F44000002807DA10F1FF0F32BF0E204042C0B291
:10F450002073E9E70120E8E700232DE9F34117686D
:10F460001446D7F804800146137306469522404699
:10F4700000F0A6FE0546207330B93146404600F044
:10F48000E5FF28B908232373002002B0BDE8F0810E
:10F49000A068798D7A8B038A914294BFC3EB0103F4
:10F4A000C3EB0203012BEFDD02210C30E5F73AFC40
:10F4B000CDE900558046A38831463846A268FFF75B
:10F4C000F4FE031E06DA13F1FF0F2ABF5B420E2380
:10F4D000DBB2D8E70120A8F80030D6E72DE9F041EB
:10F4E00004468868FFF7A9FD638D628B0D46934241
:10F4F00028BF134683421DD30027E165D1F8088059
:10F500008F60F8F783FA41462046EAF7E7FD0646A2
:10F5100038B1C5F80880E765F8F7CAFA3046BDE8A3
:10F52000F081618D638B2846994228BF1946EEF71A
:10F530006FFBF1E76FF07906F0E738B50546D1E8E3
:10F54000AF3FDB0716D550F8040C98B1AB6D8BB903
:10F550000430FFF768FD044660B10146281FFFF73D
:10F56000BDFF38B155F8043C5A6822609A685C6067
:10F5700002B99C6038BD2DE9F041046B074634B3F5
:10F5800054F8B06906B1B03E002307F104081D46E7
:10F5900001E034461646E26D92B905B983B940469A
:10F5A000FFF741FD054650B101462046FFF796FFA3
:10F5B00068B17B682B60BB687D6003B9BD60234682
:10F5C0002EB1D6F8B020002AE3D0B03AE1E7BDE88A
:10F5D000F08170B504460E46002200230846F6F777
:10F5E00097FD054658B101462046EAF777FD0446E7
:10F5F00018B12946304602F01FFB204670BD6FF05F
:10F600000104FAE7F8B5054650F8044C071F00F16D
:10F610005403D3E8EF1F21F00401C3E8E21F002ADE
:10F62000F7D1FCB1AB6D83B9636873B1201DFFF7EF
:10F63000FAFC064601463846FFF750FF90B1636872
:10F640003360A368666003B9A660384605F15C01C3
:10F65000FFF7BFFF30B1384604F10C01BDE8F840B8
:10F66000FFF7B7BFF8BD38B504460D46EAF736FDDB
:10F6700030B1294604F16000BDE8384002F0D1BA4B
:10F6800038BD30B50C4685B0054601F10C00FEF7DB
:10F690009FFF228A03460292E268284601920022D6
:10F6A00011460092EAF700FF05B030BD30B50C46B8
:10F6B00085B0054601F10C00FEF78AFF228A034659
:10F6C0000292E2681221019200222846009213223F
:10F6D000EAF7EAFE05B030BD07B5CA680C21138809
:10F6E000528800920D22EBF703F903B05DF804FB9A
:10F6F00007B50022CB680A211B8800920B22EBF78A
:10F70000F7F803B05DF804FB70B5CB6804461E88BB
:10F71000B3B2162B25D90321EAF7D0FA054610B368
:10F7200002210C30E5F7FEFA6FF00D0303700123A0
:10F73000294643702046FFF796FF4FF4F973638321
:10F74000236866851B680433D3E8EF1F41F48031DA
:10F75000C3E8E21F002AF7D12046FFF79FFC0020F4
:10F7600070BD0420FCE70E20FAE7ECF7D7BA08B525
:10F77000EAF790FC08B3026B02B3136803B1B03B25
:10F7800032F8960C32F8862C904228BF104643B9C6
:10F7900013E0934228BF1346984238BF1846A1F1A0
:10F7A000B003D3F8B0105A8B5B8D0029F1D19A4287
:10F7B00028BF1A46904238BF104608BD1046FCE7E5
:10F7C0000A8A0023C968EBF7D5BAFFF7F9BFFFF73C
:10F7D000F7BFFFF7F5BFFFF7F3BFFFF7F1BFFFF785
:10F7E000EFBFFFF7EDBFFFF7EBBFFFF7E9BFFFF795
:10F7F000E7BFFFF7E5BF70B5CE68044633880D4616
:10F800009AB2162A06D8002204231146BDE8704099
:10F81000EBF7B0BA4FF4F97243854283FFF73EFC31
:10F820000023314620462A8AF0E710B50C46EAF755
:10F8300031FC90B1036B43B153F8542CB03B916948
:10F84000A14209D0D3F8B030F5E7406828B1836908
:10F85000A34202D00068F9E7104610BD01207047AE
:10F8600008B5EAF717FC78B1036B6BB1B03B03F155
:10F870005802D2E8EF0F20F00800C2E8E10F00299B
:10F88000F7D1D3F8B030F0E708BD08B50421FFF791
:10F89000C0FB20B15430D0E8AF0FC0F3C00008BDAA
:10F8A00070B51C460E461546EAF79CF90123C0E9DF
:10F8B0000365C380047570BD10B5029CA36833B1A5
:10F8C000B1F5807F28BF0E21CAB221469847A37D9B
:10F8D000E268013BDBB2A37522B11BB92046BDE84B
:10F8E0001040104710BD1060918000207047B1F5A6
:10F8F000807F28BF0E21009AC9B213681847B1F55E
:10F90000807F28BF0E21009AC9B2136818470020D3
:10F910007047F0B5076806463D78144689B0E5B9EA
:10F920007B88B3F5245F04D011D8A3F52053032BB3
:10F9300013D8ADF80A10022220460DF10A01EBF7A8
:10F9400023FC70B16FF01502C4F8602106E003F5E6
:10F950005643FF339BB2042B1DD90125284609B01D
:10F96000F0BD7B88022220460DF10A01ADF80A3075
:10F97000EBF70AFC0028E5D1009003AA13233146D7
:10F980007768B847021EDFDB03A92046EBF7FCFBD4
:10F990000028E2D0D6E7ADF80A10022220460DF189
:10F9A0000A01EBF7F1FB0028CCD17B880222ADF8ED
:10F9B0000A300DF10A01E8E7072208B504F0C2F8A1
:10F9C000B0FA80F0400908BD10B5037804469342B0
:10F9D00007D10130FFF7F0FF002814BF20460020B8
:10F9E00010BD0020FCE7034610B5D3E8EF0F40EA56
:10F9F0000102C3E8E42F002CF7D110BD034610B577
:10FA0000D3E8EF0F00EA0102C3E8E42F002CF7D19E
:10FA100010BD0B6803608B8883808B79837170477E
:10FA2000D0E8AF0F7047F8B599420446DDE9060704
:10FA30000D46089E01D90020F8BD914201D2012057
:10FA4000FAE760B98FB933882946013B33802046F5
:10FA5000099B0A9A98473388002BEDD1EBE7216880
:10FA6000FEF745FE0028EDD0E9E7E368BB42E6D1AA
:10FA7000E9E770B50D46064611F8010BE9F76EF897
:10FA8000044610B12C89E8F747FB6B89A34207D0E5
:10FA9000EB686C8123B121463046BDE870401847C1
:10FAA00070BD08B502210C30E5F73CF96FF00D038D
:10FAB000037001234370002008BD10B514460221D5
:10FAC0000C30E5F72FF963890380002010BD10B5D5
:10FAD000144604210C30E5F725F923890380E389D6
:10FAE0004380002010BD10B5144602210C30E5F70C
:10FAF00019F923890380002010BD10B51446042194
:10FB00000C30E5F70FF923890380638943800020D7
:10FB100010BD08B501210C30E5F704F903460020BB
:10FB2000187008BD08B501210C30E5F7FBF801237A
:10FB30000370002008BD38B5154600F10C040421FF
:10FB40002046E5F7EFF82B890380EB8943802B7C77
:10FB500033B94FF420512046FEF769FD002038BD2F
:10FB600042F60101F7E738B5154600F10C0404210F
:10FB70002046E5F7D7F82B890380EB8943802B7C5F
:10FB8000022B04D0032B09D02B68598801E042F6E0
:10FB900002012046FEF74BFD002038BD42F603016E
:10FBA000F7E770B51446002500F10C066268EBB269
:10FBB0009A4205F1010501D8002070BDA2683046C7
:10FBC00032F81310FEF733FDF0E7FFF7EABF30B568
:10FBD000144685B0054602210C30E5F7A3F8A3884A
:10FBE000002203800023CDE902330023CDE9002366
:10FBF0002846A268A189E4F7E5FFA389834214BFE0
:10FC00006FF00B00002005B030BD7FB515460646ED
:10FC10000C460C300421E5F785F8AB880022038000
:10FC2000EB88043C43800023CDE902330023CDE977
:10FC3000002321463046AA68E4F7C4FF844214BF7B
:10FC40006FF00B00002004B070BDF7B5089D0646AC
:10FC50000C462F6851B973B900232A460893E1B2C4
:10FC60003046BC4603B0BDE8F0406047B1F5807F48
:10FC700028BF0E24F0E7009313462A46B84708949D
:10FC800023462A4621462F68EAE708B50C3029B1F9
:10FC90000121FFF7A8FEC043084008BD6FF0010135
:10FCA000FFF7ACFE00F00100F7E738B50C46194647
:10FCB0006BB103F114055B6982B9E268A3609542F8
:10FCC00000D1E36000230D681A464B61A847A36882
:10FCD00053B92046BDE83840EBF7CCBC1360E3686D
:10FCE0009D4208BFE260EDE738BD2DE9F0410C46CA
:10FCF000069D06466FF0040105F11000FFF77EFE39
:10FD0000F4B13046EBF760FB014648B3836853B16A
:10FD10000022186805F1140C2BB1634508D12B465D
:10FD20003046FFF7C2FFB4F5807F28BF0E240FE0F6
:10FD300020B107681A4603463846EDE70746F9E75B
:10FD4000AB892BB923462246294630462F68B8474F
:10FD50006B682BB12A463046E1B2BDE8F041184746
:10FD6000BDE8F08111F1680F01D0FFF7BEBF704709
:10FD700010B50446FFF789FF38B12146BDE81040B1
:10FD8000012211F8010BEBF74DBB10BD38B504464D
:10FD90001546FFF763FD48B12046EBF7D3FA28B1CB
:10FDA000037ADB0702D50121FFF7E2FF55B9207A7C
:10FDB00004F17001EBF74EFA20B18560BDE83840E0
:10FDC000EBF77EBB38BDF0B50D4687B01146064651
:10FDD0001A460C9C5DB983B9276800232246304639
:10FDE000BC46E9B20C9307B0BDE8F0406047B5F5FA
:10FDF000807F28BF0E252768EFE703A8FEF7CCFB1E
:10FE0000BDF81030012B08D8002300932246194674
:10FE100030462568A84707B0F0BD022103A8E4F7E3
:10FE200067FF0346BDF8102033F8027B002197429C
:10FE300028BF17460097224630462568A84739460E
:10FE400003A8E4F755FFDBE738B5BDF810401546C9
:10FE5000A2420CD84CB16BB1A21A8A42A8BF0A4682
:10FE600094B22246591903F0C3FC204638BD6FF006
:10FE70000600FBE76FF00D00F8E730B585B0C96804
:10FE800014461D46EBF78CFA00B100890223ADF849
:10FE90000E00009329462046BDF820200DF10E03E8
:10FEA000FFF7D2FF05B030BD1FB50C461946E36819
:10FEB00010461C78BDF818203CB11024013306947C
:10FEC00004B0BDE81040FFF7BFBF5B88ADF80E304F
:10FED000022300930DF10E03FFF7B6FF04B010BD2F
:10FEE00030B51D46002385B014468DF80C30EBF775
:10FEF00029FA10B1037A8DF80C30012329460093BA
:10FF00002046BDF8202003ABFFF79EFF05B030BDB3
:10FF10002DE9F04114461D46BDF81870E6F7D2F8F9
:10FF20000646DEF7FEFC80B2069033463A46294686
:10FF30002046BDE8F041FFF787BF30B585B01446D5
:10FF40001D46FEF7DAFC0223ADF80E0000932946A9
:10FF50002046BDF820200DF10E03FFF775FF05B018
:10FF600030BD38B5144600F10C0506212846E4F7EB
:10FF7000D9FE23890380E3894380237C002B42F64A
:10FF8000010308BF4FF42053838021680B781BB115
:10FF9000022B06D0002038BD28464988FEF747FBD3
:10FFA000F8E7102228460131FEF72EFBF2E7106039
:10FFB0000020704738B5154600F10C040421204696
:10FFC000E4F7B0FE2B8903806B894380E9680B78E6
:10FFD0002BB920464988FEF72AFB002038BD1022A5
:10FFE00020460131FEF710FBF7E7002203680BB94A
:10FFF000184670478B4210D10B6842B942680360C3
:020000024000BC
:10000000914200D14360002301200B6070471360D0
:100010004368994208BF4260F5E71A461B68E6E765
:10002000022A10B508D1002300F170011A46007AA7
:10003000EBF75AFA022010BDEBF79CFCFAE738B553
:10004000144600F10C0502212846E4F76BFE638993
:100050000380A1892846FEF7EAFA042104F1100082
:10006000FFF7C1FC002038BD13B5044610B90020CD
:1000700002B010BD00238DF8043042F6030300687F
:1000800001A9ADF80630FEF732FB0028EFD1E36896
:1000900098880028ECD12046EBF778FE013080B23A
:1000A000E6E770B5CC681E46A37988B008468DF89F
:1000B0000C301546FFF7D8FFADF80D002468237803
:1000C0006BB96388ADF80F3005230093314628469D
:1000D000BDF8302003ABFFF7B7FE08B070BD631C5E
:1000E0000DF10F02113453F8041BA34242F8041B14
:1000F000F9D11323E9E71FB5CDE9012300231A46FF
:100100000093EBF783FE05B05DF804FBEBF7AEBFA1
:1001100038B5044659B100F170052946007AECF76C
:100120005BF82946207ABDE83840EBF7A7BD38BD1B
:10013000F8B506460F46EBF76BF8394604463046ED
:10014000FEF7DDFB48B344B304F108056FF001018D
:100150002846FFF753FCC20703D539463046ECF773
:100160003BF86FF002012846FFF748FC830703D5F0
:1001700039463046EBF782FD2846FFF751FC60B95F
:10018000234603F8010BC4F80100C3F80300D5E8C7
:10019000EF3FC5E8E20F002AF9D1F8BD10B50446DB
:1001A000A0F1170110F8180CFFF7C2FF14F80C0C9F
:1001B000A4F10B01BDE81040FFF7BABFFFF7D7BAB3
:1001C00038B54C8AD3070546C4F30E0404D514F0A1
:1001D000950F2AD04B6843B3900704D514F4957F4C
:1001E00025D08B681BB3144014F4DE7F0DD0EB7A5E
:1001F0002BB92846FEF734FDD8B9052038BD14F0D8
:10020000300F04D114F4C07F07D10020F6E7284650
:10021000FEF7BFFD0228F5D8EFE7D5F8A030002B98
:10022000EBD05B7CDB06E8D5EFE70220E6E70320B6
:10023000E4E70F20E2E7F8B514460F469422616820
:100240000646FFF7BDFF20BB012230466168ECF790
:1002500029F808B3A2891B2130460232EAF71EFDB5
:100260000546E0B1A1890C300231E4F75BFD20F8CE
:10027000027BA289A16803F0BBFAD4E904122846E4
:100280000123FFF70DFB29463046BDE8F840EAF7A9
:10029000D1BE4FF0FF30F8BD6FF01500FBE76FF0F7
:1002A0000B00F8E770B50B460546144629B9214600
:1002B0002846ECF755FB28B970BD4FF6FF72914206
:1002C00007D121812246284663680021BDE870409D
:1002D0001847E28901339BB29A422381E7D2F1E7C2
:1002E0002DE9F04F89B006461446129F11B913F05C
:1002F000030807D03A46002130467B6809B0BDE8C4
:10030000F04F1847C14642F6010AC3F3870302EBD8
:100310008305AC4207D13A464146304609B0BDE8B4
:10032000F04FFFF7BFBF3A7C6388002A14BF5246E4
:100330004FF42052ADF802201022ADF808301FFA19
:1003400083F83B68B4F800B000210DEB0200019384
:100350008DF8009003F059FA01AB06933A46304607
:100360007B68CDF80CD0ADF81CB003A998470434D5
:100370000028CED109B0BDE8F08F73B504460D4614
:10038000F7F744FB29462046FFF74FFA014620B90C
:1003900002B0BDE87040F7F78BBB46682046EAF72D
:1003A000C9FEF7F785FB2EB100230E211A46204621
:1003B0000095B04702B070BDF7B50D46044616462D
:1003C0001F46EBF701F8014628B133462A4620467E
:1003D0000097EDF783FA03B0F0BD2DE9F041054633
:1003E0008846EAF7AFFF0446E0B1037ADB0719D588
:1003F00000F10C073846FFF713FB10F0010611D18E
:10040000B8F1000F0FD06FF002013846FFF7F6FA8F
:1004100010F0020F284609D0FFF722FA01212046EA
:10042000FFF7A6FC01263046BDE8F081FFF716FA7B
:100430000028F8D02846FFF728FA0028F3D06FF0FC
:1004400002013846FFF7DAFA2846E5E7012070474F
:100450000120704707207047D0E8AF0F084100F037
:100460000100704738B50A46034609B9012038BD76
:10047000488A10F0240FF9D0197D5D7B147CA942C5
:1004800028BF29468C4201D90020F0E7840608D411
:10049000507C197AC0070BD4187A003818BF012095
:1004A000E5E70521181DFFF7D7FF0028F0D1EBE79E
:1004B0000029E9D00521181DFFF7CEFF18B9197AD8
:1004C00001390129E0D9527CD207CFD4E4E70123D6
:1004D0008B40DB43D0E8EF2F1A40C0E8E12F002922
:1004E000F8D17047072070470720704707207047F2
:1004F000012303FA01F1CA4330B5D0E8EF3F03EA24
:100500000204C0E8E54F002DF7D1194214BF0120C5
:10051000002030BD01238B40D0E8EF2F1A43C0E804
:10052000E12F0029F8D1704708B50E21FFF7F2FF3F
:10053000002008BD38B504210446EDF7EDFC054662
:1005400098B110210C30E4F7EDFB04F1270304F11E
:10055000370253F8041B934240F8041BF9D120469C
:100560002946EDF7E3FB002038BD0820FCE738B54D
:10057000CD6804460B210430FFF7A9FF2B4604F198
:10058000170205F1100153F8040B8B4242F8040BDB
:10059000F9D1D4F8EC30DB783BB920460421FFF7E1
:1005A000B9FFBDE83840FFF7C5BF002038BD70B5C2
:1005B00004460025D0F8EC60031DD3E8EF2FC3E814
:1005C000E15F0029F9D104F5A070F6F7A5FC2572CA
:1005D000D4E8EF3FC4E8E25F002AF9D1F3782BB901
:1005E0002046BDE870400B21FFF794BF70BD70B589
:1005F00000F1700605460C4607223046096803F0F4
:10060000A1FAB8B963681A682A679A88A5F87420AD
:100610009B7985F87630D5F8A0305BB1A26893421B
:1006200008D062681168C3F801109188A3F805101A
:100630009279DA7170BD2DE9F84FDDF82C8004460F
:1006400092461F46BDF82890EDF746FB0546002868
:100650005AD0061DB9F1000F27D15AEA070324D159
:1006600003213046FFF7F8FED0B301213046FFF7F3
:10067000F3FEA8B32C7D6B7B05F147019C4228BF9C
:100680001C462246404603F0B3F80F2C06D8002142
:10069000C4F1100208EB040003F0B7F83046012162
:1006A000FFF738FF0120BDE8F88FD4F8A030F3B988
:1006B00004F1700B5A462020217AEEF793FDC4F81E
:1006C000A00030B95A460120217AEEF78BFDC4F81C
:1006D000A000B9F1000F0AD15AEA070704D006E0DA
:1006E000D4F8A030002BE3D0D4F8A01071B90F21BA
:1006F0003046FFF7B1FE20B1022206212046E8F77E
:10070000C9F92846FFF753FF0020CCE74B8A9B0628
:10071000EDD50C7C1E312246B4E76FF085007047A2
:10072000F7B5C3780446002B5FD1EDF7D5FA05463F
:1007300000285DD0061D03213046FFF78DFE20B155
:100740006FF00F04204603B0F0BD01213046FFF7E3
:1007500083FE0028F4D10F21201DFFF77DFE28B174
:10076000204603B0BDE8F040EDF766BFD4F8A030F6
:1007700083B904F170073A462020217AEEF732FD62
:10078000C4F8A00030B93A460420217AEEF72AFDD9
:10079000C4F8A000D4F8A0100029E1D04B8A13F0CF
:1007A000240FDDD0A27A022A09D9487CC007D7D508
:1007B000032A04D09B06D3D50B7C102BD0D10B7C05
:1007C0002046009301F11C0201F11E031431FEF7D3
:1007D0005EFA04460028B5D128460B21FFF79AFEA1
:1007E00001213046FFF796FEACE76FF01504A9E74C
:1007F0006FF07F04A6E770B504460820EDF722FAF3
:100800000546E8B1061D08213046FFF760FE002CC2
:100810003CD00721FFF75BFE234605F1970204F168
:10082000200153F8040B8B4242F8040BF9D10A2142
:100830003046FFF711FE70B109213046FFF76AFE1E
:100840000720EDF7FFF9044610B3EDF719FB014659
:10085000F0B1204617E010213046FFF7FDFD0921D9
:100860000028EAD13046FFF7F7FD0028E8D0D5F898
:10087000EC30DB78002BE3D12846EDF74FFC014646
:100880000028DDD02846EEF7D5F8D9E70B21F9E7A7
:1008900070BD70B50446A0F1EC0650F8543BE83C3E
:1008A000D3F8A050F6F738FB03212046FFF7D4FD1C
:1008B000A0B108213046EEF729F83DB16B8A13B19B
:1008C0006B7C9B0702D52846EEF75EFD3046BDE8FF
:1008D00070404FF4BC72002102F097BF0121204606
:1008E000FFF7BAFD0028E4D10F212046FFF7B4FD41
:1008F0000028DED1E1E707B500210088EEF772FE9F
:10090000019010B101A8EEF793FE03B05DF804FB6F
:1009100002888378002042EA03431B0B42F30B0258
:1009200083F4006392B2A3F5006362F30F009BB2FD
:1009300082B063F31F4002B0704738B54FF0FF310B
:1009400005464FF0FF30E5F777FA044668B102211B
:100950000C30E4F7E7F92B88214603800022BDE83C
:10096000384042F28A00E5F717BC6FF0680038BDE6
:1009700070B506460C464FF0FF304FF0FF31E5F7FB
:100980005BFA0546D8B105210C30E4F7CBF9328883
:10099000028094F903200271A278C2700022827052
:1009A00022788270617811B142F002028270294689
:1009B000BDE87040002242F28D00E5F7EDBB6FF01C
:1009C000680070BD38B54FF0FF3105464FF0FF307D
:1009D000E5F732FA044668B102210C30E4F7A2F9D7
:1009E0002B88214603800022BDE8384042F28E0069
:1009F000E5F7D2BB6FF0680038BDF8B507460C4686
:100A00004FF0FF304FF0FF311646E5F715FA054677
:100A1000002840D01C210C30E4F784F93A88028089
:100A20002278C6708270627802F0030202716178E7
:100A300011F0300FC1F3011208BFFF224271A278FA
:100A400029468271E278C271227902726279427219
:100A5000A2798272E279C272227A0273E27CC27552
:100A6000227D0276627D4276A27D8276E27DC2762A
:100A7000D4F80920C0F80D20D4F80D20C0F81120BA
:100A8000B4F81120A0F81520BDE8F840002242F289
:100A90009000E5F781BB6FF06800F8BD38B54FF006
:100AA000FF3105464FF0FF30E5F7C6F9044668B15F
:100AB00002210C30E4F736F92B882146038000220E
:100AC000BDE8384042F28C00E5F766BB6FF0680085
:100AD00038BD70B506460D464FF0FF304FF0FF3180
:100AE000E5F7AAF9044688B104210C30E4F71AF9B5
:100AF0003388214603802B78002283706B78C37083
:100B0000BDE8704042F29400E5F746BB6FF0680024
:100B100070BD70B506460C464FF0FF304FF0FF3108
:100B2000E5F78AF90546002835D017210C30E4F79F
:100B3000F9F832880280227882706288A0F8032057
:100B4000A288A0F80520E288A0F807202289A0F852
:100B50000920E268C272C2F30721120C01734273CA
:100B600022698273C2F30721120CC1730274227DC1
:100B700029464274627D8274A27DC274E27D027550
:100B8000227E4275627E8275BDE87040002242F28C
:100B90009300E5F701BB6FF0680070BD37B5044600
:100BA000002142F2890001AAE5F7F6FA00286DD18A
:100BB0000198C3685A781D7822705A8862801A7921
:100BC00022715A7962719A7902F00102A2719A79BE
:100BD000C2F34002E271DA7902F0010222725A7A1B
:100BE00022739A7A6273DA7AA2735A7A2AB11A7ADB
:100BF00002F00102C2F10202D2B262729A7A2AB102
:100C00001A7A12F0020F14BF01220222A272DA7ABB
:100C10002AB11A7A12F0040F14BF01220222E272E2
:100C20009A8902F00102E273DA8902F00102227469
:100C30001A7CC2F3400262741A7CC2F38002A2746E
:100C4000B3F81120C2F34002E274B3F81120C2F3EA
:100C500080022275B3F81120C2F3C0026275B3F8A6
:100C60001320E282B3F815202283B3F817206283A1
:100C7000B3F81920A283DA7EA2771B7FE3770023E3
:100C8000238484F82230E3F7F3FE284603B030BD16
:100C900010B5431E00F11002073013F8011F12F8BF
:100CA000014D83421C701170F7D110BDF0B50E4696
:100CB00014461D4697B00146202205A81C9FEFF759
:100CC00049F9202231460DA8EFF744F921461022B8
:100CD00001A88DF85450EFF73DF93B46412205A994
:100CE00001A8EFF7F1F9044610B93846FFF7D0FF35
:100CF000204617B0F0BD2DE9F04316461D4697B0CB
:100D00000446DDE91F98102205A8219FEFF722F97C
:100D10001022314609A8EFF71DF9102229460DA827
:100D2000EFF718F903221E9911A8EFF713F94946B6
:100D300011F8013BD9F801008DF847308B88062265
:100D4000129012A8ADF84C30EFF704F9414611F8B3
:100D5000013B06228DF84E30D8F801300DF14F00DE
:100D6000CDF84F308B88ADF85330EFF7F3F82146CC
:100D7000102201A8EFF7EEF83B46412205A901A891
:100D8000EFF7A2F9044610B93846FFF781FF204675
:100D900017B0BDE8F083F8B5069F0469C9B2EFF358
:100DA0001186402585F31288BFF36F8F0C256943A8
:100DB0000C44A56C05F0070CBCF1010F0BD1A76426
:100DC00086F31188BFF36F8FC4E9102343685B5823
:100DD00098470020F8BD05F0C005AF4286F31188A2
:100DE000BFF36F8F0CBF6FF077004FF0FF30F1E76C
:100DF00013B580240094FFF7CEFF02B010BD006948
:100E0000CBB200EB4310002110471046F5F7F8B9BC
:100E100000F0CFBC00F0CEBC8022EFF70BBA40F25E
:100E200072607047084608B51146F8F7C5FB002800
:100E300018BF6FF0040008BD08B5F8F717FC0028CC
:100E400018BF6FF0040008BD2DE9F3411C460023D4
:100E5000904682682360A3600D465369694601AAE3
:100E60009847019B5A1E019223B96FF0150002B0FA
:100E7000BDE8F0810098A26847682168676085B97D
:100E8000A8EB02030668B34228BF334603FB0711F1
:100E90001A442160A26002689A4206D80830009085
:100EA000DFE76B1AB3FBF7F3ECE70020DFE713464D
:100EB0000022FFF7C9BF2DE9F0470024836886B000
:100EC000884691465B6902AA01A99847A246254631
:100ED000029BAB4202D806B0BDE8F0870026019F16
:100EE00007EBC5077B6804933A680AEB0603B24236
:100EF00002D89A460135EBE749460394059303A8C7
:100F0000C0470028E7D0049B01361C44ECE770B5CD
:100F1000037B04460BB100F05FFC0026A06800B91B
:100F200070BDB0F5007F28BF4FF400700546024643
:100F3000D4E90010EFF7ACFB63682B4463602368CF
:100F40000BB12B442360A3685B1BA360002BE5D08F
:100F5000237B0136002BE1D0304600F03EFC002818
:100F6000DCD00120DCE708460021EFF7B5BB0846DE
:100F700011461A4609B1EFF7AFBB6FF01500704785
:100F800043682C330B6001231360704743680020D3
:100F90009B6AC1E900307047F5F732B94FF0FF3274
:100FA0004FF0FF33F5F796B9F0B58FB04468D0F83D
:100FB00010C00020DDE914658DF800100121CDE995
:100FC0000950CDF801008DF80500D007CDE90716CE
:100FD000CDE90B1602F08007CDF818D00D9514D589
:100FE0009CF81C201BBAD107049357BFBDF81130E1
:100FF000CDF80130ADF801309DF813304EBF052318
:101000008DF80330042307930B9306AB0293211D45
:101010000AAB7FB1002D14BF02220122CDE90323C8
:1010200002230593206883681C68002302AAA04756
:101030000FB0F0BD0122CDE9032302230593206800
:1010400083681C6804ABF1E71FB5012301930DF120
:101050000F030093002305211A46FFF7A5FF08B9E7
:101060009DF80F0005B05DF804FB2DE9FF41064631
:1010700015461C4601270DF10F08002305211A46CD
:101080003046CDE90087FFF78FFF40B99DF80F305C
:10109000DB0704D528462146F6F768FEEDE704B0E5
:1010A000BDE8F0812DE9F3471F4643680D1E064653
:1010B00090469B6A4EDBEA199A424BD80069FFF7CB
:1010C0006DFF4FF000090FB93C463CE0B7F5807F5B
:1010D000BA4628BF4FF4807A2A460AEB0503002D52
:1010E00003F1FF334FEA1323B8BF05F1FF02B3EB5F
:1010F000222F08D06B42DBB25FFA85FA58BFC3F1EA
:10110000000ACAF5807A0023802206213046CDE904
:101110000099FFF749FF0446A8B92B468122022116
:101120003046CDE9008AFFF73FFF044658B9012257
:1011300000233046FFF799FFA7EB0A070446D04487
:1011400055440028BFD03069FFF726FF204602B083
:10115000BDE8F0876FF01504F8E7F7B51E46436861
:101160000D1E044617469B6A14DBAA199A4211D831
:101170000069FFF713FF2B46012203212046CDE92A
:101180000076FFF711FF05462069FFF705FF2846A7
:1011900003B0F0BD6FF01505F9E7F7B544680546F3
:1011A00094F840309A0746D5076900F04CFE4FF49A
:1011B0007A76A0FB060C002347F6122206FB01C13B
:1011C000D5F726F8BB69C31A13D4628FA68F9B1A72
:1011D000B3420EDA47F6122740F2E7300021F61A42
:1011E0004FF47A720023E6FB0701D5F711F8F6F702
:1011F000BDFD94F8403013F004031CD18022AB21D4
:101200002846CDE90033FFF7CFFEA8B994F8403067
:101210009B0710D540F2E73147F612250E460146EE
:10122000E48F4FF47A72E5FB046100233046D4F773
:10123000EFFFF6F79BFD002003B0F0BD43680020F0
:101240005B68DB680B607047436802EA01005B681B
:1012500021EA02015860002099607047436800202D
:101260005B6859607047436800205B68996070470D
:1012700043685A68136821EA03000B40506000205D
:1012800093607047F3F7DEB930B543681360057AB1
:10129000446804EBC504A34202D36FF0010030BDE3
:1012A0005C798C4201D00833F0E70020F7E743680F
:1012B0001B68D3F83031704743681B68D3F880044B
:1012C000C3F88004704742681368D3F84C0150B1EA
:1012D0000020926A12780A70C3F84C01D3F84C21AE
:1012E00001229A6270474FF0FF30704713B501AA90
:1012F0000446FFF7C9FF002805DB019B2268197926
:101300001868EFF7ADFE02B010BD38B505460022F3
:101310000121C620E2F74EFEC620E2F729FE6C68E6
:101320000121E068FFF7E2FF6B6819686369C1F8A3
:101330002435E28BA38BA07E1343228C1343628C53
:101340001343627E9BB20243207E02431343C1F8E3
:101350006C3569680B68D3F8002242F48022C3F828
:1013600000220822C3F800254A6A0121C3F83C275D
:101370000022C3F840271965D3F830110029FBD0AB
:10138000C3F800256D680021E8682C68FFF7AEFF00
:101390000823C4F800352A7A52B9AB6AC4F8043776
:1013A0000123C4F80837C4F84C21D4F84C21A362B7
:1013B000002038BD002201214A20E2F7FBBD10B514
:1013C0000B6813B91846136005E003685C681CB12C
:1013D00014600368186810BD083303600B68013B94
:1013E0000B60EDE713B501AA0446FFF74DFF002897
:1013F00005DB019B226819791868EFF731FE02B00E
:1014000010BD10B504460068D0B1037DC3B149B129
:1014100001210830EFF766FF23681869BDE8104026
:1014200000F0A3BB12B98388DB0409D4006900F083
:101430009CFB20680021BDE810400830EFF752BF48
:1014400010BD10B5012200210446FFF7DAFFA369A1
:1014500033B9636004F11000BDE81040F4F7D0BE6A
:1014600010BD10B50069C36A8B420AD1826A9342EB
:101470000AD190F8944054B92830FFF7E2FF204693
:1014800010BD6FF07700FBE76FF01500F8E76FF025
:101490000F00F5E738B505690446A96605F1500067
:1014A000F4F7AEFE002285F8942020691146BDE8CD
:1014B00038402830FFF7A5BFF0B504690646D4F8D8
:1014C00080204568D4F8883085B0A2BB002B54D06A
:1014D0002D8EE06F9D4228BF1D46D4F88470D4F84D
:1014E000843063B1D4F888204AB107F06042B2F189
:1014F000005F04D0082D28BF0825D4F89C70E26F47
:10150000C4F8905022B1D4F88020002A18BF2A468F
:10151000019223B1D4F88830002B18BF2B466946BE
:1015200000900022204603930297F3F711FF014633
:1015300020BB05B0F0BDE16FD4F8847008462D8E55
:10154000BBB1934228BF13469D4228BF1D460029C8
:10155000C5D001F06043B3F1005FC0D0082D28BFB3
:101560000825D4F898002A4602F042F9D4F89800E9
:10157000B5E7954228BF1546E9E71946304605B05C
:10158000BDE8F040FFF786BF0123F0B587B08DF8C6
:101590000230022300278DF804306B4403930E467B
:1015A00001AB0DF103010546029104930597F2F793
:1015B00099FF041E0BDB3146284603AAF2F76EFDA5
:1015C000041E07DA28469DF80310F2F76FFF204645
:1015D00007B0F0BD3C46FAE708B50220EEF75EFF23
:1015E000002008BD08B5F3F70BFA08BD0121F0F79C
:1015F00081BB0021F0F77EBB10B54FF0FF304FF0FC
:10160000FF31F0F799FB044628B9BFF721FB0446E8
:1016100018B1F0F799FB204610BDF0F795FB204676
:10162000E3F7C4FEF7E738B50B8A0D463BB101F18D
:101630000C00FCF7C5FF012818D0022803D06FF07A
:101640001504204638BD4FF0FF304FF0FF31F0F762
:1016500073FB04460028F4D1E868D5F7B9F80446CE
:10166000F0F772FBACB1F0F7F5FCEAE74FF0FF30B2
:101670004FF0FF31F0F760FB04460028E1D1E86845
:10168000F0F79AFD0446F0F75FFB002CD9D1F0F794
:10169000E1FC2846E3F7ECF90024D2E7F0F70ABDB5
:1016A00010B532220021044602F0AFF82023237047
:1016B0008023A3706FF03F0363710423A3720C2394
:1016C00023732823A3730223E3736FF03F03237470
:1016D0006FF01F0323750423A3756FF07D0323763A
:1016E000172363763C23A3766FF00303E376092385
:1016F000237707236377302384F820306FF03F038C
:1017000084F82130792384F822307E2384F8233032
:10171000802384F82630072384F827306FF0650390
:1017200084F82C30102384F82F300C2384F83130C7
:1017300010BD08B50323DDF72FF8002008BD08B55C
:10174000F1F7C4F9002008BD08B5F7F78FFF48B1DD
:10175000002383F31188BFF36F8F0423184602DF41
:101760006FF0040008BD684620F007018D4601B502
:10177000D3F752FFBDE8014085467047684620F028
:1017800007018D4601B5D3F709FCBDE80140854648
:101790007047684620F007018D4601B5D3F7F0FB8E
:1017A000BDE801408546704708B5DCF7CCFB00205A
:1017B00008BD70470020F1F769BA7047D2F782BAC6
:1017C00008B5D4F75DF930B1EFF30580033803288D
:1017D00094BF0020012008BD7047012070470346D8
:1017E0000020184700F0C1B9024610B5116891B148
:1017F000B1FA81F3C3F11F000123834021EA0303FF
:10180000D2E8EF4F8C4204D1C2E8EC3FBCF1000FAC
:10181000F6D1EBD110BD6FF00B00FBE710B50368FC
:10182000CB40DB0710D401238B40026843EA02015E
:10183000D0E8EF4F944204D1C0E8EC1FBCF1000F98
:10184000F6D1F2D1002010BD6FF01500FBE710B506
:1018500004460846F2F708FB04EB4004A08AC0F3F4
:10186000401010BD10B504460846F2F7FDFA04EB2F
:101870004004A08A10F01C0018BF012010BD10B554
:1018800004460846F2F7F0FA04EB4004A08AC0F3DD
:10189000400010BD10B50446FFF7F1FF10B120461F
:1018A000FFF7D5FF00F0010010BD10B50446084653
:1018B000F2F7DAFA04EB4004A08A400B10BD70B5D1
:1018C000044608461646F2F7CFFA083034F81030CE
:1018D0000D46DA0509D5C3F3432304EBC3023146B1
:1018E000284654F8333052689847A3682BB13146E4
:1018F0002846E268BDE87040184770BD2DE9F34105
:101900001746DDE90858019001A80C461E46F2F77B
:10191000EDFA019B391E18BF012100EB8300231E45
:1019200018BF0123002E43EA410314BF0C210021FC
:10193000002D43EA010314BF4FF470610021B8F198
:10194000000F43EA010314BF4FF440310021D0F8E7
:1019500080200B4322EA030304B124780FB13F78BF
:101960007F001C430EB13678B6003C438DB1297818
:1019700009023443B8F1000F03D098F800804FEA11
:101980000848214341EA0801C0F8801002B0BDE8D0
:10199000F0812946EDE71FB50DF10F0301930023F8
:1019A0008DF80F101A4619460093FFF7A7FF05B0F0
:1019B0005DF804FB2DE9F0470025044688461746EC
:1019C0002E464FF00109AA46BE420CD1D4F844314C
:1019D00033B10023C4F84431D4F8443145F4003520
:1019E0002846BDE8F087F0B2F2F7ACFAA0F58073B4
:1019F0009B0809FA03F318EA030F05D022581AB11D
:101A000044F800A022581D430136DDE738B50446EE
:101A10000D46FFF71CFFB0B12046FFF730FF90B92D
:101A20002046FFF742FF012322688340C2F81833A3
:101A3000236800B203EB8003D3F8102522F00302E1
:101A4000C3F8102538BD2846BDE838400021FFF70F
:101A5000A2BFF2F7B9BAC9B2F3F77CBA70B50126E2
:101A6000A2F58074A40806FA04F4054614EA0100FD
:101A700008D0A85830B100213046A950AA581A6899
:101A800022431A6070BD00232DE9F34104460D4640
:101A90000193904601AB4FF48072FFF7DFFF4FF4E4
:101AA000827229462046FFF7D9FF4FF48472074619
:101AB00029462046FFF7D2FF064630B1B8F1000FA5
:101AC0001DD017B13E46D4F80C374FF4A672294604
:101AD000204601ABFFF7C2FF30B1B8F1000F03D0D1
:101AE00016B90FB1D4F80C374FF4B472294620461A
:101AF00001ABFFF7B3FF019802B0BDE8F0814646A5
:101B0000E3E770B54B7F04460D467BB101236426A5
:101B10004360002202212046FFF7B5FF20B90120D3
:101B2000FFF760FE013EF4D100236B77AB7F5B07CC
:101B300044BF0023C4F8003570BD07B5019001A86B
:101B4000F3F73AFA0123019A9340436003B05DF83A
:101B500004FB07B5019001A8F3F72EFA0123019ABF
:101B60009340836003B05DF804FB08B1E3F74AB922
:101B7000704740B1C368587810F001001EBF187854
:101B8000B0FA80F04009704710B400F10C04C0E9CD
:101B90000344002444615DF8044BDEF72DBF8169E6
:101BA000C26842EA010313F003030FD103614369E2
:101BB000013B03FB0122002B01DA00207047016981
:101BC000013B116081690261521AF4E76FF0150060
:101BD000704790F90E308B4201D0F5F7FBBD002025
:101BE000704703460020C3E90033C3E90200704791
:101BF00010B5044630B10268930703D0446809B1B8
:101C000000F0ACF9204610BD0023C0E9003383602A
:101C100000F10C03C0E9033300F11403C0E90533FC
:101C20007047012307B5009300230A461946F4F7CD
:101C3000BFF903B05DF804FB002307B50A46009323
:101C40001946F4F7B5F903B05DF804FB002100680C
:101C5000FFF7CEBF5AB18A4209D300F11003C0E9A1
:101C60000212C0E90000C0E90433002070476FF0A1
:101C700015007047012302688B4022EA03030360CA
:101C800022FA01F000F001007047704710B50321FF
:101C900004460C30FFF7EEFF30B104F11000F6F708
:101CA0006DFCB0FA80F0400910BD20B10022E43094
:101CB0001146F6F7E1B9704770B5C3680446C3F33F
:101CC00040069B0716D4856802210C30FFF7D2FF2F
:101CD00080B1D5F8DC206AB194421DD122689EB94A
:101CE000D5F8E030C5F8DC209C4201D1C5F8E020F1
:101CF00000232360E36813F01F001EBF43F00203BC
:101D0000E36040F0020070BD3260D5F8E0209442FC
:101D100008BFC5F8E060EBE716461268DBE710B5D0
:101D2000F4F71CFE041E08DDEFF31180402383F35B
:101D30001288BFF36F8FF5F755FE204610BDEFF305
:101D40000580003818BF012070476FF057007047BA
:101D500000207047D0E9003213605A600023C0E9C8
:101D60000033704738B504460D46F5F745FB637BF5
:101D700043F002036373E5B1A5602B689D4209D16E
:101D80006B68C4E900531C606C6012E06A689A4298
:101D9000F6D01B68002BF3D094F90E2093F90E10A7
:101DA0008A42F3D09142F1DD5A68C4E900321460EE
:101DB0005C6038BD01211838F5F758BC10B50446F1
:101DC000F5F71EFC04F11800BDE81040F6F7D6BB8D
:101DD00038B5054604680020AC4200D138BD002C5F
:101DE000FCD02046FFF7EAFF2046F5F7D5FB2C682C
:101DF0000120A542F1E708B5C3171F3043F10003E6
:101E0000400940EAC360C117F5F740FF400108BD33
:101E100008B50246F6F7C2FA70B1D0E904319B1A50
:101E200061EBE272B3F1004F72F1000104DA002AB3
:101E3000ACBF1846002008BD6FF00040FBE708B5B6
:101E4000F6F77AFC08BDF6F777BCB3F1FF3F08BFA1
:101E5000B2F1FF3F70B506461D46144614D01A4332
:101E600016D0002B08DBF6F767FC041941EB0501DF
:101E7000C6E90041304670BD6FF001031C1B4FF0F6
:101E8000FF3363EB0501F3E74FF0FF342146EFE743
:101E90000024FBE7B3F1FF3F08BFB2F1FF3FF8B505
:101EA000074616461C4610D054EA020311D0F6F736
:101EB00043FCB0420A46A14103460AD2F31A64EB3E
:101EC0000204C7E900343846F8BD4FF0FF331C4622
:101ED000F7E70023FBE72DE9F041846805460E464D
:101EE000D4B16378012B22D114F8533C9A0711D551
:101EF000A4F160073846FFF761FF082E0CBF6FF0B2
:101F000003030023E36214F8533CDB0602D1384696
:101F1000F5F742FB002323700020EB68A860C3F3B1
:101F20008632164366F39433EB60BDE8F081022BF2
:101F3000F0D12378002BEDD054F8048CB8F1000FC9
:101F4000E8D004F11400F6F719FB0023A4F11407FC
:101F500039464046E362F4F701FDDBE720B1011F9B
:101F600050F8040CF3F722BD704770B5A0FB015484
:101F700024B92846F6F722FD064610B90026304659
:101F800070BD2A46214601F040FCF8E7704700206A
:101F90007047704710B5044608B1F6F7DFFE2046DB
:101FA000BDE81040F6F7CABE0346C068E0B15888E5
:101FB000D0B11B8803F44F42B2F5824F09D1DBB296
:101FC000272B2AD008D8172B0FD0222B34D0122B36
:101FD00016D06FF085007047302B2FD0413B012B7E
:101FE000F7D8FF2839D100207047C028FBD0E1285E
:101FF000F9D0B0F5807F0CBF00206FF086007047ED
:1020000020F02003C02BEED020F08003B3F5807FBA
:10201000E9D040F209239842EDE7E928E3D0EF2820
:10202000E1D040F21B139842DDD040F29913984260
:10203000D9D040F23B23EEE7E928F1E720F0200376
:10204000C02BD0D020F04003B3F5807FCBD0B0F5CB
:10205000C07FC8D0B0F5007FCDE7B0F5E07FCAE71C
:102060003AB1002918BF00232121D21A184401F0E7
:10207000CCBB70472DE9F04F9B46002389B08DF80B
:102080001B30159B9146DDE912A7002B0D460B4630
:102090000CBF4FF400624FF4806207A9DDF8508056
:1020A000F6F7EEFF0446D0B9079E284631880DF1B9
:1020B0001B02F7F791F8044688B99DF81B30BB4224
:1020C0001FD8CDE90338CDE901BACDF800902B46F1
:1020D000D6E909123046F7F7E7FD044608B1C8F81B
:1020E00000703A4621465046D8F80030FFF7B8FF56
:1020F0000798F7F7B5FC002C18BF204609B0BDE8DB
:10210000F08F6FF08904EAE741F2062398421AD86B
:10211000B0F5905F09D241F2010398420CD0B0F5BE
:10212000885F09D06FF0850070476923A0F5905053
:1021300080B2C340DB07F5D511F0070F0CBF0020BC
:102140006FF086007047B0F5105FEBD121F04003CF
:10215000802B06D0B1F5807F0CBF00206FF0860089
:1021600070470020704770B5446A05460E463CB97A
:102170000120F6F7DDFD686228B12046AE6270BD31
:102180006FF08A00FBE76FF08C00F8E7F8B51E46A9
:102190000F4615460388C2B103F4E043B3F5805FF0
:1021A00002D0B3F5005F10D1089BE90019600088E8
:1021B000FFF7AAFF044630B92A463946304601F0F7
:1021C00017FB079B1D602046F8BD6FF08504FAE7FA
:1021D00010B50446406A10B1A16AFFF7DBFE00208B
:1021E000C4E9090010BD38B50546FFF7F1FF2B7FA4
:1021F0000446012B0ED0023B012B0ED82B6A012B7B
:1022000018BF6FF096042C220021284601F0FDFA39
:10221000204638BD2B6A002BF2E76FF09604F2E7F8
:1022200038B5049D1446AA420BD8184601F0E0FACE
:1022300000212A1B204401F0E8FA0020059B1C60C5
:1022400038BD6FF08900FBE77FB50E461D4614468A
:10225000BAB1002301222B6003A9F6F711FF70B970
:10226000CDE9004503983346D0E90912F7F7BAFCE7
:1022700004460398F7F7F4FB002C18BF204604B07F
:1022800070BD6FF08900FAE7F0B50F461E4615469F
:1022900085B00AB3002303A91A463360F6F7F0FEAF
:1022A000044638B9039803885B0406D4F7F7D8FBD3
:1022B0006FF08604204605B0F0BDCDE900563B46E0
:1022C000D0E90912F7F7A2FC04460398F7F7C8FB18
:1022D000002C08BF0446EDE76FF08904EAE710B56B
:1022E0000368044653B100F0CFF900232360A388AC
:1022F00023F4FF7323F00103A38010BD1846FCE70D
:102300002DE9FF41984600230C4601680546174613
:102310000393A9BB4FF4AA72083001F076FAB8F122
:10232000000F20463B4614BF4FF480624FF400621A
:1023300003A9F6F7A5FE044620BB039E3846318864
:102340002A1DF6F749FF0446E0B96B79314668F378
:1023500000036B7100972846D6E90923B8F1000FF6
:102360000BD0F7F7CBFC044660B90398F7F778FB7E
:102370000446204604B0BDE8F081F7F7E3FCF2E73D
:102380006FF088042846FFF7AAFF0398F7F768FB69
:10239000EFE70123FFF7B4BF38B50468054664B121
:1023A00012B90024204638BD00F057F90446002831
:1023B000F7D02846FFF793FFF4E76FF08804F1E7C2
:1023C0002DE9F0411746026805460E46984682B14F
:1023D0004279D2070DD502795AB1BA4216D800F027
:1023E00045F9044638B9A6B92846BDE8F041FFF7DB
:1023F00076BF6FF088040023C8F800702B7146B9CF
:102400002846FFF76CFF2046BDE8F0816FF0890495
:10241000F1E721463A463046D8F80030FFF720FE73
:102420002846FFF75CFF002C08BF0446EBE71FB50A
:1024300001240394089C0294079C0194069C009438
:10244000FFF718FE04B010BD2DE9F04705469A4687
:10245000002388B0079325F0004323F47F03B3F1F2
:10246000106F0846DDE910961746DDF848801CD14C
:102470002B464FF4804207A9F6F702FE0446B0B996
:10248000CDE90368CDE901A9079800972B46D0E96B
:102490000912F7F77BFC044648B90798F7F7E0FA0A
:1024A0000446204608B0BDE8F0876FF08604314648
:1024B0004846F7F781F80798C8F80060F7F7D0FAB0
:1024C000EFE703461B88084603F4E043B3F5805F5B
:1024D000114602D0B3F5005F01D1F7F76DB86FF088
:1024E000850070477FB5002203880A60CDE901228C
:1024F000428806460D46002A69D0028802F4E0426E
:10250000B2F5804F63D023F0FF03B3F5E24F02D062
:10251000B3F5824F04D13046FFF746FD0446D8B9E3
:10252000304602AA01A9F6F7C7FE0446002843D1A7
:10253000019B9B6A9BB10199304601F12803D1E9C7
:102540000912F7F7DFFA0446002839D12946019825
:10255000F6F718FE044678BB204604B070BD7368D9
:102560001B0A22D13088718800F4E043B3F5805F04
:1025700015D0B3F5005F12D020F0FF03B3F5E24FA2
:1025800022D1C0B242280ED10831C9080391039963
:102590000198FFF7E8FD04460028CCD00CE0FFF7D7
:1025A000B3FD044640B90731EFE7304603A9F7F71A
:1025B0008FFA04460028EAD00198F6F7DFFECBE751
:1025C0000198FFF705FEF7E76FF08504F4E76FF079
:1025D0008604C1E71C22002101F017B9037F022BFA
:1025E00006D1036A5A1C03D00133036200207047EE
:1025F0006FF09600704703466FF040420846591E40
:10260000914207D338B103F1404393428CBF00207D
:102610000120704701207047034668B1017F8A1E80
:10262000012A0BD80329026A03D1012A01D1FFF73D
:10263000DABD1AB1013A1A62002070476FF09600B5
:10264000704700207047C0B2FF280CBF6FF08600B3
:1026500000207047F7F71CBC70470368052B02D1B8
:102660000830F7F7F3BE6FF08600704710B40468C7
:10267000052C04D15DF8044B0830F7F701BF6FF06B
:1026800086005DF8044B70470368052B02D10830C3
:1026900000F017B9002070470020F7F7C1BD0020F7
:1026A000F7F7F8BD002000F006B9DCF7BDBD0A2839
:1026B00040DCC31C22DA10F1400F47D010F13F0F6D
:1026C0002BDA10F1410F44D010F1550F44D010F126
:1026D000490F08BF6FF0840018BF6FF08600704785
:1026E00009282AD8DFE800F0052929081629382901
:1026F000292F6FF09800704700207047C31C0D2BE6
:102700001BD8DFE803F0072F1A1C1A1A1A1A1A1A14
:102710001D1A1A1D6FF08500704710F1210F1ED091
:102720000BDB10F1200F1DD010F1100F08BF6FF060
:102730009400D1E764380928D2D96FF08600704739
:102740006FF0940070476FF08C0070476FF084005A
:1027500070476FF0890070476FF0930070476FF01B
:10276000880070476FF09200704710B501380A4436
:10277000914200D110BD10F8013F11F8014B6340A8
:102780000370F5E70144814200D1704711F8013D23
:102790001A440A70120AF6E730B5002503F5807373
:1027A000013A002A0DDAFF2BDAB28CBF0021012199
:1027B00052EA050003D0FF2B94BF00200120401AED
:1027C00030BD845C1C448B5C013AE41A230AE4B2F9
:1027D000FF332543E5E7002313B58DF807308B421F
:1027E00006D19DF80700B0FA80F0400902B010BD94
:1027F000C45C9DF80720013322438DF80720EEE7E3
:102800008B4230B50CD8002421469C4203D1081ECF
:1028100018BF012030BD155D055529430134F4E78B
:102820000020F7E710B58B4294BFC4184418A042AB
:1028300000D110BD00F8012BF9E700231A4682B041
:1028400001908B4201D102B070470198C25401330C
:10285000F7E707B501A9F7F743FC003818BF0120D7
:1028600003B05DF804FBF7B506460D46202D2F4654
:10287000A8BF202700216846F8F770FC044670B90D
:102880003A4631466846F8F7BBFC10F1520F044651
:1028900008D0431CF4D0684600F0EFFB34B120466A
:1028A00003B0F0BD684600F0E8FBE3E7EC1B3E44F4
:1028B000F5D02546DAE700207047F7F76DBDF7F74A
:1028C0006BBD08B54FF4AA71FFF7B7FF002008BD34
:1028D000F0B504461F460D461646D9B04FF4AA720D
:1028E000002103A800F091FF214633462A460097B5
:1028F00003A8F7F751FD044670B9DDE95E1203A89D
:10290000F7F7A4FD044638B9DDE96123609903A80F
:10291000F7F7B6FD044610B103A8FFF7D2FF204633
:1029200059B0F0BD2DE9F041044680680F46904251
:10293000154609D3201A1C3000F05AFFA3685B1B10
:10294000A3600020BDE8F081237F43B904F120009B
:1029500000F0D4FA18B1BDE8F041FFF7A8BEA268B4
:1029600032F0100309D0A01A39461C3000F040FFA5
:10297000A3681F44ED1A0023A360A3686E1E26F00F
:102980000F068BBB102204F10C0104F1200000F0B3
:1029900023FA0028DFD110222077A26046B1324608
:1029A000394604F1200000F017FA0028D3D120772F
:1029B00004F12008404600F0F6FA0028CBD140464A
:1029C00000F04EFB0028C6D1102104F10C00FFF7E7
:1029D00034FFAA1BB5D0B91904F10C0000F008FFB0
:1029E000A3685B1B3344ABE7002ED8D1237F002BB9
:1029F000DED02A46EFE738B543680446102B21D8CD
:102A0000037F00F120053BB9284600F077FA18B1A2
:102A1000BDE83840FFF74BBEA2680C34102A07D03F
:102A200021462846C2F1100200F0D6F90028EFD165
:102A30002146284600F001FA0028E9D1284600F096
:102A40000FFBE5E76FF0860038BDF7F759BFCA0402
:102A500048BF41F480618B0448BF41F4006181604C
:102A60007047C0F30253013B10B5052B21D8DFE8B6
:102A700003F0030B0B0B1B13012300F03000202885
:102A8000136013D0002010BD0B8844F212118B424A
:102A90000CBF04230223F0E70B8844F212118B428F
:102AA00014BF03230623E8E70323E6E7023313609A
:102AB000E8E76FF09800E6E713B50C46F7F710FB70
:102AC000C31C0FD0013009D004224FF0FF33214640
:102AD0000DEB0200019301F035F830B96FF08B0077
:102AE00002B010BD6FF08400FAE70020F8E730B5BF
:102AF00089B0054618220C4601A8002100F085FE89
:102B0000012344EA052401A9BA2007940593F7F7A5
:102B10008FFA002818BF6FF0920009B030BDF7B5EA
:102B2000BA2001A9F7F7DCFA044610B1002003B07F
:102B3000F0BD019D2F0AEDB2AC4205D1BA20F7F7E6
:102B4000B5FA0028F2D008E0E6193046F7F7AEFAF9
:102B500030B13046FFF77DFE10B96FF09200E6E726
:102B60000134E9E738B503780446033303F003037F
:102B7000012B0FD86FF0210038BD60782844F7F79B
:102B800087FA48B901352378C3F382039D42F4D311
:102B90000020F1E70025F6E70220EDE708B5F82070
:102BA000FFF757FE18B9F920FFF753FE10B16FF089
:102BB000920008BDF820F7F76BFA0028F7D1F9204A
:102BC000F7F766FA0028F4D0F1E74368A3F11001A3
:102BD000914241D8012243F80C2C53F8042C42F0C6
:102BE000200243F8042C53F8082C42F0005243F81A
:102BF000082C836800F11402A3F1100191422FD830
:102C0000012243F80C2C53F8042C42F0200243F824
:102C1000042C53F8082C42F0005243F8082CC368E7
:102C200003F15402BFF35F8F4FF0A3431A60BFF369
:102C30005F8FC2680432BFF35F8F1A61BFF35F8F8B
:102C4000BFF35F8F03225A63BFF35F8FBFF35F8FC2
:102C50009A63BFF35F8F7047103242F80C2CB7E7CE
:102C6000103242F80C2CC9E738B5BFF35F8F4FF034
:102C7000A344E569BFF35F8FBFF35F8F10236363E6
:102C8000BFF35F8F012000F088FDBFF35F8F00234B
:102C90006363BFF35F8FBFF35F8FE36BBFF35F8F40
:102CA0005B06F8D425B1BFF35F8FE561BFF35F8F9B
:102CB00038BD08B5F8F7A4FB30B9BFF35F8F4FF00C
:102CC000A343986ABFF35F8FBFF35F8F4FF0A342B8
:102CD000D36BBFF35F8F10F0240F03F0230304D0F6
:102CE000FFF7C2FF6FF01F0008BD4FF0FF30002B51
:102CF000FAD1BFF35F8F1063BFF35F8F1846F3E71E
:102D000010B59EB0024646F611031AA901A8F8F7BD
:102D1000E5F90023039A10211360039A01A8936038
:102D2000039B1AAA10330393FFF74FFFFFF7C1FF6E
:102D3000431C0446FAD001A87421FFF77EFD20460B
:102D40001EB010BD38B502690546146914B150694A
:102D5000A047044605F11400F8F7E6FA204638BD0E
:102D600008B5826803465AB902681169426A11427D
:102D700006D0FFF7E7FF002808BF6FF0530008BD3B
:102D800003F11400702103F17802FFF71EFF002009
:102D9000F5E773B5064601A8F8F722FC044678B9B2
:102DA00006F11400F8F796FA0198FFF7A9FF044618
:102DB00048B93269D3681BB150699847054618B9BC
:102DC000204602B070BD05463046FFF7BBFF002825
:102DD00014BF04462C46F3E710B5047D03464CB3FC
:102DE000B2F1807F06D3FFF7ADFF002808BF6FF078
:102DF0003F0010BD4468062C06D9FFF7A3FF00284A
:102E000008BF6FF04400F4E70AB90020F1E78069D9
:102E1000016099698A60186899698069C068C860AA
:102E20009969103199615968013159609968114463
:102E30009960EAE76FF02000DBE710B4037D002B18
:102E400057D08368C3B9836900F124021A6003680C
:102E500082691B68013343F0005393600468826900
:102E60002368A4690133E4681B0203F4F853234385
:102E7000D360836910338361036882681C68131907
:102E800023EA040384699B1A54F8042C42EA0322BF
:102E900044F8042C826952F8084C234443F0005350
:102EA00042F8083C03681A68C368134423EA020323
:102EB000C2691160C269C1689160C26902F1100102
:102EC000C161C1688B420AD000211161C168C26929
:102ED0005B1A43F080439360C3691033C361036896
:102EE000DA68436A23EA020343625DF8044BFFF7A2
:102EF00037BF6FF020005DF8044B704738B5037D95
:102F00000446002B49D103685B69002B48D0FFF7CA
:102F100040FF054600283ED1214651F8783B626AC1
:102F20009B6904F114001B68F8F7D8F8012363606B
:102F300023699A689AB9A2691B6813602369A26918
:102F40005B6843F0005393602268A36992699268BA
:102F5000DA60A3691033A361636801336360236A95
:102F6000A269C43313602368A2695B6943F000530C
:102F700093602268A36992695268DA60A369226843
:102F80001033A3616368013363601269636A13439A
:102F900063620023A360284638BD6FF02005FAE77E
:102FA0006FF04705F7E738B5027D0346002A40D0A9
:102FB0000268816894688C4206D9FFF7C3FE002836
:102FC00008BF6FF0530038BD5468B1FBF4F504FB43
:102FD000151434B1FFF7B6FE002808BF6FF04500A6
:102FE000F1E7416AD06801435962D3E90701C4316E
:102FF000526901601868D96940690F328860D969DF
:1030000022F00F0201F11000D86118684069904267
:103010000AD00C611868D9694069121A42F08042DE
:103020008A60DA691032DA611846BDE83840FFF785
:1030300097BE6FF02000C6E738B5037D054663B143
:10304000FFF737FE431C044605D02846FFF77AFEFB
:10305000002818BF0446204638BD6FF02004FAE768
:1030600010B5037D04462BB12046FFF7E5FF431C56
:10307000FAD010BD6FF02000FBE710B503780446CE
:103080001BB1F6F7CFFE00232370002010BD0368AC
:10309000D868C0F300407047036803F580535B6A4B
:1030A00013F4A02F14BF01200020704702220368F0
:1030B0009A6070470368D868F8F746BA024608B5C0
:1030C0001046FFF7E4FF0028FAD1BDE8084010469B
:1030D000FFF7F0BF03685A5070470369996670475D
:1030E0000369986E7047C0F30B03482B4B6028BFF1
:1030F000482310F4003F8B6008BF0023CB6010F41E
:10310000803308BFC1E9013300F47003B3F5700FD9
:1031100014BF00238B6800284FF0010C4FF0080209
:103120008B60B8BF0023C1E905C2B8BFC1E9053350
:1031300070472DE9F04F4FF0000B91461E46448832
:1031400005888BB005F44F4300940734B3F5824FE4
:1031500082460F464FF01C0259464FEAD40803A896
:1031600018BF5D46CDF808B000F04FFBC845C6F863
:1031700000B041D8B4F5847F41D26A4649465046F2
:10318000F8F712FB044640BBEDB22846009901AAAD
:10319000F8F74CFA044600BBA5F14103012B20D8F7
:1031A000424602A9F7F776F820BB414602A8FFF78E
:1031B00012FB38BB412D05D1B8F1200F02D102A876
:1031C00000F051FA4246384602A900F011FB2021D6
:1031D00002A8FFF732FBC6F8008020460BB0BDE81E
:1031E000F08F4A463946019800F048FA0028EED0A0
:1031F000FFF75DFA0446F0E76FF08904EDE76FF042
:103200008504EAE76FF09304E7E72DE9F341DDF881
:1032100020801E46438842450F461546019315D827
:10322000294601AAF8F7C0FA044658B92B463A468F
:1032300041463046FFF7E4FA58B10A9B019A1A60FA
:10324000099B1D60204602B0BDE8F0816FF0890443
:10325000F8E76FF08604F5E72DE9F0411F46058891
:10326000438894B0029305F44F43B3F5824F06466A
:1032700014461346D0F80C800A4603A84FF04101CB
:1032800018BF0025FFF7BCFA18B31A9B9C4223D83D
:103290003046214602AAF8F787FA0646A8B9E9B2ED
:1032A0001229029D01D0302906D12A4640460094B9
:1032B00003ABF8F743FA90B92246384603A900F069
:1032C00097FA1C9B1D601B9B1C60304614B0BDE828
:1032D000F0816FF08606F8E76FF08906F5E706469D
:1032E000F3E78B4238B505460C46104607D30A462D
:1032F000294600F07DFA0020049B1C6038BD6FF069
:103300008900FBE7F8B50668054696420C46A2EB35
:10331000060701DDE1F7B2F93946204600F03FF833
:1033200032466968E019BDE8F84000F056B8FFF78A
:10333000E9BFF8B507461646D2E900208A420C4696
:103340000BDB551A294600F02AF8224639467068E8
:103350002844BDE8F84000F04BBA891A3944F8E730
:1033600070B514460E461D4621461A46FFF7E1FF8A
:103370002146304605F10802BDE87040FFF7D9BF8D
:1033800070B5054616461C461A46FFF7BBFF224697
:10339000314605F10800BDE87040FFF7B3BF38B50E
:1033A00003460C46A9B1580706D00022013C03F899
:1033B000012B01D05907F9D124F00F052A4600212D
:1033C000184600F022FA03460021421923449A428B
:1033D00000D138BD02F8011BF9E78B18991A12B118
:1033E00010F00F0F01D100F003BA0978013AC9B209
:1033F00000F8011BF2E770B506460D461446FFF7CC
:103400006FFE013D026844EA052430462243042150
:10341000BDE87040FFF75EBE73B50546D0E90146D2
:10342000CDE90023FFF75CFE03689DF8002013F050
:10343000805FE8689DF8073004EB061416D002F0B0
:103440003F0242F0200243F00103A0F10801201ADC
:103450008DF800208DF80730FFF7A1FF083C082207
:1034600069462046FFF7B9FF02B070BDA41B03F008
:103470003F0342F0010243F02003A0F1080104F1F0
:1034800008008DF800208DF80730FFF788FFE6E789
:1034900010B50446FFF724FEC2684AB142F4202268
:1034A0002046BDE81040002142F40062FFF712BE42
:1034B00010BDC06870472DE9F8430A680C4612F445
:1034C000700F15D1D0E90159D1F80880FFF708FE37
:1034D00003682046DB0048BF63684FF0000744BF25
:1034E000A9EB0303ED1800F0B0F80646B74201DB84
:1034F000BDE8F883414628466268FFF76EFF6368BF
:103500004D4498440137F1E770B50C461E4610460D
:10351000D1E9012505EB42052946FFF75EFF626808
:103520003046A918BDE87040FFF757BF38B50446CC
:10353000FFF7D6FDD4E9013501684268C90042BFF2
:10354000E168691A5B18002112B904F1140038BD52
:10355000D00707D50B2901D9E1F790F804EB8100DA
:10356000436101312B445210EEE72DE9F04F044640
:1035700085B00E4691460193FFF7B2FDD4E9018B69
:10358000D4F848A005468768BAF1000F07D0204656
:10359000F7F7C0FF1025284605B0BDE8F08FF7F714
:1035A00059FF326811064CBFC26842687168914287
:1035B00004DD2046F7F7AEFF0D25ECE7E160326849
:1035C000204649EA02092A6949EA0202FFF713FF85
:1035D0002A68D20003D5E268ABEB020290443FB9FF
:1035E00031462046FFF767FF2B696BB90025D2E70C
:1035F000FB0748BF019B4FEA670744BF43F82A8097
:103600000AF1010AD844EAE702A800F043F80546A7
:1036100018B12046F7F77EFFBDE72046DDE902231B
:10362000FFF7FAFE08210DEB0100FFF706F9DDE7D1
:1036300010B50446FFF72CFFBFF35F8F032220462F
:10364000BDE810400821FFF745BD0368024613F4AA
:10365000700F06D1806828B1D368506893FBF0F0F2
:10366000704700207047037823F007030370C37F7F
:1036700003F07F0343F04003C37770470B46D0E964
:1036800001108A42084402D31A4600F019B86FF0BC
:103690004000704710B50446F7F7DCFE436963B19C
:1036A0002046F7F79DFF50B9D4E900321343F7D015
:1036B000201DBDE81040F7F793BF6FF0020010BD6A
:1036C0002DE9F0470446104639B12246002316463C
:1036D00012F8015B35B98B4202D16FF0530435E02B
:1036E0000133F4E78B42F8D04A1E9A4201D1022DF1
:1036F000F3D9A25CD2072FD5FF2415EA040228D102
:10370000E443A1EB0308C718FFF78CF8E5B208EB18
:10371000070A424639460020F6F7BCFD0446E8B9E0
:103720003B7881462B403B703B4613F8012B5345B9
:1037300049EA0209F9D10023424631463846FFF7EB
:103740002BF8B9F1000FE4D00028E2DA2046BDE8FA
:10375000F0876400E4B2D0E76624F7E70224F5E7D7
:10376000F2F762BB4FF0FF324FF0FF33F2F7A6BA29
:10377000FEF737BAF8F79CBA07B54FF0FF334FF0B2
:10378000FF32CDE90023002200F02FF803B05DF8EE
:1037900004FB00F026B800F020B8FEF72CBB10B5F3
:1037A0004B68D0E91A4212F0010F03EA040301D07A
:1037B0009C4210D17BB18366520744BF8A681A438A
:1037C0000B6848BF8A6043660123086080F8703048
:1037D0001830F4F7D3FE002010BD4FF0FF32F8F799
:1037E00095B90A460021F8F791B95200F8F7DAB90D
:1037F0000A44431E914200D1704710B511F8014BA5
:10380000914203F8014FF9D110BD0244034693429F
:1038100000D1704703F8011BF9E7022B10B509D05E
:1038200092080368013A0C6840F8044B41F8043BE5
:10383000F7D110BD029B022B09D092080368013A10
:103840000C6840F8044B41F8043BF7D1F1E702441F
:103850000C78037800F8014B824201F8013BF7D164
:10386000E7E7F8B50F46164604461D469847002878
:10387000314638460CDAA847002802DA3C46204692
:10388000F8BD31462046A8470028F8DA3446F6E766
:10389000A8470028F2DC31462046A8470028F5DA80
:1038A000EDE72DE9F04F144697B0820706460293E4
:1038B00019D1A30717D1271F18BF0127002303938E
:1038C00004FB01F8062906EB040B06EB080304933E
:1038D0002AD8049B5B4510D8039B002B40F0228123
:1038E00017B0BDE8F08F0227E8E73B462246414685
:1038F00028460097FFF791FF11E05D4610E0A5EB29
:1039000004082946029B4046984700280ADD002FFC
:10391000EBD12B68D8F800202A60C8F80030454663
:10392000AE42ECD3A344D4E74FEA5109A8EB040814
:10393000072904FB0969B04422D0282941D9CD08C0
:10394000029B3046654306EB45027119FFF789FF7C
:10395000494609EB0502029B8246481BFFF781FF9F
:1039600042468146029BA8EB0501A8EB4500FFF704
:1039700078FF02464946029B5046FFF772FF814698
:1039800017BB3368D9F800203260C9F80030D94637
:10399000C2465D460023C1455BD805933146029B74
:1039A000484698470028059B2DDC08D1A7B92B680D
:1039B000D9F800202A60C9F8003025440123A14429
:1039C000E9E74246B246D5E73B46224649463046FD
:1039D0000097FFF722FFDAE73B4622464946284692
:1039E0000097FFF71AFFE8E70BD117BBD8F80030B4
:1039F000DAF80020C8F80020CAF80030AAEB040A60
:103A00000123A8EB0408C14523D805933146029B46
:103A1000404698470028059BE6DA97B9D9F8003068
:103A2000D8F80020C9F80020C8F80030A8EB040836
:103A3000C4E73B462246514640460097FFF7EDFE5D
:103A4000DCE73B462246414648460097FFF7E5FE45
:103A5000ECE713BB049B5B457FF63EAF5D4618E089
:103A60003B462246414628460097FFF7D6FE0FE028
:103A7000A5EB04082946029B4046984700280ADD2A
:103A8000002FEDD12B68D8F800202A60C8F800304C
:103A90004546AE42ECD3A344DCE7A9EB050BAA1BD9
:103AA0005A45A8BF5A4632B13B46A9EB02013046FF
:103AB0000097FFF7B2FE049BAAEB0805A3EB0A02EE
:103AC000121BAA4228BF2A4632B104993B464846F7
:103AD0000097891AFFF7A1FE049B5D45D846A3EB2A
:103AE000050004D93346A84606465D461846A54259
:103AF00021D9039B072BB5FBF4F10DD816AA02EBD5
:103B0000C303B8FBF4F243F8406C43F83C2C039B2E
:103B1000013303930646D3E6029B2246FFF7C1FE1C
:103B2000A0450BD8039B16AA013B039302EBC303EA
:103B300053E91001EEE7A0457FF6CEAE3046B8FB64
:103B4000F4F1E7E70139024410B5904201D10020B9
:103B500005E0037811F8014FA34201D0181B10BDF6
:103B60000130F2E710B56AB10139841810F8012B61
:103B700011F8013F9A4203D1A04201D0002AF5D1A9
:103B8000D01A10BD1046FCE710B50139044632B119
:103B900011F8013F013A00F8013B002BF7D1002159
:103BA000FFF733FE204610BD0246014410B58A429D
:103BB000134603D01C780132002CF8D1181A10BD1E
:103BC0002DE9F047C3F137090746884603F01F0582
:103BD0005FFA89F916464FF0000A384641462A46F0
:103BE0005346D2F715FB4346D4B23A4688460746B9
:103BF000092C84BF4C44E4B2AA4204F1300473EBB4
:103C00000A0306F8014BE8D23046BDE8F0872DE9FB
:103C1000F04F061889B09946154641EB010404ABF4
:103C20003046DDF84CB021460093A9F1410AD2E9B3
:103C3000002300F0A9F806AB074688463046214627
:103C40000093D5E9022300F09FF80022DDE9046328
:103C5000841951EB0306069B28BF0122D5E9000118
:103C6000D218079B43F10003381848EB0101B84212
:103C700071EB0801E968039138BF0120A96828BFEA
:103C80000020CDF800A014EB010C039946EB0101D4
:103C900010EB0C0041F10001A04271EB060C34BFA7
:103CA0004FF0010C4FF0000CCDE906231CEB020293
:103CB00043F1000300F083F8129BC3E90001149B59
:103CC000012BDDE9062329D1D5E90201D5E900C59B
:103CD000201ACDF800A066EB0101674578EB0505D9
:103CE00034BF01250025401B61F10001844276EBC1
:103CF000010534BF01250025521B63F1000300F0CC
:103D00005EF8DDE90623CBE9000120463146CDF817
:103D100000A000F054F809B0BDE8F08F17EB070ED3
:103D200048EB080C201946EB0601BE457CEB080861
:103D300034BF01270027C71941F10008D5E9000168
:103D400086457CEB010C34BF01200020D5E902152B
:103D5000381A68F1000C401A6CEB050192185B41AF
:103D6000A74278EB060534BF01250025521943F11F
:103D70000003874278EB010834BF01250025521B60
:103D8000A9F140050095B8E7F0B50F460446A0FB41
:103D90000201059EA7FB02524919A3FB0445A7FB9C
:103DA000037342F10002611845F10004D21943F196
:103DB0000003121943F10003C6E90023F0BDF0B57A
:103DC000059CC4F14007C4F12006A4F12005E040A1
:103DD00002FA06F6BB4022FA05F5BA403343C4F1B5
:103DE00020062B4301FA06F6A4F12005304321FA00
:103DF00005F5E140284319431043F0BD2DE9F04398
:103E000057EC106B3B463446FE0F40F2FF77C3F38E
:103E10000A55C3F31303067154EA030C07D0BD42DD
:103E20000CD146F0080606710020BDE8F083002D95
:103E300064D0BD425FD146F00406F4E7002D5AD1AC
:103E40000125A5F2FF35002905605ADB0C295ADC53
:103E5000C1F10D050126AD0005F1FF3EA5F1210CD4
:103E6000C5F1210706FA0CFC26FA07F706FA0EF64A
:103E70004CEA070CB7194CEB0C09D7F1000869EBB9
:103E8000490E013F49F1FF39274009EA0309BE42C3
:103E90007CEB090910DBC5F12009B5F1200724FAF4
:103EA00005F503FA09F958BF43FA07F745EA09058A
:103EB00058BF3D43ED0703D5A619344643EB0C0329
:103EC00004EA080403EA0E0300F112050D26084671
:103ED000C2F127024FF0300E04F00F01240906F161
:103EE000FF3C6F1E44EA03741B11B1B9B0420CDAF7
:103EF00066463D46F0E743F48013A2E72C462B4686
:103F0000A1E70021E0E70D21DEE785F800E01CF1E4
:103F1000010166463D46DFD187E70929C8BF8918F8
:103F2000B04201F13001B8BF30462970EFE7D1E966
:103F3000043293421EBF5A1C0A6118707047000079
:0C3F400001480068704700006C6300201E
:083F4C00B2A9FD7F0100000095
:103F54005D4D02000000000069190300000000002C
:103F6400000000002C4004006D5903000000000014
:103F7400315A030000000000000000006440040007
:103F840000000000484004000000000080400400DD
:103F9400192B030000000000A91704000000000012
:103FA400000000009C40040000000000B840040031
:103FB400C505030000000000D9150400000000003E
:103FC400D54602000000000000000000D4400400B8
:103FD400B1F101000000000075640300000000005E
:103FE400000000000C41040000000000F040040048
:103FF4005D1E0200000000002152020000000000CB
:104004003F170400000000004917040000000000EE
:10401400000000002841040049580200000000008C
:08402400411E02000000000033
:10402C0008EB0400BC5B0400204A04005C07002081
:10403C0018660020D10203000000000091ED04007E
:10404C00485C0400F449040064070020AC660020BE
:10405C00CD0F0300000000009DED04005C5C04002B
:10406C00F449040066070020B8660020CD0F030059
:10407C0000000000A8ED0400705C0400F44904008A
:10408C0068070020C4660020CD0F0300000000006C
:10409C002FEB040000000000BC4904005E07002068
:1040AC0000000000390E040000000000BCED04000C
:1040BC009C5C04003C4A04006A070020D066002087
:1040CC000B130400000000009AF204000000000032
:1040DC00A85D04006E070020DC660020391F030079
:1040EC000000000037EB040000000000C44904008D
:1040FC0060070020000000003D06030000000000E7
:10410C00CDEF0400045D0400184A04006C07002085
:10411C002C0600203913030000000000D9EC040029
:10412C00E45B0400DC490400620700208C6600207C
:08413C005D0803000000000013
:1041440000000000E7E4030000000000E7E40300CF
:1041540000000000E7E4030000000000E7E40300BF
:1041640000000000E7E4030000000000E7E40300AF
:1041740000000000E7E4030000000000E7E403009F
:1041840000000000E7E4030000000000E7E403008F
:1041940000000000E7E4030000000000E7E403007F
:1041A40000000000E7E4030000000000E7E403006F
:1041B40000000000E7E4030000000000E7E403005F
:1041C40000000000E7E4030000000000E7E403004F
:1041D40000000000E7E4030000000000E7E403003F
:1041E40000000000E7E4030000000000E7E403002F
:1041F40000000000E7E4030000000000E7E403001F
:1042040000000000E7E4030000000000E7E403000E
:1042140000000000E7E4030000000000E7E40300FE
:1042240000000000F12B030000000000E7E403009D
:1042340000000000E7E4030000000000E7E40300DE
:1042440000000000E7E4030000000000E7E40300CE
:1042540000000000E7E4030000000000E7E40300BE
:1042640000000000E7E4030000000000E7E40300AE
:1042740000000000E7E4030000000000E7E403009E
:1042840000000000E7E4030000000000E7E403008E
:1042940000000000E7E4030000000000E7E403007E
:1042A40000000000E7E4030000000000E7E403006E
:1042B40000000000E7E4030000000000E7E403005E
:1042C40000000000E7E4030000000000E7E403004E
:1042D40000000000E7E4030000000000E7E403003E
:1042E40000000000E7E4030000000000E7E403002E
:1042F40000000000E7E4030000000000E7E403001E
:1043040000000000E7E4030000000000E7E403000D
:1043140000000000E7E4030000000000E7E40300FD
:1043240000000000E7E4030000000000E7E40300ED
:1043340000000000E7E4030000000000E7E40300DD
:1043440000000000E7E4030000000000E7E40300CD
:1043540000000000E7E4030000000000E7E40300BD
:1043640000000000E7E4030000000000E7E40300AD
:1043740000000000E7E4030000000000E7E403009D
:104384000000000059B3030000000000E7E403004C
:104394002C0600203555030000000000E7E403006C
:1043A40000000000E7E4030000000000E7E403006D
:1043B40000000000E7E4030000000000E7E403005D
:1043C40000000000E7E4030000000000E7E403004D
:1043D40000000000E7E4030000000000E7E403003D
:1043E40000000000E7E4030000000000E7E403002D
:1043F40000000000E7E4030000000000E7E403001D
:1044040000000000E7E4030000000000E7E403000C
:1044140000000000E7E4030000000000E7E40300FC
:1044240000000000E7E4030000000000E7E40300EC
:1044340000000000E7E4030000000000E7E40300DC
:1044440000000000E7E4030000000000E7E40300CC
:1044540000000000E7E4030000000000E7E40300BC
:1044640000000000E7E4030000000000E7E40300AC
:1044740000000000E7E4030000000000E7E403009C
:1044840000000000E7E4030000000000E7E403008C
:1044940000000000E7E4030000000000E7E403007C
:1044A40000000000E7E4030000000000E7E403006C
:1044B40000000000E7E4030000000000E7E403005C
:1044C40000000000E7E4030000000000E7E403004C
:1044D40000000000E7E4030000000000E7E403003C
:1044E40000000000E7E4030000000000E7E403002C
:1044F40000000000E7E4030000000000E7E403001C
:1045040000000000E7E4030000000000E7E403000B
:1045140000000000E7E4030000000000E7E40300FB
:1045240000000000E7E4030000000000E7E40300EB
:1045340000000000E7E4030000000000E7E40300DB
:1045440000000000E7E4030000000000E7E40300CB
:1045540000000000E7E4030000000000E7E40300BB
:1045640000000000E7E4030000000000E7E40300AB
:1045740000000000E7E4030000000000E7E403009B
:1045840000000000E7E4030000000000E7E403008B
:1045940000000000E7E4030000000000E7E403007B
:1045A40000000000E7E4030000000000E7E403006B
:1045B40000000000E7E4030000000000E7E403005B
:1045C40000000000E7E4030000000000E7E403004B
:1045D40000000000E7E4030000000000E7E403003B
:1045E40000000000E7E4030000000000E7E403002B
:1045F40000000000E7E4030000000000E7E403001B
:1046040000000000E7E4030000000000E7E403000A
:1046140000000000E7E4030000000000E7E40300FA
:1046240000000000E7E4030000000000E7E40300EA
:1046340000000000E7E4030000000000E7E40300DA
:1046440000000000E7E4030000000000E7E40300CA
:1046540000000000E7E4030000000000E7E40300BA
:1046640000000000E7E4030000000000E7E40300AA
:1046740000000000E7E4030000000000E7E403009A
:1046840000000000E7E4030000000000E7E403008A
:1046940000000000E7E4030000000000E7E403007A
:1046A40000000000E7E4030000000000E7E403006A
:1046B40000000000E7E4030000000000E7E403005A
:1046C40000000000E7E4030000000000E7E403004A
:1046D40000000000E7E4030000000000E7E403003A
:1046E40000000000E7E4030000000000E7E403002A
:1046F40000000000E7E4030000000000E7E403001A
:1047040000000000E7E4030000000000E7E4030009
:1047140000000000E7E4030000000000E7E40300F9
:1047240000000000E7E4030000000000E7E40300E9
:1047340000000000E7E4030000000000E7E40300D9
:1047440000000000E7E4030000000000E7E40300C9
:1047540000000000E7E4030000000000E7E40300B9
:1047640000000000E7E4030000000000E7E40300A9
:10477400B8400400AF12040000000000E7E40300A6
:1047840000000000E7E4030000000000E7E4030089
:1047940000000000E7E4030000000000E7E4030079
:1047A40000000000E7E4030000000000E7E4030069
:1047B40000000000E7E4030000000000E7E4030059
:1047C40000000000E7E4030000000000E7E4030049
:1047D40000000000E7E4030000000000E7E4030039
:1047E40000000000E7E4030000000000E7E4030029
:1047F40000000000E7E4030000000000E7E4030019
:1048040000000000E7E4030000000000E7E4030008
:1048140000000000E7E403007C040020851204008B
:1048240000000000E7E4030000000000E7E40300E8
:1048340000000000E7E4030000000000E7E40300D8
:1048440000000000E7E4030000000000E7E40300C8
:1048540000000000E7E4030000000000E7E40300B8
:10486400394E0300DF17040000000000E7E40300F2
:1048740000000000E7E4030000000000E7E4030098
:1048840000000000E7E4030000000000E7E4030088
:1048940000000000E7E4030000000000E7E4030078
:1048A40000000000E7E4030000000000E7E4030068
:1048B40000000000E7E4030000000000E7E4030058
:1048C40000000000E7E4030000000000E7E4030048
:1048D40000000000E7E4030000000000E7E4030038
:1048E40000000000E7E4030000000000E7E4030028
:1048F40000000000E7E4030000000000E7E4030018
:1049040000000000E7E4030000000000E7E4030007
:1049140000000000E7E4030000000000E7E40300F7
:1049240000000000E7E4030000000000E7E40300E7
:1049340000000000E7E4030000000000E7E40300D7
:1049440000000000E7E4030000000000E7E40300C7
:1049540000000000E7E4030000000000E7E40300B7
:1049640000000000E7E40300BD170400DF170400A3
:1049740000000000E7E4030000000000E7E4030097
:1049840000000000E7E4030000000000E7E4030087
:1049940000000000E7E4030000000000E7E4030077
:1049A40000000000E7E40300040400208512040072
:0849B40000000000E7E403002D
:0849BC00250E040000000000BC
:1049C400650603006F0F0400670F0400250603004B
:1049D400150603002D0603005B110400A510040056
:1049E400650703005D0703008D0F0400810F0400B9
:1049F400D50D03003D120400491204005D120400A9
:104A04006712040071120400CD0C0300010C0300B2
:044A1400000000009E
:084A18005915030063140400AA
:104A200029030300190E0400F10D0400000000002A
:0C4A300001020300000000000000000074
:0C4A3C00C7120400E5110300B9120400C9
:104A4800050000000994020006000000FDDC0200D9
:084A580004000000BD9F0200F4
:104A600000000000D7E30300000000000000000089
:104A70000000000000000000000000000000000036
:104A80000000000000000000000000000000000026
:104A90000000000000000000000000000000000016
:104AA00021F80100D1F401000000000031D403001E
:104AB0000000000000000000ADF701000000000051
:104AC000B5F5010059F30100DDFB01000000000015
:104AD000EDF3010085F50100E5F2010000000000A2
:104AE00000000000F70804000000000000000000C3
:104AF00000000000000000000000000000000000B6
:104B000000000000000000000000000000000000A5
:104B10000000000000000000000000000000000095
:104B20000000000000000000000000000000000085
:104B30000000000025C2020000000000000000008C
:104B40000000000000000000000000000000000065
:104B50000000000000000000000000000000000055
:104B6000F859040008000000985A040005000000ED
:104B70001E9C04000300000051D604000300000046
:104B8000F8BC04000300000088D00400030000000B
:104B900067EA04000300000051EA0400030000007B
:104BA00027BD04000300000087CC040003000000C0
:104BB0005ADD040003000000E7A504000300000024
:104BC000E5C704000300000080CA040003000000E1
:104BD00017E4040003000000CCD20400030000002E
:104BE00030BB040003000000F9A50400030000002E
:104BF000B7F2040003000000A5F204000300000067
:104C000071BC0400030000004FE204000300000038
:104C1000C0EA0400030000000BA004000300000031
:104C200021EB04000300000015F90400030000005C
:104C300001A604000300000071F00400030000005E
:104C40009BF00400030000009BA30400030000008D
:104C500050EB040003000000FFF304000300000019
:104C600070A204000300000015F30400030000001C
:104C7000B0B9040003000000C5BA0400030000003E
:104C8000F9BA040003000000F5A5040003000000C9
:104C90007DF3040003000000D5F6040003000000CB
:104CA00022B4040003000000DA9F040003000000A7
:104CB00074BC04000300000008BB040003000000F3
:104CC000E6EC040003000000D7EF0400030000003E
:104CD00070A0040003000000C7ED04000300000002
:104CE0006EBC040000000000000000000D4F020038
:104CF0008951020000000000F7D904000100000003
:104D0000000000000FF90300000000000000000098
:104D10004EDD0400010000000000000041B8020068
:104D2000000000000000000046DD0400010000005B
:104D300000000000A5B10200E9C002000000000070
:104D40000FE404000100000000000000D1F30200A5
:104D5000D1F102000000000054DD04000100000059
:104D6000000000005DB50200EDB702000000000089
:104D70000A9C0400149C0400EF900400A99B04000A
:104D8000B19B0400C19B0400D19B0400DF9B040085
:104D9000ED9B0400FB9B0400EF900400EF900400E7
:104DA000879B0400919B04009B9B04006B9B040069
:104DB000799B0400EF900400599B0400639B04005E
:104DC000EF90040001120205000300000154555544
:104DD000545555555555150100000000000160005F
:104DE00030000000000000000000000060006000D3
:104DF0000000000000000000CCC60400D1C6040082
:104E0000D5C60400D9C60400DDC60400E1C604000E
:104E1000E5C60400E9C60400EDC60400F1C60400BE
:104E2000F5C60400F9C60400FDC6040001C704006D
:104E300005C7040009C704000DC7040011C704001A
:104E400000A0105000820D50000405500500000025
:104E50000400000001000000010208030402000138
:104E600002020303252627010204010204030102B2
:104E700003032804BE119042B400EE03500B01025C
:104E8000040102044C018604E80B03040200010241
:104E9000030300000028000000200102FFFFFFFFC5
:104EA000FF030F141E28323C5064780102030301F3
:104EB00001000207000102040100010000010100DD
:104EC0000001000100000100010000000102080FC4
:104ED000141E28323C506478020B000001000B00C5
:104EE00002000A00050009000A000800140007007B
:104EF0001E000600320005004B00040064000300A1
:104F000096000200FA000100F40100000102030310
:104F100002030100F401FA00960064004B00320025
:104F20001E0014000A000500020001000C08021710
:104F30000D01010209090101060209181803010106
:104F40000909030385030201230202240910040452
:104F500005050B0B040B2B1B1B159A9A1C021D1627
:104F6000130501490D150508061B1B0F0101000063
:104F7000FEFEFEFEFEFEFEFEFEFEFEFEFEFEFEFE51
:104F8000FEFEFEFEFE16FEFEFEFEFEFEFEFEFEFE29
:104F9000FE1F1FFEFE26FEFEFEFEFE30FEFEFE3261
:104FA000FEFE32FEFE35FEFE3E3EFEFEFEFE3B3BBC
:104FB0006000BE0290062C01CE05D0122804BE115E
:104FC00090426400AE02500672050813DA430001F5
:104FD000020201020400A201B003BE05EE0248066F
:104FE000A209C405F40B241226FEFEFEFE2E363066
:104FF000FEFEFE32FEFEFEFEFE35FEFEFEFEFEFE66
:10500000FEFEFEFE2E010203030102030301020461
:1050100012FEFEFEFEFEFEFEFEFEFEFE0303030388
:105020000303030303030303030303030314FEFE49
:1050300016FEFEFEFEFEFEFE23FEFEFEFEFEFEFE53
:10504000FEFEFEFE2E363039FEFE32FEFEFEFEFE77
:1050500035FEFEFEFEFEFEFEFEFEFE2E01020303F8
:105060002804BE11904272050813DA432C00CE01C9
:10507000D002041040002804BE1190422C00CE0142
:10508000D002B400EE03500B6400AE025006B40030
:10509000EE03500B01020303010204002804BE11B9
:1050A00090422804BE119042010203030001020253
:1050B00001020400010302003C1600200200000B64
:1050C00001000000070000000000000000000000D8
:1050D000000000000406080A0C0E10121416181C1A
:1050E0001E20222426282A2C2E30323436383A3CF0
:1050F0003E40424446484A4C4E021A5000000000CE
:1051000028000000180000005001000050010000BD
:1051100000000000F023000024130000E8670000F6
:10512000187900001C0C7805A43814370000000022
:105130004006000040060000400600004006000057
:10514000000098086B0358029C1800000000000043
:105150000000000000000000F02300002413000005
:105160003CF000003CF000000000000048A30000FC
:1051700014A0000068A600003CA50000000000008C
:1051800000000000000000000000000000004006D9
:105190000C0360093408000000000000000000005B
:1051A000E3A3C300B80000200200000BA2160020F9
:1051B0000200000C061700200200000B061700205A
:1051C0000100000C041700200100000C010208FF80
:1051D0007F00200018000A800720029801AA8000A2
:1051E0000102030402030404010203040101010299
:1051F0000101010102030402E4E1D8D2C6C9B4B13D
:105200009C93878D6C6378724E4B272D1B1E36390D
:1052100000206020406080010204030102040001BC
:105220000200050400080800000000000000000063
:10523000000001010101010101010101010102025E
:105240000202020203030404050506060707080814
:10525000090A0B0C0D0E0F10111213141516171846
:10526000191A1B0010010000D200000030010000DC
:10527000D800000001000000E4000000020000006F
:10528000EA00000002000000EC0000000300000043
:10529000EE00000004000000F00000000500000027
:1052A000F200000006000000F4000000070000000B
:1052B000F600000008000000F700000009000000F0
:1052C000F80000000A000000F90000000B000000D8
:1052D000FA0000000D000000FB0000000F000000BD
:1052E000FC00000011000000FD00000013000000A1
:1052F000FE00000015000000FF0000001800000084
:10530000000000001B000000010000001F00000062
:10531000020000002300000003000000280000003D
:10532000040000002D000000050000003300000014
:105330000600000039000000070000003F000000E8
:105340000800000000100200FA0000000001000840
:10535000120000000000000001030062746C650090
:10536000000000000000000000000000000000003D
:10537000000000000000000000000000000000002D
:10538000000000000000000000000000000100001C
:105390000338FDD870470000000000000000000046
:1053A0000338FDD870470000000000000000000036
:1053B0000338FDD870470000010000000000000025
:1053C00005000000000000001900000000000000BF
:1053D0007D000000000000007102000000000000DD
:1053E000350C000000000000093D00000000000036
:1053F0002D31010000000000E1F505000000000073
:1054000065CD1D0000000000F902950000000000BD
:10541000DD0EE90200000000514A8D0E0000000080
:105420009573C24800000000E941CC6B0100000008
:105430008D49FD1A07000000C16FF28623000000AD
:10544000C52EBCA2B1000000D9E9AC2D7803000044
:105450003D9160E45811000031D6E275BC56000061
:10546000F52E6E4DAEB10100C9EA268367780800BB
:10547000ED95C28F055A2A00A1EDCCCE1BC2D300F8
:1054800025A4000A8BCA22040000000000000000CE
:1054900000000000000000100000000000000000FC
:1054A000B9340332B7F4AD1410DB1AB30892540EBA
:1054B0000D307D951447BA1A66088F4D26ADC66D1E
:1054C000F598BF85E2B74511CA96853D92BD1DEBA3
:1054D000FCA11860DCEF52163C92AE220BB8C1B4AE
:1054E000839D2D5B0562DA1C304C7E8F4E8BB25B48
:1054F00016F4529F8B56A512FBD4827643ED8AF0A8
:105500008FE7F9311565191850F19BD94A13EEB49C
:10551000284CF0A686C1251F035FC270CB9E49169A
:10552000E642889C44EB2014B0650836AD6EA58534
:1055300085F0CA14E2FD031A0B899979D5B13D09AA
:10554000D8DA973A35EBCF10AC363F5E73BB38CF25
:105550003E6752FA44AFBA15010000000000000097
:105560000000000000000020345065C05FC9A65252
:10557000BB13CBAEC440C21806C8DF7100D5A87CEF
:10558000F56F0FDA58FC27136E4756357D242065DA
:1055900002C7E768E48CA41DE9E60268D7CD39614B
:1055A0007977FCC2405BEF16798CDE43FFA751F997
:1055B00091F3B278F5BDBE11E857E9D6E8BEE87BB5
:1055C000B054AC8F848D751BEA23A499E9F9D38B71
:1055D000B7A3714061DA3E15CEE33ECB73F94808BC
:1055E0008C97B427D51B7010A2BFEFB9EB8532158D
:1055F0004DB44DB49BBB6F1996B6076CF8E7EEAD92
:1056000036D9B4F59135AE13222218AF4E6A684DE3
:1056100091DAAA3D4F40741E9FBD9EE006A1C0983E
:1056200057C2A7FDA40E90170E7D497173E3208F1A
:10563000B220D87605143B12853D7434811343B0F3
:10564000AD297A5F27F4351CFDF70100000000004A
:10565000FDF40100A1F201000400000000000000C0
:105660000000000000000100F04004000100000004
:105670000000010000600A00F04004000200000089
:1056800000600B0000600A00F0400400030000000E
:1056900000C0150000900000F040040060000020F1
:1056A000000000000600010002000000B0560400E7
:1056B000000000005EBA040002000000E04F160087
:1056C0000000002066BA040021000000E0EF022084
:1056D000F403002065470200000000008FE503008E
:1056E000D4560400F0560400FB0100000000000046
:1056F000C8B50020D4560400045704002E00000052
:1057000000000000DCCE0020D4560400185704002E
:105710000201000000000000B0CF002015C7040007
:1057200033C704004EC704005EC704006BC7040003
:1057300074C704007BC7040082C7040089C7040043
:1057400091C704006BC7040099C70400ABC70400ED
:10575000C0C70400D3C704000E0300004169020063
:105760000F0400006D6A02001A0100004D5502008E
:1057700005040000A555020013010000F15C0200C1
:105780003E010000A9580200011200005BE803007E
:105790000A1E000091E80300FF010000E958020022
:1057A0003E010000C958020005040000F155020046
:1057B00008040000195F020030030000995E020037
:1057C000100100001D570200020100007574020064
:1057D00001120000296602000A1E00004DE90300C4
:1057E000030900006D570200040B00002D59020050
:1057F000060A000085680200070A00008D560200B4
:105800000C05000061560200050C000089670200CB
:1058100021080000B95602002C1F000099F6020072
:10582000382200000DF802002D4B000085F902001F
:105830002F210000A9FC02002E030000B9FD020088
:105840003015000015FE0200310F0000EDF90200D6
:105850003208000069FB0200D456040068580400B6
:105860000301000000000000CCD0002007D004009D
:1058700014D0040034D0040028D004003FD0040029
:1058800056D0040066D004000AD004007AD0040088
:10589000D4560400A05804000000000000000000DE
:1058A00020D40020D4560400B4580400FB010000AA
:1058B0000000000048D400208FEE0300CFEE03006C
:1058C0000000000000000000000000003D97020002
:1058D00000000000000000000000000000000000C8
:1058E0000202010009F703000404010055AB0200A5
:1058F0000606010095AA02000804010081A9020021
:105900000A020100F1F603000C040100D9F60300BD
:105910000E04010055A8020020040100B9A70200EE
:1059200010040100C9A6020012020100ADF6030036
:1059300016040100C1AB02001801010071A50200AC
:105940001E000400F3F703005202000083F6030078
:1059500001040200F5AD020003020200F7F70300A4
:1059600005010200C1F7030007040200CBF70300A2
:1059700009010200CFF703000B000200D3F7030078
:105980000D000200D7F703000F000200DBF7030051
:1059900021020200DFF7030011010200E3F7030018
:1059A00013000200E7F7030017040200EBF70300FF
:1059B00019000200EFF703001B0203007DF0030053
:1059C0001D02050065A30200230403006BF0030021
:1059D000D4560400E0590400FD010000000000005E
:1059E000B4DA0020D4560400F4590400F201000097
:1059F00000000000B0E10020E8870400A9FE0300D9
:105A000000000000E487040000000100E0870400BB
:105A1000A300040000000000D805002000000100E1
:105A2000D887040000000000000000000000000013
:105A300000000000D48704007BFE0300D9BA0200F6
:105A4000E005002000000300D0870400A30004004C
:105A500000000000D005002000000100C8870400FD
:105A6000E1FE0300A9B602000000000000000300F0
:105A7000C4870400A300040000000000C805002043
:105A800000000100BC870400F9BF02000000000014
:105A9000000000000000010008880400A9FE0300C7
:105AA00000000000048804000000010000880400D9
:105AB000A300040000000000000600200000010018
:105AC000F887040011FF0300000000000000000040
:105AD00000000100F4870400A3000400000000009F
:105AE000F805002000000100EC8704003BFF0300E4
:105AF000000000000000000000000100F5E50200C9
:105B00009308040069EE020000000000000000009D
:105B100081EB020000000000000000000000000017
:105B2000000000000000000000000000ED04040080
:105B300006000000ADDF0200060000006F05040053
:105B400010000000ADE402001000000011EE0200A1
:105B5000010000005504040010000000E9040400E6
:105B60000A000000B9DE02001000000055EC02003F
:105B700007000000E50404001000000005E8020032
:105B800001000000ADE202004000000091DD0200D3
:105B9000100000002905040001000000D456040094
:105BA000AC5B04008007000000000000DCE7002080
:105BB00091010300A902030000000000110403008A
:105BC000CD01030015EB0400150E0400110E0400B6
:105BD0001BEB04001000000001FF00006501000045
:105BE000001000000C41040000127A0000010000C7
:105BF00080400400050001000000000001000000DA
:105C0000000000008040040000000100000080004F
:105C10008000000000000100C22817000000010001
:105C200000000100120000000100000000FF000061
:105C300000A0105000820D50000405507F000000AD
:105C4000FFFF0100FF0700007F00000000A01050D0
:105C5000040400200000000000000000FFFF00001E
:105C600000820D507C0400200000000001000000B4
:105C7000FF070000000405500000000000000000C5
:105C80000200000000A0105000820D5000040550DA
:105C90007F000000FFFF0100FF07000000600C50C4
:105CA0000000000000000000C85C040000C2010009
:105CB0000000D601000000000000004000000000CD
:105CC0004B7100204A71002000600C50D45C04002D
:105CD00001000000DC5C040004000000240000005F
:105CE00026000002250600012706000300A0105030
:105CF00000820D50000405507F000000FFFF0100EE
:105D0000FF0700000048E80100000000000000005C
:105D100000000000FFFFFFFF0000FF000000000088
:105D200000000000FFFFFFFF010000010100000074
:105D3000B5130400FFFF0000485D040000000000F0
:105D4000FFFFFFFF0000000000A00450545D0400AE
:105D5000010000005C5D040003000000410000043D
:105D600042000005440000068040040005000100D8
:105D700000A0105000820D50000405507F0000006C
:105D8000FFFF0100FF070000804004000900000041
:105D9000644004000A000000804004000700000086
:105DA000644004000E000000A51D0300F915040066
:105DB0002716040008000002100000041800000666
:105DC000200000082800000A3000000C3800000EF7
:105DD000480040025000400458004006600040085F
:105DE0006800400A7000400C7800400E8800800275
:105DF0009000800498008006A0008008A800800A17
:105E0000B000800CB800800EC800C002D000C004F2
:105E1000D800C006E000C008E800C00AF000C00CCE
:105E2000F800C00E0801000310010005180100076A
:105E3000200100092801000B3001000D3801000F7E
:105E400048014003500140055801400760014009E6
:105E50006801400B7001400D7801400F88018003FC
:105E60009001800598018007A0018009A801800B9E
:105E7000B001800DB801800FC801C003D001C0057A
:105E8000D801C007E001C009E801C00BF001C00D56
:105E9000F801C00F100208041802080620020808C2
:105EA0002802080A3002080C3802080E5002480482
:105EB00058024806600248086802480A7002480C06
:105EC0007802480E9002880498028806A00288088A
:105ED000A802880AB002880CB802880ED002C80452
:105EE000D802C806E002C808E802C80AF002C80CD6
:105EF000F802C80E10030805180308072003080954
:105F00002803080B3003080D3803080F5003480519
:105F100058034807600348096803480B7003480D9D
:105F20007803480F9003880598038807A003880921
:105F3000A803880BB003880DB803880FD003C805E9
:105F4000D803C807E003C809E803C80BF003C80D6D
:105F5000F803C80F18041006200410082804100ABB
:105F60003004100C3804100E580450066004500819
:105F70006804500A7004500C7804500E980490067F
:105F8000A0049008A804900AB004900CB804900EE5
:105F9000D804D006E004D008E804D00AF004D00CFD
:105FA000F804D00E18051007200510092805100B5D
:105FB0003005100D3805100F5805500760055009C1
:105FC0006805500B7005500D7805500F9805900727
:105FD000A0059009A805900BB005900DB805900F8D
:105FE000D805D007E005D009E805D00BF005D00DA5
:105FF000F805D00F200618082806180A3006180CD5
:106000003806180E600658086806580A7006580CBC
:106010007806580EA0069808A806980AB006980CAC
:10602000B806980EE006D808E806D80AF006D80C9C
:10603000F806D80E200718092807180B3007180D86
:106040003807180F600758096807580B7007580D74
:106050007807580FA0079809A807980BB007980D64
:10606000B807980FE007D809E807D80BF007D80D54
:10607000F807D80F2808200A3008200C3808200E0E
:106080006808600A7008600C7808600EA808A00A0A
:10609000B008A00CB808A00EE808E00AF008E00C70
:1060A000F808E00E2809200B3009200D3809200FD0
:1060B0006809600B7009600D7809600FA809A00BD2
:1060C000B009A00DB809A00FE809E00BF009E00D38
:1060D000F809E00F300A280C380A280E700A680CFC
:1060E000780A680EB00AA80CB80AA80EF00AE80CE4
:1060F000F80AE80E300B280D380B280F700B680DCE
:10610000780B680FB00BA80DB80BA80FF00BE80DBB
:10611000F80BE80F380C300E780C700EB80CB00E7F
:10612000F80CF00E380D300F780D700FB80DB00F61
:10613000F80DF00F0000803F0000000011FB7F3FD2
:10614000900E493C43EC7F3FB00AC93C98D37F3F57
:106150002CC3163D0FB17F3F2FFB483DAB847F3FE3
:10616000742B7B3D6D4E7F3F05A9963D580E7F3FBA
:1061700080B6AF3D6DC47E3F36BDC83DB0707E3F3A
:106180002EBCE13D24137E3F73B2FA3DCCAB7D3F84
:1061900086CF093EAC3A7D3F8340163EC9BF7C3F67
:1061A000B6AB223E283B7C3FA2102F3ECDAC7B3FBE
:1061B000CF6E3B3EBE147B3FC2C5473E02737A3F63
:1061C0000115543E9DC7793F135C603E9812793F9C
:1061D0007F9A6C3EF853783FCCCF783EC58B773FA3
:1061E000C07D823E07BA763F938E883EC6DE753FFD
:1061F000229A8E3E0BFA743F31A0943EDD0B743F21
:1062000086A09A3E4714733FE59AA03E5213723F10
:10621000128FA63E0809713FD47CAC3E73F56F3FE8
:10622000EF63B23E9ED86E3F2A44B83E93B26D3FB4
:106230004A1DBE3E5E836C3F15EFC33E0C4B6B3F69
:1062400053B9C93EA7096A3FCA7BCF3E3CBF683FEE
:106250004136D53ED86B673F80E8DA3E880F663F0F
:106260004F92E03E59AA643F7533E63E5A3C633F85
:10627000BBCBEB3E98C5613FEA5AF13E2146603FF9
:10628000CBE0F63E05BE5E3F275DFC3E532D5D3FF5
:10629000E4E7003F1A945B3F3D9C033F6AF2593F9D
:1062A000824B063F5348583F9BF5083FE595563FC4
:1062B0006B9A0B3F31DB543FDA390E3F4918533F9D
:1062C000CDD3103F3D4D513F2A68133F1F7A4F3FBA
:1062D000D9F6153F029F4D3FC07F183FF8BB4B3F9B
:1062E000C6021B3F12D1493FD17F1D3F65DE473FAC
:1062F000CBF61F3F03E4453F9967223F00E2433F4F
:1063000025D2243F70D8413F5636273F67C73F3FCD
:106310001594293FF9AE3D3F4AEB2B3F3B8F3B3F66
:10632000DE3B2E3F4268393FBB85303F233A373F43
:10633000C9C8323FF304353FF304353FC9C8323F83
:10634000233A373FBB85303F4268393FDE3B2E3F23
:106350003B8F3B3F4AEB2B3FF9AE3D3F1594293F26
:1063600067C73F3F5636273F70D8413F25D2243F6D
:1063700000E2433F9967223F03E4453FCBF61F3FCE
:1063800065DE473FD17F1D3F12D1493FC6021B3F0B
:10639000F8BB4B3FC07F183F029F4D3FD9F6153FDA
:1063A0001F7A4F3F2A68133F3D4D513FCDD3103FD9
:1063B0004918533FDA390E3F31DB543F6B9A0B3F9C
:1063C000E595563F9BF5083F5348583F824B063FA3
:1063D0006AF2593F3D9C033F1A945B3FE4E7003F5C
:1063E000532D5D3F275DFC3E05BE5E3FCBE0F63E94
:1063F0002146603FEA5AF13E98C5613FBBCBEB3E78
:106400005A3C633F7533E63E59AA643F4F92E03EE3
:10641000880F663F80E8DA3ED86B673F4136D53E4D
:106420003CBF683FCA7BCF3EA7096A3F53B9C93E0C
:106430000C4B6B3F15EFC33E5E836C3F4A1DBE3E67
:1064400093B26D3F2A44B83E9ED86E3FEF63B23E92
:1064500073F56F3FD47CAC3E0809713F128FA63EA6
:106460005213723FE59AA03E4714733F86A09A3EAE
:10647000DD0B743F31A0943E0BFA743F229A8E3E9E
:10648000C6DE753F938E883E07BA763FC07D823E5A
:10649000C58B773FCCCF783EF853783F7F9A6C3EE0
:1064A0009812793F135C603E9DC7793F0115543EB9
:1064B00002737A3FC2C5473EBE147B3FCF6E3B3E60
:1064C000CDAC7B3FA2102F3E283B7C3FB6AB223E9B
:1064D000C9BF7C3F8340163EAC3A7D3F86CF093E24
:1064E000CCAB7D3F73B2FA3D24137E3F2EBCE13D21
:1064F000B0707E3F36BDC83D6DC47E3F80B6AF3DB7
:10650000580E7F3F05A9963D6D4E7F3F742B7B3D16
:10651000AB847F3F2FFB483D0FB17F3F2CC3163D1F
:1065200098D37F3FB00AC93C43EC7F3F900E493C73
:1065300011FB7F3F000000000000803F900E49BC2F
:1065400011FB7F3FB00AC9BC43EC7F3F2CC316BD93
:1065500098D37F3F2FFB48BD0FB17F3F742B7BBD8E
:10656000AB847F3F05A996BD6D4E7F3F80B6AFBD22
:10657000580E7F3F36BDC8BD6DC47E3F2EBCE1BD09
:10658000B0707E3F73B2FABD24137E3F86CF09BE42
:10659000CCAB7D3F834016BEAC3A7D3FB6AB22BE4E
:1065A000C9BF7C3FA2102FBE283B7C3FCF6E3BBEB5
:1065B000CDAC7B3FC2C547BEBE147B3F011554BE68
:1065C00002737A3F135C60BE9DC7793F7F9A6CBEB1
:1065D0009812793FCCCF78BEF853783FC07D82BE09
:1065E000C58B773F938E88BE07BA763F229A8EBEC0
:1065F000C6DE753F31A094BE0BFA743F86A09ABEEA
:10660000DD0B743FE59AA0BE4714733F128FA6BE00
:106610005213723FD47CACBE0809713FEF63B2BE27
:1066200073F56F3F2A44B8BE9ED86E3F4A1DBEBE6A
:1066300093B26D3F15EFC3BE5E836C3F53B9C9BEC5
:106640000C4B6B3FCA7BCFBEA7096A3F4136D5BE14
:106650003CBF683F80E8DABED86B673F4F92E0BE30
:10666000880F663F7533E6BE59AA643FBBCBEBBECD
:106670005A3C633FEA5AF1BE98C5613FCBE0F6BE93
:106680002146603F275DFCBE05BE5E3FE4E700BFDC
:10669000532D5D3F3D9C03BF1A945B3F824B06BF69
:1066A0006AF2593F9BF508BF5348583F6B9A0BBF9E
:1066B000E595563FDA390EBF31DB543FCDD310BFDD
:1066C0004918533F2A6813BF3D4D513FD9F615BFB6
:1066D0001F7A4F3FC07F18BF029F4D3FC6021BBFAE
:1066E000F8BB4B3FD17F1DBF12D1493FCBF61FBF37
:1066F00065DE473F996722BF03E4453F25D224BFAB
:1067000000E2433F563627BF70D8413F159429BF5A
:1067100067C73F3F4AEB2BBFF9AE3D3FDE3B2EBF85
:106720003B8F3B3FBB8530BF4268393FC9C832BF52
:10673000233A373FF30435BFF304353F233A37BFDD
:10674000C9C8323F426839BFBB85303F3B8F3BBF32
:10675000DE3B2E3FF9AE3DBF4AEB2B3F67C73FBF45
:106760001594293F70D841BF5636273F00E243BFFA
:1067700025D2243F03E445BF9967223F65DE47BF2A
:10678000CBF61F3F12D149BFD17F1D3FF8BB4BBF96
:10679000C6021B3F029F4DBFC07F183F1F7A4FBFED
:1067A000D9F6153F3D4D51BF2A68133F491853BFD5
:1067B000CDD3103F31DB54BFDA390E3FE59556BFDC
:1067C0006B9A0B3F534858BF9BF5083F6AF259BF7D
:1067D000824B063F1A945BBF3D9C033F532D5DBF28
:1067E000E4E7003F05BE5EBF275DFC3E214660BF7B
:1067F000CBE0F63E98C561BFEA5AF13E5A3C63BF12
:10680000BBCBEB3E59AA64BF7533E63E880F66BF2B
:106810004F92E03ED86B67BF80E8DA3E3CBF68BF6E
:106820004136D53EA7096ABFCA7BCF3E0C4B6BBF32
:1068300053B9C93E5E836CBF15EFC33E93B26DBFC3
:106840004A1DBE3E9ED86EBF2A44B83E73F56FBF48
:10685000EF63B23E080971BFD47CAC3E521372BFE5
:10686000128FA63E471473BFE59AA03EDD0B74BF9E
:1068700086A09A3E0BFA74BF31A0943EC6DE75BF67
:10688000229A8E3E07BA76BF938E883EC58B77BF1D
:10689000C07D823EF85378BFCCCF783E981279BF46
:1068A0007F9A6C3E9DC779BF135C603E02737ABFCE
:1068B0000115543EBE147BBFC2C5473ECDAC7BBF65
:1068C000CF6E3B3E283B7CBFA2102F3EC9BF7CBF92
:1068D000B6AB223EAC3A7DBF8340163ECCAB7DBF0B
:1068E00086CF093E24137EBF73B2FA3DB0707EBFDF
:1068F0002EBCE13D6DC47EBF36BDC83D580E7FBF86
:1069000080B6AF3D6D4E7FBF05A9963DAB847FBF7E
:10691000742B7B3D0FB17FBF2FFB483D98D37FBFCA
:106920002CC3163D43EC7FBFB00AC93C11FB7FBFAF
:10693000900E493C000080BF0000000011FB7FBFAB
:10694000900E49BC43EC7FBFB00AC9BC98D37FBF4F
:106950002CC316BD0FB17FBF2FFB48BDAB847FBFDB
:10696000742B7BBD6D4E7FBF05A996BD580E7FBFB2
:1069700080B6AFBD6DC47EBF36BDC8BDB0707EBF32
:106980002EBCE1BD24137EBF73B2FABDCCAB7DBF7C
:1069900086CF09BEAC3A7DBF834016BEC9BF7CBF5F
:1069A000B6AB22BE283B7CBFA2102FBECDAC7BBFB6
:1069B000CF6E3BBEBE147BBFC2C547BE02737ABF5B
:1069C000011554BE9DC779BF135C60BE981279BF94
:1069D0007F9A6CBEF85378BFCCCF78BEC58B77BF9B
:1069E000C07D82BE07BA76BF938E88BEC6DE75BFF5
:1069F000229A8EBE0BFA74BF31A094BEDD0B74BF19
:106A000086A09ABE471473BFE59AA0BE521372BF08
:106A1000128FA6BE080971BFD47CACBE73F56FBFE0
:106A2000EF63B2BE9ED86EBF2A44B8BE93B26DBFAC
:106A30004A1DBEBE5E836CBF15EFC3BE0C4B6BBF61
:106A400053B9C9BEA7096ABFCA7BCFBE3CBF68BFE6
:106A50004136D5BED86B67BF80E8DABE880F66BF07
:106A60004F92E0BE59AA64BF7533E6BE5A3C63BF7D
:106A7000BBCBEBBE98C561BFEA5AF1BE214660BFF1
:106A8000CBE0F6BE05BE5EBF275DFCBE532D5DBFED
:106A9000E4E700BF1A945BBF3D9C03BF6AF259BF95
:106AA000824B06BF534858BF9BF508BFE59556BFBC
:106AB0006B9A0BBF31DB54BFDA390EBF491853BF95
:106AC000CDD310BF3D4D51BF2A6813BF1F7A4FBFB2
:106AD000D9F615BF029F4DBFC07F18BFF8BB4BBF93
:106AE000C6021BBF12D149BFD17F1DBF65DE47BFA4
:106AF000CBF61FBF03E445BF996722BF00E243BF47
:106B000025D224BF70D841BF563627BF67C73FBFC5
:106B1000159429BFF9AE3DBF4AEB2BBF3B8F3BBF5E
:106B2000DE3B2EBF426839BFBB8530BF233A37BF3B
:106B3000C9C832BFF30435BFF30435BFC9C832BF7B
:106B4000233A37BFBB8530BF426839BFDE3B2EBF1B
:106B50003B8F3BBF4AEB2BBFF9AE3DBF159429BF1E
:106B600067C73FBF563627BF70D841BF25D224BF65
:106B700000E243BF996722BF03E445BFCBF61FBFC6
:106B800065DE47BFD17F1DBF12D149BFC6021BBF03
:106B9000F8BB4BBFC07F18BF029F4DBFD9F615BFD2
:106BA0001F7A4FBF2A6813BF3D4D51BFCDD310BFD1
:106BB000491853BFDA390EBF31DB54BF6B9A0BBF94
:106BC000E59556BF9BF508BF534858BF824B06BF9B
:106BD0006AF259BF3D9C03BF1A945BBFE4E700BF54
:106BE000532D5DBF275DFCBE05BE5EBFCBE0F6BE8C
:106BF000214660BFEA5AF1BE98C561BFBBCBEBBE70
:106C00005A3C63BF7533E6BE59AA64BF4F92E0BEDB
:106C1000880F66BF80E8DABED86B67BF4136D5BE45
:106C20003CBF68BFCA7BCFBEA7096ABF53B9C9BE04
:106C30000C4B6BBF15EFC3BE5E836CBF4A1DBEBE5F
:106C400093B26DBF2A44B8BE9ED86EBFEF63B2BE8A
:106C500073F56FBFD47CACBE080971BF128FA6BE9E
:106C6000521372BFE59AA0BE471473BF86A09ABEA6
:106C7000DD0B74BF31A094BE0BFA74BF229A8EBE96
:106C8000C6DE75BF938E88BE07BA76BFC07D82BE52
:106C9000C58B77BFCCCF78BEF85378BF7F9A6CBED8
:106CA000981279BF135C60BE9DC779BF011554BEB1
:106CB00002737ABFC2C547BEBE147BBFCF6E3BBE58
:106CC000CDAC7BBFA2102FBE283B7CBFB6AB22BE93
:106CD000C9BF7CBF834016BEAC3A7DBF86CF09BE1C
:106CE000CCAB7DBF73B2FABD24137EBF2EBCE1BD19
:106CF000B0707EBF36BDC8BD6DC47EBF80B6AFBDAF
:106D0000580E7FBF05A996BD6D4E7FBF742B7BBD0E
:106D1000AB847FBF2FFB48BD0FB17FBF2CC316BD17
:106D200098D37FBFB00AC9BC43EC7FBF900E49BC6B
:106D300011FB7FBF00000080000080BF900E493C27
:106D400011FB7FBFB00AC93C43EC7FBF2CC3163D8B
:106D500098D37FBF2FFB483D0FB17FBF742B7B3D86
:106D6000AB847FBF05A9963D6D4E7FBF80B6AF3D1A
:106D7000580E7FBF36BDC83D6DC47EBF2EBCE13D01
:106D8000B0707EBF73B2FA3D24137EBF86CF093E3A
:106D9000CCAB7DBF8340163EAC3A7DBFB6AB223E46
:106DA000C9BF7CBFA2102F3E283B7CBFCF6E3B3EAD
:106DB000CDAC7BBFC2C5473EBE147BBF0115543E60
:106DC00002737ABF135C603E9DC779BF7F9A6C3EA9
:106DD000981279BFCCCF783EF85378BFC07D823E01
:106DE000C58B77BF938E883E07BA76BF229A8E3EB8
:106DF000C6DE75BF31A0943E0BFA74BF86A09A3EE2
:106E0000DD0B74BFE59AA03E471473BF128FA63EF8
:106E1000521372BFD47CAC3E080971BFEF63B23E1F
:106E200073F56FBF2A44B83E9ED86EBF4A1DBE3E62
:106E300093B26DBF15EFC33E5E836CBF53B9C93EBD
:106E40000C4B6BBFCA7BCF3EA7096ABF4136D53E0C
:106E50003CBF68BF80E8DA3ED86B67BF4F92E03E28
:106E6000880F66BF7533E63E59AA64BFBBCBEB3EC5
:106E70005A3C63BFEA5AF13E98C561BFCBE0F63E8B
:106E8000214660BF275DFC3E05BE5EBFE4E7003FD4
:106E9000532D5DBF3D9C033F1A945BBF824B063F61
:106EA0006AF259BF9BF5083F534858BF6B9A0B3F96
:106EB000E59556BFDA390E3F31DB54BFCDD3103FD5
:106EC000491853BF2A68133F3D4D51BFD9F6153FAE
:106ED0001F7A4FBFC07F183F029F4DBFC6021B3FA6
:106EE000F8BB4BBFD17F1D3F12D149BFCBF61F3F2F
:106EF00065DE47BF9967223F03E445BF25D2243FA3
:106F000000E243BF5636273F70D841BF1594293F52
:106F100067C73FBF4AEB2B3FF9AE3DBFDE3B2E3F7D
:106F20003B8F3BBFBB85303F426839BFC9C8323F4A
:106F3000233A37BFF304353FF30435BF233A373FD5
:106F4000C9C832BF4268393FBB8530BF3B8F3B3F2A
:106F5000DE3B2EBFF9AE3D3F4AEB2BBF67C73F3F3D
:106F6000159429BF70D8413F563627BF00E2433FF2
:106F700025D224BF03E4453F996722BF65DE473F22
:106F8000CBF61FBF12D1493FD17F1DBFF8BB4B3F8E
:106F9000C6021BBF029F4D3FC07F18BF1F7A4F3FE5
:106FA000D9F615BF3D4D513F2A6813BF4918533FCD
:106FB000CDD310BF31DB543FDA390EBFE595563FD4
:106FC0006B9A0BBF5348583F9BF508BF6AF2593F75
:106FD000824B06BF1A945B3F3D9C03BF532D5D3F20
:106FE000E4E700BF05BE5E3F275DFCBE2146603F73
:106FF000CBE0F6BE98C5613FEA5AF1BE5A3C633F0A
:10700000BBCBEBBE59AA643F7533E6BE880F663F23
:107010004F92E0BED86B673F80E8DABE3CBF683F66
:107020004136D5BEA7096A3FCA7BCFBE0C4B6B3F2A
:1070300053B9C9BE5E836C3F15EFC3BE93B26D3FBB
:107040004A1DBEBE9ED86E3F2A44B8BE73F56F3F40
:10705000EF63B2BE0809713FD47CACBE5213723FDD
:10706000128FA6BE4714733FE59AA0BEDD0B743F96
:1070700086A09ABE0BFA743F31A094BEC6DE753F5F
:10708000229A8EBE07BA763F938E88BEC58B773F15
:10709000C07D82BEF853783FCCCF78BE9812793F3E
:1070A0007F9A6CBE9DC7793F135C60BE02737A3FC6
:1070B000011554BEBE147B3FC2C547BECDAC7B3F5D
:1070C000CF6E3BBE283B7C3FA2102FBEC9BF7C3F8A
:1070D000B6AB22BEAC3A7D3F834016BECCAB7D3F03
:1070E00086CF09BE24137E3F73B2FABDB0707E3FD7
:1070F0002EBCE1BD6DC47E3F36BDC8BD580E7F3F7E
:1071000080B6AFBD6D4E7F3F05A996BDAB847F3F76
:10711000742B7BBD0FB17F3F2FFB48BD98D37F3FC2
:107120002CC316BD43EC7F3FB00AC9BC11FB7F3FA7
:10713000900E49BC0002000034610400B45D0400FC
:10714000C001000000A0105000820D500004055046
:107150007F000000FFFF0100FF07000008000000A3
:1071600002000000040000000100000000A0105018
:1071700000820D50000405507F000000FFFF010059
:10718000FF0700006AF6040078F604008CF604009D
:107190009BF60400A7F60400543F0400643F04007B
:1071A000BC3F0400C43F0400244004002C40040001
:1071B000ADF70400000100008813000000388A4089
:1071C0008F409440A140A640AC401548CB40AE4013
:1071D000A3400038003800380038CE40ED409D41D3
:1071E00049415641324137413C414141B941BE419B
:1071F000D7410E42FA418D411B42804162426A42B0
:10720000774274436E4366437F432E4824460038DA
:10721000003800380038AF48D548F34863457D450D
:1072200085439D45A845BB45E345ED45CF45FC4518
:1072300015468C466E4695468E4600380038003816
:10724000284200380038003800380038003800384C
:10725000003800380038003800380038194919491A
:10726000194919491949194919491949194919490E
:10727000003800380038003800380038003800384E
:10728000003800380038003800380038003800383E
:10729000003800380038003800380038003800382E
:1072A000003800380038003800380038003800381E
:1072B0000038003800380038003800388C090038B1
:1072C000FFFFFF000000000010270081878A001ADE
:1072D0007B627AA678797A8D00307B627AA778799A
:1072E0007A8D003078207B6279217A220C108650CA
:1072F00082A2808182A28287828D001A0030722051
:1073000095407AAC797B003078247B627AA88479C6
:107310007A8D00307224A7407B2479257A268562F5
:1073200086A87284868D11A68584116286A78586BB
:1073300084208621862286509A5086A6867286A848
:107340008685868D8462868D781086A67270001A76
:1073500000307ABB7879003000830030001C001CBC
:10736000001C001C001B7C22001D1310D040001AC2
:10737000001C001C001C001B7C22001D001B7C222A
:10738000001D1310DA40001A000C016A3427001A9D
:10739000006E1027001A7B62782479257A260C105B
:1073A00086500E1022590E101A59848FC50811B834
:1073B00085850410295911A284871AA21111112060
:1073C000071890A2801A9020001919A272871AA695
:1073D0001970001B7C201AA21A8013100B410E108A
:1073E0001D590410335986A21A72868D001A003076
:1073F000870811B8858211A284871AA21111112061
:10740000031890A2801A9020001915A281871AA251
:1074100015151520031890A2801A90200019074115
:107420008650052408250426F540865004240625A8
:107430000526F54086500C2406250B26F54086507F
:107440000B2408251A26F55000AB0C1A00300DA7A6
:1074500002720AAC060D0EA703720BAC060E026296
:107460000CA872030C8D00307DBB0203048F05A6AF
:10747000707003628650042072210E229A500070B0
:10748000108A0E240B250E26F3500272865004201B
:1074900072210D229A5002721027108A0D240A259B
:1074A0000D26F35005A70D0E05200C2105229A503C
:1074B000007005BB030505A60E050030026286506C
:1074C000042072210D229A500070108A0D240A2582
:1074D0000D26F35000300DA70D0E05A67070027238
:1074E00086500C200D2105229A50007005BB030523
:1074F00005A60E05003002620DA7027203620EA7F8
:10750000037201BB0D0E00BB02030D200E21802271
:1075100082AC8081812082213910A941006201A8BA
:107520000180018D012408250626B1500030032476
:10753000062508268650F340032405250A26865092
:10754000F350026286500A2072210A229A503810A3
:10755000003906200A210B229A500BA60B0C0BA80F
:107560000B050B8D38100039003002620A8E0A8F2D
:107570000B8E0B8F072787500EA8720B0C200E2145
:107580000D229A500A200E210E229A500062865037
:1075900003240D251A2608210E221A5102620081A9
:1075A00007271A2072211A229A5000AB0A1A0030BB
:1075B00086500DBB08060DA6040D032406250E26D5
:1075C000F3500E2007210E229A500EA7050E0E8DA5
:1075D0000E240D250B26F34086500A2408250D267F
:1075E000F35002200D210E229A500E240C250B265A
:1075F000F340865007200A210D229A5003240C25BF
:107600000E26F35005A60D0E058D0030865001A7FD
:1076100000720AB9010006240A250426F55077A74E
:10762000047238100030011877A7040138100030B8
:107630000420042104229A5077A704723810003CD9
:10764000001977A704013910003C0030A0A2721085
:10765000685380A2811090A29110021096530810D6
:107660005B541410FB5439108134001A000C8650FE
:1076700033A2041002102D440810D74414105B45A7
:1076800058522620782148522621001C7A20CC42CC
:1076900058522620782148521D2079214A5226200E
:1076A00026211D22001E7A20CC42585278247925AA
:1076B0007D527A20CC421120842148521120101092
:1076C0007A590E10364901218526006886AC86015C
:1076D0002EA67070C1522E2236102C2235A786821B
:1076E000006CC80811B83581EA5026201121001C11
:1076F000262002101254112126220718B120021050
:1077000015540810C7541410515580210019E35224
:1077100026202621D0501122BC520068C152006C94
:107720002320361026201B220318001E802100195A
:107730002621001A001B0B102320001F001A2CBA50
:1077400073742CBA2C2C2CA72C742DA7018677A728
:107750002D2C001AA122DC5202108D530810545413
:107760001410F65480A2807290A29072808D908D39
:10777000001A003082A2821082A2827282A8108235
:10778000001A2C2013211622071880A28182802142
:107790009020B22200193222DC5229A2322828A2DB
:1077A000323131A2292525A2293030A2312222A24C
:1077B000312F2FA2301F1FA2302E2EA22F1C1CA251
:1077C0002F2D2DA22E1919A22E2C2CA22D1616A269
:1077D0002D132FA6117030A6127031A6137013A6A8
:1077E0002C7011201121081802108D5308105454C8
:1077F0001410F654A020B121001926A62F7027A638
:10780000307028A63170001A1120842148521D20A2
:10781000822148528A0811B885831420112111222F
:10782000001C05188024B1208421001E001920208E
:107830001D211D22001C05188024B1208421001E5A
:107840000019E352262026211922001EDA501122A7
:10785000BC5219222620BC5277A22872F81082103E
:1078600077A7850177108620CC4285A6850183A65F
:10787000830183A6830113A272101DA619701EA690
:107880001A701FA613702C43585278210810E04438
:10789000818F918F001A003077A701003810013ACC
:1078A000001A00305852042168530210395408104D
:1078B000F0543810053A001A00305852262078212A
:1078C0004A52001A00305852151075536E53262034
:1078D00002214A5200302DA2A1A12EA2A12D80A2E8
:1078E000812D90A2912E001A2FA205102EA2808029
:1078F0002CA280332EA22E802DA290902EA62E2C6C
:107900002EA62F2E2CA72D2E2CA22C722C8D001AD9
:1079100030A691912CA681812DA230911A10E243BC
:1079200031A2A1A11810C5432EA2818131A231310B
:107930002CA22C2D31A231332FBA2E742EA62F312A
:1079400031A62C2CD1432EA681312FA781312CA218
:107950002C2D2EA22E2F31A62C2C2EBA2E742DA219
:107960002D2D2FA22E2E2DA62D2D80A72F3131A704
:107970002C80A0A230A12FA22E3190A72F2D001A6B
:107980002EA281812CA22C2DCD4331A67092ED43E5
:1079900031A77092ED4330A2A1A12FA231A131A253
:1079A00030822FA22F3031A731812FA72F9130A203
:1079B0003131A0A231A12CA2813030A231302EA6CB
:1079C0002C2C31A22F2F2EA6302E80A7312E2CA7A3
:1079D0002C802EA2913031A22F2C90A7312E001A8C
:1079E000B0A2A0A0001A2EA670921B442EA77092DF
:1079F0001B442DA2A2B231A2A1A12CA281B22FA21E
:107A0000A13131A282312DA2912D2FA22E2F2EA293
:107A1000A1A22C21F543AAC3E7D3EAE32CA6047460
:107A200077A72C00381477A604707814001A2DA2BA
:107A300005102EA633332FA62D2D2EA22E2E2FA6C7
:107A40002F2D2EA22E332FA22F2F30A62F2F2EA672
:107A50002E2F2FA62E3077A22F72001A90A770908B
:107A6000908D001A2DA2A1A180A281A190A2912D9A
:107A7000001A2FA205102EA280802CA280332EA2E5
:107A80002E802CA22C802DA2909030A280902EA629
:107A90002E2C2DA62D302EA62F2E2CA72D2E001AE3
:107AA0002CA281A12DA281812EA62D912DA22D2D5A
:107AB000A0A22C2C2CA22C2E2EA22E2E18108544E7
:107AC0002FA2A03387442FBAA0042EA62E2C80A666
:107AD0002E2F2CA6A02C2DA22DA02CA22C8090A65F
:107AE0002C2D001A702398448223984431A6839247
:107AF0002FA282A130A2A1A130A2313031A2818176
:107B000032A22F2F29A6313231A63191A0A229A16C
:107B100031A22F312EA6812F32A630322FA69130DE
:107B200032A281322FA22F2E2CA2812F2DA2299199
:107B300080A632312CA62C2D32A62FA031A22C29C2
:107B400029A2328090A63129001A30A2A1A12DA22B
:107B5000A2A22CA281A22FA282A12DA2912D30A29D
:107B600092302EA2A1A22C21A04472C494D496E4F7
:107B7000006877A772043714006C001A2DA2728770
:107B80002CA22D8177A7812C391081362CA22D9122
:107B900077A7912C39109136001A003077A605701E
:107BA000001A90A68090001A80A281A190A291A1B3
:107BB000001A31A272102CA280802DA290902EA6C5
:107BC0002C2D2FA22C2D2FA2332F2FA62F312EA7F5
:107BD0002E2F2E8D001A2CA6819130A281812DA2EC
:107BE00091912EA2A1A12CA22C2C2EA62E2E2FA636
:107BF000302D2DA7302D2CA72C2F2EA72F2E90A265
:107C00002D2F80A22C2EA0A22E2F001A2EA670821D
:107C10002E452EA770822E452FA2A1922EA2A12E14
:107C200030A2819131A22E2F32A6912E2EA7812E25
:107C30002CA6812F2FA6912F32A22C322CA22E2FD0
:107C40002EA630312FA7303130A72C2F31A7322E5E
:107C500080A22E3090A22F31A0A23031001A2CA287
:107C6000A2812DA2A2912FA2A1922EA2A1822C21AB
:107C700032450DC528D52BE5001A80A77080808D70
:107C8000001A5852022407257D522620CC52E65075
:107C90008750262072210A229A5038100039062077
:107CA0000A210B229A500BA60C0B0BA80B070B8D6D
:107CB000381000390030E65087500A8E0A8F0B8E3C
:107CC0000B8F0DA8720B0C200D2135229A500A2023
:107CD0002B229A50EA50585208222B230224352591
:107CE00026262653E6500081262072212C229A5007
:107CF00000AB0A2C0030E6502BA872062B8DEA5000
:107D0000585202242B257D520820CC42000C0064DE
:107D100035A60A0CE65087503520722135229A503C
:107D20000BA7073506200B210B229A50381000397B
:107D30000030000C006435A60A0CE65087500B8F0B
:107D40003520722135229A50EA50585208220B23CE
:107D5000022435250D2626530030585226200B21AB
:107D600048521D2006214A52262026211D22001E8F
:107D70001D2008214A52262026211D22001E0D20EA
:107D8000CC42E65087500B200C210A229A5082A741
:107D90000882828D0030585208220C2378240A254C
:107DA0002626265300682620062100AB818000ABE2
:107DB0009190003058520620021050540810F3548D
:107DC00014105F5506240B257D521D2008214A52B0
:107DD000262026211D22001E1120CC5211240A2506
:107DE0007D520D20CC42E65087500A200D212B22D7
:107DF0009A50EA50CF550BA62B700D240B257D52BF
:107E00000820CC428650000800B8797917A7017382
:107E1000179E179E0BA2781017A217100C200E2287
:107E200080A60B7090A2721082A6907092A67070BD
:107E300068460E227AA882927A8D00300E210C229A
:107E400011A6819112A7819113A2111114A21212ED
:107E500015A6829216A7829215A2151216A21116C5
:107E600011A7131481A2131412A2171114A6151628
:107E700015A7151682A2141416A2151513A613120F
:107E800092A2160B91A2111312103B46001B0A106E
:107E900040460C210E22424606217A5608217C5685
:107EA00036A2060B36A236870AA608360A8D00309F
:107EB000E650875091A2918736A2768736A29136F6
:107EC00081A2818781A6368181A28172818D91A64E
:107ED0007070001A02248F46062408217A56EA5050
:107EE0001410C447F34606217A560A8FEA5014103C
:107EF000C9471C4735A2811034A2911031A23535F3
:107F000036A2343433A2041035A2313634A27210B2
:107F100033A2333531A7363136A6343331A7313663
:107F2000318D39108134001A31A2911036A204101B
:107F300031A2313133A2721036A2363131A731333A
:107F400036A6363333A2363633A2333634A2333331
:107F500035A2343635A2353134A2313335A23572EB
:107F6000358D33A7007333A73374339E339E339E0E
:107F7000352433253526F55035A2351034A2343555
:107F800033A2343433A2333633A63331338D7220E7
:107F90003810052081A23480818D7D1081A7008159
:107FA000001A000C8650D00811B8080132A2041043
:107FB00032A6323284210C20A5570C212D2088575F
:107FC0001120AE57071880222D21C0205D57802137
:107FD000AE5700190C210C2088C75DD768E7D05038
:107FE000112217570A20B9570030001B0C200B1024
:107FF0002D206847000C86500821B6569C5632A2A8
:10800000041032A63232920811B80A0602210C205E
:10801000A5570C212D2088571120AE570318802218
:108020002D21C0205D578021AE5700190821212045
:10803000A55721212D2088572120AE5703188022D3
:108040002D21C0205D578021AE5700190C2121221F
:108050000C205D5788C75DD768E7DA5011221757A3
:10806000212217570C20B95777A680703E1000398F
:1080700000AB0B90003031A6918136A7918131A2DF
:10808000318236A2369233A670B2734731A69181FF
:1080900036A7918131A2319236A2368233A770B2CF
:1080A000734734A2A1A233A2B13335A6313631A72A
:1080B000313636A7343333A6343380A2313690A21A
:1080C0003533A0A23633B0A23531001A31A69181E2
:1080D00036A7918134A2313133A2313631A2A1B118
:1080E00036A2A1A131A6313136A6363636A73633AF
:1080F00034A7343180A23136A0A2363390A2333473
:10810000B0A23134001A80A2811090A29110A0A2D6
:108110007210B0A28090001A31A6918190A791812F
:1081200080A63170A0A6A1A1B0A2B132001A35A2DA
:10813000721035A835A180A2813590A29135808D2D
:10814000908D001A082558527D520A20CC42585270
:108150000821DB5708205F550822062302240A2540
:108160002626265377A626703E100B3900AB0B2728
:108170000030918F2CA291872DA272872CA22C2CDB
:108180002EA72C2D2CA22C332CA72C2D2DA22E2E3D
:108190002FA22E2C2DA22D2F2FA22F2F2FA22D2F2D
:1081A0002FA22F722F8D30A70074309E309E2F2467
:1081B00030252F26F5502FA22F872DA22F2D2FA24D
:1081C0002D2D2FA22F2C2FA72F2E2F8D391091342C
:1081D00081A22D72818D7C1081A7008177A78100FB
:1081E00037109134001A000C7B62865078231BA64E
:1081F0007D721B9E341043481B9E83241B257A26C8
:10820000F5507A207A211B229A501BA71B831B8DC5
:108210003910003D001A00305852782078211C2275
:108220009A501CA61C041C209A501CA61C051C8DD0
:108230001C23195877A67A703D1000307AA7007A6F
:1082400000301DA77D721EA61D701E9E83241E2554
:108250007A26F550381000301EA77A723910003D8A
:108260001FA283101DB91D0020A6757021A27210D7
:1082700022A6212122239E5824A6287025A67570A7
:10828000A85823A72821238D39106B4822A6222124
:108290005C481DA71D721D9E1F239E5826A21F28E5
:1082A00027A2262828A72721288D381099482AA6F2
:1082B000727029A2272728A72921288D38108748DE
:1082C00029A229292AA62A727D481EA7202A28A683
:1082D000247025A61E70A8582BA6287024A22B2B2C
:1082E00020A62A7026A22B2627A2272474487AA229
:1082F00026727A8D001A003023A28372238D2324E4
:108300001D252326F55028A22310001A25A7257223
:108310003810001A28A22828A848061000385852F9
:10832000022407257D522620CC5200680AA60C8024
:108330000AAC0A01381000392AA67206E6502BA8AA
:10834000722A2AAC2B0187500A2006212B229A5030
:108350002BA7072B2BAC2B012A202B210B229A5069
:1083600038100039003006100038E65087500A8E69
:108370000A8F0B8E0B8F2AA60A0B2AAC2A01381003
:108380000039EA50585208222A2302240B252326BA
:108390002653E6502AA60C232AAC2A0100AB0A2A4F
:1083A0000030061000385852E65087502AAC0D0FA6
:1083B0002AA62A0F2A2007212A229A502AA6062A0C
:1083C0002AAC2A012BAC0A0F2BA62B0F2B202A211B
:1083D0002B229A502BBB2B0C2ABB2A0CEA5058524A
:1083E00008222A230A242B250D2626530030003884
:1083F00085A9010F001A11BA010F85A78511001A6E
:10840000007001A67070007001A77D72001A0070E4
:1084100009A67070007009BB7D0F7D210962008183
:10842000001A81620081001A0F210F260068868ED3
:10843000C15236108636006C021050590310875214
:1084400011A6267012A6277013A62870E65036A82B
:10845000850F368D01213626EA508742900811B8E3
:10846000868615D418E4112012541D201121001CF9
:10847000125411211D220318C120001E1254802104
:10848000001926A6117027A6127028A613702620A0
:108490002621001C001C001C001B7C22001D262124
:1084A00013106B491122BC522621E7D3EAE3001ACC
:1084B00000680F8E006C2CA20F108759021087598C
:1084C000A0A2A02C15108959001A80A2802C90A27D
:1084D000902C001AFA1ED65F000101000002020073
:1084E000001400000028000000400000010000000F
:1084F000020000000F00000010000000100000004B
:108500002000000010000000100000001085040092
:1085100011000000112800001108000001000000F7
:10852000248504000000000000000000000000009E
:10853000000000000000000030000000C00000004B
:1085400018000000310000000000000030000000B2
:10855000E00000001C0000003900000000000000E6
:108560003000000000010000200000004100000079
:108570000000000030000000400100002800000062
:1085800051000000000000003000000080010000E9
:10859000300000006100000000000000300000001A
:1085A0000002000040000000810000000000000008
:1085B00017000000C000000018000000310000009B
:1085C0000000000017000000E10000001D00000096
:1085D0003B00000000000000170000000001000048
:1085E0002000000041000000000000001200000018
:1085F000C000000018000000310000000100000071
:1086000012000000E00000001C0000003900000023
:108610000100000012000000000100002000000026
:1086200041000000010000001200000040010000B5
:1086300028000000510000000100000012000000AE
:108640008001000030000000610000000100000017
:108650001200000009020000420000008500000036
:108660000100000041000000FF00000020000000A9
:10867000200000000000000041000000C0010000D8
:108680003800000038000000000000004200000038
:10869000FF0000002000000020000000000000009B
:1086A00042000000C0010000390000003900000055
:1086B000000000000000100020000000A1FA0400EB
:1086C000C0000000C8860400260000100000000062
:1086D000003000000C00000000000000E0860400F4
:1086E00022000010000C0000003100000C0000000F
:1086F0000000000300000000000000000000000077
:108700000000000000000040955969595555545526
:1087100015555556040515411054554045515544BD
:108720004045504450555545004000404004449653
:10873000655556554540455451411540559155553F
:108740005555405105010000544554544555050404
:10875000001004101404400000000140555515415C
:1087600054040000440001000000004041000044A7
:1087700050444550540055555455655100400040F3
:1087800001000001000501001154515154555505D7
:108790000000000000000000000000006937AC315C
:1087A00068212233B40F14336821A2333863ED3EBD
:1087B000DA0F493F5E987B3FDA0FC93F00002A2B52
:1087C00000002A2B000003280000292B0000292B81
:1087D00000000328000002290000052A0000052AE5
:1087E0000000032800000118000000280000012AF2
:1087F0000000012A000003280000002A0000002ACF
:1088000000000328000000180000002825633A201B
:1088100052616E67696E672064617461206F76656E
:10882000727772697474656E2025690A0025633A4F
:1088300020436F6E6E656374696E670A0025633A44
:10884000204572726F72207768696C65207265616D
:1088500064696E6720524153206665617475726564
:1088600020626974732028657272202564290A00C9
:1088700025633A2052656164205241532066656148
:108880007475726520626974733A20307825780AAD
:108890000025633A2043532070726F6365647572DC
:1088A000657320656E61626C65643A0A202D2063F1
:1088B0006F6E6669672049443A2025750A202D208D
:1088C000616E74656E6E6120636F6E666967757246
:1088D0006174696F6E20696E6465783A2025750A47
:1088E000202D20545820706F7765723A202564201F
:1088F00064626D0A202D207375626576656E742042
:108900006C656E6774683A2025752075730A202D92
:10891000207375626576656E74732070657220656C
:1089200076656E743A2025750A202D207375626570
:1089300076656E7420696E74657276616C3A202576
:10894000750A202D206576656E7420696E746572D7
:1089500076616C3A2025750A202D2070726F636550
:108960006475726520696E74657276616C3A202553
:10897000750A202D2070726F6365647572652063BF
:108980006F756E743A2025750A202D206D61786907
:108990006D756D2070726F636564757265206C65AE
:1089A0006E6774683A2025750A0025633A204353A0
:1089B0002070726F6365647572657320646973619A
:1089C000626C65642E0A0025633A2043532070725E
:1089D0006F6365647572657320656E61626C652096
:1089E0006661696C65642E20284843492073746170
:1089F00074757320307825303278290A0025633A5F
:108A00002052656D6F7465204353204641452074A4
:108A100061626C652065786368616E676520636F6D
:108A20006D706C657465642E0A0025633A2052658A
:108A30006D6F746520435320464145207461626C1C
:108A4000652065786368616E6765206661696C653D
:108A5000642E202848434920737461747573203054
:108A60007825303278290A0025633A205241532074
:108A7000646973636F76657279206661696C656499
:108A80002028657272202564290A0025633A205245
:108A900041532073657276696365206973206E6F38
:108AA0007420617661696C61626C65207965740A15
:108AB0000025633A2044726F70706564207375629C
:108AC0006576656E7420726573756C74732E2057AD
:108AD000616974696E6720666F722072616E676982
:108AE0006E6720646174612066726F6D20706565C9
:108AF000722E0A0025633A204E6F7420656E6F75E2
:108B00006768206D656D6F727920746F2073746F64
:108B10007265207374657020646174612E2028254D
:108B200064203E202564290A0025633A2050726F94
:108B30006365647572652025752061626F72746566
:108B4000640A0025633A20446973636F6E6E65633F
:108B50007465642028726561736F6E2030782530EB
:108B60003258290A0025633A20436F6E6E6563749C
:108B7000696E67206661696C65642C207265737428
:108B8000617274696E67207363616E6E696E670AE5
:108B90000025633A204661696C656420746F207219
:108BA000657374617274207363616E6E696E6720A1
:108BB00028657272202569290A0025633A205468C5
:108BC0006520646973636F766572792070726F6374
:108BD0006564757265207375636365656465640AB1
:108BE0000025633A20524153205252455120616C76
:108BF0006C6F6320696E6974206661696C656420BE
:108C000028657272202564290A0025633A20436F83
:108C1000756C64206E6F742072656C65617365207D
:108C200074686520646973636F7665727920646126
:108C300074612028657272202564290A0025633A30
:108C400020435320736563757269747920656E6182
:108C5000626C65642E0A0025633A204353207365D5
:108C600063757269747920656E61626C65206661F6
:108C7000696C65642E2028484349207374617475BB
:108C80007320307825303278290A0025633A204352
:108C900053206361706162696C69747920657863DF
:108CA00068616E676520636F6D706C657465642EB6
:108CB0000A0025633A2050656572204353206361A2
:108CC00070733A20636F6E666967733D25752C205B
:108CD0006D61785F636F6E73656375746976653D0A
:108CE00025752C20616E74656E6E61733D25752C43
:108CF0002070617468733D25750A0025633A205021
:108D000065657220435320636170733A2072656613
:108D10006C6563746F723D25752C205254545F410D
:108D2000415F4E3D25752C205254545F41415F7088
:108D30007265636973696F6E3D25752C20504859C3
:108D40005F324D3D25750A0025633A2050656572F6
:108D500020435320636170733A20776974686F759C
:108D6000745F4641453D25752C206D6F64655F330A
:108D70003D25752C20636873656C5F33633D2575F5
:108D80000A0025633A204353206361706162696C75
:108D90006974792065786368616E676520666169CA
:108DA0006C65642E20284843492073746174757380
:108DB000203078253032782C20706172616D7320FC
:108DC0002570290A0025633A204765742072616E78
:108DD00067696E672064617461206661696C6564AF
:108DE0002028657272202564290A0025633A204DE7
:108DF00054552065786368616E6765206661696CAB
:108E000065642028657272202564290A0025633A6A
:108E1000204D54552065786368616E6765207375D1
:108E2000636365737320282575290A007075626C69
:108E30006963007075626C69632D69640072616EAC
:108E4000646F6D2D696400307825303278002530EC
:108E500032583A253032583A253032583A25303295
:108E6000583A253032583A2530325820282573296F
:108E70000025633A205365637572697479206661D1
:108E8000696C65643A202573206C6576656C2025D5
:108E900075206572722025642025730A0025633AC7
:108EA000205365637572697479206368616E6765C4
:108EB000643A202573206C6576656C2025750A0060
:108EC00025633A2046696C74657273206D61746322
:108ED0006865642E20416464726573733A2025735B
:108EE00020636F6E6E65637461626C653A20256401
:108EF0000A0025633A20436F6E6E656374656420D3
:108F0000746F2025732028657272203078253032E6
:108F100058290A0025633A20496E76616C696420FD
:108F2000616E74656E6E6120706174682E0A002532
:108F3000633A204572726F72207768656E207265A1
:108F400063656976696E672072616E67696E672016
:108F50006461746120776974682072616E67696EFC
:108F60006720636F756E74657220256420286572B2
:108F700072202564290A0025633A2052616E6769D0
:108F80006E6720646174612064726F707065642024
:108F9000617320706565722072616E67696E67200B
:108FA000636F756E74657220646F65736E277420CD
:108FB0006D61746368206C6F63616C2072616E67B1
:108FC000696E67206461746120636F756E74657289
:108FD0002E2028706565723A2025752C206C6F63F1
:108FE000616C3A202575290A0025633A20416C6C92
:108FF000207375626576656E747320696E20726188
:109000006E67696E6720636F756E74657220257573
:1090100020776572652061626F727465640A00432F
:109020004D414B455F534F555243455F4449522F85
:109030007372632F6D61696E2E6300415353455205
:1090400054494F4E204641494C20402025733A2533
:10905000640A00312028525454292C206E6F20734A
:1090600075626D6F646500322028504252292C20B1
:109070006E6F207375626D6F6465003320285254E3
:1090800054202B20504252292C206E6F2073756281
:109090006D6F64650032202850425229202B2073C6
:1090A00075626D6F64652031202852545429003256
:1090B000202850425229202B207375626D6F646501
:1090C00020332028525454202B2050425229003360
:1090D0002028525454202B2050425229202B2073F8
:1090E00075626D6F64652032202850425229004914
:1090F0006E76616C69640025633A20435320636F88
:109100006E666967206372656174696F6E20636F54
:109110006D706C6574652E0A202D2069643A2025D7
:10912000750A202D206D6F64653A2025730A202D65
:10913000206D696E5F6D61696E5F6D6F64655F73F1
:10914000746570733A2025750A202D206D61785F53
:109150006D61696E5F6D6F64655F73746570733A9E
:109160002025750A202D206D61696E5F6D6F646525
:109170005F72657065746974696F6E3A2025750A4F
:10918000202D206D6F64655F305F73746570733A76
:109190002025750A202D20726F6C653A2025730AF0
:1091A000202D207274745F747970653A2025730ADB
:1091B000202D2063735F73796E635F7068793A2046
:1091C00025730A202D206368616E6E656C5F6D618A
:1091D000705F72657065746974696F6E3A20257589
:1091E0000A202D206368616E6E656C5F73656C6527
:1091F0006374696F6E5F747970653A2025730A2015
:109200002D20636833635F73686170653A2025734E
:109210000A202D20636833635F6A756D703A2025DC
:10922000750A202D20745F6970315F74696D655F08
:1092300075733A2025750A202D20745F6970325F9E
:1092400074696D655F75733A2025750A202D207449
:109250005F6663735F74696D655F75733A2025752A
:109260000A202D20745F706D5F74696D655F757382
:109270003A2025750A202D206368616E6E656C5F4B
:109280006D61703A203078253038582530385825AF
:109290003034580A0A0025633A20435320636F6E26
:1092A000666967206372656174696F6E20666169C3
:1092B0006C65642E2028484349207374617475736B
:1092C00020307825303278290A00324D00314D00A7
:1092D00025633A205374617274696E672043686134
:1092E0006E6E656C20536F756E64696E6720496E93
:1092F00069746961746F722053616D706C650A00E6
:1093000025633A20426C7565746F6F746820696ECE
:109310006974206661696C65642028657272202515
:1093200064290A0025633A204661696C65642074EB
:109330006F2072656164206C6F63616C2043532001
:109340006361706162696C69746965732028657214
:1093500072202564290A0025633A204C6F63616CF2
:1093600020435320636170733A20616E74656E6EA2
:1093700061733D25752C2070617468733D25752CD3
:10938000206D6F64655F333D25752C205048595F13
:10939000324D3D25752C20636873656C5F33633DEA
:1093A00025750A0025633A2053657474696E6773E6
:1093B000206C6F6164206661696C65642028657249
:1093C00072202564290A0025633A205363616E6E7A
:1093D000696E672066696C746572732063616E6E76
:1093E0006F74206265207365742028657272202571
:1093F00064290A0025633A2046696C7465727320FB
:1094000063616E6E6F74206265207475726E656440
:10941000206F6E2028657272202564290A0025635A
:109420003A205363616E20696E6974206661696CCD
:1094300065642028657272202564290A0025633A34
:10944000205363616E6E696E67206661696C656446
:1094500020746F20737461727420286572722025E5
:1094600069290A0025633A204661696C65642074A5
:109470006F20656E637279707420636F6E6E6563C2
:1094800074696F6E2028657272202564290A002590
:10949000633A204661696C656420746F207265616F
:1094A0006420636F6E6E656374696F6E20736563AD
:1094B00075726974792028657272202564290A0002
:1094C00025633A2054696D6564206F757420776157
:1094D0006974696E6720666F722070616972696E67
:1094E000672F656E6372797074696F6E0A00256309
:1094F0003A204661696C656420746F2073746172F0
:1095000074204D54552065786368616E6765202826
:10951000657272202564290A0025633A2054696D1A
:109520006564206F75742077616974696E67206661
:109530006F72204D54552065786368616E67650AC7
:109540000025633A20416E64726F69642052616E37
:1095500067696E67204F4F4220736574757020668F
:1095600061696C65642028657272202564290A008F
:1095700025633A2057616974696E6720666F7220AF
:10958000416E64726F696420524153207365727634
:10959000696365202825642F2564290A0025633A1C
:1095A000204661696C656420746F20636F6E666924
:1095B000677572652064656661756C74204353201D
:1095C00073657474696E67732028657272202564F0
:1095D000290A0025633A20436F756C64206E6F740E
:1095E0002067657420524153206665617475726509
:1095F000732066726F6D20706565722028657272C7
:10960000202564290A0025633A20524153205252F2
:109610004551205265616C2D74696D652072616ED3
:1096200067696E6720646174612073756273637229
:10963000696265206661696C6564202865727220C4
:109640002564290A0025633A20524153205252458D
:10965000512072616E67696E672064617461206F6A
:109660007665727772697474656E20737562736360
:1096700072696265206661696C6564202865727232
:10968000202564290A0025633A2052415320525272
:1096900045512072616E67696E6720646174612054
:1096A00072656164792073756273637269626520A3
:1096B0006661696C65642028657272202564290AD8
:1096C0000025633A205241532052524551204F6E9B
:1096D0002D64656D616E642072616E67696E6720CE
:1096E0006461746120737562736372696265206678
:1096F00061696C65642028657272202564290A00FE
:1097000025633A2052415320525245512043502064
:10971000737562736372696265206661696C656402
:109720002028657272202564290A0025633A2046A4
:1097300061696C656420746F2065786368616E6729
:1097400065204353206361706162696C6974696567
:10975000732028657272202564290A0025633A2047
:10976000506565722072657175697265732061203C
:1097700072656D6F746520435320464145207461C6
:10978000626C653B207374617274696E67206578E2
:109790006368616E67652E0A0025633A2046616939
:1097A0006C656420746F2073746172742072656DCF
:1097B0006F746520435320464145207461626C6597
:1097C0002065786368616E67652028657272202560
:1097D00064290A0025633A2043616E6E6F7420632A
:1097E0006F6E74696E756520776974686F75742023
:1097F0007468652072657175697265642072656D43
:109800006F746520435320464145207461626C6546
:109810000A0025633A205065657220737570706F79
:1098200072747320435320776974686F757420468F
:1098300041453B2072656D6F74652046414520654A
:10984000786368616E6765206973206E6F7420723B
:10985000657175697265642E0A0025633A20466158
:10986000696C656420746F20637265617465204360
:109870005320636F6E6669672028657272202564C5
:10988000290A0025633A204661696C656420746F7B
:109890002073746172742043532053656375726939
:1098A00074792028657272202564290A0025633A9C
:1098B0002043532070726F63656475726520706118
:1098C00072616D65746572733A206D61785F6C6565
:1098D0006E3D25752C20696E74657276616C3D2530
:1098E000752C20636F756E743D25752C2073756221
:1098F0006576656E743D393832302075732C207072
:109900006565725F616E74656E6E613D332C2050CB
:1099100048593D25730A0025633A204661696C6504
:109920006420746F207365742070726F6365647552
:10993000726520706172616D65746572732028654F
:109940007272202564290A0025633A2057616974E0
:10995000696E6720666F7220416E64726F69642061
:109960004C4C2070726F6365647572657320746F00
:1099700020736574746C650A0025633A204661693A
:109980006C656420746F2071756575652043532084
:1099900070726F63656475726520656E61626C6577
:1099A0002028657272202564290A0025633A205414
:1099B000696D6564206F75742077616974696E677D
:1099C00020666F722043532070726F6365647572F6
:1099D0006520656E61626C6520636F6D706C657487
:1099E000696F6E0A0025633A2043532070726F63DB
:1099F000656475726520656E61626C652073746F55
:109A000070706564206F6E204843492073746174E0
:109A10007573203078253032780A0025633A204368
:109A2000532070726F63656475726520636F6C6C30
:109A30006973696F6E3B207265747279696E672015
:109A4000696E2031207365636F6E64202825642F52
:109A50002564290A0025633A2043532070726F63FE
:109A6000656475726520656E61626C65206B6570FA
:109A70007420636F6C6C6964696E672077697468C1
:109A800020416E64726F69640A0025633A20466162
:109A9000696C656420746F20656E61626C6520433B
:109AA000532070726F6365647572657320616674AC
:109AB000657220726574727920286572722025643F
:109AC000290A0025633A204C617465737420646927
:109AD0007374616E636520657374696D6174657319
:109AE000206F6E20616E74656E6E612070617468A7
:109AF0002025753A20696666743A20252E32662C38
:109B00002070686173655F736C6F70653A20252EF5
:109B100032662C207274743A20252E3266206D65D0
:109B2000746572730A0025633A20416E64726F692E
:109B300064205241532073657276696365206469BD
:109B400073636F76657279206661696C656420283D
:109B5000657272202564290A004861742073686167
:109B60007065005820736861706500416C676F72A2
:109B70006974686D2023336200416C676F72697489
:109B8000686D20233363004C4520314D20504859E7
:109B9000004C4520324D20504859004C4520324D54
:109BA0002032425420504859004141206F6E6C7958
:109BB0000033322D62697420736F756E64696E674D
:109BC0000039362D62697420736F756E64696E6733
:109BD0000033322D6269742072616E646F6D0036DD
:109BE000342D6269742072616E646F6D0039362D98
:109BF0006269742072616E646F6D003132382D625B
:109C000069742072616E646F6D00496E6974696178
:109C1000746F72005265666C6563746F7200617078
:109C2000705F6D61696E0025633A2054696D6564EB
:109C3000206F75742077616974696E6720666F7232
:109C40002025730A005458204F4F422077726974C0
:109C5000650025633A2025730A004F4F4220777232
:109C600069746520726573706F6E73650025633A61
:109C7000205265666C6563746F72204F4F42206995
:109C80006E6469636174696F6E2073756273637269
:109C9000697074696F6E2072656D6F7665640A0015
:109CA0005258204F4F4220696E6469636174696F36
:109CB0006E0025633A20416E64726F69642072659C
:109CC00073706F6E64657220646964206E6F7420B7
:109CD0007265706F727420424C4520435320737537
:109CE00070706F72740A0025633A204F4F422063F0
:109CF00061706162696C69747920726573706F6EEE
:109D000073653A20435320736563757269747920D3
:109D10006C6576656C2025752073656C656374656C
:109D2000640A00416E64726F696420726573706FBB
:109D30006E64657220616464726573732028626961
:109D4000672D656E6469616E290025633A20416E56
:109D500064726F696420726573706F6E64657220DF
:109D60007265706F72746564206E6F2075736162C6
:109D70006C65204353207365637572697479206C38
:109D80006576656C0A0025633A204F7074696F6EC2
:109D9000616C204F4F4220636F6E66696775726118
:109DA00074696F6E20726573706F6E736520726573
:109DB0006365697665640A0025633A205265666CBE
:109DC0006563746F722052582063686172616374B6
:109DD00065726973746963206973206D697373694F
:109DE0006E670A0025633A205265666C6563746F7E
:109DF000722052582076616C75652068616E646CC3
:109E000065206973206D697373696E670A00256345
:109E10003A205265666C6563746F722054582063F3
:109E200068617261637465726973746963206973D0
:109E3000206D697373696E670A0025633A20526565
:109E4000666C6563746F722054582076616C75651A
:109E50002068616E646C65206973206D6973736935
:109E60006E670A0025633A205265666C6563746FFD
:109E7000722054582043434344206973206D697312
:109E800073696E670A0025633A205258204F4F428B
:109E9000207772697465206661696C656420284169
:109EA00054542065727220307825303278290A00A7
:109EB00025633A20545820696E6469636174696F40
:109EC0006E2043434344207772697465206661695C
:109ED0006C656420284154542065727220307825C6
:109EE000303278290A007265666C6563746F72207F
:109EF0007365727669636520646973636F766572F2
:109F0000790025633A205265666C6563746F722030
:109F10004F4F42207365727669636520646973638D
:109F20006F76657265640A00545820696E646963CF
:109F30006174696F6E20737562736372697074699E
:109F40006F6E0025633A205265666C6563746F72AC
:109F5000204F4F4220696E6469636174696F6E734C
:109F600020656E61626C65640A004F4F4220636138
:109F7000706162696C69747920726573706F6E7359
:109F800065004E6F7264696320696E6974696174FB
:109F90006F72206164647265737320286269672D33
:109FA000656E6469616E290025633A20416E6472B2
:109FB0006F69642052616E67696E67204F4F42205F
:109FC0006E65676F74696174696F6E20636F6D7021
:109FD0006C6574650A00010002007265666C656359
:109FE000746F725F6F6F6200574553545F544F50E8
:109FF0004449522F7A65706879722F6C69622F68B4
:10A000006561702F686561702E63006362707269AC
:10A010006E74665F7061636B61676500574553548A
:10A020005F544F504449522F7A65706879722F6996
:10A030006E636C7564652F7A65706879722F6B65D5
:10A04000726E656C2E68004661696C656420746F81
:10A05000207265626F6F743A207370696E6E696EFC
:10A060006720656E646C6573736C792E2E2E0A0002
:10A070007379735F6765746F707400574553545FED
:10A08000544F504449522F7A65706879722F6C6929
:10A09000622F7574696C732F6F6E6F66662E630026
:10A0A000574553545F544F504449522F7A65706856
:10A0B00079722F696E636C7564652F7A6570687943
:10A0C000722F7370696E6C6F636B2E680057455307
:10A0D000545F544F504449522F7A65706879722FFB
:10A0E0006C69622F7574696C732F6E6F7469667911
:10A0F0002E630025633A204E5653206E6F742069FC
:10A100006E697469616C697A65640A0025633A2036
:10A11000436F756C64206E6F74206F627461696E3A
:10A1200020666C61736820706172616D6574657220
:10A13000730A0025633A20556E737570706F7274E0
:10A14000656420777269746520626C6F636B20733D
:10A15000697A650A0025633A20536563746F72203B
:10A1600073697A6520257520746F6F206C61726742
:10A17000652C206D6178696D756D20697320257A75
:10A18000750A0025633A20556E61626C6520746F14
:10A1900020676574207061676520696E666F0A00CC
:10A1A00025633A20496E76616C6964207365637437
:10A1B0006F722073697A650A0025633A20436F6ED7
:10A1C00066696775726174696F6E206572726F720D
:10A1D000202D20736563746F7220636F756E740A2F
:10A1E0000025633A20256420536563746F727320E1
:10A1F0006F662025642062797465730A0025633ACE
:10A2000020616C6C6F63207772613A2025642C208A
:10A2100025780A0025633A206461746120777261B1
:10A220003A2025642C2025780A0025633A204743EC
:10A2300020446F6E65206D61726B657220666F756C
:10A240006E640A0025633A204E6F20474320446F16
:10A250006E65206D61726B657220666F756E643A13
:10A260002072657374617274696E672067630A0097
:10A2700066735F6E76730025633A2000253032786E
:10A280002000202020007C002563004557494457CA
:10A290004553545F544F504449522F7A6570687942
:10A2A000722F7375627379732F73657474696E6737
:10A2B000732F7372632F73657474696E67732E6383
:10A2C0000025633A207365742D76616C7565206690
:10A2D00061696C7572652E206B65793A2025732053
:10A2E0006572726F72282564290A0025633A20532B
:10A2F000697A65206F6620434F4E4649475F464C5A
:10A300004153485F46494C4C5F4255464645525F73
:10A3100053495A450A0025633A204E6567617469BE
:10A320007665206F6666736574206E6F7420616C4D
:10A330006C6F7765640A0A0025633A20496E636F83
:10A3400072726563742073697A65206F72206F661C
:10A350006673657420616C69676E6D656E742C2020
:10A36000657870656374656420257A780A0A00252B
:10A37000633A2046696C6C20746F206465762025F2
:10A3800070206661696C6564206174206F66667315
:10A390006574203078257A780A0A00666C617368E3
:10A3A000002A2A2A20426F6F74696E67206E524617
:10A3B00020436F6E6E6563742053444B2076332EBA
:10A3C000332E312D202A2A2A0A002A2A2A205573C0
:10A3D000696E67205A6570687972204F5320763411
:10A3E0002E332E39392D202A2A2A0A00425420479A
:10A3F00041545420444D20575100574553545F5405
:10A400004F504449522F6E72662F73756273797381
:10A410002F626C7565746F6F74682F676174745FF9
:10A42000646D2E630025633A20556E737570706FEE
:10A4300072746564205555494420747970652E0AFC
:10A440000025633A204E6F20737061636520666F4C
:10A4500072206E6577206174747269627574652EFE
:10A460000A0025633A204E6F207370616365206691
:10A470006F722061747472696275746520646174AE
:10A48000612E0A0025633A20556E696E6974696110
:10A490006C697A656420555549442E0A0025633A53
:10A4A000204E6F20737061636520666F722061209B
:10A4B000555549442E0A0025633A20417474726947
:10A4C0006275746573206E6F74206C6F636B656466
:10A4D0000A0025633A204741545420646973636F2E
:10A4E000766572206661696C65642C206572726F96
:10A4F000723A2025642E0A0025633A20556E65784D
:10A5000070656374656420636F6E6E206F626A6548
:10A5100063742E2041626F7274696E672E0A002583
:10A52000633A204E6F7420656E6F756768206D65A5
:10A530006D6F727920666F722073657276696365DC
:10A54000206174747269627574652E0A0025633A1D
:10A55000204E6F7420656E6F756768206D656D6F36
:10A56000727920666F722073657276696365206107
:10A57000747472696275746520646174612E0A0076
:10A5800025633A204E6F7420656E6F756768206D85
:10A59000656D6F727920666F72206E6578742061C8
:10A5A000747472696275746520646573637269702E
:10A5B000746F722061742068616E646C652025750B
:10A5C0002E0A0025633A20446973636F7665722012
:10A5D0006661696C65642C206572726F723A202521
:10A5E000642E0A0004081162745F676174745F640A
:10A5F0006D000204106E72665F62745F7363616E59
:10A600000063735F64650025633A2052616E676979
:10A610006E67206461746120636F6D706C65746532
:10A62000642077697468206D697373696E6720733D
:10A6300065676D656E74730A0025633A2052616E1A
:10A6400067696E672044617461206E6F7469666922
:10A65000636174696F6E20726563656976656420F5
:10A66000696E76616C696420726F6C6C696E675F8D
:10A670007365676D656E745F636F756E7465722068
:10A6800025640A0025633A204E6F20737570706F41
:10A69000727420666F7220726563656976696E6791
:10A6A000207365676D656E7473206F7574206F66B7
:10A6B000206F726465722C206578706563746564C0
:10A6C00020636F756E7465722025642C207265633B
:10A6D000656976656420636F756E746572202564A4
:10A6E0000A0025633A2052616E67696E67206461D3
:10A6F0007461206F757420627566666572206E6F76
:10A7000074206C6172676520656E6F75676820667E
:10A710006F72206E657874207365676D656E740A5C
:10A720000025633A20537562736372696265207411
:10A730006F206363635F68616E646C6520256420CD
:10A740006661696C65642C206572722025640A005C
:10A7500025633A204F6E2D64656D616E64207261D1
:10A760006E67696E672064617461206E6F746966DC
:10A7700069636174696F6E2072656365697665648B
:10A7800020776974686F7574206173736F63696192
:10A79000746564205252455120636F6E74657874FD
:10A7A0002C20756E7375627363726962696E670AD5
:10A7B0000025633A2052616E67696E672064617498
:10A7C00061206E6F74696669636174696F6E20726F
:10A7D0006563656976656420776974686F75742050
:10A7E000726571756972656420627566666572204E
:10A7F0006F722063616C6C6261636B2C20756E7389
:10A8000075627363726962696E670A0025633A2034
:10A81000556E6578706563746564204F6E2D646550
:10A820006D616E642052616E67696E672044617469
:10A8300061206E6F74696669636174696F6E2072FE
:10A84000656365697665640A0025633A204F6E2D5D
:10A8500064656D616E642052616E67696E67204445
:10A86000617461206E6F74696669636174696F6E8B
:10A87000207265636569766564206166746572201F
:10A880006C617374207365676D656E740A0025636F
:10A890003A204F6E2D64656D616E642052616E6763
:10A8A000696E672044617461206E6F7469666963C4
:10A8B0006174696F6E20726563656976656420698D
:10A8C0006E76616C6964206C656E6774680A002539
:10A8D000633A205265616C2D74696D652072616EFA
:10A8E00067696E672064617461206E6F7469666960
:10A8F000636174696F6E2072656365697665642053
:10A90000776974686F7574206173736F63696174BC
:10A910006564205252455120636F6E746578742CC3
:10A9200020756E7375627363726962696E670A007F
:10A9300025633A205265616C2D74696D6520526102
:10A940006E67696E672044617461206E6F7469661A
:10A9500069636174696F6E207265636569766564A9
:10A9600020696E76616C6964206C656E6774680A34
:10A970000025633A205265636569766564205261FB
:10A980006E67696E67204461746120526561647905
:10A9900020496E6469636174696F6E2077697468B9
:10A9A00020696E76616C69642073697A650A002596
:10A9B000633A2052616E67696E672064617461203A
:10A9C0007265616479206E6F746966696361746928
:10A9D0006F6E207265636569766564207769746857
:10A9E0006F7574206173736F63696174656420525D
:10A9F00052455120636F6E746578742C20756E73A8
:10AA000075627363726962696E670A0025633A2032
:10AA100052616E67696E672044617461204F76658C
:10AA2000727772697474656E20496E6469636174CB
:10AA3000696F6E2073697A65206572726F720A00A1
:10AA400025633A2052616E67696E672064617461A4
:10AA5000206F7665727772697474656E206E6F749C
:10AA6000696669636174696F6E2072656365697692
:10AA7000656420776974686F7574206173736F63A0
:10AA80006961746564205252455120636F6E74652C
:10AA900078742C20756E7375627363726962696E67
:10AAA000670A0025633A204E6F2072656164206357
:10AAB000616C6C6261636B2070726573656E740AA1
:10AAC0000025633A20526561642076616C756520CB
:10AAD0006572726F723A2025640A0025633A20522B
:10AAE0004153204350206E6F7469666963617469D5
:10AAF0006F6E207265636569766564207769746836
:10AB00006F7574206173736F63696174656420523B
:10AB100052455120636F6E746578742C20756E7386
:10AB200075627363726962696E670A0025633A2011
:10AB3000526563656976656420636F6D706C6574DA
:10AB4000652072616E67696E67206461746120724E
:10AB50006573706F6E7365207769746820696E76AF
:10AB6000616C6964206C656E6774683A2025640ABC
:10AB70000025633A20526563656976656420636FDA
:10AB80006D706C6574652072616E67696E672064B4
:10AB900061746120726573706F6E7365207769747C
:10ABA0006820756E65787065637465642072616E87
:10ABB00067696E6720636F756E7465722025640A1D
:10ABC0000025633A2041434B2072616E67696E67CE
:10ABD0002064617461207772697465206661696CB4
:10ABE00065642C206572722025642E20456E646990
:10ABF0006E672064617461207265636569766520A3
:10AC000070726F6365737320686572652C20706560
:10AC100065722077696C6C206A7573742068617640
:10AC20006520746F207761697420666F7220746983
:10AC30006D656F75742E0A0025633A205265636551
:10AC40006976656420726573706F6E7365206F70CE
:10AC5000636F6465207769746820696E76616C69DA
:10AC600064206C656E6774683A2025640A00256369
:10AC70003A20556E6578706563746564205265731B
:10AC8000706F6E736520636F6465207265636569BC
:10AC90007665642025640A00574553545F544F502D
:10ACA0004449522F6E72662F7375627379732F62E7
:10ACB0006C7565746F6F74682F7365727669636500
:10ACC000732F7261732F727265712F7261735F726D
:10ACD0007265712E630025633A2041434B20526117
:10ACE0006E67696E67204461746120726574757265
:10ACF0006E656420616E206572726F722025642E0D
:10AD000020546869732073686F756C64206861767D
:10AD100065206E6F20696D706163742C20736F20E5
:10AD2000636F6E74696E75652E0A0025633A205252
:10AD30006563656976656420756E6B6E6F776E20EE
:10AD40005241532D4350206F70636F64653A202544
:10AD5000640A0025633A204661696C656420746F5B
:10AD600020756E73756273637269626520746F20FB
:10AD70005241532D43503A2025640A0025633A205E
:10AD80004661696C656420746F20756E73756273BB
:10AD9000637269626520746F206F6E64656D616EA9
:10ADA000642072616E67696E6720646174613A2025
:10ADB00025640A0025633A204661696C6564207445
:10ADC0006F20756E73756273637269626520746F4C
:10ADD000207265616C2D74696D652072616E6769A2
:10ADE0006E6720646174613A2025640A0025633A25
:10ADF000204661696C656420746F20756E7375629E
:10AE000073637269626520746F2072616E67696E28
:10AE10006720646174612072656164793A202564F9
:10AE20000A0025633A204661696C656420746F20CE
:10AE3000756E73756273637269626520746F2072D8
:10AE4000616E67696E672064617461206F766572F8
:10AE50007772697474656E3A2025640A0025633A36
:10AE600020436F756C64206E6F74206C6F63617427
:10AE700065206D616E6461746F7279204F6E2D6410
:10AE8000656D616E642072616E67696E67206461D2
:10AE90007461206368617261637465726973746957
:10AEA000630A0025633A20436F756C64206E6F74EB
:10AEB000206C6F63617465206D616E6461746F7284
:10AEC00079204F6E2D64656D616E642072616E67CE
:10AED000696E672064617461206465736372697070
:10AEE000746F720A0025633A20436F756C64206E9C
:10AEF0006F74206C6F63617465206D616E64617442
:10AF00006F7279204F6E2D64656D616E6420726181
:10AF10006E67696E672064617461204343430A0071
:10AF200025633A20436F756C64206E6F74206C6FDC
:10AF300063617465205265616C2D74696D65207262
:10AF4000616E67696E672064617461206368617215
:10AF5000616374657269737469630A0025633A20DA
:10AF6000436F756C64206E6F74206C6F63617465E1
:10AF7000205265616C2D74696D652072616E676920
:10AF80006E672064617461206465736372697074B4
:10AF90006F720A0025633A20436F756C64206E6FF0
:10AFA00074206C6F63617465205265616C2D7469E7
:10AFB0006D652072616E67696E67206461746120DF
:10AFC0004343430A0025633A20436F756C64206E47
:10AFD0006F74206C6F63617465206D616E64617461
:10AFE0006F72792072616E67696E67206461746147
:10AFF000207265616479206368617261637465724F
:10B0000069737469630A0025633A20436F756C6441
:10B01000206E6F74206C6F63617465206D616E6467
:10B0200061746F72792072616E67696E6720646106
:10B0300074612072656164792064657363726970FC
:10B04000746F720A0025633A20436F756C64206E3A
:10B050006F74206C6F63617465206D616E646174E0
:10B060006F72792072616E67696E672064617461C6
:10B07000207265616479204343430A0025633A20C6
:10B08000436F756C64206E6F74206C6F63617465C0
:10B09000206D616E6461746F72792072616E676990
:10B0A0006E672064617461206F766572777269746F
:10B0B00074656E206368617261637465726973742C
:10B0C00069630A0025633A20436F756C64206E6FD4
:10B0D00074206C6F63617465206D616E6461746F60
:10B0E00072792072616E67696E6720646174612095
:10B0F0006F7665727772697474656E2064657363C8
:10B10000726970746F720A0025633A20436F756C20
:10B1100064206E6F74206C6F63617465206D616E66
:10B120006461746F72792072616E67696E67206402
:10B13000617461206F7665727772697474656E20D0
:10B140004343430A0025633A20436F756C64206EC5
:10B150006F74206C6F63617465206D616E646174DF
:10B160006F727920524153204350206368617261AD
:10B170006374657269737469630A0025633A2043D6
:10B180006F756C64206E6F74206C6F6361746520E2
:10B190006D616E6461746F72792052415320435027
:10B1A0002064657363726970746F720A0025633A74
:10B1B00020436F756C64206E6F74206C6F636174D4
:10B1C00065206D616E6461746F7279205241532005
:10B1D0004350204343430A0025633A20436F756C74
:10B1E00064206E6F74206C6F63617465206D616E96
:10B1F0006461746F727920524153204665617475A1
:10B2000072657320636861726163746572697374D7
:10B2100069630A0025633A20436F756C64206E6F82
:10B2200074206C6F63617465206D616E6461746F0E
:10B23000727920524153204665617475726573209E
:10B2400064657363726970746F720A0025633A20D3
:10B250004E6F207065657220737465702064617430
:10B26000612070726F76696465642E0A0025633A06
:10B2700020547269656420746F2070617273652058
:10B28000656D7074792070656572207374657020C7
:10B29000646174612E0A0025633A204E6F206C6F42
:10B2A00063616C20737465702064617461207072D6
:10B2B0006F76696465642E0A0025633A20547269CA
:10B2C000656420746F20706172736520656D7074A1
:10B2D00079206C6F63616C20737465702064617495
:10B2E000612E0A0025633A20456D707479207065DF
:10B2F0006572207374657020646174612062756684
:10B300002077686572652073746570732077657245
:10B31000652065787065637465642E0A0025633A5C
:10B32000204C6F63616C207374657020646174617C
:10B330002061707065617273206D616C666F726DF3
:10B3400065642E0A0025633A205065657220737487
:10B350006570206461746120617070656172732032
:10B360006D616C666F726D65642E0A0025633A200C
:10B370004D69736D61746368206F66206C6F6361E3
:10B380006C20616E64207065657220737465702036
:10B390006D6F646520256420213D2025640A002509
:10B3A000633A20456E636F756E7465726564207ACA
:10B3B00065726F2D6C656E6774682073746570209C
:10B3C000646174612E0A0025633A2050656572201D
:10B3D000737465702061626F727465640A0025631E
:10B3E0003A2050656572206F72206C6F63616C202B
:10B3F00062756666657273206E6F742066756C6C1C
:10B400007920647261696E65642061742074686576
:10B4100020656E64206F662070617273696E672E9E
:10B420000A007261735F727265710025633A20725F
:10B43000302F61313A202030782530387820207242
:10B44000312F61323A202030782530387820207230
:10B45000322F61333A20203078253038780A0025A1
:10B46000633A2072332F61343A2020307825303807
:10B4700078207231322F69703A20203078253038A8
:10B4800078207231342F6C723A2020307825303891
:10B49000780A0025633A2020787073723A202030B1
:10B4A00078253038780A0025633A20735B253264AA
:10B4B0005D3A20203078253038782020735B2532A3
:10B4C000645D3A20203078253038782020735B2561
:10B4D00032645D3A20203078253038782020735B44
:10B4E0002532645D3A20203078253038780A0025EE
:10B4F000633A2066707363723A20203078253038C2
:10B50000780A0025633A204661756C74696E67207D
:10B51000696E737472756374696F6E2061646472AE
:10B5200065737320287231352F7063293A20307883
:10B53000253038780A0025633A20556E68616E64BC
:10B540006C6564204952516E3A2025640A002563D7
:10B550003A202A2A2A2A2A20555341474520464183
:10B56000554C54202A2A2A2A2A0A0025633A2020E8
:10B57000204469766973696F6E206279207A6572FA
:10B580006F0A0025633A202020556E616C69676E52
:10B590006564206D656D6F72792061636365737397
:10B5A0000A0025633A202020537461636B206F7674
:10B5B0006572666C6F772028636F6E74657874208F
:10B5C00061726561206E6F742076616C6964290A0E
:10B5D0000025633A2020204E6F20636F70726F63E6
:10B5E0006573736F7220696E737472756374696FBB
:10B5F0006E730A0025633A202020496C6C656761F0
:10B600006C206C6F6164206F66204558435F524523
:10B610005455524E20696E746F2050430A002563C2
:10B620003A202020496C6C6567616C207573652039
:10B630006F662074686520455053520A0025633AAE
:10B64000202020417474656D707420746F206578BB
:10B65000656375746520756E646566696E656420E2
:10B66000696E737472756374696F6E0A0025633A4C
:10B67000202A2A2A2A2A20425553204641554C5432
:10B68000202A2A2A2A2A0A0025633A2020205374D5
:10B6900061636B696E67206572726F720A00256361
:10B6A0003A202020556E737461636B696E67206564
:10B6B00072726F720A0025633A202020507265630F
:10B6C00069736520646174612062757320657272AC
:10B6D0006F720A0025633A202020424641522041E1
:10B6E0006464726573733A20307825780A002563A4
:10B6F0003A202020496D707265636973652064612A
:10B70000746120627573206572726F720A0025631E
:10B710003A202020496E737472756374696F6E20CD
:10B72000627573206572726F720A0025633A202079
:10B7300020466C6F6174696E672D706F696E74203E
:10B740006C617A79207374617465207072657365B9
:10B7500072766174696F6E206572726F720A00256D
:10B76000633A202A2A2A2A2A204D5055204641553C
:10B770004C54202A2A2A2A2A0A0025633A2020200B
:10B78000537461636B696E67206572726F722028F3
:10B79000636F6E746578742061726561206D69678E
:10B7A0006874206265206E6F742076616C6964290C
:10B7B0000A0025633A2020204461746120416363BC
:10B7C0006573732056696F6C6174696F6E0A00252A
:10B7D000633A2020204D4D464152204164647265F9
:10B7E00073733A20307825780A0025633A202020A8
:10B7F000496E737472756374696F6E20416363651B
:10B8000073732056696F6C6174696F6E0A005745D7
:10B8100053545F544F504449522F7A65706879727F
:10B820002F617263682F61726D2F636F72652F6372
:10B830006F727465785F6D2F6661756C742E63002E
:10B8400052657365727665642045786365707469C6
:10B850006F6E20280053707572696F757320696E62
:10B8600074657272757074202849525120002563E6
:10B870003A20535053454C20696E207468726561BC
:10B8800064206D6F646520646F6573206E6F742033
:10B89000696E646963617465205053500A002563C2
:10B8A0003A202A2A2A2A2A20484152442046415531
:10B8B0004C54202A2A2A2A2A0A0025633A202020CA
:10B8C000427573206661756C74206F6E20766563B7
:10B8D000746F72207461626C6520726561640A0025
:10B8E00025633A2020204465627567206576656E81
:10B8F000740A0025633A2020204661756C74206527
:10B900007363616C6174696F6E2028736565206272
:10B91000656C6F77290A0025633A20415243485FDE
:10B9200045584345505420776974682072656173A7
:10B930006F6E2025780A0A0025633A202A2A2A2ACF
:10B940002A204465627567206D6F6E69746F72207E
:10B95000657863657074696F6E202A2A2A2A2A0A1C
:10B960000025633A202A2A2A2A2A202573202564C2
:10B9700029202A2A2A2A2A0A00574553545F544F5D
:10B98000504449522F7A65706879722F61726368EA
:10B990002F61726D2F636F72652F636F727465789C
:10B9A0005F6D2F6972715F6D616E6167652E6300F7
:10B9B0006D70750025633A204661696C656420747A
:10B9C0006F20616C6C6F63617465206E6577204DCC
:10B9D000505520726567696F6E2025750A0A00252B
:10B9E000633A20506172746974696F6E2025753AEC
:10B9F0002073616E69747920636865636B2066618A
:10BA0000696C65642E0A0025633A20496E76616C84
:10BA1000696420756E6465726C79696E6720726501
:10BA200067696F6E20696E6465782025750A005716
:10BA30004553545F544F504449522F7A657068798A
:10BA4000722F617263682F61726D2F636F72652F41
:10BA50006D70752F61726D5F6D70752E6300464C51
:10BA60004153485F30005352414D5F3000574553BA
:10BA7000545F544F504449522F7A65706879722F41
:10BA80006C69622F6C6962632F7069636F6C6962A5
:10BA9000632F6173736572742E6300657869740037
:10BAA000574553545F544F504449522F7A6570683C
:10BAB00079722F6C69622F6E65745F6275662F6292
:10BAC00075662E63006E65745F6275660057455338
:10BAD000545F544F504449522F7A65706879722FE1
:10BAE0006C69622F6E65745F6275662F6275665F42
:10BAF00073696D706C652E63006E65745F62756648
:10BB00005F73696D706C6500736F63000000000007
:10BB1000000000FFFFFFFFFFFF00000000000030FB
:10BB200031323334353637383961626364656600E3
:10BB300062745F7270610025633A20496E737566A6
:10BB400066696369656E74206E756D626572206FDB
:10BB50006620617267756D656E74730A0025633ABD
:10BB60002049676E6F72696E67206964656E7469DB
:10BB7000746965732073746F72656420696E2066E2
:10BB80006C6173680A0025633A20496E76616C69BE
:10BB900064206C656E677468204944206164647237
:10BBA00065737320696E2073746F726167650A0034
:10BBB00062742F25732F2530327825303278253066
:10BBC0003278253032782530327825303278257534
:10BBD0002F25730062742F25732F2530327825307E
:10BBE0003278253032782530327825303278253059
:10BBF000327825750025633A2073657474696E6721
:10BC0000735F7375627379735F696E6974206661BF
:10BC1000696C65642028657272202564290A0062B7
:10BC2000742F25730025633A204661696C65642092
:10BC3000746F2073617665204944202865727220F4
:10BC40002564290A0025633A20556E61626C6520DF
:10BC5000746F20736574757020616E206964656E01
:10BC60007469747920616464726573730A00627424
:10BC70000062745F73657474696E67730042542068
:10BC80004C572057510002FB349B5F80000080001E
:10BC900010000000000000574553545F544F5044BB
:10BCA00049522F7A65706879722F73756273797350
:10BCB0002F626C7565746F6F74682F686F73742F63
:10BCC0006275662E6300574553545F544F50444984
:10BCD000522F7A65706879722F696E636C7564652E
:10BCE0002F7A65706879722F626C7565746F6F74E6
:10BCF000682F6275662E680062745F627566002543
:10BD0000633A206D616C666F726D65642061647664
:10BD10006572746973696E6720646174612025754A
:10BD2000202F2025750A0062745F6461746100250C
:10BD3000633A204461746120627566666572206FA3
:10BD4000766572666C6F7720286C696E6B207479EB
:10BD5000706520307825303278290A0025633A2032
:10BD6000546F6F20736D616C6C202825752062798B
:10BD700074657329206576656E74203078253032BD
:10BD8000780A0025633A20556E61626C6520746FF5
:10BD9000206C6F6F6B20757020636F6E6E207769FB
:10BDA00074682068616E646C652025750A002563DF
:10BDB0003A204572726F72207768696C65207570E1
:10BDC000646174696E6720746865207363616E6E68
:10BDD000657220282564290A0025633A20556E6182
:10BDE000626C6520746F206C6F6F6B757020636F71
:10BDF0006E6E20666F722068616E646C65202575BA
:10BE00000A0025633A20556E6B6E6F776E20636F64
:10BE10006E6E2068616E646C652030782530345811
:10BE200020666F72207472616E736D697420706F1A
:10BE3000776572207265706F72740A0025633A200C
:10BE40004861726477617265206572726F722C202E
:10BE5000686172647761726520636F64653A20255A
:10BE6000640A0025633A20436F756C64206E6F741A
:10BE7000207375626D69742072785F776F726B3AA8
:10BE80002025640A0025633A20696E746572766124
:10BE90006C206578636565647320746865207661DD
:10BEA0006C69642072616E67652025752075730A60
:10BEB0000025633A206C6174656E63792065786350
:10BEC00065656473207468652076616C69642072AE
:10BED000616E6765203078253034780A0025633A32
:10BEE00020737570765F74696D656F757420657801
:10BEF0006365656473207468652076616C6964208D
:10BF000072616E6765203078253034780A002563C9
:10BF10003A20556E68616E646C6564206576656E66
:10BF20007420307825303278206C656E2025753A83
:10BF30002025730A0025633A20556E68616E646C93
:10BF400065642076656E646F722D737065636966D3
:10BF50006963206576656E742030782530327820EC
:10BF60006C656E2025753A2025730A0025633A20FA
:10BF7000496E76616C696420484349206576656E38
:10BF8000742073697A6520282575290A0025633A8B
:10BF900020496E76616C6964204C45206D65746142
:10BFA000206576656E742073697A65202825752969
:10BFB0000A00574553545F544F504449522F7A65F5
:10BFC000706879722F7375627379732F626C7565FF
:10BFD000746F6F74682F686F73742F6863695F6321
:10BFE0006F72652E630025633A20496E76616C6935
:10BFF000642062756620747970652025750A0025B5
:10C00000633A20496E76616C696420484349204157
:10C01000434C207061636B65742073697A652028D6
:10C020002575290A0025633A2041434C2064617438
:10C0300061206C656E677468206D69736D617463EF
:10C04000682028257520213D202575290A002563B3
:10C050003A20556E61626C6520746F2066696E646B
:10C0600020636F6E6E20666F722068616E646C650F
:10C070002025750A0025633A20556E6B6E6F776E2A
:10C080002062756620747970652025750A00256325
:10C090003A204E6F20636F6D6D616E642073656E24
:10C0A0007420666F7220636D6420636F6D706C65C1
:10C0B0007465203078253034780A0025633A204FA3
:10C0C00070436F64652030782530347820636F6D5D
:10C0D000706C6574656420696E7374656164206F4B
:10C0E0006620657870656374656420307825303427
:10C0F000780A0025633A20657674206E756D5F6856
:10C10000616E646C657320283D25752920746F6FFE
:10C11000206C617267652028257A75203E20257580
:10C12000290A0025633A204E6F20636F6E6E6563A7
:10C1300074696F6E20666F722068616E646C652032
:10C1400025750A0025633A207061636B657473205E
:10C15000636F756E74206D69736D617463680A0036
:10C1600025633A204661696C656420746F207365AD
:10C170007420726571756972656420736563757288
:10C18000697479206C6576656C0A0025633A204EE7
:10C190006F206368616E676520746F20656E6372DF
:10C1A000797074696F6E2073746174652028656E90
:10C1B000637279707420307825303278290A0075DE
:10C1C0006E6B6E6F776E005B305D005344430025ED
:10C1D000633A20484349207472616E73706F7274C1
:10C1E0003A2025730A0025633A204964656E746914
:10C1F000747925733A2025730A0025633A2049642F
:10C20000656E746974795B25645D3A2025730A0054
:10C2100025633A204843493A2076657273696F6E08
:10C2200020257320283078253032782920726576D1
:10C230006973696F6E203078253034782C206D61F9
:10C240006E7566616374757265722030782530345E
:10C25000780A0025633A204C4D503A207665727377
:10C26000696F6E2025732028307825303278292098
:10C27000737562766572203078253034780A005AFA
:10C2800065706879720025633A20556E61626C654D
:10C2900020746F2073656E6420746F2064726976F9
:10C2A00065722028657272202564290A0025633A88
:10C2B000206F70636F646520307825303478207388
:10C2C0007461747573203078253032782025730AB4
:10C2D0000025633A204661696C656420746F2072A2
:10C2E00065616420444C45206D617820646174610F
:10C2F000206C656E0A0025633A2074785F6F637462
:10C30000657473206578636565647320746865205F
:10C3100076616C69642072616E67652025750A001C
:10C3200025633A2074785F74696D6520657863656C
:10C33000656473207468652076616C69642072613D
:10C340006E67652025750A0025633A204E6F2070C0
:10C35000656E64696E672063656E7472616C2063DC
:10C360006F6E6E656374696F6E0A0025633A2043D1
:10C370006F6E6E656374696F6E2063726561746958
:10C380006F6E2074696D656F75742074726967676C
:10C39000657265640A0025633A204661696C6564CC
:10C3A00020746F207265737461727420696E697491
:10C3B0006961746F720A0025633A20556E65787062
:10C3C00065637465642073746174757320307825B7
:10C3D0003032782025730A0025633A204E6F207092
:10C3E000656E64696E6720636F6E6E20666F722083
:10C3F000706565722025730A0025633A204E6F6EC2
:10C400002D4C452063617061626C6520636F6E74B2
:10C41000726F6C6C65722064657465637465642109
:10C420000A0025633A204E756D206F6620436F6EBB
:10C4300074726F6C6C657227732041434C2070617D
:10C44000636B65747320213D2041434C2062745F0F
:10C45000636F6E6E5F747820636F6E74657874734B
:10C460002028257520213D202575290A0025633ABD
:10C470002041434C2042522F45445220627566664B
:10C48000657273206E6F7420696E697469616C697E
:10C490007A65640A0025633A2056656E646F7220DF
:10C4A00048434920657874656E73696F6E73206EBA
:10C4B0006F7420617661696C61626C650A00256346
:10C4C0003A20485720506C6174666F726D3A20258F
:10C4D000732028307825303478290A0025633A20E3
:10C4E00048572056617269616E743A20257320287E
:10C4F000307825303478290A0025633A204669725D
:10C500006D776172653A20257320283078253032A6
:10C5100078292056657273696F6E2025752E2575F2
:10C52000204275696C642025750A0025633A20460F
:10C5300061696C656420746F207265616420737535
:10C5400070706F727465642076656E646F722063BC
:10C550006F6D6D616E64730A0025633A20466169F0
:10C560006C656420746F20726561642073757070EF
:10C570006F727465642076656E646F7220666561A3
:10C5800074757265730A0025633A204E6F20494422
:10C5900020616464726573732E20417070206D7524
:10C5A00073742063616C6C2073657474696E677357
:10C5B0005F6C6F616428290A0025633A204843496B
:10C5C00020647269766572206973206E6F742072C0
:10C5D000656164790A004254205258205751002561
:10C5E000633A2048434920647269766572206F700F
:10C5F000656E206661696C656420282564290A00DF
:10C6000025633A204F7574206F6620636F6D6D61EE
:10C610006E6420627566666572730A0025633A204F
:10C62000556E61626C6520746F20616C6C6F636124
:10C630007465206275666665720A0025633A205546
:10C640006E657870656374656420484F53545F4E1F
:10C65000554D5F434F4D504C455445445F50414309
:10C660004B4554532C2073746174757320307825B6
:10C670003032782025730A0025633A20556E636CAA
:10C6800065617265642070656E64696E67207365AC
:10C690006E745F636D640A0091FBFBF3F4FBFBFBBC
:10C6A000FBEA00090909090102090909090909093F
:10C6B00009090909070909090909060909090909EF
:10C6C000090909090909090909090905312E306211
:10C6D00000312E3100312E3200322E3000322E3118
:10C6E00000332E3000342E3000342E3100342E3200
:10C6F00000352E3000352E3100352E3200352E33E8
:10C7000000352E3400362E3000362E3100362E32D3
:10C7100000362E33005374616E6461726420426C83
:10C720007565746F6F746820636F6E74726F6C6C74
:10C7300065720056656E646F72207370656369661A
:10C74000696320636F6E74726F6C6C65720046690A
:10C75000726D77617265206C6F61646572005265FD
:10C760007363756520696D616765007265736572D5
:10C77000766564006E5246353178006E5246353229
:10C7800078006E5246353378006E5246353448781C
:10C79000006E524635344C7800496E74656C204307
:10C7A0006F72706F726174696F6E004E6F72646940
:10C7B000632053656D69636F6E647563746F720097
:10C7C0004E58502053656D69636F6E647563746F66
:10C7D0007273004573707265737369662053797361
:10C7E00074656D730062745F6863695F636F72651F
:10C7F0000025633A20636D6420646973616C6C6F1B
:10C800007765640A00574553545F544F504449526A
:10C810002F7A65706879722F7375627379732F62DE
:10C820006C7565746F6F74682F686F73742F6964AB
:10C830002E630025633A204661696C656420746F3D
:10C840002064697361626C652061646472657373EE
:10C85000207265736F6C7574696F6E0A0025633A98
:10C86000205265736F6C76696E67206C69737420F3
:10C8700073697A652065786365656465642E205305
:10C880007769746368696E6720746F20686F73746A
:10C890002E0A0025633A204661696C656420746F36
:10C8A00020636C656172207265736F6C7574696F5B
:10C8B0006E206C6973740A0025633A204661696CC6
:10C8C000656420746F206164642049524B20746F4A
:10C8D00020636F6E74726F6C6C65720A0025633A28
:10C8E000205365742070726976616379206D6F647E
:10C8F0006520636F6D6D616E64206973206E6F7467
:10C9000020737570706F727465640A0025633A2035
:10C910004661696C656420746F2073657420707261
:10C920006976616379206D6F64650A0025633A203A
:10C9300044697361626C696E6720616464726573D7
:10C9400073207265736F6C7574696F6E20666169B0
:10C950006C65642028657272202564290A002563AD
:10C960003A204661696C656420746F2072656D6F52
:10C9700076652049524B2066726F6D20636F6E742E
:10C98000726F6C6C65720A0025633A204F6E6C7989
:10C990002072616E646F6D207374617469632069C5
:10C9A00064656E7469747920616464726573732060
:10C9B000737570706F727465640A0025633A20495C
:10C9C0006E76616C696420696E7075742070617236
:10C9D000616D65746572730A0025633A204661696A
:10C9E0006C656420746F2072656164207075626C80
:10C9F000696320616464726573730A0025633A2079
:10CA00005265616420537461746963204164647287
:10CA1000657373657320636F6D6D616E64206E6FF7
:10CA20007420617661696C61626C650A0025633A05
:10CA3000204661696C656420746F207265616420B2
:10CA40007374617469632061646472657373657380
:10CA50000A0025633A204E6F207374617469632065
:10CA60006164647265737365732073746F72656457
:10CA700020696E20636F6E74726F6C6C65720A0051
:10CA800062745F69640025633A20556E657870654D
:10CA90006374656420656E64206F662062756666E7
:10CAA00065720A00030502000A574553545F544F4C
:10CAB000504449522F7A65706879722F696E636CA1
:10CAC0007564652F7A65706879722F7379732F6238
:10CAD0007974656F726465722E680025633A20462A
:10CAE00061696C656420746F2067656E657261743E
:10CAF0006520454343206B65792025640A00256342
:10CB00003A204661696C656420746F206578706FA7
:10CB1000727420454343207075626C6963206B65B5
:10CB2000792025640A0025633A204661696C6564B2
:10CB300020746F206578706F7274204543432070B5
:10CB4000726976617465206B65792025640A002519
:10CB5000633A204661696C656420746F2064657374
:10CB600074726F7920454343206B657920494420D6
:10CB700025640A0025633A204661696C6564207467
:10CB80006F20696D706F72742074686520707269AF
:10CB900076617465206B657920666F72206B6579AC
:10CBA0002061677265656D656E742025640A0025D5
:10CBB000633A20526177206B657920616772656501
:10CBC0006D656E74206661696C65642025640A0079
:10CBD00025633A204661696C656420746F20646542
:10CBE0007374726F7920746865206B657920256491
:10CBF0000A0025633A207073615F696D706F72740B
:10CC00005F6B657928292072657475726E65642082
:10CC10007374617475732025640A0025633A204299
:10CC200075737920706572666F726D696E672061C9
:10CC30006E6F746865722045434448206F7065725A
:10CC40006174696F6E0A00E69D350E480103CCDB06
:10CC5000FDF4AC1191F4EFB9A5F9E9A7832C5E2C92
:10CC6000BE97F2D203B0208BD28915D08E1C7424CB
:10CC700030ED8FC24563765C15525ABF9A32636DB0
:10CC8000EB2A65499C80DC62745F656363005745ED
:10CC900053545F544F504449522F7A6570687972EB
:10CCA0002F7375627379732F626C7565746F6F740F
:10CCB000682F686F73742F636F6E6E2E6300256329
:10CCC0003A204661696C6564207265616420726512
:10CCD0006D6F7465206665617475726573202825B3
:10CCE00064290A0025633A205048592030782530BD
:10CCF0003278206E6F7420737570706F7274656413
:10CD00000A0025633A204661696C6564204C452021
:10CD10005365742050485920282564290A0025634A
:10CD20003A204661696C656420746F2073657420D5
:10CD300064617461206C656E20282564290A0025D1
:10CD4000633A20556E657870656374656420666922
:10CD5000727374204C32434150206672616D650AD3
:10CD60000025633A20556E657870656374656420AC
:10CD70004C3243415020636F6E74696E7561746903
:10CD80006F6E0A0025633A204E6F7420656E6F75D2
:10CD900067682062756666657220737061636520DE
:10CDA000666F72204C3243415020646174610A0006
:10CDB00025633A20556E657870656374656420411B
:10CDC000434C20666C6167732028307825303278B8
:10CDD000290A0025633A2041434C206C656E206D82
:10CDE00069736D6174636820282575203E20257560
:10CDF000290A0028756E6B6E6F776E290025633ADD
:10CE0000206E6F207472616E736974696F6E202575
:10CE1000730A0025633A204572726F722077686941
:10CE20006C652072656D6F76696E6720636F6E6EDC
:10CE300020757365722066726F6D207363616E6E0C
:10CE4000657220282564290A0025633A20496E76F8
:10CE5000616C69642028257529206F6C64207374C7
:10CE60006174650A0025633A20636F6E6E20257039
:10CE7000206661696C656420746F206573746162FB
:10CE80006C6973682E205246206E6F6973653F0A85
:10CE90000025633A206E6F2076616C696420282536
:10CEA00075292073746174652077617320736574CC
:10CEB0000A0025633A20696E636F6D706174696260
:10CEC0006C652068616E646C652025750A002563B9
:10CED0003A2054696D656F7574206469736361727B
:10CEE0006465642E204E6F20626C6F636B696E67A1
:10CEF00020696E2073797377712E0A0025633A20BA
:10CF0000466174616C206572726F722028256429F5
:10CF10002E20446973636F6E6E656374696E67205B
:10CF200025700A0025633A20466F756E642076618D
:10CF30006C696420636F6E6E656374696F6E202820
:10CF40002570292077697468206164647265737341
:10CF500020257320696E2025732073746174652009
:10CF60000A0025633A202A636F6E6E2073686F751E
:10CF70006C6420626520756E7265666572656E63AD
:10CF8000656420616E6420696E697469616C697A98
:10CF9000656420746F204E554C4C0A0025633A207E
:10CFA0004E6F206275666665727320746F206361D0
:10CFB0006E63656C20636F6E6E656374696F6E2C53
:10CFC000207265747279696E6720696E2031302035
:10CFD0006D730A0025633A2053656E64204C45202A
:10CFE000706172616D20757064617465206661693D
:10CFF0006C65642028657272202564290A0000008F
:10D0000001010101010203646973636F6E6E656360
:10D0100074656400646973636F6E6E6563742D6319
:10D020006F6D706C657465007363616E2D6265660B
:10D030006F72652D696E6974696174696E670069E4
:10D040006E6974696174696E672D66696C74657266
:10D050002D6C697374006164762D636F6E6E656309
:10D060007461626C65006164762D6469722D636F12
:10D070006E6E65637461626C6500646973636F6E84
:10D080006E656374696E670062745F636F6E6E00D5
:10D09000574553545F544F504449522F7A65706836
:10D0A00079722F7375627379732F626C7565746F03
:10D0B0006F74682F686F73742F6C326361702E63A6
:10D0C0000025633A204E6F20617661696C61626C65
:10D0D00065204C3243415020636F6E746578742034
:10D0E000666F7220636F6E6E2025700A0025633AAA
:10D0F00020556E61626C6520746F20616C6C6F638B
:10D100006174652062756666657220666F72206F55
:10D1100070203078253032780A0025633A2045782F
:10D1200070656374696E6720757020746F20256464
:10D1300020726566732C20676F742025640A0025B1
:10D14000633A20616C72656164792068617665205C
:10D1500076696577206F6E2025700A0025633A2076
:10D16000546F6F20736D616C6C204C3243415020C2
:10D170007369676E616C696E67205044550A0025BB
:10D18000633A204C32434150206C656E67746820CE
:10D190006D69736D617463682028257520213D20B9
:10D1A0002575290A0025633A20496E76616C696409
:10D1B000206964656E742076616C756520696E20E7
:10D1C0004C32434150205044550A0025633A2049CF
:10D1D0006E76616C6964204C4520636F6E6E2070C2
:10D1E0006172616D207273702073697A65202825E1
:10D1F0007520213D20257A75290A0025633A2049AA
:10D200006E76616C6964204C4520636F6E6E20758C
:10D21000706461746520706172616D207265712047
:10D2200073697A652028257520213D20257A752986
:10D230000A0025633A204E6F7420636F6E6E65633B
:10D240007465640A0025633A2052656A65637469EF
:10D250006E6720756E6B6E6F776E204C3243415057
:10D260002050445520636F64652030782530327833
:10D270000A0025633A20546F6F20736D616C6C2037
:10D280004C324341502050445520726563656976A5
:10D2900065640A0025633A2049676E6F72696E679C
:10D2A000206461746120666F7220756E6B6E6F779B
:10D2B0006E206368616E6E656C204944203078256D
:10D2C0003034780A00636F6E6669670062745F6C61
:10D2D000326361700025633A204661696C656420A1
:10D2E000746F207375626D6974206174745F7478F3
:10D2F0005F64657374726F795F776F726B3A202524
:10D30000640A0025633A20556E61626C6520746F73
:10D310002063726561746520555549443A207369EC
:10D320007A652025750A0025633A20556E61626C86
:10D330006520746F2063726561746520555549449A
:10D340003A2073697A652025640A00574553545F73
:10D35000544F504449522F7A65706879722F737513
:10D36000627379732F626C7565746F6F74682F6860
:10D370006F73742F6174742E630025633A204154D7
:10D3800054204D54552065786365656465642C2090
:10D390006D61782025752C2077616E746564202579
:10D3A0007A750A0025633A204E6F20617661696CB8
:10D3B00061626C652041545420636F6E74657874AB
:10D3C00020666F7220636F6E6E2025700A002563E1
:10D3D0003A204E6F20617661696C61626C65204114
:10D3E0005454206368616E6E656C20666F722063B2
:10D3F0006F6E6E2025700A0025633A20556E6162BB
:10D400006C6520746F2066696E64204154542063FB
:10D4100068616E6E656C0A0025633A2041545420A1
:10D420006368616E6E656C206E6F7420636F6E6EE4
:10D4300065637465640A0025633A204572726F72F1
:10D44000207369676E696E6720646174610A0025E4
:10D45000633A2052616E206F7574206F66205458B5
:10D460002062756666657273206F7220636F6E74DA
:10D47000657874732E0A0025633A20476F7420651F
:10D4800072722025642C206E6F742063616C6C694D
:10D490006E67204154542063620A0025633A204697
:10D4A00061696C656420746F2072652D7375626D9F
:10D4B00069742025733A2025640A0025633A2055B3
:10D4C0006E61626C6520746F2063726561746520A3
:10D4D000636F6E6669726D205044550A0025633A89
:10D4E00020556E61626C6520746F20637265617493
:10D4F000652065727220727370205044550A0025B1
:10D50000633A20546F6F20736D616C6C20415454EA
:10D51000205044552072656365697665640A00256C
:10D52000633A20556E68616E646C656420415454A2
:10D5300020636F6465203078253032780A002563D7
:10D540003A20496E76616C6964206C656E202575A1
:10D5500020666F7220636F646520307825303278E2
:10D560000A0025633A20556E61626C6520746F2055
:10D5700063726561746520727370205044550A00AF
:10D5800025633A204E6F20415454206368616E6ECB
:10D59000656C20666F72204D545520257A750A00FF
:10D5A00025633A204E6F2070656E64696E67204176
:10D5B000545420726571756573740A0025633A20AE
:10D5C000556E61626C6520746F206372656174656D
:10D5D0002072657472792050445520282575290AD7
:10D5E0000025633A20446973636F6E6E65637469E6
:10D5F0006E67206661696C656420286572722025FB
:10D6000064290A0025633A204154542054696D6509
:10D610006F757420666F7220646576696365202576
:10D62000732E20446973636F6E6E656374696E67F1
:10D630002E2E2E0A006174745F74785F64657374B3
:10D64000726F795F776F726B5F68616E646C657221
:10D650000062745F6174740025633A20434D414356
:10D6600020757064617465206661696C656420254D
:10D67000640A0025633A204661696C656420746F12
:10D68000206465636F64652076616C75652028652C
:10D69000727220257A64290A0025633A204661695E
:10D6A0006C656420746F20736176652044617461D9
:10D6B0006261736520486173682028657272202555
:10D6C00064290A00574553545F544F504449522F20
:10D6D0007A65706879722F7375627379732F626CD3
:10D6E0007565746F6F74682F686F73742F676174DA
:10D6F000742E630025633A206661696C656420744A
:10D700006F2073746F7265205343202865727220F6
:10D710002564290A0025633A20756E61626C6520D4
:10D72000746F20736176652053433A206E6F2063D7
:10D730006667206C6566740A0025633A20556E6141
:10D74000626C6520746F206465636F64652061643A
:10D7500064726573732025730A0025633A20496E4D
:10D7600076616C6964206C6F63616C206964656EBE
:10D770007469747920256C750A0025633A20556E0A
:10D7800061626C6520746F20726573746F726520BE
:10D7900053433A206E6F20636667206C6566740A97
:10D7A0000025633A20546F6F206D616E7920436CC1
:10D7B00069656E7420436861726163746572697330
:10D7C00074696320436F6E66696775726174696F0F
:10D7D0006E2E2053656520434F4E4649475F4254A5
:10D7E0005F53455454494E47535F4343435F53543B
:10D7F0004F52455F4D41580A0A0025633A204E6F4B
:10D8000020737061636520746F2073746F7265207C
:10D81000436C69656E7420537570706F72746564C3
:10D820002046656174757265730A0025633A205558
:10D830006E61626C6520746F20726573746F7265BF
:10D840002043463A206E6F20636667206C656674DD
:10D850000A0025633A204368616E67652D61776130
:10D86000726520737461747573206E6F7420666FB7
:10D87000756E6420696E2073657474696E67732CAD
:10D880002064656661756C74696E67207065657289
:10D890002073746174757320746F206368616E67A0
:10D8A000652D756E61776172650A0025633A2052B5
:10D8B000656164206261636B2062616420636861FA
:10D8C0006E67652D61776172652076616C75653A6A
:10D8D00020307825782C2064656661756C74696EDB
:10D8E0006720706565722073746174757320746F3E
:10D8F000206368616E67652D756E61776172650A78
:10D900000025633A206661696C656420746F206449
:10D91000656C657465205343202865727220256408
:10D92000290A0025633A204661696C656420746F9A
:10D9300020636C6561722053432025640A002563CF
:10D940003A204E6F20737061636520746F2073748A
:10D950006F726520434343206366670A0025633A7C
:10D96000204661696C656420746F2073746F726502
:10D9700020436C69656E74204665617475726573C9
:10D980002028657272202564290A0025633A2055F3
:10D990006E61626C6520746F20696D706F727420A7
:10D9A000746865206B657920666F7220414553204D
:10D9B000434D41432025640A0025633A20434D41ED
:10D9C00043206F7065726174696F6E20696E69744F
:10D9D000206661696C65642025640A0025633A202D
:10D9E000434D41432066696E697368206661696CC6
:10D9F00065642025640A0062742F636363002563F5
:10DA00003A20496E76616C6964206B65790A00255D
:10DA1000633A204661696C656420746F2073746F8B
:10DA20007265204343437320286572722025642960
:10DA30000A0025633A2052656164206D6574686F41
:10DA400064206E6F74207365740A0025633A204663
:10DA500061696C656420746F207265616420617413
:10DA60007472696275746520257020286572722051
:10DA7000257A64290A0025633A20496E76616C692B
:10DA8000642072656164206C656E6774683A202555
:10DA90007A640A0025633A20434343202570206EB0
:10DAA0006F74207772697461626C650A0025633A4D
:10DAB00020534320726573746F726520696E6469C8
:10DAC000636174696F6E206661696C65640A002524
:10DAD000633A20556E6B6E6F776E20555549442022
:10DAE000747970652025750A0025633A20506172AB
:10DAF0007365206572720A0025633A20496E76616B
:10DB00006C69642064617461206C656E2025750AFF
:10DB10000025633A2050617273652065727220643B
:10DB200061740A0025633A20506172736520657242
:10DB300072206365700A0025633A20506172736534
:10DB400020657272206363630A0025633A20506186
:10DB500072736520657272207363630A0025633AED
:10DB600020506172736520657272206370660A00CE
:10DB700025633A20496E76616C696420666F726D28
:10DB800061742025750A0025633A20426164207083
:10DB90006565723A2041545420726561642D627942
:10DBA0002D75756964207273703A20696E76616CA8
:10DBB0006964204154545220504455206C656E20B5
:10DBC00025750A0025633A20496E76616C696420E8
:10DBD00068616E646C650A0025633A2042616420C6
:10DBE000706565723A2041545420726561642D62FB
:10DBF000792D75756964207273703A2048616E647E
:10DC00006C6520307825303478206973206F757406
:10DC100073696465207265717565737465642072DB
:10DC2000616E6765203078253034782D3078253066
:10DC300034782E2041626F7274696E67207265615C
:10DC4000642E0A0025633A20496E636F7272656321
:10DC500074206C656E6774682C2063616E63656CFC
:10DC6000696E672077726974650A0025633A2049F6
:10DC70006E636F7272656374206F6666736574207D
:10DC80006F72206461746120696E20726573706FB9
:10DC90006E73652C2063616E63656C696E672077B7
:10DCA000726974650A0025633A204661696C65648F
:10DCB00020746F20756E737562736372696265207C
:10DCC00028657272202564290A0025633A20496E6E
:10DCD00076616C69642064617461206C656E2025D6
:10DCE00075203E2025750A0025633A204661696C3F
:10DCF000656420746F207365742073656375726941
:10DD0000747920666F7220626F6E6465642070653E
:10DD1000657220282564290A0025633A20636F6E06
:10DD20006E20257020706172616D732025702072E5
:10DD300065737562206661696C656420286572721E
:10DD4000202564290A0062742F6861736800627478
:10DD50002F63660062742F73630062745F6761747F
:10DD6000740025633A20556E61626C6520746F20E3
:10DD700066696E6420534D50206368616E6E656CF9
:10DD80000A0025633A204E6F20617661696C6162FA
:10DD90006C6520534D5020636F6E746578742066F7
:10DDA0006F7220636F6E6E2025700A0025633A2023
:10DDB0004E6F206B65797320737061636520666FA9
:10DDC000722025730A0025633A20556E6B6E6F77BB
:10DDD0006E2070616972696E67206D6574686F642A
:10DDE00020282575290A0025633A204661696C655B
:10DDF0006420746F20737461727420656E6372792D
:10DE00007074696F6E0A0025633A204661696C651B
:10DE10006420746F2067656E657261746520444884
:10DE20004B65790A0025633A20556E61626C652066
:10DE3000746F20676574206B65797320666F72203C
:10DE400025730A0025633A2043616C63756C617425
:10DE500065204C544B206661696C65640A0025633B
:10DE60003A2043616C63756C617465206C6F63610B
:10DE70006C2044484B657920636865636B2066615C
:10DE8000696C65640A0025633A2052656D6F74659C
:10DE9000206973207573696E672044656275672019
:10DEA0005075626C6963206B65790A0025633A20BE
:10DEB000526563656976656420696E76616C696434
:10DEC000207075626C6963206B65790A0025633A7E
:10DED0002052656D6F7465207075626C6963206B8C
:10DEE00065792072656A65637465640A0025633A22
:10DEF0002043616C63756C61746520636F6E666945
:10DF0000726D206661696C65640A0025633A204E73
:10DF10006577206175746820726571756972656DC9
:10DF2000656E74733A20307825782C2072657061A4
:10DF30006972696E670A0025633A20556E737570C1
:10DF4000706F727465642061757468207265717594
:10DF50006972656D656E74733A20307825782C206F
:10DF6000726570616972696E670A00574553545F44
:10DF7000544F504449522F7A65706879722F7375E7
:10DF8000627379732F626C7565746F6F74682F6834
:10DF90006F73742F736D702E630025633A20507574
:10DFA000626C6963206B65792072652D67656E65AB
:10DFB000726174696F6E2072657175657374206625
:10DFC00061696C656420282564290A0025633A206C
:10DFD0005075626C6963206B65792067656E657248
:10DFE0006174696F6E2074696D656F75740A0025C0
:10DFF000633A2054686520696E2D70726F67726590
:10E0000073732070616972696E6720686173206242
:10E0100065656E2064656C65746564210A0025631E
:10E020003A20534D5020646F6573206E6F742061E9
:10E030006C6C6F7720612070616972696E67206611
:10E0400061696C75726520617420746869732070F1
:10E050006F696E742E204B6E6F776E2069737375C7
:10E06000652E20446973636F6E6E656374696E67B5
:10E0700020696E73746561642E0A0025633A20502E
:10E0800075626C6963206B6579206E6F74206176B0
:10E0900061696C61626C650A0025633A20546F6F98
:10E0A00020736D616C6C20534D502050445520728C
:10E0B000656365697665640A0025633A20534D50AF
:10E0C00020636F6D6D616E642028636F646520301E
:10E0D0007825303278292072656365697665642019
:10E0E00061667465722074696D656F75740A0025C8
:10E0F000633A20526563656976656420726573656D
:10E100007276656420534D5020636F6465203078CB
:10E11000253032780A0025633A20556E68616E64B6
:10E120006C656420534D5020636F64652030782502
:10E130003032780A0025633A20556E657870656341
:10E1400074656420534D5020636F646520307825DA
:10E150003032780A0025633A20496E76616C696432
:10E16000206964656E746974792025730A002563DB
:10E170003A2020666F722025730A0025633A2052E8
:10E1800065667573696E67206E6577207061697268
:10E19000696E672E20546865206F6C6420626F6E14
:10E1A00064206D75737420626520756E706169728C
:10E1B00065642066697273742E0A0025633A2070C4
:10E1C000616972696E67206661696C656420287098
:10E1D00065657220726561736F6E203078257829CD
:10E1E0000A0025633A20534D502054696D656F75C0
:10E1F000742028666C6167733A307825303878204F
:10E20000616C6C6F7765645F636D64733A30782519
:10E21000303878290A000005061F1F291812030844
:10E22000020305080A0008010304010504050906A4
:10E2300007010106060800000100010003010003B8
:10E24000020201000200000000000203010003625C
:10E25000745F736D7000574553545F544F50444979
:10E26000522F7A65706879722F7375627379732F84
:10E27000626C7565746F6F74682F686F73742F6B41
:10E280006579732E630025633A204661696C656485
:10E2900020746F20726561642076616C756520283A
:10E2A00065727220257A64290A0025633A20556E2A
:10E2B00061626C6520746F2066696E642064656CB1
:10E2C00065746564206B65797320666F72202573B1
:10E2D0000A0025633A204661696C656420746F20EA
:10E2E000616C6C6F63617465206B65797320666F18
:10E2F000722025730A0025633A20496E76616C69A5
:10E3000064206B6579206C656E67746820257A647B
:10E3100020213D20257A750A0025633A2044726F3A
:10E320007070696E67206B65797320666F72202547
:10E33000732C206E6F205343204C544B0A002563EE
:10E340003A2053746F726564206B65797320666F31
:10E350007220257320646F206E6F74206D6174636A
:10E36000682063757272656E7420636F6E6669678C
:10E3700020666C616773206F722076657273696FB7
:10E380006E0A0025633A20546865206B6579732016
:10E39000666F722025732061726520646F776E67E7
:10E3A000726164656420746F20756E617574686550
:10E3B0006E74696361746564206173207468657943
:10E3C000206E6F206C6F6E676572206D65657420BE
:10E3D00061757468656E7469636174696F6E2072CB
:10E3E0006571756972656D656E74730A0025633AAF
:10E3F000204661696C656420746F207361766520C6
:10E400006B6579732028657272202564290A006281
:10E41000742F6B6579730062745F6B657973002587
:10E42000633A204661696C656420746F20616C6C8E
:10E430006F63617465206E657720726561737365C3
:10E440006D626C79206275666665720A0025633AB2
:10E4500020417474656D7074656420646F75626CBE
:10E46000652066726565206F6E20726561737365E5
:10E470006D626C79206275666665720A0025633A82
:10E480002054686520627566666572207761732026
:10E490006E6F7420696E20746865206C6973740AED
:10E4A0000025633A20526561642052656D6F746582
:10E4B00020537570706F727465642043617061627F
:10E4C000696C6974696573206661696C656420288C
:10E4D00073746174757320307825303258290A00BE
:10E4E00025633A20436F756C64206E6F74206C6FE7
:10E4F0006F6B757020636F6E6E656374696F6E20ED
:10E5000068616E646C65207768656E207265616411
:10E51000696E672072656D6F746520435320636177
:10E52000706162696C69746965730A0025633A20D9
:10E53000526561642052656D6F74652046414520C7
:10E540005461626C65206661696C656420776974EA
:10E550006820737461747573203078253032580ADE
:10E560000025633A20436F756C64206E6F74206CD5
:10E570006F6F6B757020636F6E6E656374696F6E1D
:10E580002068616E646C65207768656E20726561D5
:10E5900064696E672072656D6F7465204641452021
:10E5A0005461626C650A0025633A20556E6B6E6F8C
:10E5B000776E20636F6E6E656374696F6E2068613D
:10E5C0006E646C65207768656E2070726F6365732A
:10E5D00073696E67207375626576656E7420726507
:10E5E00073756C74730A0025633A2050726F63650B
:10E5F0006475726520737461747573206973206922
:10E600006E636F6E73697374656E74207769746876
:10E61000207375626576656E7420737461747573AA
:10E620002E2044697363617264696E67207375623A
:10E630006576656E7420726573756C74730A002557
:10E64000633A2044697363617264696E6720706124
:10E65000727469616C20726573756C74732077696C
:10E6600074686F7574207374657020646174610AD6
:10E670000025633A204E6F206275666665722061E0
:10E680006C6C6F636174656420666F72207468657A
:10E6900020726573756C74207265617373656D6249
:10E6A0006C790A0025633A204F7665722D7772697E
:10E6B0007474656E20696E636F6D706C657465202F
:10E6C0004353207375626576656E74207265737549
:10E6D0006C74730A0025633A204E6F7420656E6F68
:10E6E000756768207265617373656D626C7920620D
:10E6F000756666657220737061636520666F72204F
:10E700007375626576656E7420726573756C740AD4
:10E710000025633A204E6F207265617373656D62E8
:10E720006C79206275666665722077617320616C12
:10E730006C6F636174656420666F722074686973BE
:10E740002043532070726F6365647572652C20706E
:10E750006F737369626C792064756520746F2061D2
:10E760006E206F75742D6F662D6F726465722073E5
:10E7700075626576656E7420726573756C7420635E
:10E780006F6E74696E7565206576656E740A002516
:10E79000633A20446973636172646564206F7574C1
:10E7A0002D6F662D6F72646572207061727469617D
:10E7B0006C204353207375626576656E74207265B4
:10E7C00073756C74730A0025633A2052656365693A
:10E7D00076656420696E636F6E73697374656E74B9
:10E7E000206E756D626572206F6620616E74656E55
:10E7F0006E612070617468732066726F6D2074683A
:10E800006520636F6E74726F6C6C65723A2025645C
:10E810002C2070726576696F7573206E756D6265F8
:10E8200072207761733A2025640A0025633A2043F9
:10E830005320436F6E666967206661696C6564206A
:10E840002873746174757320307825303258290A22
:10E850000025633A20436F756C64206E6F74206CE2
:10E860006F6F6B757020636F6E6E656374696F6E2A
:10E870002068616E646C65207768656E20726561E2
:10E8800064696E6720435320636F6E6669677572B3
:10E890006174696F6E0A0025633A2053656375726F
:10E8A00069747920456E61626C65206661696C658A
:10E8B000642077697468207374617475732030788C
:10E8C000253032580A0025633A2043616E277420B0
:10E8D0006C6F6F6B757020636F6E6E2068616E6415
:10E8E0006C65207768656E2072656164696E67206B
:10E8F000536563757269747920456E61626C652039
:10E90000436F6D706C657465206576656E740A0082
:10E9100025633A2050726F63656475726520456E99
:10E9200061626C65206661696C65642077697468F2
:10E9300020737461747573203078253032580A0062
:10E9400025633A2043616E2774206C6F6F6B75707E
:10E9500020636F6E6E2068616E646C6520776865F9
:10E960006E2072656164696E672050726F636564C2
:10E9700075726520456E61626C6520436F6D706CC9
:10E98000657465206576656E740A0025633A2044D7
:10E99000652D616C6C6F636174696E6720612064C2
:10E9A000616E676C696E67207265617373656D6215
:10E9B0006C79206275666665720A000001020303C5
:10E9C000010002030300020103030200010303022A
:10E9D000010003030102000303000103020201001E
:10E9E000030202000301020203000102020301000C
:10E9F00002020103000202000302010103000201FE
:10EA000001000203010102000301010203000101F0
:10EA100003020001010301020000010302000003E0
:10EA200002010000020301000002010300000102D4
:10EA300003000000010202010002020002010102C3
:10EA400000010102010000010200000001010100BB
:10EA50000062745F6373006C888391AAF5A53860C7
:10EA6000370BDB5A6083BE62745F63727970746FB8
:10EA70000025633A204661696C656420746F2069E3
:10EA80006D706F727420414553206B657920256449
:10EA90000A0025633A204661696C656420746F2022
:10EAA000636F6D70757465204D41432025640A00C5
:10EAB00000070E091C1B1215383F363124232A2D5E
:10EAC00063616368655F6E72667800574553545F93
:10EAD000544F504449522F7A65706879722F64728E
:10EAE00069766572732F636C6F636B5F636F6E74AF
:10EAF000726F6C2F636C6F636B5F636F6E74726F9A
:10EB00006C5F6E72662E6300636C6F636B403130B6
:10EB100065303030006866636C6B006C66636C6BEC
:10EB200000636C6F636B5F636F6E74726F6C007009
:10EB300073612D726E67007272616D2D636F6E74FA
:10EB4000726F6C6C6572403530303462303030003A
:10EB5000666C6173685F6E72665F7272616D0025CC
:10EB6000633A2052657365742070696E206E6F740D
:10EB70002072656164790A00574553545F544F50C1
:10EB80004449522F7A65706879722F696E636C758B
:10EB900064652F7A65706879722F64726976657220
:10EBA000732F6770696F2E680025633A20436F7575
:10EBB0006C646E277420636F6E666967757265207A
:10EBC00072657365742070696E0A0025633A204689
:10EBD00061696C656420746F2065786974204450A5
:10EBE0004420282564290A0025633A205761697466
:10EBF000696E6720756E74696C20666C617368203D
:10EC000069732072656164790A0025633A20466160
:10EC1000696C656420746F207761697420756E7407
:10EC2000696C20666C617368206973207265616429
:10EC30007920282564290A0025633A204A4544455D
:10EC4000432049442072656164206661696C656493
:10EC50003A2025640A0025633A2044657669636595
:10EC60002069642025303278202530327820253004
:10EC7000327820646F6573206E6F74206D617463E9
:10EC80006820636F6E6669672025303278202530F2
:10EC9000327820253032780A0025633A204250200D
:10ECA000636C656172206661696C65643A202564F5
:10ECB0000A0A0025633A20556E61626C6520746F04
:10ECC00020656E74657220342D62797465206D6FD5
:10ECD00064653A2025640A0A006D7832357236344C
:10ECE0003335664030007370695F6E6F7200D81004
:10ECF000200C00000000574553545F544F504449C6
:10ED0000522F7A65706879722F696E636C756465CD
:10ED10002F7A65706879722F647269766572732FC5
:10ED20006770696F2F6770696F5F7574696C732E98
:10ED30006800574553545F544F504449522F6D6FEC
:10ED400064756C65732F68616C2F6E6F7264696394
:10ED50002F6E7266782F68616C2F6E72665F6770B7
:10ED6000696F2E6800574553545F544F50444952C1
:10ED70002F7A65706879722F647269766572732F65
:10ED80006770696F2F6770696F5F6E7266782E6348
:10ED9000006770696F4031306130303000677069F2
:10EDA0006F406438323030006770696F40353034FE
:10EDB00030300000010405020608090F7561727405
:10EDC00040633630303000756172745F6E72667801
:10EDD0005F75617274650025633A204661696C65F0
:10EDE0006420746F20616C6C6F63617465204750A0
:10EDF000494F5445206368616E6E656C20666F7282
:10EE00002057414B450A0025633A204661696C65ED
:10EE10006420746F20636F6E666967757265205732
:10EE2000414B452070696E0A0025633A2043532008
:10EE30004750494F20706F72742025732070696E9F
:10EE4000202564206973206E6F7420726561647977
:10EE50000A0025633A205570646174652065786303
:10EE6000656564732063757272656E742062756681
:10EE70006665720A0025633A2048616C662D6475E8
:10EE8000706C6578206E6F7420737570706F72741B
:10EE900065640A0025633A20536C617665206D6FC6
:10EEA0006465206973206E6F7420737570706F7263
:10EEB000746564206F6E2025730A0025633A204C28
:10EEC0006F6F706261636B206D6F64652069732082
:10EED0006E6F7420737570706F727465640A0025AC
:10EEE000633A20576F72642073697A6573206F7478
:10EEF000686572207468616E2038206269747320BE
:10EF0000617265206E6F7420737570706F727465B6
:10EF1000640A0025633A204672657175656E6369FF
:10EF20006573206C6F776572207468616E20313272
:10EF300035206B487A20617265206E6F742073757E
:10EF400070706F727465640A0025633A20466169C7
:10EF50006C656420746F20696E697469616C697A8C
:10EF600065206E726678206472697665723A202533
:10EF7000640A0025633A2057616974696E672066E8
:10EF80006F722057414B452061636B6E6F776C65E4
:10EF900064676D656E742074696D6564206F757447
:10EFA0000A0025633A2054696D656F757420776196
:10EFB0006974696E6720666F72207472616E736621
:10EFC000657220636F6D706C6574650A007370699B
:10EFD000403461303030007370695F6E7266785F04
:10EFE0007370696D00574553545F544F50444952F4
:10EFF0002F7A65706879722F647269766572732FE3
:10F0000074696D65722F6E72665F677274635F7488
:10F01000696D65722E630025633A2043616E6E6FE1
:10F0200074207772697465204C4544206770696F5D
:10F030000A0025633A2043616E6E6F7420636F6E21
:10F04000666967757265204C4544206770696F0A70
:10F050000025633A204C454420696E646578206F32
:10F060007574206F66207468652072616E67650A2A
:10F0700000646B5F627574746F6E735F616E645F62
:10F080006C6564730025633A205265736574746916
:10F090006E672073797374656D0A00666174616CC4
:10F0A0005F6572726F720025633A20536F66744415
:10F0B000657669636520436F6E74726F6C6C657200
:10F0C000204153534552543A2025732C2025640A7D
:10F0D00000536F667444657669636520436F6E7490
:10F0E000726F6C6C6572206275696C6420726576F3
:10F0F0006973696F6E3A200025633A20456E747219
:10F100006F707920736F75726365206465766963CB
:10F1100065206E6F742072656164790A0025633A18
:10F12000204661696C656420746F2072656769733D
:10F130007465722072616E6420736F7572636520EE
:10F14000282564290A00574553545F544F504449B9
:10F15000522F7A65706879722F696E636C75646579
:10F160002F7A65706879722F647269766572732F71
:10F17000656E74726F70792E6800574553545F54F2
:10F180004F504449522F6E72662F737562737973B4
:10F190002F626C7565746F6F74682F636F6E747215
:10F1A0006F6C6C65722F6863695F647269766572F3
:10F1B0002E630025633A20416C6C6F636174656453
:10F1C000206D656D6F727920746F6F206C6F773A68
:10F1D00020257A75203C2025750A00574553545F39
:10F1E000544F504449522F6E72662F696E636C758E
:10F1F00064652F6D70736C2F6D70736C5F776F72B9
:10F200006B2E680025633A204576656E7420627522
:10F210006666657220746F6F20736D616C6C2E2052
:10F22000257A75203E2025750A0025633A20556E03
:10F230006578706563746564206D73675F74797059
:10F24000653A2025752E20546869732069662D65FE
:10F250006C7365206E656564732061206E65772030
:10F260006272616E63680A0025633A20556E6B6EA8
:10F270006F776E206572726F72207768656E20708E
:10F28000726F63657373696E6720686369206D656B
:10F2900073736167652025640A0062745F6863693F
:10F2A0005F7364630062745F7364635F6863695F64
:10F2B0006472697665720062745F7364635F63721F
:10F2C0007970746F0025633A204D50534C204153A0
:10F2D000534552543A2025732C2025640A00574583
:10F2E00053545F544F504449522F6E72662F7375BA
:10F2F000627379732F6D70736C2F696E69742F6DE3
:10F3000070736C5F696E69742E63004D50534C20AE
:10F31000576F726B006D70736C5F696E6974002556
:10F32000633A20556E737570706F7274656420480F
:10F3300046434C4B206576656E743A2025640A007E
:10F34000574553545F544F504449522F6E72662FA5
:10F35000647269766572732F6D70736C2F636C6F56
:10F36000636B5F636F6E74726F6C2F6E7266785F23
:10F37000636C6F636B5F6D70736C2E63006E72668F
:10F38000785F636C6F636B5F6D70736C0057455390
:10F39000545F544F504449522F6E72662F64726905
:10F3A000766572732F6D70736C2F666C6173685F16
:10F3B00073796E632F666C6173685F73796E635FD8
:10F3C0006D70736C2E630025633A206D70736C5FF3
:10F3D00074696D65736C6F745F73657373696F6E59
:10F3E0005F6F70656E206661696C65643A202564A4
:10F3F0000A0025633A2074696D656F75740A0066AA
:10F400006C6173685F73796E635F6D70736C0057C6
:10F410004553545F544F504449522F6D6F64756C7F
:10F4200065732F68616C2F6E6F726469632F6E72E3
:10F4300066782F68616C2F6E72665F6770696F7493
:10F44000652E6800574553545F544F504449522F1E
:10F450006D6F64756C65732F68616C2F6E6F72646D
:10F4600069632F6E7266782F647269766572732F86
:10F470007372632F6E7266785F6770696F74652E42
:10F480006300000718232323232323232323232379
:10F490002323000102574553545F544F50444952AF
:10F4A0002F6D6F64756C65732F68616C2F6E6F7252
:10F4B0006469632F6E7266782F68616C2F6E726656
:10F4C0005F677274632E6800574553545F544F5002
:10F4D0004449522F6D6F64756C65732F68616C2F92
:10F4E0006E6F726469632F6E7266782F64726976CC
:10F4F0006572732F7372632F6E7266785F677274B2
:10F50000632E6300574553545F544F504449522F64
:10F510006D6F64756C65732F68616C2F6E6F7264AC
:10F5200069632F6E7266782F68616C2F6E72665FEA
:10F530007272616D632E6800574553545F544F508B
:10F540004449522F6D6F64756C65732F68616C2F21
:10F550006E6F726469632F6E7266782F68616C2FAC
:10F560006E72665F7370696D2E6800574553545F05
:10F57000544F504449522F6D6F64756C65732F68FA
:10F58000616C2F6E6F726469632F6E7266782F6480
:10F590007269766572732F7372632F6E7266785F0D
:10F5A0007370696D2E6300574553545F544F504438
:10F5B00049522F7A65706879722F6B65726E656C2F
:10F5C0002F6465766963652E6300556E6B6E6F7789
:10F5D0006E206572726F720025633A203E3E3E20B7
:10F5E0005A455048595220464154414C20455252A8
:10F5F0004F522025643A202573206F6E20435055CA
:10F600002025640A0025633A204661756C742064E5
:10F610007572696E6720696E746572727570742098
:10F6200068616E646C696E670A0A0025633A20435C
:10F63000757272656E74207468726561643A202513
:10F640007020282573290A00574553545F544F50A2
:10F650004449522F7A65706879722F6B65726E65B6
:10F660006C2F666174616C2E630043505520657881
:10F6700063657074696F6E00556E68616E646C6569
:10F680006420696E7465727275707400537461637E
:10F690006B206F766572666C6F77004B65726E6576
:10F6A0006C206F6F7073004B65726E656C207061BB
:10F6B0006E696300574553545F544F504449522F6D
:10F6C0007A65706879722F6B65726E656C2F696EE2
:10F6D00069742E63006F7300574553545F544F5045
:10F6E0004449522F7A65706879722F6B65726E6526
:10F6F0006C2F6B686561702E6300574553545F54DF
:10F700004F504449522F7A65706879722F6B657239
:10F710006E656C2F6D656D5F736C61622E63005753
:10F720004553545F544F504449522F7A657068795D
:10F73000722F6B65726E656C2F696E636C75646594
:10F740002F6B73636865642E6800574553545F548C
:10F750004F504449522F7A65706879722F6B6572E9
:10F760006E656C2F69646C652E6300574553545F5A
:10F77000544F504449522F7A65706879722F6B65E7
:10F78000726E656C2F6D757465782E6300574553E6
:10F79000545F544F504449522F7A65706879722FE4
:10F7A0006B65726E656C2F73656D2E630073797374
:10F7B000776F726B7100574553545F544F504449F3
:10F7C000522F7A65706879722F6B65726E656C2F37
:10F7D000776F726B2E6300574553545F544F5044FC
:10F7E00049522F7A65706879722F6B65726E656CFD
:10F7F0002F7468726561642E6300574553545F54DB
:10F800004F504449522F7A65706879722F6B657238
:10F810006E656C2F73636865642E6300574553549F
:10F820005F544F504449522F7A65706879722F6B3C
:10F8300065726E656C2F696E636C7564652F6B7491
:10F8400068726561642E6800574553545F544F5089
:10F850004449522F7A65706879722F6B65726E65B4
:10F860006C2F696E636C7564652F6B737761702E96
:10F870006800574553545F544F504449522F7A659E
:10F88000706879722F6B65726E656C2F74696D6527
:10F89000736C6963696E672E6300574553545F54F8
:10F8A0004F504449522F7A65706879722F6B657298
:10F8B0006E656C2F74696D656F75742E63005745A6
:10F8C00053545F544F504449522F7A65706879728F
:10F8D0002F6B65726E656C2F706F6C6C2E630057AA
:10F8E0004553545F544F504449522F7A657068799C
:10F8F000722F6B65726E656C2F6D656D706F6F6CBE
:10F900002E6300141400001C2030401C2000001C3A
:10F91000203040004063726163656E005745535468
:10F920005F544F504449522F6E72662F7375627345
:10F9300079732F6E72665F73656375726974792F60
:10F940007372632F647269766572732F6372616379
:10F95000656E2F636F6D6D6F6E2F7372632F6372A1
:10F960006163656E2F6C69625F6B6D752E63005706
:10F970004553545F544F504449522F6E72662F7353
:10F9800075627379732F6E72665F736563757269E2
:10F9900074792F7372632F647269766572732F6343
:10F9A000726163656E2F63726163656E7073612F40
:10F9B0007372632F63726163656E5F7073615F6DF5
:10F9C00061632E6300141400001C2030401C2000D2
:10F9D000001C2030400040574553545F544F504462
:10F9E00049522F6E72662F7375627379732F6E7220
:10F9F000665F73656375726974792F7372632F64C0
:10FA00007269766572732F63726163656E2F6372BC
:10FA10006163656E7073612F7372632F63726163CC
:10FA2000656E5F7073615F6B65795F6D616E616755
:10FA3000656D656E742E6300010302574553545F74
:10FA4000544F504449522F6E72662F73756273790A
:10FA5000732F6E72665F73656375726974792F7345
:10FA600072632F647269766572732F637261636566
:10FA70006E2F737873796D63727970742F737263FC
:10FA80002F706C6174666F726D2F626172656D6547
:10FA900074616C2F696E74657272757074732E6305
:10FAA00000FFFFFFFF000000010000000000000059
:10FAB0000000000000FFFFFFFFFFFFFFFFFFFFFF51
:10FAC000FFFFFFFFFF00000000FFFFFFFFFFFFFF42
:10FAD000FFBCE6FAADA7179E84F3B9CAC2FC632542
:10FAE000516B17D1F2E12C4247F8BCE6E563A44024
:10FAF000F277037D812DEB33A0F4A13945D898C26C
:10FB0000964FE342E2FE1A7F9B8EE7EB4A7C0F9E04
:10FB1000162BCE33576B315ECECBB6406837BF5114
:10FB2000F5FFFFFFFF0000000100000000000000E3
:10FB30000000000000FFFFFFFFFFFFFFFFFFFFFFD0
:10FB4000FC5AC635D8AA3A93E7B3EBBD55769886EA
:10FB5000BC651D06B0CC53B0F63BCE3C3E27D26010
:10FB60004B574553545F544F504449522F6E726661
:10FB70002F7375627379732F6E72665F7365637529
:10FB8000726974792F7372632F7574696C732F6E39
:10FB900072665F73656375726974795F6D7574659C
:10FBA0007865732E6300574553545F544F50444952
:10FBB000522F7A65706879722F6B65726E656C2F43
:10FBC0006576656E74732E6300FC517AE9582C6F6C
:10FBD000FB6D359F173E08C8C17BE95B9500FFFFB1
:10FBE000FFFF1F00FFC1FBE84C90728BE7B3518908
:10FBF00063AB232300647261676F6F6E2F6C696261
:10FC0000732F73636865642F7372632F7363686502
:10FC1000645F68616C5F74696D65725F677274635D
:10FC20002E6300696E66006E616E00286E756C6CE6
:04FC300029000000A7
:10FC3400FFFFFFFFFF1F00001F0000000000000087
:10FC44007FFE0000E40700001D40000000000000EB
:10FC54000000000000000000FFFFFFFF1FFF1B006B
:10FC6400BAABBABA10101010A0354D00FF00000056
:10FC7400C40900000000000000500850000000000B
:10FC8400000000000C000000010000FF7F000000E5
:10FC940000000000AAAAAAAA555555550100000063
:10FCA4002DB2010000000000DFB1010000000000DF
:10FCB4000FB201000000000047B201000000000084
:10FCC400F7B101000000000051D000000000000066
:10FCD40051D0000000000000A7B1010000000000A6
:10FCE40059B1010000000000AC370100FF00000022
:10FCF400845E010001000101010300001E001E02D8
:10FD0400000000000000000012007C007E00E00102
:10FD140003007E000A1E001E000000000000000018
:10FD240000000000000000000000000000000000CF
:10FD340000000000000000000000000000000000BF
:10FD440000000000000000000000000000000000AF
:10FD5400000000000000000000000000000000009F
:10FD6400000000000000000000000000000000008F
:10FD7400000000000000000000000000000000007F
:10FD8400000000000000000000000000000000006F
:10FD9400000000000000000000000000000000005F
:10FDA400000000000000000000000000000000004F
:10FDB400000000000000000000000000000000003F
:10FDC400000000000000000000000000000000002F
:10FDD400000000000000000000000000000000001F
:10FDE4009D6602000000000000000000000000000A
:10FDF40000000000000000000000000000000000FF
:10FE040000000000000000000000000000000000EE
:10FE140000000000000000000000000000000000DE
:10FE240000000000000000000000000000000000CE
:10FE340000000000000000000000000000000000BE
:10FE440000000000000000000000000000000000AE
:10FE5400000000000000000000000000000000009E
:10FE6400000000000000000000000000000000008E
:10FE7400000000000000000000000000000000007E
:10FE84000000000000000000D44004000000000056
:10FE94000000000081F101000000000000010000EA
:10FEA400000000000000000000000000000000004E
:10FEB400000000000000000000000000000000003E
:10FEC40000000000670000000000000000000000C7
:10FED400000000000000000000000000000000001E
:10FEE400000000000000000000000000000000000E
:10FEF40000000000000000000000000000000000FE
:10FF040000000000000000000000000000000000ED
:10FF140000000000000000000000000000000000DD
:10FF240000000000000000000000000000000000CD
:10FF340000000000000000000000000000000000BD
:10FF440000000000000000000000000000000000AD
:10FF5400FDF60100485604000000000029F50100E8
:10FF6400C5F3010095F30100FFFFFFFFFFFFFFFF53
:10FF740078EF00200000040B78EF00207CFA0020CA
:10FF8400000000117CFA002025060200750702001B
:10FF940041040200F9D603005C560400591C020017
:10FFA40000000000000000000000000095DE0300D7
:10FFB4000000000079DE03006D260200000000004E
:10FFC400000000000000000085E5030000000000C0
:10FFD4000000000000C010500000000000000000FD
:10FFE400000000000000000000000000000000000D
:0CFFF40000000000000000000000000001
:020000025000AC
:1000000000000000000000000000000000000000F0
:1000100000000000000000000000000000000000E0
:1000200000000000000000000000000000000000D0
:1000300000000000000000000000000000000000C0
:1000400000000000000000000000000000010000AF
:1000500000A00D50000000000000000000000000A3
:100060000000000000000000000000000000000090
:100070000000000000000000000000000000000080
:100080000000000000000000000000000000000070
:100090000000000000000000000000000000000060
:1000A0000000000000000000000000000000000050
:1000B0000000000000000000000000000000000040
:1000C000000000000000000000000000715002006D
:1000D0000000000000000000000000009569020020
:1000E0000000000000000000000000009D5A020017
:1000F0000000000000000000000000003579020050
:100100000000000000000000000000000178020074
:100110000000000000000000000000008D830200CD
:10012000000000000000000000000000357D02001B
:1001300000000000000000006405002064050020AD
:1001400000000000000000007C0B01200000000205
:100150007C0B0120859D0200F5AE020069AE020015
:100160000000000000000000F5A3020005F60300F7
:100170003BF50300419A020000000000000000006F
:10018000B1A1020000000000000000001101040005
:10019000000000000000000000000000C087040014
:1001A00000000200CC87040000000A00DC87040085
:1001B000000020000000000000000000000000001F
:1001C000000000002100040000000000F08704008F
:1001D00000000200FC870400000002000806002066
:1001E0000806002000000000000000000E000000D3
:1001F0001C0600201C060020D1EA020000000000BE
:1002000000A00450000000000000000000000000FA
:1002100000000000000000000000000000000000DE
:1002200000000000000000000000000000000000CE
:10023000685D0400010000006406002064060020E0
:100240000000000001000000740600207406002079
:100250007C0600207C060020000000000100000059
:100260008C0600208C06002000000000000000002A
:10027000000000000000000000000000000000007E
:100280000000000000000000000000000C4104001D
:100290000000000000000000547100204C7100209C
:1002A0002519030000000000FF0000000090D003AB
:1002B000FF0000000F00000071020000E8060020AF
:1002C000E8060020931F04008F1F04000B38040071
:1002D00067742000FC0700204C0800202408002040
:1002E000800A0020700A0020100800203808002032
:1002F0006137040065370400713704000250EADA00
:10030000308883B89F604F15F30300408E0250EA97
:10031000DA308883B89F604F15F30200408E025098
:10032000EADA308883B89F604F15F30100408E01F0
:1003300000000000000000000000000000000000BD
:0403400000000000B9
:1003440070070020700700200000000024E1002056
:100354000000000001000000380000000000000060
:10036400900700209007002000000000D08F00209C
:100374000000000001000000B800000000000000C0
:10038400B0070020B0070020000000005CE100205E
:1003940000000000030000001C000000000000003A
:1003A40000000000C8B300200002000000000000AC
:0803B400000000000000000041
:1003BC00E8070020E8070020000000000000000013
:1003CC000E000000FC070020FC07002000000000CD
:1003DC00000000000E000000100800201008002093
:1003EC0000000000000000000E00000024080020A7
:1003FC002408002000000000000000000E00000097
:10040C003808002038080020000000000000000020
:10041C000E0000004C0800204C08002000000000DA
:10042C00000000000E0000006008002060080020A2
:10043C0000000000000000000E0000007408002006
:10044C007408002000000000000000000E000000F6
:10045C008808002088080020000000000000000030
:10046C000E0000009C0800209C08002000000000EA
:10047C00000000000E000000B0080020B0080020B2
:10048C0000000000000000000E000000C408002066
:10049C00C408002000000000000000000E00000056
:1004AC00D8080020D808002000000000010000003F
:1004BC00E8080020E8080020F0080020F0080020E0
:1004CC0000000000010000000009002000090020CD
:1004DC00080900200809002000000000FFFFFFFFB2
:1004EC0018090020180900202009002020090020EC
:1004FC00000000000100000030090020300900203D
:10050C00380900203809002000000000010000001C
:10051C0048090020480900205009002050090020FB
:10052C0000000000010000006009002060090020AC
:10053C00680900206809002000000000010000008C
:10054C00780900207809002080090020800900200B
:10055C00000000000100000090090020900900201C
:10056C0098090020980900200100000001000000FB
:10057C00A8090020A8090020B0090020B00900201B
:10058C000000000001000000C0090020C00900208C
:10059C00C8090020C809002000000000010000006C
:1005AC00D8090020D8090020E0090020E00900202B
:1005BC000000000001000000F0090020F0090020FC
:1005CC00F8090020F80900200000000001000000DC
:1005DC00080A0020080A0020100A0020100A002037
:1005EC000000000001000000200A0020200A00206A
:1005FC00280A0020280A002000000000010000004A
:10060C00380A0020380A0020400A0020400A002046
:10061C000000000001000000500A0020500A0020D9
:10062C00580A0020580A00200000000001000000B9
:08063C00680A0020680A002092
:10064400700A0020700A0020000000000000000072
:10065400800A0020800A0020000000000000000042
:100664000000000000000000000000009C0A0020C0
:0C0674009C0A0020A40A0020A40A002018
:10068000000000000000000000000000B80A002088
:10069000B80A0020C00A0020C00A002000000000A4
:1006A000030003001000000000000000A458040034
:1006B0003CDA002000000000000000000000000004
:1006C000EC0A0020EC0A0020F40A0020F40A0020C2
:1006D0000000000003000300100000009D990200CC
:1006E000D0590400ACE00020000000000000000031
:1006F00000000000200B0020200B0020280B002011
:10070000280B002000000000030003000000000090
:1007100000000000F456040068CF00200000000034
:100720000000000000000000540B0020540B0020CB
:100730005C0B00205C0B00200000000001000100A9
:1007400010000000F57B02009058040020D4002027
:10075000000000000000000000000000880B0020E6
:10076000880B0020900B0020900B00200000000060
:1007700003000300000000000000000058580400BF
:10078000D8D300200000000000000000000000009E
:10079000BC0B0020BC0B0020C40B0020C40B0020AD
:1007A000000000000C000C0004000000ED520200EC
:1007B000E05604008CCD0020000000000000000086
:1007C00000000000F00B0020F00B0020F80B0020D0
:1007D000F80B0020000000000300030004000000EC
:1007E00000000000E459040088E700200000000039
:1007F0000000000000000000240C0020240C002059
:100800002C0C00202C0C0020000000000100010036
:1008100002000000000000009C5B04005CEF002070
:10082000000000000000000000000000580C002044
:10083000580C0020600C0020600C0020000000001C
:100840000100010000000000000000000857040043
:04085000B4D0002000
:0408540015E015E0B6
:0400000320003DADEF
:00000001FF
