:10000000F0AB0020514002009BE703003D4002009E
:100010003D4002003D4002003D4002003D400200E4
:10002000000000000000000000000000F14102009C
:100030003D400200000000004D4102003D40020032
:100040002144020021440200214402002144020014
:100050002144020021440200214402002144020004
:1000600021440200214402002144020021440200F4
:1000700021440200214402002144020021440200E4
:1000800021440200214402002144020021440200D4
:1000900021440200214402002144020021440200C4
:1000A00021440200214402002144020021440200B4
:1000B00021440200214402002144020021440200A4
:1000C0002144020021440200214402002144020094
:1000D0002144020021440200214402002144020084
:1000E0002144020021440200214402002144020074
:1000F0002144020021440200214402002144020064
:100100002144020021440200214402002144020053
:100110002144020021440200214402002144020043
:100120002144020021440200214402002144020033
:100130002144020021440200214402002144020023
:100140002144020021440200214402002144020013
:100150002144020021440200214402002144020003
:1001600021440200214402002144020021440200F3
:1001700021440200214402002144020021440200E3
:1001800021440200214402002144020021440200D3
:1001900021440200214402002144020021440200C3
:1001A00021440200214402002144020021440200B3
:1001B00021440200214402002144020021440200A3
:1001C0002144020021440200214402002144020093
:1001D0002144020021440200214402002144020083
:1001E0002144020021440200214402002144020073
:1001F0002144020021440200214402002144020063
:100200002144020021440200214402002144020052
:100210002144020021440200214402002144020042
:100220002144020021440200214402002144020032
:100230002144020021440200214402002144020022
:100240002144020021440200214402002144020012
:1002500021440200551A04002144020021440200F6
:1002600021440200214402003F1A040021440200FC
:1002700021440200214402002144020021440200E2
:1002800021440200214402002144020021440200D2
:1002900021440200214402002144020021440200C2
:1002A00021440200214402002144020021440200B2
:1002B00021440200214402002144020021440200A2
:1002C0002144020021440200214402002144020092
:1002D0002144020021440200214402002144020082
:1002E0002144020021440200214402002144020072
:1002F0002144020021440200214402002144020062
:100300002144020021440200214402002144020051
:100310002144020021440200214402002144020041
:100320002144020021440200214402002144020031
:100330002144020021440200214402002144020021
:100340002144020021440200214402002144020011
:100350002144020021440200214402002144020001
:1003600021440200214402002144020021440200F1
:1003700021440200214402002144020021440200E1
:1003800021440200214402002144020021440200D1
:1003900021440200214402002144020021440200C1
:1003A00021440200214402002144020021440200B1
:1003B00021440200214402002144020021440200A1
:1003C0002144020021440200214402002144020091
:1003D00021440200291A04002144020021440200A1
:1003E0002144020021440200214402002144020071
:1003F0002144020021440200214402002144020061
:100400002144020021440200214402002144020050
:100410002144020021440200214402002144020040
:100420002144020021440200214402002144020030
:100430002144020021440200214402002144020020
:100440002144020021440200214402002144020010
:100450002144020021440200214402002144020000
:1004600021440200214402002144020021440200F0
:0C0470002144020021440200214402004B
:10048000054B00221B78826001330260034A426000
:10049000C371FF2303727047800C002080010800A5
:1004A000064A074B02604FF424729B788280082230
:1004B000C371002382710372704700BFADD4010085
:1004C000800C0020084B094A1B7892F828201B0258
:1004D0000749C27103F52E7301608380082383717D
:1004E000FF230372704700BFB00D0020800C002076
:1004F00089830100074A9378D2781344064A026040
:100500004FF4BA72C371FF23828004220372827196
:10051000704700BF800C00209F830100064A93783B
:10052000D2781344002282600260044A4260C371A0
:10053000FF230372704700BF800C0020700008008A
:1005400008B50122094B83F82A2005F00BFA08F0C0
:10055000FDF81AF07EFA06490D2000F0C3FC0549AB
:100560000E20BDE8084000F0BDBC00BF800C00209C
:10057000C5040000F50400002DE9F341C41D002866
:10058000064624F007040CBF0020204600F0BCFC07
:10059000071E04DA6FF00B0002B0BDE8F081374DA2
:1005A000E988A88803316B7A03302A7A89B280B24D
:1005B00016F032FB0028EDDB3C44A978EB78002EE6
:1005C00004F10304194424F0030400FB01F10CBFFF
:1005D0000020204600F046FE20440EB90028D9DB5A
:1005E000EA7A0446B2B1EB7B697C13441944FF29D3
:1005F000D0D80330002EAA89C9B220F003040CBF62
:100600000020204600F0A0FE0028C3DB04440EB901
:10061000002CBFDB012000F06DFCB0B1A97BA1B1C3
:1006200095F82B3033B340234FF481720734002EFA
:1006300024F007040CBF0020204604F0C1F8002875
:10064000A8DB04440EB9002CA4DBAB7AFBB1EB7A37
:10065000B3B10734002EA97A24F007040CBF0020A0
:1006600020460AF043F9002894DB04447EB9002CAC
:100670000DDA8FE725232822D8E700BF800C002061
:10068000012000F037FC10B1AB7B002BE1D1734BA4
:100690001B6893B1A97D81B10334002EEA7D24F05B
:1006A00003040CBF0020204698470028FFF672AFD5
:1006B000044416B9002CFFF66DAF694B1B688BB173
:1006C000297C79B10334002E24F003040CBF0020F0
:1006D000204698470028FFF65DAF044416B9002C69
:1006E000FFF658AF5F4B1F68B7B1697CA1B1033407
:1006F000002E2B7D24F0030408BF0020009318BFB8
:100700002046EB7CAA7CB8470028FFF643AF0444A0
:1007100016B9002CFFF63EAF072000F0EBFB98B1B6
:10072000A97D89B10334002E2A7E24F003040CBF76
:100730000020204600F0DEFE0028FFF62BAF044428
:1007400016B9002CFFF626AFB6FA86F795F8230007
:100750007F09A0B103346B7FA97E24F007041944FC
:100760003B4644F00404C9B2224600F003FF0028CF
:10077000FFF610AF044416B9002CFFF60BAF95F846
:10078000241000294CD004F10708002EEA8C28F030
:1007900007080CBF0020404616F052FA041EFFF670
:1007A000F9AE4444002E3ED1002CFFF6F3AEA97FF3
:1007B000002945D095F82230002B41D02A8C0734EF
:1007C000002E02F1240224F007080CBF002040464E
:1007D00092B216F035FA0028FFF6DCAE404416B9A6
:1007E0000028FFF6D7AE03302B7FA97E20F007004C
:1007F00019443B4640F0040495F82200C9B2224651
:1008000000F0AAFE0028FFF6C5AE044486B9002C0D
:10081000FFF6C0AEEB6AF3B1C6B1EC620020BBE6F6
:10082000002EC4D08846E98C40460EF02BFDBEE772
:100830002A8C4046A97F083292B20EF029FDE9E7E2
:10084000002EE7D0002211461046F6E728343FF587
:10085000A1AE2046A0E6002EE0D1FAE77C1A0020E7
:10086000801A0020841A00201FB572B6194B1C6B29
:10087000ECB9BFF34F8F1849184BCA6802F4E06215
:100880001343CB60BFF34F8F00BFFDE7B2FBF6F21F
:100890002B465D1C002AF9D1DBB203F110056D4433
:1008A00005F80C2C0A2233B901A8A047E1E702465B
:1008B00000230A26EDE7013BDBB203F110050DEB47
:1008C0000506B0FBF2F502FB1500303006F80C0C03
:1008D0002846E8E7800C002000ED00E00400FA055F
:1008E00013B5124C68462389ADF80030E388ADF8A3
:1008F0000430A388ADF8023007F0C6FA18B1FC2125
:100900009C20FFF7B1FF207D07F014FB08B1FF2109
:10091000F6E7E07C07F008FB10B14FF48071EFE7D9
:1009200094F829000CF074FC02B010BD800C00207B
:1009300070B50546002857D015F0A2F818B94FF049
:10094000FF34204670BD13F0DDFBB0F5FA7FF6D81A
:10095000274C012625630025284684F8345025704D
:1009600084F82B50E56284F82A500DF0B3FF1A2268
:10097000294604F10F001DF08FFF1B2308210322DD
:10098000A3802846E3800223A1721F216372E375CE
:10099000F72322722384FB23A2734922E3840A23D0
:1009A000A1812946E27484F82930A670E670E672C7
:1009B000A674267605F014F82A463146304604F02F
:1009C000E1FF044620B140F2B7319C20FFF74CFF15
:1009D000014604F0F3FFEFF3108572B600F0F0FD6E
:1009E000002DAED162B6ACE76FF01504A9E700BFE9
:1009F000800C002038B51446002840F0EE80784D79
:100A000095F83430032B00F0E58019B312B96FF07C
:100A1000150038BD0139172900F2DF80DFE811F039
:100A2000180029002C0042006C007500940048005A
:100A300078007B008E004E005400620067009A0030
:100A40009D00AC00AF00B200A300B500B900D20019
:100A50001378AB700020FFF78FFD0028B7BF01238C
:100A600002236FF00B0085F83430A8BF85F83430CE
:100A7000CFE71378EB70EDE71379002BC7D05379EC
:100A8000002BC4D01288FB2AC1D863881B3B9BB2C1
:100A9000E02BBCD81A2ABAD92368A2886B60514BC4
:100AA0009A80D7E71378EA7B9342B0D3EB72D1E711
:100AB0001378EA7A9342AAD8EB73CBE71378EA7AF1
:100AC0009342A4D86B74C5E71378002B9FD053785A
:100AD000013BDBB2F82B9AD8138892786B82424B99
:100AE0009A70B7E7107868750CF0ECF9B2E71378F4
:100AF000002B8CD02B76ADE7012000F0FBF923789A
:100B000008B1012B83D9AB73A4E71388AB81A1E7AC
:100B10001378AB759EE7072000F0ECF918B923783D
:100B2000012B7FF674AF072000F0E4F918B12378A9
:100B3000002B3FF46CAF2378EB758BE71378082B11
:100B40003FF665AF2B7485E71388FF2B3FF65FAF49
:100B5000AB727FE713786B767CE713780E2B3FF64A
:100B600056AFAB7676E72368204AC5F81E30636837
:100B70005360238913816DE71378EB766AE7137866
:100B80006B7767E713782B7764E7137885F828305D
:100B900060E704F0F1FE98B1007900F0010261789D
:100BA000207804F0EFFE00287FF433AF6378012B48
:100BB0007FF650AF0EF0C4FA00287FF44BAF26E763
:100BC0000246ECE713785A1E092A3FF620AF85F853
:100BD00029303FE74FF0FF301BE76FF02C0018E79C
:100BE000800C0020840C0020920C00209E0C002021
:100BF000F8B50D46064630B329B311F0070422D1EB
:100C0000124F97F83430012B02D16FF00B00F8BD72
:100C1000032B02D14FF0FF30F9E700F08BF80028EA
:100C2000F8D02846FFF7A8FC0028EEDB1DF06CF892
:100C30003046F96A07F0A8FDFFF752FE032320466D
:100C400087F83430E3E76FF01500E0E7800C002010
:100C500010B5074C94F83430032B03D107F0ACFDEA
:100C600008F098FC16F071F8002084F8340010BDEC
:100C7000800C002050B1074B03F1140253F8041B01
:100C8000934240F8041BF9D1002070476FF0150023
:100C9000704700BFDB00050008B5094B93F82B3007
:100CA0005BB107F01DFD0749012000F01BF9064963
:100CB0000020BDE8084000F015B907F0F3FCF2E7AA
:100CC000800C002081040000A104000008B507F09A
:100CD00029FD07F04BF903490F20BDE8084000F05B
:100CE00001B900BF1D05000008B50A4B93F82A3072
:100CF0000BB9FFF725FC04F03FFEC1780120C1F3DA
:100D0000400104F06DFE10F05FF9BDE8084012F0FC
:100D1000DBBC00BF800C002002680020014B1A6081
:100D2000704700BFB80C0020014B1B68184700BF7C
:100D3000B80C0020024B1868003818BF012070471B
:100D4000B80C0020074B4FF0FF3141F6FF72C3E9AA
:100D5000001205490022C1E900221F21C3E9021245
:100D6000704700BF60000020BC0C00203F280CD85A
:100D700001380B4BC0F3421200F01F0053F8223031
:100D800023FA00F000F001007047FF2806D0403839
:100D9000044BC0F3421200F01F00EFE70120704740
:100DA00060000020BC0C0020074B01460068496829
:100DB0001A4603C240F48C2200201A6041F01072DF
:100DC00042F4FF625A607047600000200246034B05
:100DD0000068516803C30020704700BFBC0C0020AE
:100DE0000246034B0068516803C30020704700BFF0
:100DF000680000200138064BC0F3421200F01F00CB
:100E000003EB82039B6823FA00F000F001007047B7
:100E1000600000200A8870B595B2C67CC2F30E024D
:100E20000488023602F118033444C35AA4B233448E
:100E30002344013BB3FBF4F303FB0422438892B247
:100E40009342044B8BBF2B40AB4313439BB20B80AD
:100E500070BD00BF0080FFFF4A1E062A08B503468A
:100E6000084604D84FF4D1711520FFF7FDFC094A5C
:100E7000914202D940F2A311F6E711B903B119600A
:100E800008BD2BB11B680022C3E901211A1D1A609D
:100E90000430F5E7FAFFFF7F10B5114B00EB41047A
:100EA0001A786389B3FBF2F303FB0223013A1A4475
:100EB000B2F5706F0279807828BF00231A440B18AE
:100EC000B2FBF0F100FB11215B1AB3FBF0F100FB68
:100ED000113313446FEA43436FEA5343638110BDF8
:100EE000C40C0020024B03EB80035960704700BF25
:100EF000C40C0020034B03EB80035868003818BF74
:100F000001207047C40C00202DE9F04F10F0070AB3
:100F100085B0054604D040F26F111720FFF7A4FCFE
:100F2000534F04464FF0010B07F15406B146B0464B
:100F300057F8043B8DF80BA03BB101A898479DF8EA
:100F40000A30082B01D9F521E7E79DF80B1041BBCA
:100F500005B131604F4506F10406E9D1002D6FD08F
:100F60000022DFF810911427964689F8002058F8DF
:100F700027A0013FBAF1000F55D09AF804609AF803
:100F800002C0FF2E60D039460023481C38D19C4453
:100F9000BCF1FF0F3FD90AB189F800E04FF49A7114
:100FA000BBE79DF80AC04B1D60465A0004EB4303A3
:100FB000022838BF0220441E40422344BDF80840A6
:100FC0006444CCF1000C0340013C04EA0C04B4F589
:100FD000803F02D340F205119FE775B19A1A326043
:100FE0009170148082F803B09DF80C001071019884
:100FF0004FEA104C1081A2F806C004FB0134A9E7A7
:1010000058F8210028B190F804B0B34504BF8078A7
:101010001B180139B9E7DBB2E6458AF804303CBF5A
:101020005FFA8CFE01227B1CA1D10AB189F800E095
:10103000142640F6FF6A58F82670B7B9013EFAD276
:10104000601B05B0BDE8F08F0023E5E707EB410327
:1010500009F101093846A3F80AA0FFF71DFF5FFA5E
:1010600089F1BB788B42F1D8E8E74FF00009F6E749
:10107000C80C0020C40C002038B54FF6FF730246A0
:101080000380184B03EB8103986DA8B18478037932
:10109000B3FBF4F104FB1133DBB2194600EB41055D
:1010A000B5F90A50002D0EDB0131B1FBF4F504FB5C
:1010B0001511C9B28B42F1D1002038BD6381BDE862
:1010C000384015F076BD00EB41046389C3F30E038D
:1010D0001380C278002AF1D14FF4E5711720FFF791
:1010E000C3FB00BFC40C00201C4B03EB810370B595
:1010F0009C6D054644B3030404D54FF4EC711720EE
:10110000FFF7B2FB0146204615F036FDFF280146E9
:1011100004D02046BDE8704015F04BBDA078B5FB6B
:10112000F0F300FB1353DBB219460A1D04EB420631
:10113000B6F90260002E09DB0131B1FBF0F200FBD1
:101140001211C9B28B42F0D1002070BD8B4201D088
:101150000023E37004EB42025580DAE7C40C002060
:10116000094B03EB8103014610B59C6D204615F039
:1011700003FDFF28014604D02046BDE8104015F0CD
:1011800018BD002010BD00BFC40C0020F8B5104BE6
:10119000074603EB810301469C6D204615F0ECFCED
:1011A000FF28054611D0E288238953EA024606D07B
:1011B0000146204615F0FDFC01463846B047204662
:1011C0002946FFF769FE0020F8BD0520FCE700BFB7
:1011D000C40C002038B50E4B0446827903EB820321
:1011E000986D08B9052038BD8278E1799142F9D22D
:1011F0004B1CE37100EB41035D89B3F90A30002B0E
:10120000F3DBA58015F0D5FC20600020EBE700BFE4
:10121000C40C002008B5124B03EB81039A6D22B970
:1012200040F246211720FFF71FFB9178831A481DD3
:10123000A3EB40031088B3FBF0F3002B01DB9942D2
:1012400002DC40F24921EDE702EB4302B2F90A3039
:101250005089002B02DA40F24B21E3E708BD00BFC2
:10126000C40C002070B5044610F003000E4603D0F5
:101270004E211820FFF7F8FAFFF7EEFD054624B1DE
:10128000034831460460FFF7E7FD284670BD00BF04
:10129000700D00202DE9F14FDFF870B01E460746B3
:1012A0000D46DBF8003090469DF828A09DF82C9064
:1012B0001BB960211820FFF7D7FA52460921404692
:1012C00015F0DEFA4A4684B20921304615F0D8FA04
:1012D00081B2DBF80000214415F022FC386018B917
:1012E000286001B0BDE8F08F04445346414609220E
:1012F0002C60386815F087FA4B4609223146286879
:1013000001B0BDE8F04F15F07EBA00BF700D0020AF
:1013100070B50E46044615F0C6FA0546304615F07F
:10132000C2FA044B2A1821461868BDE8704015F02F
:101330001CBC00BF700D0020024B186808B115F0EE
:10134000E3BB7047700D00201F2AF8B50446134612
:101350000ED89200033222F00303B3F5803F2DD262
:10136000184DACB1A00710D068210920FFF77CFA16
:10137000FF2B4FEA420204D9FF339A42A8BF1A4614
:10138000E8E77C2AB8BF7C22E4E729706C602B81F7
:1013900022F0030228230127120403FB01F06B68EB
:1013A0000025120CEEB2B14200D8F8BD14B12618D7
:1013B0001F705E60104401352833F3E74FF0FF30B3
:1013C000F3E700BF740D0020154A002170B5536883
:1013D0001578C8B2854203D8BA210920FFF744FA2C
:1013E0001C461846013114F8286B0EB92346F0E765
:1013F0000021997001241289996103F126055C701E
:101400009208D96103F11E04596824F8022FA542FD
:1014100043F8041F1144F8D100234361037070BDE9
:10142000740D00204B782DE9F04106460C4602F081
:10143000040702F0FB05E3B1A5BBFF23A3707B0803
:1014400004EB57073A7D032A02D1022D18BF01335E
:10145000E2180121117503F10C01002204EB830352
:1014600024F811205B68A27030463360B280BDE87A
:10147000F081002DE1D1012301F11E028D61204692
:101480004B7004F1260C1A4BCD611B8949689B08EF
:1014900022F8023F944540F8041F1944F8D1002374
:1014A0006361CAE7D1F8048014220021A01861709A
:1014B0001DF0F2F90E4B1B89B3F5FF7F0FD25A08CE
:1014C0009B1A9BB208EB0301C4F804802384A1603B
:1014D0006284C4F80C80A3842161E284ADE7B3F593
:1014E000EE6F4FF0FF02EBD940F27263EAE700BF04
:1014F000740D00202DE9F84305460C46F720052120
:10150000914615F0BDF9061E21DB1DB906FB04F05E
:10151000BDE8F88315F0030703D098211920FFF7E1
:10152000A3F9DFF83080C8F81050A8F81460BBB2F7
:101530009C42EBD9B8F814504B46D8F8100005225D
:10154000F72107FB0500013715F05DF9EFE74FF0D4
:10155000FF30DDE7880D002007B5CDE900230B46FD
:1015600003490246081D15F0CAFB03B05DF804FBF1
:10157000A00D002013B5064CCDE900230B46024612
:1015800004F1080104F10C0015F0B9FB02B010BD24
:10159000A00D002008B54B1E032B03D9232190205A
:1015A000FFF762F90028054A0CBF05230C2303EB63
:1015B0008103053323F00103137008BDB00D002033
:1015C000114B01224FF0FF3000215A60C3F808038D
:1015D000C3F80015C3F804255A6040F6FE72C3F83C
:1015E00008034020C3F8001503F570330749C3F81A
:1015F0000825C1F88800BFF34F8FBFF36F8FC1F884
:101600008801C3F8082570470060045000E100E03D
:101610000A4606483D2302F8033BC368C1F803307D
:101620000369536043699360704700BFB40D0020A5
:10163000024B5A8C02435A845B6A1847B40D00204F
:10164000014B00215B6A1847B40D002070B5194C9E
:10165000054694F828604EB1012807D1638C1A071B
:1016600004D594F830300BB1012070BD0129FBD8AE
:10167000636B284698470028F6D094F83800002875
:10168000F2D11EB9012D0BD03046EEE7002DECD182
:10169000638C9B0704D594F8300080F00100E4E7E8
:1016A000608C0028E0D194F83930002BDDD194F81B
:1016B0003A00F2E7B40D002010B5154C0CF0A6FB73
:1016C0000DF0CAF8A08FFFF7BBFF237E63B122465F
:1016D000104904F1190052F80C3BE3606368536051
:1016E000A36893601AF0EFFE0B4BA28F93E8030000
:1016F00009F066FAE36A188809F092F8236C94F806
:10170000381094F83E009847002384F8443010BD08
:10171000B40D002011160000DC0D0020034B93F8DF
:1017200044300BB1FFF7C8BF704700BFB40D0020B5
:1017300070B5214C0646A36DE56AA3644FF481732E
:1017400094F85C00A4F84C3095F8933095F8751037
:1017500000EB83002EB9FF2803D195F874308B423B
:1017600001D00CF0E7F995F89330FBB1206E0CF046
:1017700033FC216EA06C0CF0F5FF5EB995F8753066
:10178000033B012B2B8F8CBF00202820184480B2F4
:101790000CF086FCA88E0CF059F995F87410002016
:1017A0000CF0C4FC022384F8443070BDA06C0CF033
:1017B00013FC0DF051F8E0E7B40D0020F0B591F8FE
:1017C000686087B00C4606BBCA883346134F04F1E5
:1017D000800190F87500903497F82850013897F8F8
:1017E0005C70003DC0B218BF0125032810D80596D3
:1017F000002604960A4E305CCDE902700220CDE945
:1018000000540CF0CBFE07B0F0BDD1E91E23DDE79C
:1018100040F22C410620FFF727F800BFB40D00204E
:101820001B5104002DE9F041234C06460F4694F865
:101830004430012B5FFA83F804D040F62F012720B3
:10184000FFF712F8E56A95F8843053B100210420BF
:1018500085F88410FFF7ECFE94F828300BB185F87A
:10186000858095F88830042B0DD114490220FFF7AC
:10187000DFFE94F8283033B1E36E1B789A1E534292
:10188000534184F8303095F8933023B105F180014D
:10189000E06AFFF793FF1EB1BDE8F041FFF70CBF10
:1018A000002FF9D031463046FFF7D0FE0028F3D1A3
:1018B000BDE8F041FFF73CBFB40D0020200E002032
:1018C00008B5094B93F84420022A04D040F2E621DF
:1018D0002720FEF7C9FFDA7A42F00102DA72BDE88A
:1018E0000840FFF7E9BE00BFB40D0020F7B5184C63
:1018F0000646656F0DB1236D23B940F2E7712720CD
:10190000FEF7B2FFB4F8543001F003012F466B70BC
:101910002B7823F003030B4307F8033B3846B4F856
:101920005420216D14F004FA0DF1020201A9A06FF8
:10193000A564276515F0DEF8019815F0C9F80122B5
:10194000B4F854103060A06F15F06DF803B0F0BD1E
:10195000B40D002070B591F8686086B00C4606BBE7
:10196000CA88334690F8740004F18001114D903418
:10197000013895F82850C0B2B5FA85F503284FEA2A
:10198000551511D805960026009504960A4E305C30
:101990000390FB20CDE9014004200CF0FFFD06B0D0
:1019A00070BDD1E91C23DDE740F22C410620FEF793
:1019B0005BFF00BFB40D00201B5104002DE9F04F68
:1019C000B94C85B0E76A97F8741058B997F8932026
:1019D00094F85C3003EB8203FF2B03D197F875304A
:1019E0008B4202D0FF200CF0A5F802A9AF4818F0F6
:1019F000A6F88346A0B3029A53786266A4F87030C2
:101A000003B1D31CE36600251378C3F3001384F8F5
:101A1000393097F89230002B00F06B81B4F87030B9
:101A2000002B00F06681206E0CF0D6FA2A46D4E92D
:101A300018100CF0D1FC18B9D4E918010CF028FEEC
:101A4000F88E0CF003F897F8751001200CF06EFB7F
:101A5000012384F8883084F8443005B0BDE8F08F65
:101A6000E66A8DF8050096F88830ADF80600052B7B
:101A700000F20C81DFE813F006000D01E100E10047
:101A8000FA00FA0094F87F300DF1060103A8A6F8D9
:101A90006430ADF8063006F0C9FF40B1039D35B1A2
:101AA000012384F88030042386F88830DBE096F840
:101AB000CF30002B40F0A6800DF105020DF106019C
:101AC000D4F8840014F016FF0546002800F09A8030
:101AD0009DF805B0BBF1000F1FD00146D4F884007B
:101AE00014F0F2FF14F0F4FFD0F800A0D0F8049046
:101AF00080465AEA09037ED1002388F8003088F82E
:101B0000013088F8023088F8033088F8043088F80B
:101B1000053088F8063088F80730BDF80630002B0D
:101B200078D1012386F8883001234FF0000B84F828
:101B30008030BDF806306566A4F8703003B1EB1C48
:101B400096F8888096F889A0B8F1020F96F88A90E6
:101B5000E36600F0A380A8F10408B8F1010F00F2D9
:101B60009B80BBF1000F00F0A5800025E36E1B7881
:101B70001B2B40F0BB80012106F110000CF022F875
:101B80004FF003080122616E4FEACA0A4FEA890941
:101B90000B780AF0080A09F0040903F0F30343EA9A
:101BA0000A0343EA090323F0100343EA051323F071
:101BB000030348EA03030B70B4F870304B70022340
:101BC000606EA4F86830037823F0200343EA4213E0
:101BD000037052B1E36A197C5B7C032903F01F0395
:101BE00008BF002143EA8113837005F0010584F8E2
:101BF000395015460DE71CF0BBFA824579EB01011F
:101C0000BFF47AAF00230122294DADF8063086F8E3
:101C1000882090E79DF805301BB92B80AB7003231B
:101C200080E72B7803F00303012BF8D0022386F81A
:101C30008830002386F8953076E7B6F864300DF1E9
:101C400005020DF10601D4F88400ADF8063014F059
:101C500051FE054620B940F20D512720FEF704FE43
:101C6000012384F88030BDF8063064E70DF10601E9
:101C700003A806F0DBFE08B1039D15B940F21C5124
:101C8000EBE7012384F8803005230DE740F226516D
:101C9000E3E7074D00234EE74FF00108BBF1000FCB
:101CA0000ED000252A466EE7B40D0020DC0D002082
:101CB000300E00201B78022B3FF457AF4FF0030883
:101CC000D4F8840014F06EFE50B9B8F1030F3FF45D
:101CD0004CAF06F0C7FE80F00105EDB2002252E7DE
:101CE000B8F1030F4FF00105F8D13FE74FF00308BB
:101CF000F4E7606E0CF070F90CF0AEFD2946606EF2
:101D00001CF02DF89CE600BF2DE9F04F0023794C24
:101D100085B080468A46E56ACDE9003394F84430C0
:101D2000022B04D04FF40C612720FEF79DFDA26C1E
:101D300051781378A4F8541003210A44A4F84C10E5
:101D4000226503EA01028DF80820C3F3C0028DF872
:101D50000920C3F380028DF80A20C3F30012C3F3F5
:101D600040138DF80B208DF80C3095F89330002837
:101D700000F06F81D3B10CF08DFD831EDBB2012B1F
:101D800004D8FFF799FC05B0BDE8F08F70B9B4F83E
:101D900054305BB195F88A309DF8092003F00103B7
:101DA0009A4203D1012384F83E30EAE7524A02A95D
:101DB000A2F1280017F0C5FE8346002849D1B4F8E7
:101DC000541011B1A06F14F00EFEA38F9DF80A10ED
:101DD00043F400736067A38795F889300133DAB262
:101DE00003F00103994236D0C146BBF1000F2DD15B
:101DF00095F88A309DF8092003F001039A4225D115
:101E0000B4F854609DF80830002E7BD05A1E012A89
:101E100078D8A38F95F8937043F48053A3870BF081
:101E20002BFE042894F8893006D1002F0CBF1F2206
:101E30001B22934228BF1346B4F854209A424ED92D
:101E400094F8383043F0100384F8383000263746D1
:101E500070E00020B9E795F888305BB3013B85F866
:101E60008920DBB2042B0FD8244A13441B79002BA2
:101E7000BAD0022B0BD16946D4F8840014F05CFD73
:101E800088B940F2F7614FE740F2D6614CE7032B87
:101E900010D106F0D9FD10B940F2017144E70021DC
:101EA0000820FFF7C5FBD5E93C32013342F10002BF
:101EB000C5E93C32002194F8283085F888103BB100
:101EC00095F8853023B1102085F88510FFF7B0FB19
:101ED000A38F4FF0000943F40063A38785E7636F86
:101EE000002BB3D094F88A3053B12020FFF7A8FB21
:101EF000ACE700BFB40D0020040E00201B5104000D
:101F00009DF8083095F88A20032B02F1010285F82C
:101F10008A2000F093805A1E012A00F28180002E50
:101F200094D000264746D5E93E32013342F1000203
:101F3000C5E93E3295F8923023B105F1800128467B
:101F4000FFF708FDBBF1000F40F0AD80636F9DF817
:101F50000B20002B40F0A580B4F85430B3FA83F383
:101F60005B09012A14BF002303F0010384F83A300F
:101F7000BAF1000F00F099800CF002F9002F40F048
:101F8000A7800126A38F5A0606D44020FFF758FBEE
:101F9000A38F43F04003A387B9F1000F10D094F84A
:101FA000283043B1B4F80720B4F805301343B5F82E
:101FB0008620134304D0B4F809300133A4F8093063
:101FC000B8F1000F00F08A80B4F805300133A4F8AE
:101FD0000530002384F88B30434808F087FB0098D5
:101FE00030B114F075FD00220272294607F0ECFBB7
:101FF000019B33B100221A720C222946019807F086
:10200000B1FB002E7FF4BDAEA38F1B063FF5BBAE28
:102010008020FFF715FBA38F43F08003A387B2E670
:10202000002E3FF414AF002B7FF410AFD5E93E3201
:10203000013342F10002C5E93E3207E7A38F0120D8
:102040002A4943F4805385F88400A387FFF7F0FA08
:10205000ECE70BB10CF038FC94F88B30013384F8CA
:102060008B30A38F43F48063A38795F87530033BCF
:10207000012B0DD80BF000FD04280DD1B4F85460ED
:1020800000271B2EBB46B94694BF0026012651E708
:1020900007F04EFC0028EDD100263746B346B14686
:1020A00048E701235DE7002360E794F88B100120E7
:1020B000FFF7CCFA00287FF45FAFFFF77FFC002F1B
:1020C0003FF460AF9DF8081001A8FFF70FFC59E737
:1020D0009DF8081001A8FFF709FC52E7B4F8073093
:1020E0000133A4F8073077E7DC0D0020040E002050
:1020F000064B10B593F8442002F0FF0422B91C7679
:1021000008F056FD204610BD0C24FBE7B40D00205E
:10211000094B0A4A10B51A60FFF7EAFF20B14FF4E5
:10212000A4712720FEF7A0FB054C06F061FBA0651B
:1021300006F062FB206610BD881A0020A023000074
:10214000B40D00202DE9F341924C089FCDE9000128
:1021500094F8441001F0FF0511B90AB103B127B991
:102160004FF408712720FEF77FFBDDE9000104F141
:10217000280C63639DF82430626284F88A302764F7
:1021800084F8385084F88B5084F83E5084F8885096
:102190006584A58784F8395084F83A5084F88050D3
:1021A00084F830508CE8030017F0CFFC6566E566D4
:1021B000A4F87050A5642565A4F85450E56A0BF0A6
:1021C00023FD0CF049FB95F97C0005F180070BF02D
:1021D00083FDAE6A286A0BF085FD30460BF0E0FE09
:1021E00095F8A4000BF088FDAB8E4E2B02D9EB8E38
:1021F0004E2B01D80BF030FC94F82860002E40F0F4
:1022000089801AF047FF95F87420634B4FF47A7178
:1022100053F8223003F5FA73B3FBF1F34633191880
:1022200030460BF0DFFD5D4B18680BF0BFFE6B69AD
:10223000E26AC4F88430AB6992F87460A36792F8DC
:102240008D30A3F12A01012903D992F88E102A2991
:102250006BD194F82830002B64D192F83A123046B2
:1022600014F075FD064605F13C08314640461AF06B
:102270002FFA314619F07EFAB5F8483095F8751006
:10228000834228BF0346404684F87F301AF0CEF9D7
:1022900095F8751095F893800429B5F8506008BF3B
:1022A000032119F067FAB8F1000F01D1043080B2B0
:1022B000864228BF0646F6B284F8896007F038FBEC
:1022C00028B107F03BFB864238BF0646F6B294F8C9
:1022D000283084F85C60002B4CD195F892301BB10B
:1022E00039462846FFF736FB0120FFF767FB00233E
:1022F00023606360A360B5F8863063802B882380F9
:1023000095F8A4302371AB6F0BB101221A6002B0B3
:10231000BDE8F0811AF0BEFE95F8752000F1650168
:1023200001207EE792F8CA1299E7253B012B10D8CD
:10233000282910D094F82830C3B192F836315A07C2
:1023400012D413F001018AD1C3F340035B00D9B268
:1023500085E728290AD194F828303BB192F8363124
:1023600092F86D201340EAE7042178E7032E08BFB6
:10237000042678E795F893301BB139462846FFF7D5
:102380001DFA0120FFF7D4F9E36AD3F8E0010BF05E
:1023900055FEACE7B40D002028540400881A002034
:1023A000C1180000091D0000251800001D170000BD
:1023B0000D4B0321186830B50D4690F8A52090F814
:1023C0004B400132B2FBF5F303EB4303D31ADAB20D
:1023D00044FA03F3DB0703D4013911F0FF01F0D114
:1023E00080F8A52030BD00BF400E0020014B1868CA
:1023F00014F07ABD400E002008B50AF0CDFE014B66
:10240000187008BD70000020064B10B41C68827C58
:10241000836804F1420194F841005DF8044B19F01F
:1024200009B900BF400E00202DE9F04105461746CE
:102430001E460C4619B1AB6853BB01201FE0DFF804
:102440006080D8F8000000F15B0390F85A2000F19A
:10245000780190F87E0019F0EDF8D8F804305A7938
:10246000D8F80030082A04D093F84E40A21A5442FB
:10247000544193F85630012BDDD023B1002000F0F9
:102480000100BDE8F0810028D5D1002CD3D1F5E7BB
:10249000002FD2D1002EF1D02846FFF7B5FFEEE78E
:1024A000400E0020024B18686C3002F0F1B900BFFA
:1024B000400E002038B50F4CFFF7F4FF656802F0BE
:1024C000A1F963682860186820B940F2F54132200C
:1024D000FEF7CAF914F0FFFE10B940F2F741F6E733
:1024E0000BF07AFD00200BF0DBFD636804221A710B
:1024F00038BD00BF400E002038B5194D04466B684A
:102500001B79022B04D940F608113220FEF7ACF9F2
:102510002B68027C83F8A4201A44C168996692F85B
:102520007C2183F878214268C3F88820037A022B43
:102530000ED00BF069FB0BF0DFFD0AF0E1FE09485D
:102540000BF034FD08480BF02BFD08480BF0CAFBDC
:10255000637C23B12B685B6E0BB101221A6038BD1E
:10256000400E00202042000055555500D6BE898EF1
:1025700038B505460C4606F091F9420704D4A37815
:1025800003F0E003402B30D006F088F9830704D431
:10259000A37803F0E003202B27D0237803F03F0338
:1025A000242B22D80BF06EFA94F90030A278002B7D
:1025B000637802F01F02B4BF4FF496711E2143EA04
:1025C00002234B431A1AB2F5877F0ED398420CD8D8
:1025D000074B294618682388A0F87931A37880F83A
:1025E0007B31BDE8384015F05CB9002038BD00BF34
:1025F000400E002008B5074B93F900207F2A04D134
:1026000040F29B313220FEF72FF902707F221A70C0
:1026100008BD00BF7000002010B504788EB004F033
:102620000F0404A9224614F095FEFFF7E5FE042CE2
:1026300033D11B4C059A2368107893F878108842A0
:102640002BD1507893F87910884226D1907893F85E
:102650007A10884221D1D07893F87B1088421CD11F
:10266000107993F87C10884217D1517993F87D2026
:10267000914212D19DF8212093F87E309A420CD1DC
:102680000DF10F00FFF7B6FF9DF90F3004A900937D
:10269000237B227A606814F030FE03200EB010BD58
:1026A000400E00202DE9F04387B0194C06460F4636
:1026B0000DF11700FFF79EFF65682B79032B20D0E3
:1026C0002B79062B14BF4FF001094FF00309236843
:1026D00003F142080BF0D0F99DF917303A46CDF8D6
:1026E0000C9031460293237ACDE9000343462846F5
:1026F00002F054F940B1606807B0BDE8F04302F061
:10270000E9B84FF00009E2E707B0BDE8F08300BF89
:10271000400E00202DE9F043304D87B004460F46AF
:102720006E68B3798BB3D5F8008098F8953033B9DB
:102730000378002B14BF0223012388F895303379E6
:10274000062BDAB225D0072A0CBF4FF002094FF052
:1027500001090DF11700FFF74DFF0BF08DF99DF901
:102760001730CDF80C903A46029321462B7ACDE9EA
:10277000000308F14203304602F010F928B16378F3
:10278000DB0609D4686802F0A5F8002007B0BDE8B0
:10279000F0834FF00309DCE7A1690220FFF7E8FEB0
:1027A000B8B100222B6883F8962062696AB151782B
:1027B000C1F3031183F897101178527802F00F02D9
:1027C00041EA0222A3F89820E0E7FF2283F897204D
:1027D000DCE7686802F0AEF8D7E700BF400E0020E3
:1027E00010B504468AB0FFF707FE237803F00F0305
:1027F000072B02D001200AB010BD6946204614F014
:102800003CFE684614F0E1FE9DF80030002BF1D14B
:102810009DF80130DB07EDD50C4C019922689DF83D
:10282000110002F1780392F87E2018F003FF0028CF
:10283000E0D020680121A03018F012FDFF21684689
:10284000FFF768FF0130C0B2D5E700BF400E00209F
:102850000D4A536810B51979022904D841F2D141C3
:102860003220FEF701F81979082902D941F2D24144
:10287000F6E71B79126903F180439268033BBDE8D8
:10288000104052F823301847400E002010B5054C78
:10289000637A2BB10BF030FC0AF032FD0023637237
:1028A00010BD00BF400E002010B5054C23792BB1A0
:1028B0000BF022FC0AF024FD0023237110BD00BFA1
:1028C0009015002010B5094CFFF7E0FF0122636866
:1028D0001A7100232268A2F8793182F87B31FFF760
:1028E000E1FD2068BDE8104015F0A2B9400E0020BF
:1028F00008B5044B586802F01DF8BDE8084014F014
:1029000000BB00BF400E0020062938B51D469DF8CB
:10291000104019D908291BD802B18CB143689BB962
:1029200012B94378DB0615D40B4B5B68186814F0BA
:10293000F3FC00B134B92DB906F038FA00F0010407
:10294000204638BD0120F9E79DF814402C43F7E7F5
:102950000024F5E70124F3E7400E002038B50D1EF2
:1029600004460CBF05200320104406F035FB094B3C
:10297000587270B15DB9033C012C8CBF50245524B2
:102980000AF098FC2046BDE838400BF0A9BB402473
:10299000F6E738BD400E0020F8B53D4CFFF782FD4C
:1029A000656801F02FFF63682860186820B940F25D
:1029B00052413220FDF758FF14F08DFC054610B946
:1029C00040F25441F5E7236893F8A6306BB12368D1
:1029D0001A6D93F8A710C3F8102193F854200A43F6
:1029E00083F85420002283F8A620206890F8A430B1
:1029F000034493F87C71636880F878711A7952B156
:102A00001B79012B07D0002114F04BFF18B9BDE84A
:102A1000F840FFF757BF23681E4A93F8A530D05CF3
:102A20000BF06AF9236893F8A420134493F87C61AF
:102A3000022E2BD004D8012E05D040F60501B8E7B0
:102A4000F31E012BF9D801F0D7FE31460BF072F8D6
:102A500028460BF0C1FA314601200BF05BF97B1ED2
:102A60002A46384659425941FFF778FF62680821E3
:102A70000023517121722168D3801372E37281F8AF
:102A80009530A372237303231371F8BD0D20DCE787
:102A9000400E002024510400124A10B5536800B9BA
:102AA00031B9184601F046FFBDE81040FFF70ABFF4
:102AB0001979082904D841F2A1413220FDF7D4FE4A
:102AC00019790C2902D941F2A241F6E71B79126962
:102AD00003F180435268093BBDE8104052F82330AF
:102AE000184700BF400E002010B50B4C0521206890
:102AF00014F0D7FE30B9606801F01CFFBDE810404B
:102B0000FFF7E0BE2368012093F878110BF00EFB6D
:102B100063680B221A7110BD400E0020054B1A6825
:102B200092F85420920703D05B68186801F094BEB5
:102B300058697047400E002070B5304D06466B68EE
:102B40001A79032A0BD01A79042A08D0FFF7E6FF76
:102B5000044640B941F2D9313220FDF785FE1868AC
:102B600014F0B9FBF4E72B6893F8543013B941F231
:102B7000DF31F1E776B119F058F930B16B681A79A5
:102B8000022A0ED841F25F31E6E7204619F068F9D3
:102B90000028F3D16B681A79022A17D841F2BF31A5
:102BA000DAE71A79082A02D94FF49B51D4E71B7946
:102BB00020462A6903F180431269033B52F823300F
:102BC00098470C2812D941F2F231C5E71A79082A40
:102BD00002D94FF49E51BFE71B792A6903F1804364
:102BE0005269033B52F823309847EAE72B69DB68C8
:102BF000BDE8704053F82030184700BF400E002059
:102C000038B5FFF78BFF044620B940F21C51322043
:102C1000FDF72AFE0B4DFF202B6893F878110AF080
:102C200089FF20460BF0D8F92B6893F87831033BE5
:102C3000012B94BF282000200BF032FA6B6807228A
:102C40001A7138BD400E002038B5134C0E20236891
:102C500093F878110AF06EFFFFF760FF054620B980
:102C600040F209513220FDF7FFFD0BF0B5F9236862
:102C700093F87831033B012B94BF282000200BF000
:102C80000FFA23682A46002193F87801FFF766FEC1
:102C9000636808221A7138BD400E002010B5074C39
:102CA000606801F017FEFFF7A7FB20680021A03045
:102CB00018F0D6FABDE81040FFF704BE400E002021
:102CC00007292DE9F043064687B00F469046456830
:102CD000634C23D11DBB002A49D1D4E9001091F8DF
:102CE000543013F0030218BF012213F00403827161
:102CF00003D033785A1E53425341C37191F8943034
:102D00004BB12368D3F8900050301AF067F910B92E
:102D1000636801221A7207B0BDE8F0833DB329460B
:102D2000707C14F026F8072F814661D1637A63B175
:102D300058B1B8F1000F52D0656818F0BFFC636855
:102D400068715B7923720123A3726368587908283C
:102D500055D17168707C1AF037F962680546716860
:102D60000532707C06F028F86368002859D0236883
:102D700093F8540010F003000AD093F84C30394611
:102D8000019530466268927900924246FFF7BCFD99
:102D900062682368907193F8540010F0040009D021
:102DA00093F84D30394601953046D279009242462B
:102DB000FFF7AAFD2B4B65681B68E8711BB1414604
:102DC00030469847287272686AB3717C236883F82A
:102DD0007E10116899679288A3F87C2023E023680D
:102DE00093F878110129A7D1284606F0C7F8607238
:102DF000637A002BA9D0B9F1000FA6D09CE704AAF2
:102E00000DF10F0106F0A2F820B940F6BA313220D8
:102E1000FDF72AFD04A99DF80F001AF0D5F8054624
:102E2000A5E7D88018726268137AB3B9D388003BDB
:102E300018BF0123B06800283FF46DAF072F7FF45F
:102E40006AAF517908293FF466AF002B3FF463AFB6
:102E500006F0B2F80123E3725DE70123EAE700BF61
:102E6000400E0020901A00202DE9F84FDFF8C0A096
:102E7000914604468846DAF800201F468168807C27
:102E800013F077FF92F848609AF80930054686F00B
:102E90000106002B3AD092F854305B071DD592F80A
:102EA0004D30D3B192F84EB0BBF1080F23D0584645
:102EB00005F060FF3043C6B245B39AF80B303BB320
:102EC00018F006FC002304468AF80B3089F800400D
:102ED00088F800503E70BDE8F88F636823B1DAF8D7
:102EE000043093F805B0DFE7DAF80430186814F01E
:102EF00013FA0028F3D1CDB19AF80A1031B9A068BD
:102F000006F03CF804468AF8090038B90024DDE7E9
:102F1000A168584606F0A6F80446D7E718F0CEFB9D
:102F20000828F3D0DAF804305871CFE72C46CDE703
:102F3000400E00202DE9F043874D87B004462E68EF
:102F400096F85730002B47D06F68BB7923B9FA79D0
:102F500012B93A7A002A3FD094F80080B8F1010FF4
:102F600072D0B8F1020F00F0D380B8F1000F33D166
:102F700096F8542091072FD00BB93B7A63B363784E
:102F800013F0100FC3F300170CBF012208229A435D
:102F900022D10022A3688DF814208DF81520002B73
:102FA00047D00DF1160305AA0DF115012046FFF7D4
:102FB0005BFF2B6893F841609DF8143083B920467D
:102FC000FFF722FA70B92B6893F85530023B012BBA
:102FD00002D89DF8153083BB032007B0BDE8F0830D
:102FE00046F002065FB30DF117004FF00008FFF73F
:102FF00001FBD5E9003903F142070AF03DFD9DF9D7
:1030000017303246CDF80C80214602932B7ACDE959
:1030100000033B46484601F0C1FC0028DCD0A16912
:103020000120FFF7A5FA0028D6D02B6883F89680F8
:103030003BE0FF268DF81630D4E7FE26D2E7314676
:103040002046FFF72FFBC7E796F878216378022A1E
:103050003DD103F01903192BBED196F854305A070D
:1030600039D40DF11700FFF7C5FAD5E9003703F1A0
:1030700042060AF001FD0023FF22214603939DF939
:10308000173002932B7ACDE900033346384601F01E
:1030900085FC0028A0D0A1690120FFF769FA00286B
:1030A0009AD02B68012283F896206269002A4ED0BC
:1030B0005178C1F3031183F897101178527802F018
:1030C0000F0241EA0222A3F89820022085E703F0CC
:1030D0001803182BC0E7616800232046B1FA81F17C
:1030E0001A464909FFF7A0F900283FF475AFA36914
:1030F0002A689B781F2B04D892F84930002BB0D156
:103100006AE703F0E003402BABD192F84A30F5E7D1
:1031100096F854309B073FF45FAF637803F01803D1
:10312000182B7FF459AF0DF11700FFF763FA0AF07F
:10313000A3FC0023FF22214603939DF9173002933D
:103140002B7ACDE9000306F14203384663E7FF22FC
:1031500083F89720B9E700BF400E0020014B586864
:1031600001F0E8BB400E00202DE9F04F044689B085
:10317000062900F2C580DFE811F06000E7000700D3
:10318000C300C300C30026006E4D0AF03FFE2F6847
:1031900097F85430980714D06E68B3798BB10DF15D
:1031A0001F00FFF727FA9DF91F30022221460293E4
:1031B00030462B7A0193FF23009307F1420314F06A
:1031C0008CF803201FE05F4D6E68B379002B00F090
:1031D00097802F6897F85420910717D50DF11F009D
:1031E000FFF708FA9DF91F30304606220293214668
:1031F0002B7A0193FF23009307F1420314F06DF83B
:10320000002309202B7309B0BDE8F08FD30777D5D1
:10321000570701D50AF0FAFD0DF11F00FFF7EAF993
:103220009DF91F202B6802922A7A42330192FF22D5
:103230000092062221466868C1E7424D2B6893F848
:103240005420560737D56968CA79002A33D04268B6
:1032500093F85B001678864255D1567893F85C0057
:10326000864250D1967893F85D0086424BD1D6784D
:1032700093F85E00864246D1167993F85F00864245
:1032800041D1507993F8602090423CD1627C93F810
:103290005A00101A4242424193F8560001284ED07B
:1032A000002A4CD193F84E30082B02D04A799A422A
:1032B00045D00AF0ABFD6E68B379002B3DD02F6886
:1032C00097F85420930720D50DF11F00FFF792F9CE
:1032D0009DF91F3030460022029321462B7A01933C
:1032E000FF23009307F1420313F0F7FF01230920A6
:1032F0002B736B68DA79002A85D19B79002B82D1F8
:103300000AF084FD5DE70022C6E7D60715D5500711
:1033100001D50AF07BFD0DF11F00FFF76BF99DF958
:103320001F202B68214602922A7A42330192FF2203
:1033300000920022686813F0D0FF0320D9E70A202A
:10334000D7E700BF400E0020644D81682A68807C6A
:1033500013F00FFD92F854306E68074692F84890CB
:10336000590796F806A096F807B089F0010940F1D0
:103370008E8092F84D30002B00F0898092F84E60DC
:10338000082E00F08680304605F0F4FC49EA000083
:103390005FFA80F9002F7ED03046A16805F062FE0A
:1033A00006462B6893F8542093F84180520749D57C
:1033B000626893F85B10107888426ED1507893F869
:1033C0005C10884269D1907893F85D10884264D18E
:1033D000D07893F85E1088425FD1107993F85F102F
:1033E00088425AD1517993F86020914255D1627C3C
:1033F00093F85A10501A42424241696849790829A3
:103400004DD093F84E30591A4B424B41002E48D1C3
:10341000B9F1000F47D02046CDE90423FEF7F4FFB1
:10342000DDE90423BBF1000F0AD0296891F856109A
:1034300001294ED021B9002A4BD108B1002B4AD125
:103440000AF0E4FC2B6893F854309B073FF4B9AEC4
:103450000AF0DCFCBAF1000F3FF4B3AE2046FEF7F1
:10346000D3FFD5F8009000B9FEB10DF11F0048EA76
:103470004608FFF7BFF89DF91F3002932B7A01939E
:103480005FFA88F30093012209F14203D2E67679CC
:1034900076E7002685E73E4683E70022ADE7002376
:1034A000B4E70120BEE73046BCE799F85530023B4F
:1034B000012B3FF686AE002F3FF483AE0DF11F00C7
:1034C000FFF798F89DF91F3002932B7A0193FE23A2
:1034D000D8E70028B4D00A2095E600BF400E0020AF
:1034E00030B58BB00546FEF787FF114B1B6893F88C
:1034F000543013F0060F04D00122962100201AF058
:1035000022FC2C786946284604F00F04224613F06A
:1035100021FF002221466846FFF7D2FB214668467C
:10352000FFF722FE0446FFF7B1F920460BB030BD8D
:10353000400E002030B505468BB0FEF75DFF2C78BD
:1035400028466946294D04F00F0413F096FF2B68B6
:10355000072C16D193F87811684613F097FF0022D4
:1035600021466846FFF7ACFB2B6893F87831022BB5
:1035700032D017D8012B1AD041F25A213220FDF750
:1035800073F993F8542012F0060FE8D093F8A420B2
:10359000134493F87C21012AE1D1962100201AF0EE
:1035A000D2FBDCE7033B012BE6D8072C19E0062C05
:1035B00002D00BD8022C0BD821466846FFF7D4FD69
:1035C0000446FFF763F920460BB030BD072C09D045
:1035D0000AF01CFC0324F4E7072CFBD19DF8003013
:1035E000012BF7D16846FFF7A5FCE9E7400E002064
:1035F00038B5154D2C6894F84830F3B16FF000439E
:10360000D4E920129A4208BFB1F1FF3F15D01AF059
:10361000E8FCD4E92023904299410ED32B6893F81B
:1036200048305BB92D6805F08BFC04461AF0D9FCD4
:10363000064BE4FB0301C5E9200138BD012005F07C
:10364000DDFC0028F9D0EDE7400E002040420F00DD
:1036500010B50446FEF750FF237A032B04D140F641
:103660003A113220FDF700F90BB9FEF7A1FE064B27
:103670001B6893F958000AF02FFBFFF78DF9BDE89E
:103680001040FFF7B5BF00BF400E002070B51E4DC3
:1036900006462A6892F87B3192F879015F2B4FEA4F
:1036A000531100F03F0097BF184B00245B18DC78E3
:1036B0000AF022FB2B6893F958000AF00DFBFEB1CB
:1036C0002B682246996E01200AF08CFB2B6821465C
:1036D00093F89630022B14BFFF2040200AF02AFAFC
:1036E000FFF71CFA2B68064693F8951019B90246A5
:1036F0002046FFF733F93046BDE870400AF06CBC55
:1037000022468221DFE700BF400E00202451040042
:10371000F7B52C4C0746226892F87B315F2B4FEAB5
:10372000531197BF284B00255B18DD78936E13B1BA
:103730000120FFF7ABFF2368D3F888000AF07EFC76
:10374000236893F85420910703D593F89610022923
:1037500005D052070ED593F89620012A0AD1042DE0
:1037600026D193F85930012B0CBF032104210020EE
:103770000AF0DCFCD4E9006318689A36D7B913F074
:10378000CBFD63680746186813F0CCFD216802463C
:10379000304691F8963091F878110091394613F03F
:1037A000C8FE236883F878510023A37203B0F0BDEC
:1037B0002946DCE713F0C2FD0146304613F0AEFEA9
:1037C000EFE700BF400E00202451040008B501209F
:1037D000FFF79EFF024B06225B681A7108BD00BF0F
:1037E000400E002008B50020FFF792FF024B052293
:1037F0005B681A7108BD00BF400E002010B504467A
:10380000FEF77AFE237A032B0AD1194B1B68986EB8
:1038100020B14FF415613220FDF726F8FFF736FF8F
:10382000237A012B06D003D9023B012B12D910BDFC
:10383000FEF7BEFD0E4C236893F958000AF04CFACF
:103840002368002283F89520FFF7A6F8BDE8104012
:10385000FFF7CEBE064B1B6893F895301BB9BDE849
:103860001040FFF7BFBFBDE81040FFF7AFBF00BF7C
:10387000400E002008B5044B586801F02BF8FEF705
:10388000BBFD012008BD00BF400E002008B5FEF7BB
:10389000B3FD054B00211868A03017F0E1FCBDE82E
:1038A0000840FFF70FB800BF400E00202DE9F3419C
:1038B0004C4D00230E4607462A6841F27070116D88
:1038C00053720B885381CB69A3F57A74844295BFF8
:1038D0004FF47A7040F2E240B3FBF0F3B3FBF0F345
:1038E00098BF03F550639BB213848B8C5384CB8CAD
:1038F00093844FF47F43D3844FF6FF73138517B33C
:103900000121304618F006FA01463078C0092C68CB
:1039100094F8483004F11402FBB113F02AFAE0B134
:103920000B6863618B88287A938004F10E02082863
:103930004AD004F10D0105F009FB88B941F2284194
:103940003220FCF791FF6946686918F035F96B6918
:1039500069461878C0F38010D9E700236361E2E775
:103960002C68637B04F11A0843F00203637347B3C6
:103970000021304618F0CEF90368C4F81A30838865
:10398000A8F804302B6893F95810186D05F0DCFB8B
:103990002868154918F08EFD28681449036D2A30EF
:1039A0001A88A0F8092093F89630C37218F08BFD9E
:1039B0000221286801F0B2FAFEF774FD02B0BDE8FA
:1039C000F08104F17800D7E794F87E306373A36F39
:1039D000C4F80E30B4F87C3093800023C4F81A3059
:1039E000E383CFE7400E0020CF6D01008B6D010017
:1039F00008B5FEF74BFF044B00205969FFF756FF4F
:103A0000BDE80840FEF7F2BC400E00202DE9F0476B
:103A100005468AB0FEF7F0FC2B7803F00F03082B65
:103A200005D04FF0010840460AB0BDE8F08769466E
:103A3000284613F0C0FC9DF80080B8F1000FF0D1CB
:103A40009DF8013003F00303032BEAD12D4C2668C7
:103A500096F84D30002B3BD096F84E70637A002BD1
:103A600039D14FF0000906F1780396F87E200199CC
:103A70009DF8110017F0DEFDB9F1000F01D100280B
:103A8000CFD0236893F8419003F1420A96F848306A
:103A900023B1384605F020FB024638BB52469DF85C
:103AA00012A00299504613F064F9134606464A469E
:103AB000504617F0BFFDE0B120680121A03017F09B
:103AC000CFFBFEF7E3FE29460120FFF7EFFEAAE752
:103AD00063685F79C2E717F0F1FD0828C1D0C31B06
:103AE0002072D3F1000949EB0309BCE74FF001094B
:103AF000D5E7002E95D00299384605F0B3FA002894
:103B0000DAD18EE7400E00202DE9F8436D4F0023F7
:103B1000064689467869D7F80080037043700AF03A
:103B200077FA054630B90025032005F03BFE28460C
:103B3000BDE8F8837C69032E237834D123F00F038A
:103B400043F0030323700C236370D8F8783078694E
:103B5000C0F80930B8F87C30A0F80D3098F87E1025
:103B600018F03EF8002178691AF0F9F83B6893F8EC
:103B7000482003F1420993F84180002A7FD14C4646
:103B8000236841467869C0F80330A388A0F807305D
:103B900018F019F84C4BD3F80C32002B00F084804D
:103BA0000AF034F9BFE723F02F032222396843EAF1
:103BB0004913627043F0050323700B6D1B6AC4F850
:103BC0000F300A6D936A180AE3741B0C2075637535
:103BD00092F87E00138E00284BD04FF0640CB3FB9C
:103BE000FCF3A375D36A002846D06420B3FBF0F33E
:103BF000E375C3F3072341F270702376D369A3F50D
:103C00007A7C844595BF4FF47A7040F2E240B3FB72
:103C1000F0F3B3FBF0F398BF03F550639BB2637608
:103C20001B0AA376938CE3761B0A2377D38C6377E6
:103C30001B0AA377D2F89730C4F81F3092F89B3054
:103C400094F8242084F823300B6D22F01F0293F89F
:103C5000A23003F01F03134384F8243004F044FE21
:103C600094F8243003F01F0343EA401384F824300F
:103C70006BE740F2E24CB2E740F2E240B6E793F87D
:103C8000542052070DD593F84D2052B193F84E00B1
:103C900005F022FA044600283FF471AF4FF0010806
:103CA0006EE77B685879F3E7052E7FF440AF3B68F9
:103CB00021681A6DC2F80A10A188D1811B6D83F8A2
:103CC000098034E7400E002000A0085010B5002104
:103CD0000320FFF719FF18B9BDE81040FEF7F2BD49
:103CE000074C0321206813F0DCFD0028F4D00121EB
:103CF00008460AF01BFA636809221A7110BD00BF5A
:103D0000400E002038B5184D6B68186813F0E3FAC0
:103D1000044620B940F261513220FCF7A5FD6B68E2
:103D20000A22002128681A7101F0F8F82B68052092
:103D30001A6D237892F8964004EA531404F00104B3
:103D40002146FFF7E1FE18B9BDE83840FEF7BABDDD
:103D50000421286813F0A5FD0028F5D02B681B6D01
:103D600083F8964038BD00BF400E002010B5114CBE
:103D70000C220121636820681A7101F0CFF800213C
:103D80000520FFF7C1FE18B9BDE81040FEF79ABD47
:103D90000621206813F085FD0028F5D02368012056
:103DA00093F878110AF0C2F9236801221B6D83F899
:103DB000962010BD400E00202DE9F041044690B041
:103DC0000D46FEF719FB237803F00F03072B06D0EF
:103DD0000124FFF7C3F9204610B0BDE8F08120466A
:103DE000A14C06A913F049FB206806A99A3013F0EC
:103DF000BEFB23689DF8181093F89620914248D195
:103E0000032D03D193F89720FF2A13D09DF8192092
:103E100012073ED50B9993F897004A78B0EB121F22
:103E200037D1097802F00F02B3F8983041EA022244
:103E30009A422ED12A46072106A8FEF741FF636861
:103E4000DA880AB91B7A23B30023089E8DF8143050
:103E50008DF815308DF81630F6B10DF1160305AA60
:103E60000DF1150106A8FEF7FFFF23689DF8146009
:103E700093F8415045EA4605EDB29DF818209DF8AB
:103E80001580012A9DF8163008D0022A7AD0002A1F
:103E90004BD0FFF763F914E0FF25EEE79DF819001A
:103EA000226800F0090792F89A10092F02D041B158
:103EB000070706D592F85420500704D463689B790D
:103EC0009BB9012459E06268D279002AF6D03246C3
:103ED00006A8FEF7A9FA0028F0D02068A03017F055
:103EE000E1F90028EAD00C2447E0236893F8543025
:103EF0009A07E6D09DF819309B0700F1BC80FF219E
:103F000006A8FEF7CFFBDCE706A8FEF77DFA00283F
:103F100040F0B480236893F85530023B012BD0D891
:103F2000B8F1000FCDD0FE21EAE7236893F85430B2
:103F30009F07C6D09DF81930980721D56EB906A8FD
:103F4000FEF762FA48B9236893F85530023B012B1B
:103F5000B7D8B8F1000FB4D0FE2563681B7A33B12F
:103F6000424B1B681BB10D9808B10F999847294621
:103F700006A8FEF7CFFB441CE4B2FEF787FC2AE755
:103F8000FF25EAE7226892F85420910799D06168EA
:103F90008979002995D09DF8197007F00901092940
:103FA0008FD1920707F0020762D5002F38D026B3D1
:103FB0000DF11700FEF71EFB00210320FFF7A4FD03
:103FC0000646D4E9003803F1420709F055FD012304
:103FD0002A4606A903939DF917300293237ACDE967
:103FE00000033B46404600F0D9FC76B900283FF478
:103FF00068AF606800F06EFC63E7002B8AD006A80B
:10400000FEF702FA0028D3D184E700283FF459AF25
:104010002068A03017F046F90028EAD00B24ACE75E
:104020000DF11700FEF7E6FA39460320FFF76CFDA5
:104030000646D4E9003803F1420709F01DFD0123CB
:104040002A4606A903939DF917300293237ACDE9F6
:1040500000033B46404600F0A1FC0EB10028D7D13A
:10406000606800F067FC2CE7400E00208C1A0020EE
:10407000002F3FF444AF002E3FF446AF29463FE700
:10408000036D10B5044623B940F261313220FCF7CC
:10409000EBFB0222074942721B884381FF2380F811
:1040A00027304FF6FF73038518F004FA00232365C9
:1040B00010BD00BFCF6D0100F8B5194F064604F0E2
:1040C00097FB012178610020FDF70EF8054620B925
:1040D00040F691013220FCF7C7FB4FF4C07200217B
:1040E0001AF0DAFB01210846FCF7FEFF044620B176
:1040F0004FF4C07200211AF0CFFB3B6913B940F6B0
:104100009B01E7E7304612F03FFF284613F037FCEB
:1041100024B12046BDE8F84013F031BCF8BD00BF23
:10412000400E0020014B024A1A617047400E0020E9
:1041300010430000014B024A1A617047400E0020F4
:1041400028430000036810B523B940F67F113220E0
:10415000FCF78AFB044A13606C3353601369BDE8B3
:1041600010401B68184700BF400E002008B5044BE4
:10417000586800F0DFFBBDE80840FEF7A3BB00BFB6
:10418000400E002038B5044690F8400000F0FD00D5
:1041900004F14201003818BF012084F8410004F006
:1041A00083FC94F84030023BDBB2012B94BF012327
:1041B000002384F8483015D804F0C2FE054619F0F3
:1041C00010FF094BE5FB030194F84830C4E92001D6
:1041D00043B1002004F012FF20B940F6292132201B
:1041E000FCF742FB38BD00BF40420F0001493630AA
:1041F00018F063B9AD6D010010B5084C0222636878
:1042000020681A7100F058FD38B9206813F01CF8C6
:104210002068BDE8104013F00BBD10BD400E00201B
:1042200051280000392B0000992A0000B56F0100C9
:10423000B5240000F1390000B5240000F139000078
:10424000012C0000492C0000236F0100116F0100B8
:10425000236F0100116F0100036F0100F1280000BE
:104260009D2C00008D380000ED230000C5280000C3
:10427000A16D010099290000A16D0100A16D01004F
:10428000A16D0100A16D0100A16D0100CD3C0000F8
:10429000053D0000A16D0100A16D0100ED230000AE
:1042A000C5280000F941000099290000A16D010016
:1042B000E5370000CD370000A16D0100A16D0100C0
:1042C000CD3C0000053D0000E92A00006D3D0000E6
:1042D000E1340000192600003535000019260000E1
:1042E0006D6F0100676F0100E12700000D3A0000CB
:1042F000556F0100476F0100556F0100476F0100C6
:10430000396F0100396F010075380000F96E010046
:104310005136000030420000484200006842000070
:10432000D0420000F0420000FD370000384200009B
:10433000504200009C420000D8420000F8420000B9
:10434000013808B5C0B20A4B41B1032801D8185C46
:1043500008BD4FF4E9713320FCF786FA032802D830
:1043600003441879F4E740F211310620F4E700BF66
:104370002A51040008B512F09BFC054AD2E84F3FD1
:104380000133DBB2C2E8413F0029F7D108BD00BFCD
:10439000580E0020024BA0F108015868FFF7EABF51
:1043A000580E00202DE9F84F1E463C4B0D46934613
:1043B00000211A7804689DF828709DF82C809DF9DA
:1043C00030909DF834A0016032B9A4F1080158681A
:1043D000BDE8F84FFFF7CEBF1A2204F109001AF02A
:1043E0005BFA0123A372BBF1060F4FD8DFE80BF095
:1043F0000433394E434E3D00E37A23F0130343F078
:104400001303E372012304F10E024146284623758B
:1044100047F6FF7384F81890E38204F10D0312F05D
:104420002EFFE37A5B0736D5BA1E04F11C03012A7E
:104430008BBFAA6832681168E2618ABFE161B28805
:1044400092889A80E7760023237215492046BDE8BA
:10445000F84F18F032B8E37A23F0150343F0150350
:10446000CFE7E37A43F01003CBE7E37A23F01203BC
:1044700043F01203C5E7E27A4AF01A0A22F01B025F
:104480000AF01B0A42EA0A02E272BBE740F2444128
:104490003320FCF7E9F9FF23E376D4E7580E002038
:1044A000A54400002DE9F04F05468DB00C460020D4
:1044B0000121FCF755FE064620B94FF4F071332078
:1044C000FCF7D2F9A83013F0DFF918B196F85430A0
:1044D000042B2ED1304612F04CFD50BBB64C04F1EB
:1044E000080604F10C07AB6A93B92846FFF752FFA0
:1044F0004FF40073ADF804309DF80430002063F3EE
:1045000007009DF8053063F30F200DB0BDE8F08F74
:10451000A96A0B68B142AB624FF000030B704B709D
:104520008B70CB70DFD0B942DDD06068FFF722FF1F
:10453000D9E7AF6A37B3A14B9F4226D0043B9F42D5
:1045400023D007F13B0A4FF0000804F05FF98146E1
:10455000B8F1000F40F0008102A9504612F08DFF23
:10456000B9F1000F16D004F10D00EE7A16F0100626
:1045700013D09DF818600599324611F0D9FB4FF021
:10458000010828E005F1330ADDE74FF001084FF09C
:10459000000ADAE704F11C00E7E7002FEFD09DF8EE
:1045A0000830022BEBD0014695F83230E522504618
:1045B00017F0BFFB95F8323006460344504685F8A5
:1045C000323017F0AEFB95F83280A8EB0000D0F146
:1045D000000848EB0008B9F1000F00F0C180EB7A49
:1045E000D90604D45B216AE7C8460026F7E713F032
:1045F000040FAA7A95F80DE004F1060005F10E0CFF
:1046000030D0E97EFE292DD11123E27084F805E037
:10461000237013010233637001232371D5F80E3028
:10462000C4F80630BCF8043083802173EB69C4F809
:104630000D302B8CA4F811302B7EE3745E4E06F106
:10464000080A57453BD12379022205F1280062F37D
:104650004613237112F02FFE02272846FFF79AFE19
:1046600004263FE006F10A030321E2705343217060
:10467000023384F805E06370D5F80E30C4F80630D4
:10468000BCF804308380267326442B7E7373EA7A49
:1046900012F0080002D004232371CFE702F00303D5
:1046A000032B01D12071C9E7520701D50123F3E79C
:1046B000022BF1D00BB92171C0E7A221FFE606F170
:1046C0000C094F4515D105F1280012F0F4FD6A7D63
:1046D0006AB92379042662F3461323710227284618
:1046E000FFF758FE8DF804608DF8057004E700268A
:1046F000F4E747B3B8F1000F20D005F12808404691
:1047000012F0D9FD39467068FFF734FEAB6A00221B
:10471000534585F8322096D04B4505D12379404644
:1047200062F34613237195E79DF80830022B05D1FB
:10473000237923F068030127237191E7237901226C
:1047400062F34613F7E7EE7A16F01006CAD0237923
:1047500067F3461323717FE700287FF445AF0646D1
:10476000042305F12301237006F11803AA7A5343A9
:10477000E270221D0233637005F10B0353F8040B42
:104780008B4242F8040BF9D195F814A095F815B0B6
:1047900004F07AF8C1F3402950464946FFF7D0FDAE
:1047A0006073BBF1000F04D049465846FFF7C8FDBF
:1047B000A073E67642E700BF580E0020640E00208A
:1047C000343270B5054692B20C461E4612F038FAE5
:1047D00025B1034A556014745674147070BD00BF3F
:1047E000580E002010B5034C606812F04BFA237C81
:1047F000237010BD580E0020014B587C704700BF3D
:10480000580E002038B5134D686812F041FA04467E
:1048100020B940F255113320FCF726F8D5E84F3F78
:10482000013BDBB2C5E8413F0029F7D104F10803A1
:10483000342218461AF030F847F6FF720121E4627C
:10484000E283FF22627584F82320E27C61F3461242
:10485000E27438BD580E002038B5436A044693B957
:104860000A4D686812F014FA606220B94FF4B7710B
:104870003320FBF7F9FFD5E84F3F013BDBB2C5E83A
:10488000423F002AF7D1606A3B3038BD580E002005
:10489000036810B504468BB19A6A22B140F28B11BD
:1048A0003320FBF7E1FF596A41B101F1080083426F
:1048B000074B08BF22605868FFF75CFD216831B1E3
:1048C000034B08395868FFF755FD0023236010BDDE
:1048D000580E002038B5046805469CB1134920469F
:1048E00017F0F4FD124B00221A735A739A73DA739D
:1048F000EFF3108272B6A16A0C3399B9A362E36236
:1049000002B962B62C68616A49B101F108039C42A0
:1049100003D0074B5868FFF72DFD00236362002387
:104920002B6038BDE16A0B60E9E700BFA5440000D9
:10493000580E002070B50668044656B3716A154DCE
:1049400041B101F108039E4202D06868FFF712FDF1
:104950000023736221684E7DB6B100232B726B7207
:10496000AB72EB72EFF3108272B6886A0A4B40B9F1
:104970008B62CB6202B962B62046BDE87040FFF799
:10498000A9BFC86A0360F4E708396868FFF7F2FC5A
:10499000266070BD580E0020600E00202DE9F04703
:1049A0000468914606460D469A469DF820209DF8DB
:1049B0002C8024B940F239313320FBF755FF664F84
:1049C0003B78B3B9B8F1020F0DD009D9B8F1030F94
:1049D0000CD03368002B00F08A8040F25631EBE7B0
:1049E000FFF756FFF5E7FFF775FFF2E7FFF7A2FFC6
:1049F000EFE7636A0BB94021DEE783F81180CB68EB
:104A00007BB1097C238E0B4440F272618B4207DD3F
:104A1000FFF790FF3368002B69D040F27331CBE78A
:104A200023860123A3729DF928302376B8F1000F65
:104A300060D122756B691BB15B78C3F30313A37557
:104A4000EB6913B15B88A4F819302A78511E4B42E8
:104A50004B41E17A63F30001C1F34003022A08BF2E
:104A600043F0010363F34101C1F34003002A14BF83
:104A7000002303F0010363F3C301AB68E1721BB1D0
:104A8000CBB243F00403E3722B6A13B193F9003005
:104A9000E3756B6843B104F10D0304F10E029DF858
:104AA0002410284612F0EBFBAB688BB1A9F1020190
:104AB00004F11C02012995BFDAF800301968E3619E
:104AC000E16194BFBAF804309B88938084F81B900E
:104AD000A969B8F1000F0FD179B38B784A7803F048
:104AE0001F0352EA032228D13046FFF7D1FE0020EF
:104AF000BDE8F08762759DE70022636A1A705A70FC
:104B00009A70DA70A26AEAB9A362E36289B14A785C
:104B1000897801F01F0152EA01220AD1A16A3A7292
:104B20007A72BA72FA720D4A79B9A2620023E2620D
:104B300033600B49204617F0C9FC636A3BB94FF458
:104B4000D77139E7E26A1360DFE71A60EEE7002306
:104B500001206362CCE700BF580E0020600E0020E9
:104B6000A544000010B504460246064900F58C70C5
:104B700019F099FB224604F5A4700249BDE81040E3
:104B800019F091BBAB79010010B590F854308A1E32
:104B9000012BD2B205D1022A2CD8184B33F81200BF
:104BA00010BD03291DD002291FD14FF4E17000244C
:104BB000124B03EB4403DB8803390344012903F15F
:104BC00096038CBF00202820022A4FEA400094BFA1
:104BD0000B4940F64802184498BF31F8122010449F
:104BE000DEE740F264600124E2E740F2E6204FF4A1
:104BF000B073E1E740F64800D2E700BF325104004D
:104C000032510400014B1870704700BF7100002042
:104C10007FB590F8143103F0FF0223B140F2A521D3
:104C20002120FBF721FE0C78039214F0010318BF3A
:104C30008D68CDE9012218BF0195A60707D504ADFF
:104C4000CE6805EB83050133DBB245F80C6C6507D4
:104C50002BD504AD0E6905EB83050133DBB245F8B6
:104C60000C6C013B134D80F845314B68C0F8C830DF
:104C7000C0F8F83040F27123A0F8FC30002315F89A
:104C8000011B0C420BD004A900EB820601EB820150
:104C9000013251F80C1CD2B22B39C6F8CC100133BA
:104CA000DBB2032BEBD104B070BD002BD9D140F2A5
:104CB000BE21B5E73E51040090F87B315F2B4FEAEF
:104CC00053112DE9F04F044689B000F2A9808F4AB4
:104CD0000A4492F80F80B8F1040F04D100224FF07B
:104CE000030880F8702194F9792103F01F0394F8E8
:104CF0007A91002A49EA032994F87931B4BF4FF434
:104D000096721E22DB0902FB09F90CBF4FF01E0B45
:104D10004FF4967B08F0B6FEA9EB000608F0F4FE0F
:104D200094F87931074606EB0B0A13F0400F4F4415
:104D30000CBF4FF4FA75322516F0C3FA744B0544D4
:104D4000B6F5837F0AFB05F505F5742505F23F25C9
:104D5000B5FBF3F56FD394F8153103F0FF02002B88
:104D600061D14046019209F027FB6A4B4FF47A7AF1
:104D700053F8289009F52243B133B3FBFAF6BA365B
:104D80005E4406EB45060644404609F015FB0090DC
:104D9000404609F019FB414683462046FFF7F4FEE2
:104DA00000F18C08009BA9EB0B09B044019AA8EB19
:104DB000030804238DF808208DF81130D4E92C3233
:104DC000B9FBFAF9933BA8EB090842F1FF32DB1972
:104DD000CDF80C8042F100025B1B62F10002CDE9CC
:104DE00006324D4B1878FE2803D094F854305A07F9
:104DF00001D419F0C1F98DF8100002A904F58C70E6
:104E0000C4F8D880C4F84061DDE90623C4E92E2344
:104E100010F06CF938B940F2EE612120FBF724FD67
:104E20004FF000085FE709F04DF810F04BF9012052
:104E300009B0BDE8F08F40464FF47A7A09F0BCFA29
:104E4000344B53F8289009F2E736B6FBFAF62036D1
:104E50005E443E442E440644404609F0ADFA0090BC
:104E6000404609F0B1FA834641462046FFF78CFEE2
:104E7000A9EB0B0900F18C03009AD4F8D8803344D5
:104E8000B9FBFAF99B1AA3EB090AD0452BD2224BA6
:104E900093F80090B9F1FE0F03D094F854305B07FB
:104EA00002D419F069F98146484619F0FFF8AAEBD7
:104EB00008034946192B38BF1923834228BF0346EC
:104EC0001846984619F01CF90028B1D019F08DF851
:104ED000D4F8D83008EB0300C4F8D8008238C4F8FE
:104EE000E00019F080F894F84431103F02A80294D1
:104EF0008DF8183002237F1B03968DF810300023A5
:104F000005978DF81930FFF71DF990E7325104002D
:104F100040420F00145404007100002001292DE9C3
:104F2000F347064605D9022900F0A08040F6420169
:104F300050E001F00104D0E92CA708F0C1FD96F87B
:104F4000788181462046414616F04AFC0546404697
:104F500009F03AFA0246002C3FD0A8F10203DBB276
:104F6000022B3AD8574901EB43035B8A15EB09053D
:104F70002CBF0121002115EB0A0547EB010752491F
:104F800051F8280000F2E73010444FF47A72B0FB79
:104F9000F2F02D1A67F10007ED1847F1000718F03D
:104FA00079F84630D6F810812C1AD8F81C9067F1A1
:104FB000000505F033FD06F1E803834210D04A46B0
:104FC000CDE90045D8E9740118F072F881451DD289
:104FD00040F261312120FBF747FC4FF4FC73C5E739
:104FE00098F87D0090B1D6E93A7A05F06FFD30B9B6
:104FF000B8F9F431A8F8F401DF194AEBE37A4A462C
:1050000038465146CDE9004518F052F82F4B1A6842
:10501000D6F81031824293F87E100BD9DE6932182F
:10502000DE6279B941F66A018842198616D340F2E8
:10503000D271CFE749B16422B0FBF2F1514302468D
:10504000401AD9624FF4FA71EEE740F2E242B0FB47
:10505000F2F151430246D962401AE3E7121945F1D1
:105060000005C3E9742502B0BDE8F087D0F810311F
:1050700013B940F2DD71ADE7002583F88C5090F84C
:10508000781183F8741083F87510FF2483F8764044
:105090000339D0F81001012900F13C008CBF002138
:1050A000012117F0FDFAD6F8100118F04DF9C6F8F5
:1050B000105186F8164108F005FF02B0BDE8F04730
:1050C00010F000B832510400285404006C0E002087
:1050D00008B50B4B30B101280DD040F65501212009
:1050E000FBF7C2FB18601A6841F669039A4206D9B9
:1050F00040F65E01F3E740F6C4121A60F3E708BD1C
:105100006C0E00202DE9F04F04468FB01E468B46F2
:105110000392BDF8608018F064FF81462046049138
:1051200012F0C1FAD4F8CCA00546002E00F0268279
:10513000002800F04482204612F02BFC039B80F0F4
:105140000106F6B2002B00F0188119F5FA630593F9
:10515000049B43F10003069305F0ACFC05F064FCEE
:10516000074604F1E8003946079005F02FFCD4F813
:10517000101111B1079812F0DBFB1FB1B7F9242011
:10518000A4F80C21B5B1D4F8F050B7B1B868059BBC
:10519000D7E9002100938018069B2A4641F10001BF
:1051A000019317F085FF854208D240F24D3121204E
:1051B000FBF75AFBD4F8C850E7E73846079005F0EC
:1051C0007FFC059B0798D4F8C8C0C518069B43F11F
:1051D0000007B8F1000F00F0CB801FFA88F842F208
:1051E000107329463A46E8FB03120CF2CF730344CE
:1051F000B3FBFCF30CFB03F3EB1A67F10000C4E90B
:105200003A300123C4E92A124FF0000804EB0802E7
:105210002046069392F87C1112F008FA0590069B3E
:10522000D4E92A21521B61EB0701012A71F1000028
:105230004FF00000C0F292819245884100DB924617
:1052400004EB8808D8F8CC20524594BFC4F8DC2081
:10525000C4F8DCA026BB1BB35900B4F90C0189B219
:1052600017F0B0FAB4F80C21D4F810314FEAE07C12
:10527000121A12B2A4F80C2143B1A3F8F421D3E915
:10528000742112184CEB0101C3E97421D4E93A32BC
:105290002D184CEB07071B184CEB0202C4E93A32FD
:1052A000039B2BB1D4E93A23C4E92C57C4E930233A
:1052B000059B2A462046C4F8D8300423C4E92E575B
:1052C0008BF809303B4612F004FA059B8BF8080076
:1052D000CBF80430002E00F04C81012304998BF8A8
:1052E0000030D4E92A32B3EB090362EB0102012B4F
:1052F00072F100014FF00001C0F23281B34F9F42C2
:10530000914100DB1F46D4F81031D4F8C880002B3F
:1053100040F02B8107262046A8FB065612F0C3F961
:10532000002800F01F81D4E92C32ED1846EB02066C
:10533000A945049BB3410FD2B5EB0905049B66EB6D
:1053400003066FF00103AB424FF00003B34102D3F9
:10535000AF4228BF2F46B846CBF81080D4F8DC0007
:10536000059B984234BF002001200FB0BDE8F08FAC
:105370004FF0FF316FF0004237E7002E39D06FF069
:105380000043D4E92A129A4208BFB1F1FF3F2BD063
:1053900094F844312046234493F87C1112F046F9E6
:1053A000039B19F1AB0205468DF82030049B099050
:1053B00008A843F10003CDE90C2340F20243ADF805
:1053C000283018F076FF10B940F29641EFE6D4E9A4
:1053D0002A320C995B1A0D9962EB01025B1B62F198
:1053E0000003002BC0F2B3804D46049F012600232A
:1053F0000AE7D4E93A37D4F8C8500026A9EB0302EB
:105400005919B2FBF5F205FB02F247F100075218F9
:10541000A2EB090147F10007AA290DD8D4F8B8106A
:10542000C91AB1FBF5F105FB0133D31AB3FBF5F350
:10543000AD1847F10007E7E694F87C11204612F01A
:10544000F5F80423D4F8B8208DF82930D4F8C850E2
:10545000099020468DF82060D4E93A13521AB2FB25
:10546000F5F26A43521843F10003CDE90C2312F020
:1054700030F929468DF8280008A816F04DF90346A2
:10548000DDE90C57C0E651F8042F013302F12B0C73
:10549000BC459FBF821A08F10108BF185FFA88F85F
:1054A000DAB29645EFD804EB0803204693F87C1156
:1054B00012F0BCF8384404EB8803D3F8CC308342B4
:1054C00009D3A3EB070ABAF1000F24DA40F24E41E8
:1054D0006DE62F466AE094F84511D4F8C82041459E
:1054E00011D908F1010895425FFA88F808D204EB57
:1054F0008803D3F8CC3003F12B029A461546E2E735
:105500004FF4856153E69542F7D352009542F4D3A8
:1055100040F245414BE6AD19059B20464FF0000691
:1055200043F10007D4E92C2312F057F8D4F8C8301F
:105530005843D4E93A321B18204642F10002C4E92C
:105540003A323B462A4612F048F803465EE6039B91
:105550004D46049F01269A46984657E682466FE6D6
:105560000F46D0E6D4E93032DFE64FF0FF352E4665
:10557000DEE68BF80060CBE90457EFE6039B002BD7
:105580007FF4E3ADD4F8C87009F1AB05D4E93A2350
:10559000A9EB0206B6FBF7F67E43B618A5EB0605A7
:1055A00043F10003AF42059393D8EF1B002394F817
:1055B00045E104F1C8016FF02A00984670E7039BAB
:1055C000002B3FF416AF2E46BFE500BF0040420F50
:1055D0000138C0B2032808B504D940F211310620C1
:1055E000FBF742F9014B185C08BD00BF4E510400A7
:1055F0000138C0B2032808B504D940F211310620A1
:10560000FBF732F9014B185C08BD00BF6B51040079
:105610000138C0B2032808B504D940F21131062080
:10562000FBF722F9014B185C08BD00BFCC51040008
:105630000138C0B2032808B504D940F21131062060
:10564000FBF712F9014B185C08BD00BFC9520400FA
:10565000F0B5284AA7B004460D4610686B4651685D
:1056600002AE0F2203C300210DF1890019F014F9D5
:1056700000211022304619F00FF916ABDDE90001C8
:1056800083E80300234618AC03F1280718680833A1
:1056900053F8041C2246BB4203C21446F6D18023B1
:1056A00006AA8DF88830002302F8013B0133102B45
:1056B000FAD196E80F0012AC84E80F000AAA21463E
:1056C00006A812F0D8FA01230EAA214606A88DF8E2
:1056D0004B3012F0D0FA2A460EA90AA8042319F07A
:1056E0005BF8042305F1100229460AA819F054F8C2
:1056F00027B0F0BD5251040008B50AF017FB28B9D5
:10570000034B1868BDE8084012F07BBC08BD00BF21
:10571000180F0020F7B50446052900F20B81DFE8D9
:1057200011F00600A800AB0009010901A40090F8DF
:10573000623223B903B0BDE8F0400FF0C3BC90F86B
:105740006232052B05D10F220021204612F08CFC7D
:10575000F0E74FF40C7180680EF088FCA368283BDA
:10576000184418F040FC94F86232032B08D094F8E7
:105770006232022B04D04FF4AE718E20FBF774F826
:10578000032384F86232D4F8D4300D21B4F86422B3
:105790002046B3F847301344A381FBF73BFD064690
:1057A0000E21FBF7DDFC69460546304616F049F848
:1057B00008B18D21E1E794F85D3240F2712E95F841
:1057C0003E710199B5F83821C969B5F850014A43CD
:1057D000B5F83A110EFB00F0B3FBF7F607FB1633F2
:1057E0005643DBB203F1010C4B430EFB03638342D0
:1057F00001D99721C1E7BC45A0EB030300D0F1B963
:105800003244904202D8042284F86222D5F84C2116
:10581000934218D2042284F8622223F07F43D4F802
:105820005022204663F31702C4F850220AF0D0F841
:1058300060B9204603B0BDE8F04012F0E2BB0EFBB9
:1058400001F18B42DEE722F07F43E8E720460AF0D1
:10585000DBF90028EDD039480FF076FB37480FF020
:1058600081FB374B1C6003B0F0BD0AF06FFA0322D6
:105870006AE740F2F71180E7FF2380F8673290F87B
:10588000623203F0FF0213B980F86722EBE790F869
:105890006232052B07D10322002112F0E5FB002321
:1058A00084F86732F2E73023694680F82032B0F896
:1058B0006032ADF8003009F049FFBDF80030022831
:1058C000B4F86022A3EB020384F8B030E7D00128DB
:1058D0002CD1042384F862320D212046FBF79AFC78
:1058E0000E21FBF73DFC94F85D3290F83E21B3FBAE
:1058F000F2F102FB11330133DBB29A4202D00423EE
:1059000084F86232D4F8D4302046B3F84710B4F8A3
:105910006432194489B2A1810AF03AFA94F86232E9
:10592000042BBCD1204612F044FAB8E720460CF014
:10593000B9FBD1E740F2FD111FE700BFF9560000A7
:10594000180F0020014B024A5A607047180F0020C0
:1059500015570000024B02461830596818F0A3BCD6
:10596000180F0020024B034A1A60528B9A8070472E
:10597000200F002026010020014B1868704700BF4F
:10598000200F002008B5034610465A1E032A10D8DF
:105990004A1E032A0DD8084A012951700CBF002164
:1059A0000A211071937091721946FBF7F3FD0020E4
:1059B00008BD6FF01500FBE726010020074A537A67
:1059C00040B143F00403002953720CBF00230723A6
:1059D0005371704703F0FB03F5E700BF2601002079
:1059E00040EA4100014BD870704700BF26010020FB
:1059F00014280BD028280BD00A280BD10323064AE1
:105A00000020528B1340054A938070470223F6E72B
:105A10000023F4E71E20704726010020200F0020FD
:105A2000014B9888704700BF200F002070B5466872
:105A30000D4604460E213088FBF792FB064980F89C
:105A4000BD50B43016F036FD002386F849312046AB
:105A5000BDE8704016F061BFDD5B00002DE9F0414C
:105A60004768054688460E213888FBF779FB0D21EB
:105A700004463888FBF774FB002680F86262094907
:105A800004F1B40084F8BD8084F8BE60A4F8C0605E
:105A900016F010FD87F84A612846BDE8F04116F07F
:105AA0003CBF00BFDF8301002DE9F0414668054699
:105AB00090F800800F4630880E21FBF751FB0D2136
:105AC00004463088FBF74CFBB8F1000F03D096F882
:105AD0008E30462B15D0002384F84571A4F8483148
:105AE000A4F84631A8B994F8453104F1B4000B4943
:105AF00084F8BD30002384F8BE30A4F8C03016F01E
:105B0000D9FC002386F84B312846BDE8F04116F059
:105B100004BF90F86232002BE5D0F2E7DF8301008A
:105B200038B5436814460D460E211888FBF718FB5C
:105B3000B4B9B0F84831B0F84621A0F848419B1AF2
:105B4000A0F846411BB290F8A4205AB980F8A5509D
:105B50009C30847283810449BDE8384016F0AABCA9
:105B60000023F0E738BD00BFDF83010010B50088D7
:105B70000C460E21FBF7F4FA90F872305BB980F80E
:105B8000734014B9FF2380F8C23003496A30BDE87E
:105B9000104016F08FBC10BDB985010070B5466885
:105BA00004460D460E213088FBF7DAFA90F87C3077
:105BB0004BB980F87D5015B9FF2380F8C5300649F0
:105BC000743016F077FC002386F848312046BDE893
:105BD000704016F0A2BE00BFE18B010070B50C460C
:105BE0000E210546FBF716FB0E210646FBF7B8FA19
:105BF000002280F8C6203122A68022706A7AE270E4
:105C000090F8162102F03F02A27190F8F820012AC4
:105C1000E2714CD190F80421227290F8082162724E
:105C200090F80521A27290F80621E27290F80721FF
:105C3000227390F80921627390F80C21A27390F8F6
:105C40000B21E27390F80A21013AD2B2072A96BFDB
:105C50001749FF228A5C2274D0F8F920C4F8112079
:105C6000D0F8FD20C4F81520B0F80121A4F81920BF
:105C700090F80321E27690F80D21227790F80E211A
:105C8000627790F80F21A27790F81521E27790F8CB
:105C9000122184F8202090F8132184F8212090F814
:105CA000102184F8222090F8113184F8233070BD3F
:105CB0005A510400502808B51DD018D828280CD8EF
:105CC000092806D9A0F10A020C4BD2B2D340DB0757
:105CD00007D43221D620FAF7C7FD322801D03C285C
:105CE000F7D10A23B0FBF3F00138C0B208BD912808
:105CF000EFD10720FAE70620F8E700BF01041040C3
:105D00004B680E2130B5054689B01888FBF728FA94
:105D100004461B22002101A818F0BEFD94F816319C
:105D200094F8F82003F03F0343EA82138DF804301F
:105D300003F0C003402B40F0A880D4F8F93094F869
:105D40000B21CDF80530D4F8FD3002F00F0294F8A5
:105D50000D11CDF80930B4F80131ADF80D3094F8DB
:105D600003318DF80F3094F804318DF8103094F829
:105D70000831FF2B8DF811301FBF94F805318DF8D5
:105D8000123094F806318DF8133094F807318DF8FD
:105D9000143094F809318DF8153094F80A318DF8E3
:105DA000163094F80C311B0103F0300313439DF8B7
:105DB000172022F03F0213438DF817309DF818305A
:105DC00061F30303DAB28DF8183003F00F03012BEF
:105DD0000AD1134694F80E2162F307138DF8183098
:105DE00094F80F318DF8193094F81201FFF762FF23
:105DF0008DF81A0094F81301FFF75CFF94F8103146
:105E00008DF81B00642B2CD025D8502B2BD03C2B8D
:105E100005D81D2B07D80F2B0CD0142B0AD05D21D1
:105E2000D620FAF721FDA3F11E011D4AC9B2CA40CE
:105E3000D107F4D50A22B3FBF2F3013BDBB28DF8B4
:105E40001C3094F81131142B11D0282B24D00A2B9C
:105E500024D04321E4E7782B07D0962BDFD1092308
:105E6000EDE70723EBE70623E9E70823E7E701234C
:105E70008DF81D3094F815315A1E534253419DF848
:105E8000172063F386128DF81720284601A916F013
:105E9000B0F81C2009B030BD0223E9E70023E7E792
:105EA00001041040436810B50C4618880E21FBF71A
:105EB00057F9044980F887407E30BDE8104016F05D
:105EC00002BB00BFDD5B00002DE9F04F466889B0E2
:105ED00090F8008007468A4630880E21FBF740F98B
:105EE000044690F8C2B05FFA8BFBB8F1000F08D0FF
:105EF000D6F8805015F480650DD0012009B0BDE8BA
:105F0000F08F96F88E30002BF7D1302196F88D0067
:105F100012F0B8FA054602F0B7FC0A0401F4004991
:105F200040F1078196F89230002B00F0048196F83A
:105F30009330002B00F0FF80B5B90D213088FBF7BE
:105F40000FF960B9BBF1000F0DD0504601A916F052
:105F500087F801A812F047FF08BB1E2504E090F85F
:105F60006232002BEED00C25B8F1000F03D096F86A
:105F70008E30002BC1D12A463021384616F0FAFC6B
:105F8000362386F88E30B9F1000F03D02946384603
:105F9000FFF788FF384616F0C9FC0020AEE79DF8F1
:105FA000043003F0C003402B40F0AF80214601A82D
:105FB00012F089FF002800F0BA809DF80430C3F386
:105FC000050203F03F0103F0C003402B40F09D8029
:105FD00094F817311BB994F816319942BDD10123B9
:105FE00084F8162184F8F830002384F81731DDF89E
:105FF0000530C4F8F930DDF80930C4F8FD30BDF8DB
:106000000D30A4F801319DF80F3084F803319DF86C
:10601000103084F804319DF8113084F808319DF86F
:10602000123084F805319DF8133084F806319DF85C
:10603000143084F807319DF8153084F809319DF843
:10604000163084F80A319DF81730C3F3030203F0C9
:106050003003B3FA83F384F80B215B0984F80C3125
:106060009DF81830C3F30302C3F3031384F80E3111
:106070009DF8193084F80D2184F80F319DF81A30FD
:10608000052B36D8013303EB83035B00DBB284F8C6
:1060900012319DF81B30052B30D8013303EB8303FD
:1060A0005B00DBB29DF81C2084F81331082A97BFEF
:1060B000254B96239B181B7A84F810319DF81D30D0
:1060C0000BB3012B0CBF1423282384F8113102F0E9
:1060D000E1FB03681B0544BF9DF81750C5F380150D
:1060E00084F81551B8F1000F27D13B2386F88E3084
:1060F00050E7062B0CBF50239123C8E7062B0CBF9B
:1061000050239123CEE70A23DFE79DF8043094F86B
:10611000162103F03F0393427FF41FAF00230122B7
:1061200084F8F83084F8172184F81831DAE720254C
:106130001AE71A2518E72F2516E7D6F8803043F41A
:106140008063C6F8803025E75A5104002DE9F041FC
:1061500046680446884696F88E707FBB02F094FB32
:106160000B040DD41A223921204616F003FC3623E5
:10617000204686F88E3016F0D9FB3846BDE8F0810F
:1061800096F8923013B196F893300BB92F22EAE7C4
:1061900063680E211888FAF7E3FF054600F1E20371
:1061A00000F1DA0200F1CA01404615F002FF04498D
:1061B00005F1880016F084F93D23D9E70127DCE7D3
:1061C00055900100436810B50C4618880E21FAF767
:1061D000C7FF044980F89A409130BDE8104016F09E
:1061E00069B900BFDB8F01002DE9F74F1E46136828
:1061F0008346154637680093BB4204D94FF48D712E
:10620000D320FAF731FBD1F804A09AF87F0002F00E
:10621000ADFF04460AF13C0016F006FADAF83C300D
:10622000610098421FFA81F838BF1846414600F5D0
:10623000E97948460DF01AFF9AF874202D4B00F1C9
:106240001004DAF81C00414653F822304FF47A72F9
:106250004C4403F2E733B3FBF2F3DBF84C21973302
:106260002732B62B024438BFB623B2FBF0F25043BC
:1062700001930DF0FBFE9BF83E218146BBF83A01ED
:106280004146019B5043DBF84C2102F1480B40F2A0
:10629000712202FB00BBDAF81C009B440DF0E6FE05
:1062A000DAF81C10D944484481429CBFB0FBF1F39A
:1062B00001FB1300009B081A0139814228BF0146E7
:1062C0008C4228BF0C46A34238BF2346BB421C4623
:1062D00028BF3C46A1422C6038BF2146B94228BFA6
:1062E00039468C42316002D94FF4B27188E703B06D
:1062F000BDE8F08F2854040070B5441EE5B21F2D90
:106300000ED8A1F2E2460D4DAE4209D840F27126F8
:10631000012806FB02F505D001F19602954203D251
:10632000002009E0002AFBD106FB03F005FB041165
:10633000884234BF0020012070BD00BF1D043D0015
:1063400073B5466805460E213088FAF709FF2F4BD2
:106350004FF4FA72044690F82C11CDE90023D0F8DE
:10636000282112F0FDFEC4F84C010DF055F884F818
:106370003E010DF057F8294601AB6A46A4F83A01F0
:106380002046FFF731FF009B019A23F07F43F0691D
:1063900094F83E11C4F8303122F07F435032B4F803
:1063A0003A510139D4F84C610244C4F8343169439C
:1063B00040F27125324405FB0122B4F81C11B2FBF6
:1063C000F0F20132A4F85011A4F83821B4F82221D7
:1063D000012A18D09533034405FB0133B4F820118A
:1063E000B3FBF0F39BB28B4238BF0B46A4F852319B
:1063F00094F82C31A4F8542184F856310F2384F8F2
:106400005A3102B070BD0023F0E700BFFF083D0025
:106410002DE9F04F466897B00F4605460E213088AB
:10642000FAF79EFE0D2104463088FAF799FE06A978
:106430008046384615F0ACFE2F7896F88D0037BBB5
:10644000322112F01FF8824694F8C83083B303AAB1
:1064500004F5AE7104F1F8000CF094FD96F88E90FE
:10646000B9F1000F40F05A8102F00EFA0B0429D462
:106470001A223221284616F07DFA362386F88E300D
:10648000284616F053FA484617B0BDE8F08F342876
:106490000CBF4FF02A0A4FF0000AB8F1000F05D0E8
:1064A00098F862727A1E57425741CDE74746CBE7CC
:1064B00003ABD4F8F900D4F8FD10B4F8012103C3FC
:1064C0001A80CBE794F8C4300BB92F22D1E7BAF188
:1064D000000F01D05246CCE70DF1180C0DF1340A33
:1064E000D5F804E0BCE80F00AAE80F009CE807001C
:1064F0009DF818308AE8070003F03F0394F816214E
:10650000934213D194F8F830012B0FD194F817313E
:1065100063B9BDF81930BEF886209B1A1BB2002B58
:10652000B8BF5B429BB2B3F5804F01D31E22A0E7F8
:10653000BDF81C309DF81B207A4942EA032202F183
:106540008073A3F5FA7323F07F438B42EED8BDF836
:106550001E309DF8201043EA01439A42E6D8DEF847
:106560001C209A42E2D90A99BDF82130BDF82620B4
:1065700021F07F419DF82500FFF7BEFE0028D5D011
:10658000BDF82D20BDF82B30012A3ED1002BCDD1F6
:10659000BDF82330002BC9D09DF84F3003F00F0217
:1065A000042A01D90F2AC1D14F2B03D903F0F003DC
:1065B000F02BBBD19DF82FB0BBF1070FB6D89DF8DB
:1065C00031309DF830A01846019316F03AF90128B1
:1065D000ACD1019B082BA9D8BAF10F0FA6D8504611
:1065E00016F02FF98246FFF7C7F9437853459DD33C
:1065F00094F80C1158460CF0E3F9824596D303A8A1
:106600000CF070FD20B9482233E7002BC0D18DE794
:10661000BDF82B2047F6FE739A421BD89DF8313007
:106620009DF82FB00193FFF7A7F92222824600219F
:106630000DA818F031F93C4B524659460D930DAB5D
:1066400094F80C0112F09DFF20B10199686812F0D6
:106650000EFE08B920220CE7B8F1000F05D098F81B
:10666000623213B10FB90C2203E74023BDF81C209E
:10667000204686F88E309DF81B3043EA02239DF8B1
:106680002020C4F83031BDF81E3043EA0243C4F87C
:106690003431BDF82630A4F83A319DF8253084F81D
:1066A0003E319DF824209DF8233043EA0223A4F8CC
:1066B0003831069BC3F30F23A4F83C310A9BC3F384
:1066C0001703C4F84C319DF82C209DF82B3043EA79
:1066D0000223A4F852310B9BC3F30F23A4F85431C7
:1066E000089BC3F30F23A4F850319DF8313084F890
:1066F00057319DF8323084F858319DF82F3084F8A6
:1067000056319DF8303084F85A31696812F07BFDBB
:10671000064904F1AA0015F0D3FEB1E64FF00109D5
:10672000B1E600BF0B073D00000404009391010097
:106730002DE9F04F466889B005460F4696F88D0062
:1067400012F002FD002800F002810E213088FAF7D5
:1067500007FD02A90446384615F08CFD9DF8083067
:1067600094F8162103F03F03934214D194F8F830C3
:10677000012B10D194F817316BB96968BDF8092065
:10678000B1F88630D31A1BB2002BB8BF5B429BB264
:10679000B3F5804F14D343F21E3300221E21A6F816
:1067A0001C313623A6F8C62086F88D302846FFF720
:1067B000B7F96B68002083F84A0109B0BDE8F08F93
:1067C000B4F83C31D21A1304E5D4BDF80C309DF86E
:1067D0000B20604842EA032202F18073A3F5FA73AA
:1067E00023F07F438342D6D8BDF80E309DF81000C9
:1067F00043EA00439A42CED8C9699942CBD9D4F82A
:1068000030118A42C7D3D4F834219342C3D89DF8BB
:106810001830BDF81680BDF8149048EA03489DF87A
:106820001300B4F850314A464146FFF765FD002891
:10683000B1D0BDF81130002BADD09DF81930072B29
:10684000A9D894F80C71184694F856B139460193BA
:106850009DF81AA00CF0B4F83946009058460CF098
:10686000AFF8009A019B824295D1B7FA87F7184694
:106870007F0939460CF0A4F83946009058460CF0D0
:106880009FF8009B834286D8504615F0DAFF012816
:1068900081D1BAF1080F3FF67EAFD4F84C3198455C
:1068A0003FF679AFB4F83A314B453FF674AF9DF8F7
:1068B0001A10686812F0DBFC024650B943F220332C
:1068C0002021A6F8C600A6F81C31362386F88D30A4
:1068D0006CE7029B2046BDF80C20C3F30F23A4F8FD
:1068E0003C319DF80B3043EA02239DF81020C4F898
:1068F0003031BDF80E3043EA02439DF81820C4F849
:106900003431BDF81430A4F83A319DF8133084F8CE
:106910003E31049BC3F30F23A4F838319DF81A309D
:1069200084F857319DF81B3084F858319DF81930A0
:1069300084F85631BDF8163043EA0243C4F84C31AE
:10694000422386F88D30696812F05DFC31E7012042
:1069500033E700BF0B073D0043682DE9F04F93F884
:106960008E2089B005460F46432A40F0AA800026B3
:1069700083F88E6015F0EBFF6B680E211888FAF72C
:10698000EFFB03A90446384615F0CAFC9DF80C300D
:1069900094F8162103F03F03934240F09E8094F850
:1069A000F830012B40F0998094F81731002B40F01B
:1069B00094806968BDF80D20B1F88630D31A1BB2F7
:1069C000002BB8BF5B429BB2B3F5804F80F085804F
:1069D000B4F83C31D21A13047FD4BDF810209DF8CE
:1069E0000F30624843EA022303F18072A2F5FA7283
:1069F00022F07F42824270D8CA699A426DD9D4F897
:106A00003021934269D3D4F83421934265D8BDF83C
:106A100018309DF81780BDF8159048EA03289DF8B6
:106A20001400B4F850314A464146FFF765FC00288F
:106A300053D0BDF81230002B4FD09DF81A30072BE1
:106A40004BD894F80C71184694F856B13946019316
:106A50009DF81BA00BF0B4FF3946009058460BF090
:106A6000AFFF009A019B824237D1B7FA87F71846E9
:106A70007F0939460BF0A4FF3946009058460BF0C9
:106A80009FFF009B834228D8504615F0DAFE01286C
:106A900023D1BAF1080F20D8D4F84C3198451CD82E
:106AA000B4F83A314B4518D89DF81B7068683946E0
:106AB0009DF91C8012F0DBFBC0B976B100222021C9
:106AC0000DE093F88D303F2B4DD115F026FF6B680C
:106AD000002283F84A2101264EE700221E21284683
:106AE000FFF71EF8002009B0BDE8F08F3EB994F81A
:106AF0005731BB42F1D194F958314345EDD1BDF83E
:106B0000102028469DF80F30002143EA0223BDF8EB
:106B10001820C4E94C33059BC3F30F23A4F83A3182
:106B20009DF8143084F83E31BDF81230A4F83831A5
:106B3000039BC3F30F23A4F83C319DF8173043EABD
:106B40000223BDF81A20C4F84C319DF91C30A4F87A
:106B50005621012284F85831FEF7E2FF6968204689
:106B600012F051FBBEE70120BDE700BF0B073D005F
:106B700010B5044612F0EAFF08B9002010BDE0434A
:106B800012F0E4FF0028F8D0E31683EAA4635A1E4B
:106B90001A42F2D0E3B25A1E13405A1E1342ECD0EE
:106BA000A0B215F063FE0B28E7D8204615F05AFE78
:106BB0001828E2D8A3B2B3EB144F04D184EA14230B
:106BC00013F0FF1FD9D0044B6340581E1840003803
:106BD00018BF0120D2E700BFD6BE898EF0B5070CE2
:106BE000164BA7F5AA4203EA9023543A012A20D96A
:106BF00027F4004042F6AA22801A18BF0120002282
:106C000016211F24164687EA060562EA05050135A6
:106C100011D0DD0301394FEA5303ADB245EA560600
:106C20004FEAC4354FEA5404ADB245EA5202EAD104
:106C3000F0BD0020E3E70020FAE700BFE0FF3F00DF
:106C4000F8B50D46074640F67A4CBDF81860A81F07
:106C5000BDF81C1080B2604515D8941FA4B26445DD
:106C60008CBF0020012087B9194C247984B188B9E0
:106C70006FF45067EC19062C04D86FF450641419A3
:106C8000062C07D9F8BD0020EDE797F87D40EDE729
:106C90000028F7D0954218D803FB0111B1F5FA7F0F
:106CA00013DCA6F10A0340F676409BB283420CD86F
:106CB000104613F036F842F2107341435E43B6EBD0
:106CC000410F8CBF01200020DCE70020DAE700BF85
:106CD000280F0020304BF0B5B0F868700C46114614
:106CE0001A88B0F8666085B097425D8828BF17465D
:106CF000964228BF16461B2E2ED0B5F5A47F2DD068
:106D000040F6480301AA9D4228BF1D4613F033F800
:106D1000BDF80A30BB4228BF3B46E380BDF80C30CB
:106D2000AB4228BF2B462381BDF80630B34228BFB3
:106D300033466380BDF80830AB4228BF2B46A380A2
:106D4000FF232370E3881B3B9BB2E02B08D940F262
:106D5000E7613920F9F788FD1B2FCED105B0F0BDD2
:106D600063881B3B9BB2E02B02D940F2E961F0E75C
:106D7000238940F64812A3F5A4739BB2934202D92B
:106D800040F2EB61E5E7A388A3F5A4739BB29342BD
:106D9000E4D940F2ED61DCE7280F0020F7B50023CD
:106DA00004460E461746CDE900336846FAF712FA54
:106DB00008B1002016E0009DA542F6D03046EB1C3D
:106DC00012F0A9FF3946AA7814F034FC0028ECD060
:106DD00005F10A036A7A04F10A01607A14F02AFCC8
:106DE0000028E2D003B0F0BD054A516A02F11D034C
:106DF000127F11F8030BC0F3801014F01BBC00BF0E
:106E0000A814002001281ED8022B0DD1A2F57A70FB
:106E10000F4B984219D8A1F57A70984215D88A423A
:106E20008CBF1220002070470A4882420DD8012BE7
:106E30000CBF40F2527340F6C3139A4205D9A1F633
:106E4000C410054BE9E7122070473020704700BF9F
:106E5000A7F970028FFD7002CBF3700210B50446E3
:106E60000A4810F0C0F90A492046FDF7D1FE204635
:106E700010F0E0F838B12046FDF784F9204610F014
:106E8000AFF9002010BD1220FCE700BF440F002026
:106E90004C0F00202DE9F04F9A4685B0754B044603
:106EA0000DF10809744F186888461B791646029040
:106EB00089F8043097F8563013B1484602F00CFABE
:106EC0006E4D0021204602F0C9F9AB68A4F800809D
:106ED000E36396F84A2006EB4202B2F82AB058461D
:106EE00012F01FFF01466FF4506000238344BBF192
:106EF000060F6BD9908C4FF0961284F87E30238762
:106F0000626340F2E24212F00CFF03F0E5FD40F252
:106F1000E2430146A4F8E4312046E161C4F8E011FF
:106F200016F0FDF9834601F0AFFC8306297C53BFC0
:106F30001B236B88AA881A46A4F86630504BA4F825
:106F400068201B6884F84410A4F846B01BB194F97B
:106F50007C10404698473B79003B18BF012384F8DA
:106F60007D30484B1B6813B147492088984701235F
:106F70006386464B1B6813B1454920889847454BAB
:106F80001B6813B1444920889847444B1B680BB1D8
:106F900020889847424B1B680BB120889847AB88E4
:106FA00004F114006A8869780333033201919BB2BB
:106FB000297892B2009104F11801FAF76BF963692C
:106FC00073B941F2C4113920F9F74EFC4FF04D125C
:106FD00023870123626384F87E304FF47A7399E744
:106FE000A36913B941F2C511EDE712F074FE2062F6
:106FF000BAF1000F04D002F001FD20F07F40A06242
:1070000096F84A302046E96806EB4306338EA3849F
:10701000F38EE38416F080F9494604F1960014F0EB
:1070200076FC97F8563013B9FF2384F83532BB6DE0
:1070300023B1012204F5957120469847194920464D
:1070400014F0B9FB02F0DAFC0C230121B0FBF3F2DF
:1070500002FB1300C0B2431DDBB2082B9CBF0D30F6
:10706000C3B2204684F8A23002F0F8F805B0BDE8BB
:10707000F08F00BFF0000500280F0020E41300206F
:10708000A01A0020981A0020300F0020B81A002003
:10709000620F0020A81A00206C0F0020AC1A0020FC
:1070A000B01A00200214002010B503210020FAF7C6
:1070B00057F8044670B90321FAF716F8044620B9C8
:1070C0004FF459713920F9F7CFFB034B93F95C105A
:1070D00016F048F8204610BD280F00202DE9F04F8B
:1070E00087B007468846008804A914F0AAFB064624
:1070F00000287CD1059D95F87D31002B6DD0B8F12D
:10710000020918BF4FF0010995F88E30272B95F82A
:10711000E13043EAD3030CBF89F0010A4FF0000AC3
:10712000D90702D4BAF1000F63D0B8789DF81040A7
:1071300008B901F0B3FB8DF80B00F87808B901F03D
:10714000ADFB2E4B8DF80C00D3F800B0BBF1000F57
:107150000BD00AF0010320460DF10B0229460093E3
:1071600003ABD847044600283AD19DF80B20B2B3B0
:107170009DF80C309BB3164695F87D2032B1B207CE
:1071800003F0020337D5B3B302231E46FF2285F86E
:107190003521B9F1000F28D195F8342102F0FF0410
:1071A0001ABB85F8348103A985F83661284685F82D
:1071B0003731BB88A5F83831BA78ADF80E308DF884
:1071C0000C20FA788DF80D2014F0F5FA002385F8DC
:1071D0003531204607B0BDE8F08F814694E7092499
:1071E000BAF1000FF5D00023C6E73A24EEE70446D3
:1071F000EFE71A24EDE70924EBE700BFB41A0020FB
:10720000034B93F82200C04300F00100704700BF19
:10721000E4130020044B93F82200C0F3400080F0F8
:10722000010000F001007047E413002038B514F0AD
:1072300000FA002501F0AAFD224C01F03DFB15F0FB
:107240001AF903F065FB02F067F805F0CDFF0120A5
:1072500001F0D6FA1C4B1D4A29461D601C4BA4F8B0
:1072600054501A601B22DD839A80F9221D8483F812
:1072700022501D77174B22835868174A1B892260BA
:107280001422E06104F124002384A576A580A5756D
:1072900017F002FB012342F2107204F13A0084F865
:1072A000243084F83930C4E90A2216F0F9FC04F1DC
:1072B000440016F01AFD0022002384F86850C4E947
:1072C000182338BD280F0020941A002003021B0049
:1072D000E41300206B5104001B004801064B41F6EB
:1072E0004C521B215A611974C3E9022241F28832BF
:1072F0009A61FFF79BBF00BFE4130020024B1B689D
:1073000003B118470C207047941A0020014B93F9E1
:107310005C007047280F0020B0F9002011B292B233
:10732000F8B502F5A0639BB2B3F5206F37D8B0F97A
:1073300002301DB29BB203F5A06080B2B0F5206FA1
:107340002DD802F2F64040F2BE5480B2A04228D8B6
:1073500003F2F64080B2A04223D800294FF00A047D
:10736000C4BF093211B2002DC8BF093391FBF4F438
:10737000C8BF1DB205F040FF0A2367B2064695FB61
:10738000F3F1384649B205F029FF074B1B6813B1EA
:10739000A01B40B208B90020F8BD9847FBE7302099
:1073A000FAE71120F8E700BF9C1A0020034B5A8827
:1073B00002801B7883700020704700BFE413002018
:1073C0007FB5837806461A2B08D8042B04D9334A94
:1073D00022FA03F3DB0705D412251AE0292B01D08A
:1073E0003B2BF9D13088B0F5706FF5D2694614F0B7
:1073F00028FA88B9019B93F8282102F0FF05C2B949
:10740000B27883F82921FF2283F82821684612F0F8
:1074100034FE284604B070BD09213088F9F7A0FE7B
:107420000446002837D002A9B0F8AC0114F009FADC
:1074300008B10C25EDE70821B4F8AE01F9F790FE8C
:1074400020B940F61E213920F9F70EFA03781BB94E
:1074500094F8C831032BECD1039B93F83E21002A0A
:10746000E7D194F8F02102F0FF05002AE1D1B4F849
:10747000B021A3F8402194F8B82183F84221027D7D
:1074800083F84321B27883F8442184F8F021FF2265
:1074900083F83E21BDE70225BBE700BF200038048A
:1074A0000188A1F11B039BB2E02B0CD8428844F267
:1074B0004810A2F5A4739BB2834204D8034B00206A
:1074C00019805A8070471220704700BF280F002093
:1074D000034B1A885B88028043800020704700BFFE
:1074E000280F002038B50278447802F0010302F03A
:1074F000020254EA030101D1112038BDBAB98578DE
:10750000002DF9D0002B18BF002400E01D462046B6
:1075100012F024FC0028EFD0284612F01FFC0028AF
:10752000EAD0054B00209C77DD771884E5E7002B37
:10753000ECD000242546EAE7E413002013B50088C8
:10754000694614F0A3F9044620B9019890F83A313D
:107550001BB13A24204602B010BD90F8DA3003F097
:10756000FF04002BF5D190F8D1309B0706D1FF2303
:1075700080F83A31684612F080FDEBE70249D230DC
:1075800014F0A1FFE6E700BF15CF01002DE9F84F89
:1075900003780446032B03D912252846BDE8F88F4B
:1075A0004378032BF8D8437E8578002B50D1012DEA
:1075B000F2D101F073F9854340F09D8094F8029078
:1075C00019F0010506D001232269A168E078FFF7D0
:1075D00019FC054619F0020F07D002232269A168A1
:1075E000E078FFF70FFC2843C5B219F0040F00F054
:1075F000868094F803B00423D4F808A02269584682
:107600005146FFF7FFFB284310F0FF05C5D1B9F144
:10761000050F0ED194F804900423E168626948468E
:10762000FFF7F0FB05460028B7D1CB4563D18A456B
:1076300061D1237E013B062BAED801210020F9F752
:107640008FFD054690B940F618613920F9F70CF91D
:10765000072DA1D8A90706D5022D9DD1294B5B790D
:10766000002BA6D198E7002D96D0A2E7A83010F005
:107670000BF918B195F854309A073ED1657EE2783F
:10768000003DA178A06818BF0125012AB4F800E0E8
:1076900014BFB2FA82F2022294F818C018BF52093D
:1076A000CB071FD54B0726690BD56769F31998429D
:1076B00007D243089E4228BF1E46831B9F4228BF15
:1076C0001F46104B83F82150002519775A77A3F8ED
:1076D0001EE083F820C083F82410C3E90A06C3E93A
:1076E0000C875AE7022902D1D4F81080E9E74B074A
:1076F00048BF2769E5E711254FE70C254DE7002D29
:1077000097D04AE7280F002000B589B0437940F2AE
:1077100071218DF8043083798DF8053001238DF8BF
:10772000063003788DF80730B0F801304B430393EF
:10773000B0F803204A430D4991F820100592A2F6B3
:10774000C4128DF81C1000218DF81D1008498A42C2
:1077500009D8A3F6C4138B4205D801A8FFF716FF7A
:1077600009B05DF804FB3020FAE700BF280F0020C5
:107770003C369C002DE9FF4106460078012813D1D4
:107780007378012B03D9022B0CD1B38853B17288C3
:10779000B2B1B388A3B10A214A434FF4A0614B436D
:1077A0009A420DDB12247AE00028FBD10121F9F77F
:1077B000D7FC0546002840F08E8040F6727107E045
:1077C00001210020F9F7CCFC054620B940F61771DD
:1077D0003920F9F749F8B388002B76D10FF0C9FBAF
:1077E000002874D195F81431002B72D12846FFF788
:1077F00035FB04460028D5D10121DFF83081084649
:10780000F9F7AEFC98F83810074619B110B940F6F0
:107810003371DDE798F81C200023CDE9023312F024
:1078200001031CBFD8F82C000290520741BF04AAE4
:1078300002EB8303D8F8342043F8082C002941D008
:1078400097F81431002B3DD07388DBBB98F81C30BF
:107850003846009302ABD8F8282098F81E100FF095
:1078600069FC78B3384610F015F807F14003064676
:1078700005F14002683753F8041BBB4242F8041B71
:10788000F9D12846FFF7EAFA024610B140F65A71DC
:107890009EE70C2E07D10146284610F0BEF920467F
:1078A00004B0BDE8F08116B140F6637190E798F836
:1078B0001D302846296D43F0040385F8543010F03C
:1078C0008AF9ECE7B2887188E6E71124E7E73A2401
:1078D000E5E70C24E3E70FF085FF04460028DED13E
:1078E00095F8543095F8A62022B195F8A7201343B7
:1078F00085F8A600053B012BD1D82B6D13B940F6B6
:10790000827165E701210846F9F72AFC4FF4C0723D
:10791000294606460EF00CFA002386F8943004231C
:10792000316D304686F85430C9E700BF280F00207B
:107930002DE9F04F457A8BB00446A90706D46A07B3
:107940000AD1122420460BB0BDE8F08FAB4B1B7957
:1079500013B945F001054572072DF2D800F09EFFDE
:1079600035EA000040F08E8094F8483053B9012D7C
:10797000E7D1A369A24AA3F25373934200F2538161
:10798000012602E015F00106F3D1AB0745BF731CD9
:10799000B1464FF0FF09DEB26F070AD5B31D994A11
:1079A00054F82330A3F6C413934200F23C8101360D
:1079B000F6B204F1080704F122054FF000085FFA5F
:1079C00088F39E422BD823789A1E022A5AD9012B7B
:1079D000B7D813B9A378012BB3D86378032BB0D8E9
:1079E00094F84930013B062BABD8844F012100208D
:1079F000F9F7B6FB97F838300546002B5BD101212B
:107A00000846F9F7ADFB002818BF054605F1A800A8
:107A10000FF03AFF0646002867D00C2492E79945FC
:107A200032D0D7F804A03B6953458AD86A8B2B8C97
:107A30009A4286D80120B5F814B06988EB892A8962
:107A4000CDE900B00020CDE90213FFF7F9F80028D6
:107A500000F0E980B8F1000F28D028880299884208
:107A60007FF46FAFE98891427FF46BAFAA89039BE3
:107A70009A427FF466AF6B8A5B457FF462AF3B68E6
:107A80009A4513D011245DE7012E0FD13A695E4962
:107A9000A2F57A738B4200F2C6807B68A3F57A70F8
:107AA000884200F2C0809A423FF64BAF08F10108CD
:107AB0000437023583E7A8300FF0E6FE00289ED099
:107AC0006FF00043D5E92A129A4208BFB1F1FF3F97
:107AD00095D1637A2846009304F11803E26861782F
:107AE0000FF028FB0646002889D028460FF047FAF9
:107AF00008B13A2426E728460FF03BFA0028F8D1CF
:107B0000BB7E53B905AF05937B6006238DF81A3011
:107B10003846F9F75FFB002865D000210DF112000F
:107B2000F9F7AAFA074600287BD001232246BDF8C0
:107B30001210FFF7AFF9384603F0B2FE1EB96178B4
:107B400028460FF0AEFA04F10309A27821782846FE
:107B50004B460FF04EFA002861D016B92846FCF7C4
:107B600011FB4B46A278217828460FF0A7FA94F82B
:107B70000980B8F1020F05D000F090FE08EA000875
:107B800008F00508414628460FF019FA16B90423F3
:107B900085F854302F654A46A07812F0BCF80146AB
:107BA00028460FF0A6FA237883B3012128460FF068
:107BB000BBFA012128460FF0BAFA002E35D0042175
:107BC00028460FF040FA002840F082800C24002163
:107BD0003888F9F7DBFA00283FF4B4AE41F2964159
:107BE0003920F8F741FE059B93F8CD20802A8FD0ED
:107BF00093F8E530002B8BD00FE700BF280F002053
:107C00003CF67002CBF37002A7F970024A46A178E5
:107C10003846FFF7C3F80028C7D00B24D7E7122453
:107C2000D5E70D248EE630248CE6637AE16813F004
:107C300001028DF81460069104D0A069079001201C
:107C40008DF814009E070DD5022B09D1901D54F814
:107C5000200008909DF8140040F002008DF81400F8
:107C60000132D2B258071BD59DF81400063203F03A
:107C7000050354F8222040F00400052B09928DF8EA
:107C800014000DD107981318994209D24B0883426A
:107C900028BF03460793CB1A934294BF09930992D6
:107CA00005A92846FCF7B4FF94F848102846003987
:107CB00018BF01210FF09AF994F8491028460FF0E7
:107CC0007BF928460FF08CFA394628460FF083FFDF
:107CD000002437E610B5437994B0032B57D823F02E
:107CE0000203027940F271218DF80630D0F8063097
:107CF0008DF80420CDF807304389027BADF80B30B6
:107D000001238DF805208DF80D3003884B43049333
:107D100042884A430792A2F6C412847B417B41EA1F
:107D20000421ADF82810047CC17B41EA0421ADF8A0
:107D30002E10847C417C41EA0421ADF83410047D8E
:107D4000C17C41EA0421ADF83A10417D847D41EACD
:107D50000421ADF84010C17D007E41EA00210E48AB
:107D6000ADF8461000218DF84C108DF84E100B49DF
:107D700090F820008A428DF84D000AD8A3F6C4136B
:107D80008B4206D801A8FFF7D3FD14B010BD122016
:107D9000FBE73020F9E700BF280F00203C369C00AD
:107DA00073B506230025CDE900558DF806306846E9
:107DB000F9F710FA08B1002610E0009D95F8CD30D3
:107DC000802BF4D095F8E560002EF0D095F8313195
:107DD000002BECD195F8CC30002BE8D1012100200C
:107DE000F9F7BEF9044620B941F2C9413920F8F744
:107DF0003BFDA8300FF048FD224B93F8383073B3A9
:107E0000E0B194F85430053B012B17D820460FF011
:107E100041FD054610B141F2D441E7E72046FCF7A9
:107E20002FF994F854302A46294623F004032046BB
:107E300084F854300FF0F1FE00250DE001210846D2
:107E4000F9F78EF9044610B94FF4A751CEE7A830E0
:107E50000FF01AFD60B90C25284602B070BD28B994
:107E6000002EF8D0FF2385F8CC30E5E7002EF9D1BD
:107E700020460FF00FFD05460028EDD12046FCF707
:107E8000FFF8E9E7280F00200278034672B1427834
:107E900062B142881A2A09D982881A2A06D900684A
:107EA000034A106000209B8893807047122070471F
:107EB000E413002002680020014B9A60704700BF65
:107EC000E413002002680020014BDA60704700BF15
:107ED000E41300200378A3F10A02112A9BBF024A8F
:107EE0000020122013747047E41300200378FF2B46
:107EF00015D14378FF2B12D18378FF2B0FD1C37894
:107F0000FF2B0CD1037923F0E0021F2A07D11F2B8E
:107F100005D05B09034A002082F820307047122008
:107F2000704700BF280F0020014B187600207047D3
:107F3000280F0020014B587600207047280F0020A2
:107F4000024B1B6803B1184711207047BC1A002070
:107F500008B5052000F060FC15F0E1FA014B024A7B
:107F60009A6508BD280F0020D56C000008B52120B7
:107F700000F052FC222000F04FFC04F05BFF054BA8
:107F8000054A1A60054B064A1A60064B064A1A60F3
:107F900008BD00BF9C1A002091DA0100A01A002041
:107FA000F9CF0000A41A0020BFD9010037B504465C
:107FB00000F06AFC090403D40C24204603B030BD51
:107FC00025886946284613F061FC04460028F4D150
:107FD000019B93F8922082B393F893206AB393F8AD
:107FE000E3201207E8D593F8E530DB09E4D00E2151
:107FF0002846F9F7B5F8054690F8C230002BDBD0DB
:10800000B0F85A309B0713D590F87C30002BD4D1B0
:1080100011234822214680F87D3016F03DFCFF23D5
:1080200085F8C530064905F1740014F043FAC4E739
:10803000019BFF2283F84821BFE72F24BDE700BF43
:10804000E18B01002DE9F04FB0F8008091B00446BB
:108050000EA9404613F01AFC064620BB1D229DF8CF
:1080600038100F9801F070FC002840F081810E213B
:108070004046F9F775F8054690F8C63003F0FF065C
:10808000002B40F077810F9B93F89220002A00F09C
:10809000738193F89320002A00F06E8193F8E33007
:1080A000180704D40C26304611B0BDE8F08F95F8BF
:1080B000C230002BF6D0617904F10D07A0780D9144
:1080C000217BE27D0139237994F806E0C9B294F866
:1080D000079094F808A0022994F809B097BFDFF838
:1080E000A0C2FF218C449CF8211094F81AC0CDF84E
:1080F00028C094F819C0CDF824C094F818C0CDF861
:1081000020C094F80AC0CDF81CC094F80BC0CDE98B
:10811000051C0D99CDE903AB00913946CDE901E984
:1081200010F005FE002800F02981E378012B00F211
:108130002581A37AA3B995F8F23013F0010F00F06E
:108140001D81FDF719FC237E81460193237B00935B
:10815000E37A6279217910F086FE40B91126A2E710
:10816000012BEED195F8F23013F0020FE7E7237EF2
:1081700005F148000193237B0093E37A627921792A
:1081800010F071FE0028E9D0A27A002A7CD195F87F
:108190004B3013F0020FE1D005F1F80011F0CEFDE5
:1081A00020B195F81611A3789942D7D1E37ED9076B
:1081B00005D5012A6FD1B9F81230DB06CED50D21D5
:1081C0004046F8F7CDFF11F0C2FD00287FF46AAFFA
:1081D000A37885F81631D4F80D30C5F8F9307B68EE
:1081E000C5F8FD303B89A5F80131E37D85F8033101
:1081F000237985F804316379FF2B85F8083117BF9F
:10820000A37985F8050185F80531E07985F806013F
:10821000237A85F80731637A85F80931237B013B9E
:10822000DBB2022B96BF564AFF239B184FF0070282
:1082300098BF93F8213085F80A31E37A85F80B313D
:10824000A37A85F80C31237E85F80D31637EB5F86D
:108250005C1085F80E31A37E85F80F31E37E03F0C4
:10826000010385F81531B9F8140010F0A3FA95F858
:1082700015318046002B5ED0A37A072283B9B5F86A
:108280006410B9F816000FE0012A85D195F84B303B
:1082900013F0010F7FE7002A91D1B5F85A308CE72F
:1082A000B5F85E10B9F81C0010F084FA0922B5F890
:1082B00060100746B9F8180010F07CFA8146FDF707
:1082C000AFFB0222B5F8621010F074FAB8F1050F96
:1082D00035D808F1010808EB88084FEA48085FFA2A
:1082E00088F8052F85F8128131D8013707EB870709
:1082F0007F00FFB2B9F1080F85F8137197BF204BCB
:1083000096234B4493F8243085F8103120B301288C
:108310000CBF1423282385F81131FF2285F8C620CD
:10832000E378012B1AD185F8F83085F817310F9BC7
:1083300083F84921B7E60722B5F85E10A1E7B8F146
:10834000060F0CBF4FF050084FF09108C9E7062FF9
:108350000CBF50279127CDE70A23DCE7012300213A
:108360000EA885F8F83085F81711FDF79BFD9AE601
:10837000452698E63A2696E62F2694E6122692E6B9
:108380006B51040073B504460AF0ACFE00285FD0C0
:1083900015F027FE304A92F8683053B12F4ED2E9DB
:1083A0001835C31A61EB05059E424FF00003AB413F
:1083B00050D2012382F868300023C2E91801CDE9C8
:1083C00000336846F8F706FFD0B100204FF40033C1
:1083D000CDE900036846F8F7FDFEC8B10023CDE9FA
:1083E00000336846F8F7F6FEC0B100224FF40033C0
:1083F000CDE900236846F8F7EDFEE0B1002005E086
:10840000009B93F84C31002BDBD03A2002B070BDBA
:10841000009B93F84C31002BDCD0F6E7009890F8E5
:10842000E5305906DDD500F59472234630F8801BFF
:1084300011F041FDD5E7009890F8E5305B06D9D5FD
:1084400000F59472234630F8801B11F034FDD1E71B
:108450001220DBE70C20D9E7280F00203F420F0055
:1084600003882DE9F7439FB204460B80B7F5706F80
:1084700004D31226304603B0BDE8F083694638467F
:1084800013F004FA06460028F4D10E213846F8F716
:1084900067FEA37890F8162105469A42E9D1F83094
:1084A00011F04CFC0028E4D0032AE2D8B4F80330E1
:1084B000002BDED0B4F80930012B09D0B4F8052028
:1084C000002AD6D0B4F80730002BD2D09A42D0D8A8
:1084D000237BE27AE17B42EA0322637B42EA0342A6
:1084E000A37B43EA0123217C43EA01439A42C0D89B
:1084F00002F180725C49A2F2E24222F07F428A429B
:10850000B7D803F18073A3F2E24323F07F438B4299
:10851000AFD8637C072BACD8A37C013B032BA8D836
:10852000207D0F28A5D895F80C9114F08AF9804683
:10853000607CB9FA89F149090AF042FA804598D37A
:10854000637D053BDBB2F92B93D9A37D053BDBB201
:10855000F92B8ED90D213846F8F702FE11F0F7FB02
:1085600000287FD1FDF708FA0746207D14F069F94D
:1085700095F84930834201D20D267BE705F1480387
:108580003A46617C95F80C0110F0FBFF0028F3D00F
:10859000B4F8037040F27123B4F80900BAB25A4338
:1085A00083B2012B5BD0019BB4F805C0D3F81CE06B
:1085B000BCF57A7F61460EF1FF3328BF4FF47A7124
:1085C0001344B3FBFEF30133B4F807E0B3F57A7F4D
:1085D00028BF4FF47A739BB2734528BF7346634537
:1085E00038BF634694F80CC094F80BE094F80F8001
:1085F0004EEA0C2E94F80DC04EEA0C4E94F80EC0C4
:108600004CEA082C94F81080A5F81E1147F6FE716C
:108610004CEA084CA5F81C718B42A5F8220128BF32
:108620000B46964594BFC5F824E1C5F8242194452E
:1086300094BFC5F828C1C5F82821A5F82031637C6E
:1086400085F82C31A37C85F82D31E37C85F82E311B
:10865000237D85F82F31FF2385F818310AE70021A3
:108660000B46BFE70C2605E71E043D0008B503785E
:10867000012B08D0022B0BD07BB9D0F80120084B7E
:108680009A61002008BD4078BDE80840FDF7B0B908
:10869000B0F901000AF0A0FEF3E71E20F2E700BFE8
:1086A000E413002010B50A4C072000F0B5F8094982
:1086B00004F1080012F042FD04F10C00064912F02A
:1086C0003DFD04F110000549BDE8104012F036BD33
:1086D000940F0020D0000020D8000020E0000020EF
:1086E00010B507200B4C00F097F80C2000F094F820
:1086F00004F10800084912F021FD04F10C000749BB
:1087000012F01CFD04F110000549BDE8104012F004
:1087100015BD00BF940F0020E8000020F0000020ED
:10872000E000002010B5064C064904F1080012F0E4
:1087300005FD04F10C000449BDE8104012F0FEBC38
:10874000940F0020F80000200001002010B52E201A
:108750000A4C00F061F8302000F05EF84B2000F089
:108760005BF804F10800064912F0E8FC04F110007F
:108770000449BDE8104012F0E1BC00BF940F002096
:10878000080100201001002038B5074C0D4600F00C
:10879000EDFEA068256012F0C9FCFEF79FFD01F018
:1087A00045F90123237538BD940F0020014B187D36
:1087B000704700BF940F002010B50C4CE06812F019
:1087C000B5FC206912F0B2FCFEF730FD202000F06D
:1087D00037F82F2000F034F8262000F031F8292057
:1087E00000F02EF80023237510BD00BF940F002069
:1087F00000487047A90F002000487047AB100020C8
:10880000014B83F819027047940F0020014B93F835
:1088100019027047940F0020C208074900F00700B2
:1088200001238340885C03438B5404490B789342B3
:1088300038BF13460B70704778000020AE1100203F
:108840000F4B012110B503EBD002C40800F0070064
:1088500001FA00F0195D21EA0001195509490B7868
:10886000A34205D1002012F8014914B100B10B70E8
:1088700010BD002BFAD0013B0120DBB2F3E700BFB3
:1088800078000020AE110020014BD3E900017047B1
:10889000780000200048704780000020054B1868D1
:1088A000C0F3C022C0F30020400040EA820040F044
:1088B000010070477800002008B50BF023FC00236E
:1088C000074A32F82310814205D302EB83029378E2
:1088D000044A137008BD01330C2BF2D10023F7E7D3
:1088E0009C510400AF110020024B1878072828BFC4
:1088F00007207047AF11002010B54468238884F822
:108900008B11A4F88C3194F87400FCF781FE84F884
:108910008E0194F87500FCF77BFE054984F88F0101
:1089200004F5C17013F0CFFD002384F8343110BD7D
:10893000C7B2010030B5C1F30723CCB21E4985B0E0
:10894000C5B2C0F307220978019049B919462046FB
:1089500012F0C4FC20B91146284612F0BFFC10B337
:108960002A40224003EA02010B46880720D411F076
:10897000010203D1C1F380018900CAB2990719D459
:1089800013F0010003D1C3F380039B00D8B2042A83
:1089900004D1BDF80630012B08BF0322D2B242EA4F
:1089A000002005B030BD05EA030102EA0403DCE75C
:1089B0000222E3E70220EAE7B011002040680749FD
:1089C0000388A0F87E3190F86C3080F8803190F800
:1089D0006D3000F27510037313F06FBD01B3010029
:1089E000034B002283F85020A3F85220704700BFA9
:1089F000B2110020044B93F85020012A1ABF0360E3
:108A000001200020704700BFB2110020064B024633
:108A100093F8501001291BBF0120A3F85220002019
:108A200083F85000704700BFB2110020054B02468A
:108A300093F8500028B1136011B1B3F852300B8095
:108A400001207047B2110020054B002293F850001E
:108A5000A3F8522010B1012083F85020704700BFC6
:108A6000B2110020034B93F85000B0FA80F0400997
:108A7000704700BFB211002050B90A4A01201346C6
:108A800003F8010B0868C2F801008A889A807047D1
:108A9000012805D1034B0A68D8719A608A889A81A7
:108AA000704700BF0612002050B90B4B187888B1F0
:108AB000D3F80120B3F805300A6001208B8070479D
:108AC000012806D1044BD87920B19A689B890A60A5
:108AD000F3E70020704700BF0612002010B9044BD6
:108AE00018787047012806BF014BD87900207047DD
:108AF00006120020F7B58A8800238DF80600ADF82D
:108B0000042008680B4A8DF807300146147802F5F6
:108B1000A872019DD8B2844201D8082007E052F81B
:108B2000087F01335668AE4208BF8F42F2D103B0CE
:108B3000F0BD00BF18120020084B0146002230B5DE
:108B40005C7803F20113D0B2844201D8082004E01B
:108B500013F8015F01328D42F5D130BD18120020AB
:108B6000F8B52D4C63782218013B92F80251DBB224
:108B70008342637030D01A010101961C8F1C264479
:108B8000274406F1100C56F804EB664547F804EB51
:108B9000F9D1823282312244214402F1100652F886
:108BA000047BB24241F8047BF9D1E118221891F814
:108BB000026182F8026106267343704303F58573F0
:108BC00000F58570E618E35827182350B388BB805A
:108BD00091F83A3182F83A312846FFF7ADFF08287C
:108BE00018D12378013BDBB29D42237012D02B3386
:108BF00005F12B0204EBC30304EBC20293E803006C
:108C000082E803002078FFF797FF08281CBF24188C
:108C100084F80251F8BD00BF18120020F0B5254DB0
:108C200089B095F8984105F29911684622460DF0F1
:108C30007FF82146684612F01BFD0446B8B300EBEE
:108C4000400102A8C9B2F8F76FF8631E95F8A16158
:108C50000124DBB295F8981105E0721CB2FBF1F02B
:108C600001FB1022D6B206F120020DEB020010F833
:108C7000202C002AF1D103EB430100F8204C06EB35
:108C8000460220312A44694411F8187C82F8A27106
:108C900011F8177C11F8161C82F8A37182F8A41140
:108CA000013BAA19DBB282F89941FF2BD2D109B05E
:108CB000F0BD00BF1812002070B5064688B00C4603
:108CC000002A4ED0294A92F8A131D01890F8991173
:108CD00019B9FF212820F7F7C7FD03EB4301013342
:108CE000114491F8A251E57091F8A35191F8A411A3
:108CF00025716171002180F8991192F89811B3FBE8
:108D0000F1F001FB103382F8A13192F8C23123B99E
:108D1000174902F5DD7013F0D3FB65790D220021B0
:108D2000684605F03F0545F04005657115F0B4FD56
:108D3000E37804AA69468DF80F30304623798DF820
:108D40000D508DF80E30042315F026FD9DF81F30D0
:108D500023709DF81E3063709DF81D30A37008B01D
:108D600070BD03216018F7F7DFFFD6E71812002067
:108D70001D8C0000044B5A78824286BF1B1893F862
:108D800042010020704700BF18120020064B00224D
:108D90004FF461711A8083F8C32183F8C421A3F8CA
:108DA000C61183F8C221704718120020014B93F8B6
:108DB000C40170471812002010B51446FFF79AFE40
:108DC000082813D0FFF7B8FE094B5A7882420DD914
:108DD00004B12070184490F83A3190F84A01012B00
:108DE00008BF40F0010000F0010010BD0120FAE7CB
:108DF000181200202DE9F04782468946174698460A
:108E0000FFF778FE08280546064603D0FFF794FED4
:108E1000082860D1324C6378072B5ED8082D15D115
:108E20002678731C072E237003D96C212820F7F7AE
:108E30001BFD06F12B02D9F8000004EBC20344F835
:108E40003200B9F8042083F806A09A80657807F10B
:108E500010026B1C290163704B1C234412F8010D96
:108E6000BA4203F8010FF9D1813108F1100321440E
:108E700013F8012D984501F8012FF9D1254410214F
:108E8000404612F03DFC102185F84201384612F0B0
:108E900037FC85F802616678002385F84A0131467F
:108EA000104885F83A3112F0E3FB0128054607D84F
:108EB00031460D4812F0DCFB002818BF0135EDB239
:108EC00084F898510025284684F8A151FFF7A6FEA2
:108ED0002846BDE8F0871220FBE70720F9E700BF2E
:108EE000181200205A13002062130020064B10B500
:108EF0005878013840B2002800DA10BDC4B22046CC
:108F0000FFF72EFE601EF5E718120020014B83F8D4
:108F1000C301704718120020014B93F8C30170473A
:108F200018120020431E4AF2B7129BB293429DBF13
:108F3000024BA3F8C6010120002070471812002040
:108F4000014BB3F8C6017047181200200A4B30B528
:108F50005C7884420ED9184490F802012B3003EB60
:108F6000C004A5790D7053F8300010600120A3886B
:108F7000938030BD0020FCE71812002070B5064633
:108F80000D4605F0B9F804F0BBF90A4890F8C34162
:108F900064B1417861B100F1820302303246002DA4
:108FA00008BF184604F054F904F0DCF9204670BDFF
:108FB0000C46FBE71812002008B5064B024603EBEF
:108FC0000113012103F1820004F042F9BDE80840D9
:108FD00004F0C8B9181200200246074810B590F8EE
:108FE000C34124B1417821B1023004F031F9204667
:108FF00010BD0C46FBE700BF18120020F8B506466E
:10900000174C48B3617804F5A17012F031FB94F865
:109010009851074604F29910294612F029FB2D1A9F
:10902000EDB2AF421AD800256278EBB29A4201D86D
:109030000120F8BDE21892F842215AB906213246C1
:1090400001FB034104EB031301F5857103F1820079
:10905000FFF732FE0135E7E70546E5E70020E8E7E0
:1090600018120020F0B51B4E89B007460D467378E4
:1090700083422CD9331893F8424144BB0D22214638
:10908000684615F009FCEB7806EB071004AA8DF88A
:109090000F3069462B7982308DF80E306B798DF860
:1090A0000D30042315F078FB2A789DF81F309A4282
:1090B0000AD16A789DF81E309A4205D1AC789DF8A5
:1090C0001D30E31A5C425C41204609B0F0BD00202F
:1090D000FBE700BF18120020074B5A78824209D9DB
:1090E0001A1892F842212AB9062202FB003000F534
:1090F000857070470020704718120020F8B50E46A2
:10910000074606211546304612F0FAFA044670B1B9
:109110000C4B0022587803F23913D1B2884202D89E
:1091200001242046F8BD013203F8015FF5E731461E
:10913000384612F0B9FA0828F3D0024B034483F8FA
:109140003A51EDE718120020034B80F87C101B68A1
:109150000BB1008818477047C01A0020014B024A23
:109160001A607047C01A00207DD701000B2808B58F
:1091700004D940F20D112920F7F776FB014B33F8A3
:10918000100008BDD451040030B5002442F210751F
:10919000A0F84040B0F844404C43B4FBF2F4A0F8CF
:1091A0004440541E05FB0343B3FBF2F3A0F84230E6
:1091B000084BB3FBF2F30133A0F84830838F05FB73
:1091C0000344436B5943B4FBF2F4B1FBF2F1846303
:1091D000416330BD005A620270B504460D46F9B9CC
:1091E0004FF4407215F058FBFE22012384F8E6503C
:1091F00084F81E217F2284F8963084F88B20164A4A
:1092000084F8E830C4F8E0206F2284F8E4206FF09E
:109210003C0284F8E5206FF07F0284F8E72070BDFF
:10922000012911D10023A0F8E43180F8DB3140F6A8
:10923000B833C269A0F8BC301146C38C04F1800079
:10924000BDE87040FFF7A0BF0229E8D1B0F8D632E0
:10925000D0F8D022C169F1E72BC904C470B5044627
:109260000D46F9B94FF4247215F016FBFE220123C6
:1092700084F8E65084F81E217F2284F8963084F822
:109280008B20144A84F8E830C4F8E0206F2284F878
:10929000E4206FF03C0284F8E5206FF07F0284F850
:1092A000E72070BD01290CD140F6B833C269A0F89F
:1092B000BC301146C38C04F18000BDE87040FFF75C
:1092C00063BF0229EDD1B0F84A32D0F84422C16917
:1092D000F1E700BF2BC904C4054B1B7833B9054B1C
:1092E0001A681B79026003710120704700207047E3
:1092F000E013002088000020054BFF221A70054A69
:10930000016811600179117100221A70704700BF65
:10931000E01300208800002007B5064A1068127983
:10932000009068468DF80420FFF7E6FF03B05DF873
:1093300004FB00BFF00005000346084671B13F2B57
:109340000BD8074AD35C03F07F02914205D08CBF53
:109350000120002000EAD31070470120704700BFB1
:10936000EC5104002DE9F04F85B08B461546984628
:1093700002A99DF8384012F064FA824620B9039E93
:1093800035B9012386F89430012005B0BDE8F08F8F
:109390007769294638460DF057FA01460028F4D07F
:1093A000224B5B88AB423FD3019038460DF088FBDF
:1093B00096F8943001998146002BA0F801A018BFBF
:1093C0004FF0020B80F800B008460DF081FB82469A
:1093D000E4B1748FD4B114F004FE40F271235C4305
:1093E000241841F10001CAF804102A46414609F147
:1093F0000300CAF800400CF09BFC294638460DF0EB
:109400005EFA28B98B212B20F7F72EFA2146EAE7DE
:109410009DF8083033B102A810F02FFE039B002204
:10942000A3F8D2210023ADE75046AEE7E4130020B5
:10943000FF230B7002234B7083238B70014B1B782F
:10944000CB707047081400202DE9F84FD0F8048045
:109450000C46D8F8186030460DF024FB054620B9BC
:1094600040F253111020F7F7FFF9014630460DF096
:1094700027FBB5F800B082461FFA8BF717B940F208
:109480005711EFE7224B00F103091B68D3B998F895
:10949000003098F801202370637802F00F02A4F8DE
:1094A00002B023F00F03134323F0C00363709AF854
:1094B000003003F00303012B0FD0022B0DD040F23C
:1094C0007511CFE73A464946B8F800009847054677
:1094D0000028DCD12846BDE8F88F6278304663F377
:1094E000051262700DF0F6FA054610B940F27F11D0
:1094F000B8E7FB2F02D94FF4C771B3E73A464946A4
:10950000201D0CF015FC30460DF03BFAE2E700BFE1
:10951000C41A002038B5134C10220021201D15F06C
:10952000BBF90125257404F108031022002104F180
:109530001400C4E9013315F0AFF984F8205004F1A8
:109540001803094AC4E9053300236362A36284F85F
:109550002C30C4F82D30C4F8313084F83530136025
:10956000A36338BD08140020C41A002010B5084CAD
:109570002378FF2B04D04FF4CC711020F7F774F947
:109580000CF042FB2070BDE81040FFF7C3BF00BFE6
:109590008D00002010B5034C20780CF04FFBFF230A
:1095A000237010BD8D000020014B18780CF056BBC5
:1095B0008D000020014B024A1A607047CC1A00202F
:1095C000499400002DE9F341DFF89481054608F144
:1095D0001407D8F80830D8F81840227A012A22D186
:1095E000D8F8382052B1137A1BB9BF211020F7F7F1
:1095F0003BF9D8F83840C4B9002093E01A7A012A20
:10960000FAD01C46534AEFF3108172B650680068D6
:10961000506001B962B6A34208BFC8F83840237A47
:109620001BB9EE21E2E73A46EDE7267AF6B20523CA
:109630002372731E0B2B7ED8DFE803F07A062336E5
:10964000773F4E3F3F3F3F6B636813B940F20B21BA
:10965000CCE72046294698470420EFF3108272B6E3
:10966000237A052BD9B24FF0000369D12372D8F8C1
:109670003810A14201D1C8F83830002A45D162B66D
:1096800043E0636813B94FF40571AFE729462046FC
:1096900098470346ADF80400C0B2C3F30723012B7B
:1096A0003ED0022BD9D129E0636813B94FF407717A
:1096B0009CE7204698470020CFE7274B1B68002BEC
:1096C000F9D03246606829469847A6F10A0204207C
:1096D000534253415B00E4E763680BB9FE2185E721
:1096E0000D222A7001221988AA706A710022586915
:1096F000A5F80310AA710DF044F90420D8F8383009
:10970000A34202D10023C8F8383000283FF461AFEB
:1097100008E0124B294620461B689847034668B963
:10972000267298B102B0BDE8F08140F253215DE7A6
:1097300040F256215AE740F2592157E70220DDE76F
:1097400011B940F27A2151E7184696E7002B7FF4D1
:1097500040AF51E70C140020C81A0020CC1A00209A
:1097600008140020134610B5027A22B140F20131EC
:109770001020F7F779F80A4601460248BDE8104084
:1097800012F07BBE0C140020044890F82C301BB95A
:109790000349243012F08EBE704700BF0814002029
:1097A0006DC401000346064890F83C203AB190F899
:1097B000352022B9034900F82D3B12F07BBE7047DB
:1097C00008140020319400000A4610B5037A23B132
:1097D00040F209311020F7F747F801460723024805
:1097E000BDE8104012F049BE1C1400201346027A56
:1097F0000AB1037270470A460146014812F03DBEA5
:109800000C14002003460846F0B4B3F86020B3F807
:10981000544093F875509442B3F85810A5F10305DD
:10982000B3F84A7028BF1446B3F86220EDB2B3F81B
:109830004E608A42A3F84A4028BF0A46012DB3F879
:10984000501087BFB3F852C015464FF4296C4FF43F
:109850002965A142A3F84E5038BF2146624538BF62
:109860006246A742A3F85010A3F8522026D1741BD9
:1098700018BF0124B3F85C20B3F85610B3F8486061
:109880009142B3F84C5028BF114693F87420033A24
:10989000012A15D9B3F85A20B3F85E70BA4228BF2E
:1098A0003A468E42A3F84810A3F84C2002D19542C4
:1098B00000D144B10549F0BC12F005BE0124D9E73E
:1098C0004FF42962EDE7F0BC704700BFE3C401002C
:1098D0000B8BA2F809001046A2F80B304B8BA2F8B4
:1098E0000D308B8BA2F80F30CB8B0249A2F81130D0
:1098F00012F0E3BD91C5010008B50B4A0B460B49B8
:1099000070B1492B04D940F207312C20F6F7ACFF97
:10991000012008701178994238BF1946117008BDAE
:1099200008701B21FAE700BF8E00002045140020BC
:10993000014B1878704700BF45140020014B187880
:10994000704700BF8E0000202DE9F04704461746FF
:1099500090F874908A4690F87580058F59BBC68E32
:10996000043613212088B6B2F7F7FAFB40B3BAF1F8
:10997000000F22D194F8741012F0E4FDB0F804A0A6
:109980004946384612F0C6FD0F4B0746B4F8500062
:109990001B78063541469842354438BF1846554431
:1099A00012F0B8FD38440544E069A8422CBF0020FD
:1099B0000120BDE8F087868ED2E794F87510DBE7CA
:1099C0004FF0960ADCE700BF8E000020094AD2E97A
:1099D0000003434083EAB01181EA43214FEAF34395
:1099E00011605360044B58434FEAF06000EB800075
:1099F000704700BF48140020BB79379E094AD2E95E
:109A00000003434083EAB01181EA43214FEAF34364
:109A100011605360044B58434FEAF06000EB800044
:109A2000704700BF90000020BB79379E10B50A4CEC
:109A300008210948F7F778F9D4E900321343F7D041
:109A4000064CFFF7DBFF2060FFF7D8FF236860605C
:109A50001843F6D010BD00BF90000020481400202D
:109A600038B5A0F10C0314460D46DBB22046432B5B
:109A700096BF0C4AFE21D15C12F00FFF88B985B168
:109A80002978342909D03F2909D0272908BF262160
:109A90002046BDE8384012F000BF3221F8E73E21F1
:109AA000F6E738BD2C520400174B184A9A60184A42
:109AB000DA62184A1A61184A5A61184A9A61184AB1
:109AC0001A63184A5A62184ADA64184A9A64184A99
:109AD0009A63184B184A9A60184A1A62184A5A60D0
:109AE000184A1A60184A9A62184ADA62184ADA6002
:109AF000184A9A61184A1A63184A9A64184ADA642A
:109B0000184A5A62704700BFD01A00200FCA0100DD
:109B100039CD010007CD0100CBCC0100A9A3000085
:109B200085A5000071A400005DCE010085CE010076
:109B30000DA40000D01B00202BCA010003CE0100A1
:109B40003FCA010043CB010097CD010055CD010074
:109B5000B9CD010079CD010033CF0100D3CE010092
:109B6000BDCE01001DCE0100054B064A1A65064A0E
:109B70005A65064B064A1A65064A5A65704700BF81
:109B8000D01A0020F1CB0100C3CB0100D01B002074
:109B9000A9CB010089CC0100054B064A9A65064A0B
:109BA000DA65064B064A9A65064A1A66704700BF90
:109BB000D01A00206FB401006DB50100D01B002049
:109BC00069B30100C3B50100114B124A1248134991
:109BD00070B5134E134D144C1A60144B144AC3F84D
:109BE0008C60C3F89050C3F89440124BC3F88C00BB
:109BF000C3F89010C3F894200F4BC3E92365C3F852
:109C000094400E4BC3E92301C3F8942070BD00BFFC
:109C1000E01E002091D7010049DB0100D9DB0100E3
:109C200079DB01008DD0000061CF0000D01A002048
:109C300079DC0100D01B0020D01C0020D01D0020AA
:109C4000574B584A58495948DFF818C22DE9F04F88
:109C50001A60574B574A584C1A60584B584A594D3E
:109C60001A60594B594A5A4E1A605A4B5A4A5B4F1E
:109C70001A605B4B5B4ADFF8F0911A605A4B5B4A03
:109C8000DFF8E8811A605A4B5A4ADFF8E4E11A60BB
:109C9000594B5A4ADFF8DCB11A60594B594ADFF880
:109CA000D8A11A60584B594A1A60594B594A1A6040
:109CB000594A5A4BC2F8E410C2F8D0305849594BAF
:109CC000C2F8E000C3F8B41057495848C2F8C810A9
:109CD0005749C2F8D440C3F8CC105649564CC3F883
:109CE000E850C2F8BC60554DC3F8B810C3F8D800AE
:109CF000534E54485449C2F8C070C2F8B890C3F8E3
:109D0000BC80C2F8D8E0C3F8DCC0C3F8C4B0C2F865
:109D1000C460C3F8C050C3F8C840C3F8E0A0C2F89C
:109D2000E800C3F8D410494A494BC3F8D020494A47
:109D3000C3F8C050C2F8C0703B4F474DC2F8C8705E
:109D40001A4FC3F8E450C2F8E0701B4F434DC2F8FD
:109D5000D4701C4FC3F8C840C3F8E8701C4F404C87
:109D6000C2F8BC70334FC3F8E0A0C3F8B8702F4FEF
:109D7000C2F8B890C3F8BC80C2F8D8E0C3F8DCC021
:109D8000C3F8C4B0C3F8D870C2F8C460C2F8B45005
:109D9000C2F8CC40C2F8E800C3F8D410BDE8F08F98
:109DA000E41E00204D8A0100C7900100939A010033
:109DB000E81E0020AB8A010059970100EC1E00202C
:109DC000015D00002B990100F01E0020A98C01000C
:109DD000F18A0100F41E00207F900100D58C010063
:109DE000F81E0020A3900100FC1E0020B792010085
:109DF000001F002071940100041F0020CF95010076
:109E0000081F0020259A01000C1F0020F796010072
:109E1000101F002071980100D01B0020B196010096
:109E2000E1900100D01A0020BD930100118C0100C7
:109E300031670000018A010011640000C95E000062
:109E4000EF8C0100D3980100879701005969000049
:109E5000D01C0020D01D00204D6100001D9101008C
:109E600063950100718C01007B8A0100578B010012
:109E7000578C01005D8F0100A79A01003F2A70B541
:109E800005460C4643D83F2A44D8DFE812F0460086
:109E90009600B100BD00D800BC01BC01E800EA009A
:109EA000F000BC01BC01F300FF00EA0043004300E6
:109EB0000301BC01BC01170117012E012E01350160
:109EC00043004300BC013A0146014A014E015701DB
:109ED00059015B015D0166016F019C019E01430018
:109EE00043007601A601A4018E0184018601880148
:109EF0008A019001940192019801BC0143009601EE
:109F00008C019A01A801AA014300A001A201FF2A25
:109F100000F06D814FF4A1610DE1456841F270736D
:109F2000D5F84412B5F83E22A1F57A7098420BD8C4
:109F30004FF47A73B1FBF3F303F550639BB26420E3
:109F40000126B2FBF0F20CE040F2E2406FF4506602
:109F5000B1FBF0F39BB29E19062EF0D90026B2FB9E
:109F6000F0F223711B0A62706371B5F84832A37175
:109F70001B0AE371B5F84A3223721B0A637295F823
:109F80001F3133B905F50F7305F51072284612F02D
:109F900063FDB5F83C32A3721B0AE372D5F8403278
:109FA00046B164220C20B3FBF2F3A370C3F3072382
:109FB000E37070BD40F2E242F4E74668D6F8303212
:109FC000C1F8013096F834324B71406890F81F3177
:109FD0003BB912F00CFD6B68B3F886301844A6F854
:109FE0003602B6F836320820A3711B0AE371E0E7A7
:109FF0000378012B436802D193F8203101E093F8F4
:10A00000293102206370D4E743681720D3F87822FF
:10A01000C1F80120D3F87C22C1F80520B3F88022D2
:10A02000A1F80920D3F85822C1F80B20D3F85C22FC
:10A03000C1F80F20D3F81031C1F81330B9E74268E6
:10A04000D2F8EE31C1F80130D2F8F231C1F8053062
:10A0500043680D20D3F81431C1F80930A9E74368EB
:10A06000CAE7084600F042FA0028A2D161E000F0F9
:10A070004FFAF9E7112306204B7059238B70002308
:10A08000CB701F230B7130234B7192E7436893F819
:10A090001A31B6E70278436852B993F820213AB1F1
:10A0A00093F81D214A7093F81C310320A37080E7B8
:10A0B00093F81B21627093F81A31F6E74368092080
:10A0C000B3F860204A70120A8A70B3F82221CA706D
:10A0D000120A0A71B3F85C204A71120A8A71B3F845
:10A0E0002031CB711B0A0B7263E7436893F836216A
:10A0F0004A7093F83731D8E70146204611F079F9D4
:10A10000B2E7436811211888F7F72AF800F15B01DC
:10A11000204611F0CBFE23204BE7084613F0AEFD9E
:10A12000A2E7084613F0B3FD9EE7384B1B68002BEF
:10A1300059D140F20D515120F6F796FB344BF5E71B
:10A14000344BF3E7344BF1E7344B1B68002BF0D072
:10A1500002462320984704202BE7304B1B68002B36
:10A16000E7D0024624209847052022E72B4B1B68A6
:10A17000002BDED002462520F5E743681121188820
:10A18000F6F7EEFF00F17D0200F15B01204611F0D1
:10A1900099FE2B200DE7224BC8E7224BC6E7224B46
:10A1A000C4E7224BC2E7224BC0E7224BBEE7224B5B
:10A1B000BCE7224BBAE7224BB8E7224BB6E7224B6B
:10A1C000B4E7224BB2E7224BB0E7224BAEE7224B7B
:10A1D000ACE7224BAAE7224BA8E7224BA6E7224B8B
:10A1E000A4E7224BA2E72946204698473CE743686C
:10A1F000204693F8BF22D3F8C01211F04BFE6B68D3
:10A2000093F8BF0230E70120D3E600BFD01E002044
:10A21000D81E0020D41E0020DC1E0020E01E0020DE
:10A22000E41E0020E81E0020EC1E0020F01E00208E
:10A23000F41E0020F81E0020FC1E0020041F002039
:10A24000001F0020081F00200C1F0020101F0020EE
:10A250001C1F0020201F0020241F0020281F00207A
:10A26000141F0020181F00202C1F0020301F00206A
:10A270003F289ABF024B53F820000020704700BFD0
:10A28000D01A00203F289ABF024B53F8200000202C
:10A29000704700BFD01B002030F8023CF7B50446E1
:10A2A0000E4630F8A85C73B101226846ADF8015043
:10A2B0008DF80020ADF80330FDF720F818B1952196
:10A2C0006320F6F7D1FA1C4B1B6813B1A4F12800E8
:10A2D00098471A4B1B680BB128469847184B1B68C8
:10A2E0000BB1284698470A230027A6F8035033707D
:10A2F000B770637A54F8900C73710CF04CFB08B98A
:10A30000BA21DDE739462846F6F740FF0221284604
:10A31000F6F73CFF18B90B4B1B6803B198474FF495
:10A320000173002003F004021B0A62F3070063F3C9
:10A330000F2003B0F0BD00BF341F0020381F0020E5
:10A34000401F00203C1F0020014B024A1A6070474A
:10A35000401F0020A7830100F7B5456804464FF66B
:10A36000FF776E690DF102010DF101023046ADF883
:10A3700002700CF0BFFA01A930460CF0DDFA40B1D2
:10A3800001980CF0A5FB616800220272FFF71CFA2D
:10A39000E8E7044905F1A80003B0BDE8F04012F079
:10A3A0008CB800BF99A2000038B54368044693F802
:10A3B0008D20202A24D1002283F8CF2083F8CA20C0
:10A3C00083F88222436893F8D01003F5DB701D8870
:10A3D00069B10C4983F8D020A3F8C05183F8BF219C
:10A3E00012F068F86368002083F88D0038BD012200
:10A3F00083F8BF11A3F8C051034983F8C221EFE7E6
:10A400000220F3E7B7CC0100A9CC010038B50578EC
:10A41000446825B994F88E302BB101201CE0D4F8A3
:10A420008030DB07F9D4D1F801200F4BD1F80510AB
:10A4300013400E4AC4F8E030C3F307630A4043F008
:10A440000803C4F8E42084F8E33012F06FFA25B969
:10A45000042384F88E30002038BDD4F8803043F0D7
:10A460000103C4F88030F6E72FC904F76FDB0080E2
:10A4700038B5436893F88D20042A32D1D1F80120F1
:10A480004C1CD1F80550C3F8E020C2F30762C3F8B2
:10A49000E45042F0080283F8E320002283F8CA2047
:10A4A00083F88D2002780AB983F83B2193F83C2188
:10A4B000AAB993F8982102F0FF0082B91A8883F8AC
:10A4C000990103F5C870A3F89A21D1F80120064933
:10A4D000C3F89C216268C3F8A02111F0EBFF0020B3
:10A4E00038BD0120FCE700BFE1CD010010B50446F6
:10A4F000FEF7CAF9044A054B024009200B40C4F894
:10A500000120C4F8053010BD2FC904F76FDB0080AF
:10A5100037B50C464568FEF7B7F90A4B0A4A0340BF
:10A520000A4095F8E01000930B4001928DF800303E
:10A530006B4603CBC4F801000920C4F8051003B032
:10A5400030BD00BF2FC904F76FDB008038B5DB04D6
:10A55000154604D5C37C13B10023436338BD446B57
:10A560000134446312F0C6FC836B9C42F6D3002393
:10A57000034943632846BDE8384011F0A4BF00BF3B
:10A580004FCE010070B544680546067894F88D30CA
:10A59000012B09D026B994F88E302BB101203DE073
:10A5A000D4F880309807F9D494F8D1309A0713D4AE
:10A5B0004A78D80784F8DB204A88A4F8DC208A8807
:10A5C000A4F8DE2043F0020284F8D12010D5194906
:10A5D00004F1D20011F077FF94F8D130D90712D4EA
:10A5E000EEB994F88E3043B153214020F6F73CF990
:10A5F00094F83A31002BEAD1EEE7012384F88E304B
:10A60000284612F093F994F88D300020012B4FF07A
:10A61000000304BF84F88D3084F8CA3070BDD4F8CC
:10A6200080309A0701D55821DFE743F00203C4F8D0
:10A630008030E5E715CF010000F50060104A0313F4
:10A6400092F9001040F3073081420BDD92F90100CE
:10A650005B425BB218447F280DDC10F1800F0CDBED
:10A6600040B2704792F90210814202DA92F9030077
:10A67000EEE7002070477F2070476FF07F00704743
:10A680006014002070B5044650F84F0CFFF7D4FF5B
:10A69000064640B354F8571C6FF0004354F8532C4F
:10A6A000A4F157059A4208BFB1F1FF3F1BD013F048
:10A6B00098FC54F8572C54F8533C9042994112D3CB
:10A6C000022332462021284613F0A4F958B9064B3C
:10A6D0009E8813F086FC4FF47A73E6FB030144F87E
:10A6E000570C44F8531C70BD6014002070B54568C9
:10A6F000044602F051FD054B014685F88B001B68AE
:10A700001BB12046BDE87040184770BD481F0020AF
:10A71000044B9B685843C3F580534B4303EB2030F5
:10A72000704700BF6014002038B543680D460F2104
:10A730001888F6F715FD044603F09EF97F2DE073A7
:10A7400021D0A0682946FFF7E3FF0F4BA0601B7BD9
:10A75000CBB1FFF771FFB0B16FF00043D4E9001245
:10A760009A4208BFB1F1FF3F0DD013F03AFCD4E993
:10A7700000239042994106D304F157000349BDE8F4
:10A78000384011F0A6BE38BD6014002085A6000038
:10A79000F8B547880346B7F5805F23D20689B2B281
:10A7A00002B30578012D1DD890F9042090F9051009
:10A7B000104612F0EBFBA8B193F90640A24211DA61
:10A7C000A1420FDD93F9070082420BDA814209DDD5
:10A7D000054BD87000201A7099709F605C709E8045
:10A7E0001D73F8BD1220FCE7601400200B4B00F530
:10A7F00000601B7840F307305B425BB218447F284F
:10A8000007DC10F1800F06DB40B220EAE070C0B236
:10A8100070477F20F9E76FF07F00F6E760140020B3
:10A82000024B1B6803B11847704700BF441F00204C
:10A83000014B024A1A607047481F002029A70000F8
:10A84000084BBA221A70E2229A704FF400629A60A2
:10A85000BF225A70DD22DA7041F288329A800022DB
:10A860001A73704760140020F0B51F4D00242B7838
:10A8700014709BB1013B6D68DBB21E1B012E0FDC17
:10A8800005EBC40655F8347076688E4208BF8742DF
:10A8900027D0B84271EB060612D214700020F0BD2A
:10A8A0001E197710C6F3470655F837C005EBC70EDB
:10A8B0008445DEF804708F412CBF33463446DCE714
:10A8C00005EBC30455F8335064688C4208BF8542D9
:10A8D00006D0A84271EB040428BF01331370DDE7F2
:10A8E0001C4601201470DAE77014002010F00702F3
:10A8F00008B503D063214820F5F7B6FF18B1034B24
:10A90000197258601A70C80008BD00BF701400208A
:10A91000014B00221A70704770140020024B002275
:10A92000C3E90022704700BF8014002008B5044B23
:10A93000186810B9FFF7F2FF08BD0C20FCE700BF54
:10A9400080140020024B187A003818BF012070478D
:10A950008014002013B5CDE90012054BFF225A7276
:10A9600000F11003DDE9000183E8030002B010BD2F
:10A9700080140020C3693BB983692BB9034B1B6862
:10A980001B1A58425841704701207047801400201C
:10A9900030B50D4AFF231372D0E9065373B1D0E9E5
:10A9A00002149D610C44D9682144D960816939B190
:10A9B000CB610023C0E90633137230BD1560F5E7A3
:10A9C000002BF6D0D960F4E78014002010B5124AAD
:10A9D000FF231372C16189B91368836103B1D86120
:10A9E00010600023C169C36099B1CB687BB18468F2
:10A9F000A3420AD230213720F5F736FF8B698861F0
:10AA00008361002BEDD0D861EBE71B1BC3600023F3
:10AA1000CB600023137210BD80140020014B186816
:10AA2000704700BF80140020034B00201B6803B94F
:10AA3000704718469B69FAE7801400200B4B0022F0
:10AA400030B51B6804464FF0FF35104623B911B9E5
:10AA5000002808BF104630BDDA68A24203D3AA42DC
:10AA60003CBF154618461A469B69EFE78014002044
:10AA700070B50F4CFF232372036A1BB181689D6878
:10AA8000A94203D2E5213720F5F7EEFEC2698669B7
:10AA9000DA619E6152B193619A691AB1D361C26859
:10AAA00011444A1BDA600023237270BD2360F3E770
:10AAB00080140020014B01221A717047801400207D
:10AAC000014B00221A71704780140020014B187945
:10AAD000704700BF80140020F8B54FF0000C04460A
:10AAE000284E084686F809C0002135680B4685B90E
:10AAF000757A002DF6D15BB1984225D3013CB0FBAD
:10AB0000F3F11C4403FB01F5B4FBF3F48C420ED9C2
:10AB1000F8BD2F690BB19F4207D23B4627B94FF4CE
:10AB2000A3713720F5F7A0FEA98AAD69DFE7B5FB71
:10AB3000F3F603FB165626B9B5FBF2F602FB1656E2
:10AB4000DEB10139ED1AE1E7451E1D44B3FBF4F413
:10AB5000B5FBF0F5AC42DBD3B3FBF5F605FB1637DE
:10AB60004FB9B6FBF2F702FB176727B9B6FBF1F74F
:10AB700001FB17671FB10135ECE72846C8E73046EF
:10AB8000C6E700BF80140020FF23084A0B700D2386
:10AB90004B7082238B701368C1F803305368C1F87F
:10ABA00007309368C1F80B30704700BF8A1400204B
:10ABB00016220021014813F06FBE00BF8A14002046
:10ABC000F7B51E4C02AB03E90300637DA3B39DF808
:10ABD00000300D462BBBD1E9747612F05BFA95F884
:10ABE0007420174B463053F822304FF47A7203F238
:10ABF000E733B3FBF2F3DB192A8846F100061B1892
:10AC0000228046F100066360A660B5F88630022215
:10AC10000C4904F10C00638003B0BDE8F040FEF77E
:10AC2000E5BD530608D50B882380D1F870326360E8
:10AC3000D1F87432A360E8E703B0F0BD8A140020B5
:10AC40002854040089AB0000094B53F8203003F569
:10AC5000224370B5B13316464FF47A720C46B3FBFB
:10AC6000F2F5344403F0A8FB2C44204470BD00BF2F
:10AC7000145404002DE9F04F99468BB0002304468C
:10AC800088461746069390F875B010F01AFB0546F3
:10AC900094F87F00FEF76AFA054412F0FBF994F885
:10ACA0008E3000F13C06ADB2482B3BD00E2B39D094
:10ACB00094F88DA0AAF14802D2F1000A4AEB020AE8
:10ACC000002F5FD194F88C30032B5BD1BAF1000FC9
:10ACD00058D0B4F8C832434554D1D4F81032204685
:10ACE000B4F8E421C4F80032E369C4F80432B4F8DB
:10ACF00082321344C4F8083200F034FB41F64B535F
:10AD0000D4F8D02294F8DC129A428CBF002301239D
:10AD100059B9E1698A421ED02088049312F0CDFF10
:10AD2000049B18E04FF0010ACAE7208812F0C2FF26
:10AD300020B940F24A713020F5F796FDB4F8D832C8
:10AD40006386B4F8DA328381B4F8C832C7814381AC
:10AD5000013B03823B4694F87E20002A39D1002B28
:10AD600038D1D4F8CC2284F87E300223E262B4F8E1
:10AD7000CA2284F88C302286D4F8D022E261D4F83A
:10AD8000D422626204F51473B4F886C00493A8EB6D
:10AD90000C0CB4F880320FFA8CFCA8EB03031BB246
:10ADA000002BB8BFD4E99A2394F88C10AFBF4A4661
:10ADB000C4E99E2300230122BCBF84F823326346EA
:10ADC000032900F2BD81DFE811F0100024016900C1
:10ADD00045012BB14FF04D12626300222287C0E77C
:10ADE0004FF0961223876263BBE794F8751094F8CE
:10ADF000DE0110F0F5FC8346E06A2946584409F06C
:10AE000035F92946C4F80C02E06909F02FF994F8E5
:10AE10007E3007A95B00DBB2034408A8C4F81032F7
:10AE200003F0BEF9079B0093DDE90823D4E99E01F6
:10AE300013F0DFF80546204612F06CF9D4F884329E
:10AE4000E26A94F875000693049203F0BDFA069B3B
:10AE500000F52240049A203BD4F80C12B130134480
:10AE60004FF47A725B1A30319B1BB0FBF2F05B44FB
:10AE700032465B1B1B1A94F875000693238E03EB76
:10AE80004101FFF7E1FED4F88422069BC4F81402C6
:10AE90009B1ACC2B5DD840F2C7414CE7E36A2946A8
:10AEA000D4F80402184409F0E1F82946C4F80C0269
:10AEB000E06909F0DBF894F87E305B00DBB2034414
:10AEC0002046C4F8103212F025F9E36AD4F804528F
:10AED0001D44B4F8E431002B40F09780B9F1000F25
:10AEE00000F0938094F8750003F06EFAD4F80C1219
:10AEF000D4F8703200F522406D1A94F87520B13004
:10AF0000203D1D44A84B53F822204FF47A7302F2DF
:10AF1000E732D4E99ABCB2FBF3F2A5EB0B05B0FB28
:10AF2000F3F01544AD1B2D1AD4F80032D4F80822E2
:10AF300094F8750002FB0311238E324606953031DA
:10AF400003EB4101FFF780FE0123C4F8140284F8EB
:10AF50008C30E56904F13C00D4F81032A93D069923
:10AF6000ED1AD4F81432AD1B9D4228BF1D460023B4
:10AF700084F85032C4F8E051D4E99E325B1842F1B3
:10AF80000002C4E9983211F04FFB04232844A4F8CE
:10AF9000808284F85932C4F85402D4E99823C4E971
:10AFA0009E2300F0D7F920B1D4F854321E33C4F8F0
:10AFB0005432B4F8D031A3EB08031BB2002BD4BF3A
:10AFC00000220122520084F85822BAF1000F40F00A
:10AFD000BA80B9F1000F40F0B98094F88C30002BA2
:10AFE00000F0D080E16904F51470D4F81032C91A69
:10AFF00010F092FB80B2002800F0C480149B03B1D3
:10B00000188001200BB0BDE8F08FD4F80C126D1A37
:10B010008AE7D4F81002E269D4F80812121AD4F8B8
:10B0200000525A43D4F80C3206923033B4F8E4217B
:10B0300005FB01336244521A218E013A00FB0233B0
:10B04000324694F8750001EB4301FFF7FDFDC4F8AB
:10B0500014027EE7E16959430691B9F1000F2DD042
:10B06000B4F8E40150BB84F82302D4F8100200FBCA
:10B07000131E94F88D3004902A2BCDF818E003D0DD
:10B0800094F88E302A2B0AD1B4F8C832A8EB030307
:10B090001B0404D494F8CB32002B18BF9B46B4F8A1
:10B0A000E4017AB370BBD4E99C51D4E99A23AA4253
:10B0B00073EB010108D340F21B513CE694F82302E4
:10B0C00000287FF446AFD0E794F87520203D364B3A
:10B0D00053F82230D4E99A12CDE9021203F2E73292
:10B0E0004FF47A7103F52243B2FBF1F2B1330592CA
:10B0F000029AB3FBF1F3AD1A059A1544ED1AAD1B94
:10B100007544069500EB0C05049B324658465D439A
:10B1100030356D002946FFF797FD41F64B53C4F8D3
:10B120001402E06998423FF614AF06AB3246294656
:10B13000009304F5057310F06FFB84F8230208E711
:10B1400040F23351F7E5B9F1000F1BD0B4F8F80124
:10B1500010B3B4F8FA1194F8FC214D1CA4F8FA11BC
:10B1600001FB022290420DDD002B0BDD0023A4F831
:10B17000FA5184F85832FEF729FC00F0070001303C
:10B1800084F8FC0104F5147104F50A7009F0AEFFAF
:10B1900020B940F27D51CEE50146DCE787F001079A
:10B1A00084F8207200202DE714540400D0E99C2379
:10B1B00073B5D0E99A45944275EB030104D240F689
:10B1C00001013020F5F750FBD0E99A45C66900F13E
:10B1D0008001A41AB4FBF6F4CDE900010134104655
:10B1E0001946E4FB06010CF05AFF02B070BD0000E6
:10B1F00073B50446D0E9746511F04CFF94F87420DF
:10B200000C4B463004F1800153F822204FF47A733E
:10B2100002F2E732B2FBF3F2921945F10003121881
:10B2200043F100031046CDE9004119460CF037FF09
:10B2300002B070BD28540400014BD870704700BFA5
:10B24000A0140020F0B5044685B090F8DB3103F07F
:10B25000FF05002B6AD190F88C30032B66D112F0D9
:10B26000C0FED4E99A23801A61EB0301012871F131
:10B2700000035BDB6FF00103834275EB010104DA2D
:10B2800040F2B1513020F5F7EFFAE269B4F88630B8
:10B290000AB1B0FBF2F2013313449BB2A4F81C32A2
:10B2A000B4F8D431B4F81C229B1A1BB2002B3DDD3C
:10B2B00004F50A7009F07AFF002837D0FF2384F8DC
:10B2C0002132B4F8C2300DF10E07B4F88650184E92
:10B2D0001D44B4F8C030013DED1AADB2336863B11E
:10B2E000B4F81C1200222046013989B29847B4F8FC
:10B2F0001C32184480B2A4F81C02B4F81C32EB1AB9
:10B300001B0413D4B4F81C1200230122204689B276
:10B310000097FFF7AFFC012808D1B4F81C32BDF844
:10B320000E2013449BB2A4F81C32D7E705B0F0BD41
:10B33000541F0020034B044A1A60044B044A1A604D
:10B34000704700BF4C1F0020ADB10000501F00200F
:10B35000B5810100024B9869003818BF0120704781
:10B36000D8140020D0F8D032C269934273B5044695
:10B3700012D1D0F8D462426AB61A18BF012694F8E6
:10B38000DC22002A42D0208812F094FC30B940F62A
:10B39000E9413120F5F768FA0126F0E7B4F8D82240
:10B3A000638E9A421CD1B4F8DA3282899B1A18BF94
:10B3B000012394F88D50482D16D094F88E20482AF9
:10B3C00010D0002502212046FDF706FF002D44D0B5
:10B3D000002384F88D30032384F8913002B070BDCF
:10B3E0000123E6E73343ECD01D4B1B6813B940F64D
:10B3F000F441CEE7A5F14802002168460194554288
:10B40000554101228DF800209847DBE7002ED8D067
:10B410002288A3F57A7104F5D270A4F8AE2141F226
:10B42000707291420F4995BF4FF47A7240F2E24236
:10B43000B3FBF2F3B3FBF2F398BF03F550639BB297
:10B44000A4F8B031B4F8D432A4F8B231B4F8D6329A
:10B45000A4F8B43111F037F8B3E784F88E50BAE7A6
:10B46000701F002023CB010008B5FEF7E9FB094B54
:10B47000094A1A60094B0A4A1A600A4B0A4A1A60BA
:10B480000A4B0B4A1A600B4B0B4A1A600B4B0C4AC7
:10B490001A6008BD581F0020C98401005C1F0020ED
:10B4A00049850100601F0020378B0100641F0020C8
:10B4B000FBD10100681F0020416300006C1F0020C9
:10B4C000D9930100F7B50123104E33700023CDE965
:10B4D00000336846F5F77EFE044618B1002333704A
:10B4E00003B0F0BD009D95F88C30002BF1D005F530
:10B4F000FC77384609F05AFE384612F0FAFE05F598
:10B50000E87085F88C40FFF743FAE2E7FC1400206E
:10B5100038B50D4B0D4653F82040084602F054FF55
:10B520004FF47A7304F58564033D0444012DB4FBA4
:10B53000F3F404F1C8048CBF0025282511F0AAFDFE
:10B540002044284438BD00BF285404002DE9F84F9A
:10B5500091F88DB09A4605460C46ABF14803164665
:10B56000012B1BD991F88E90A9F14809B9F1010F6F
:10B570008CBF4FF000094FF00109BAF1000F04D061
:10B5800000220121204601F003FC94F88C30032BAB
:10B5900000F29280DFE803F0058D848D4FF0010901
:10B5A000EBE726B940F219213520F5F75DF94FF0A8
:10B5B000000801232046474684F88C3011F080FEB5
:10B5C000634B1B6823B151462046984708FB007720
:10B5D000FFF77CFA002872D10221B4F9F40111F0CE
:10B5E000F1F8B4F8F4311B1AA4F8F4310026D4E9C8
:10B5F0007432FB1842F100021B1842EBE072C4E9FE
:10B600007432C5E904322E7094F88D20A2F10C0337
:10B61000DBB21E2B55D84F4EDE4006F0010694F8E3
:10B620008E30482B08BF46F00106204611F07BFF04
:10B6300030B1002E49D194F88C00012818BF0220A7
:10B640000423287204F13C006B7210F0EDFF686077
:10B65000BAF1000F79D0ABF10E0BBBF1010F8CBF2B
:10B660004B4649F00103002B6FD14146284610F0AC
:10B6700053F81FFA80F9204611F055FF82466EBB41
:10B6800081452BD307FB00F12E72D4E974325B188D
:10B6900042F10002C5E90432CFB940F2A12183E7AB
:10B6A000D4F828820323D4F8407284F88C304744BD
:10B6B00086E7E769B84683E740F2522174E7002045
:10B6C00094E7482AABD10126AFE70020B8E741460E
:10B6D000284610F021F882441FFA8AF901224946CF
:10B6E000204601F055FB1A4B1B687BB10121204617
:10B6F000984708FB00F84844D5E904321FFA80F95E
:10B7000013EB080342F10002C5E90432FFF7DEF94A
:10B71000B8B94FEA4901B4F9F401B1F5803FB4BFBB
:10B7200089B24FF6FF7111F04DF8B4F8F4311B1ADD
:10B73000A4F8F431D5E904321B1842EBE072C5E9F4
:10B740000432D5E90423C4E97423BDE8F88F00BFAF
:10B75000741F0020050000402DE9F0410D4604460D
:10B7600018B9EA213520F5F77FF8052900F2818024
:10B77000DFE801F003786E6A7F7490F88C300BB9C3
:10B78000F221EFE701F042FA002875D03B4B1B682D
:10B790000BB12046984713212088F5F7E1FC0346BA
:10B7A00094F87400002B4DD0022849D004D8012809
:10B7B00007D0DC21B420D6E7C21E012AF9D81E33F7
:10B7C00000E00A339F8894F87510CB1E012B98BFB8
:10B7D0002825FFF79DFE2B30523D8742EEB2E569EA
:10B7E00088BF3B1A264F98BF00237A78ED1A1AB902
:10B7F000E36B9D4228BF1D4604F13C0010F014FF8E
:10B8000000F12B080220A5EB080512F04FFC0221E5
:10B8100025EAE575854228BF0546284612F070FCEA
:10B8200010B1A84412F0E1FB324641462046002305
:10B8300010F0A5FF7860E069BDE8F04112F0D3BBDD
:10B840001433BFE79627BEE7BDE8F04102F0B4BC71
:10B8500001220021BDE8F04111F041BDBDE8F041F9
:10B860000BF085BA90F88C30042B05D04FF488711A
:10B8700078E74FF48A7175E7BDE8F081781F002002
:10B88000FC140020024B0022C3E90022FFF71ABE7D
:10B89000FC140020014B5870704700BFFC140020BE
:10B8A000024608B520B940F27D113520F4F7DCFFDF
:10B8B00090F88C3013B14FF4BF71F6E7034900F5EF
:10B8C000FC70BDE8084012F0EEBC00BF59B70000A4
:10B8D00008B502F0F5F8044B5A6882422ABF18787E
:10B8E000002080F0010008BDFC14002037B504469C
:10B8F000042900F28480DFE801F00316121B7D00AA
:10B90000404B1B7803F0FF024BB9012111F0E7FC1B
:10B9100002F0D8FA03B0BDE8304009F0D3BB0423ED
:10B9200084F88C30F4E7032384F88C3003B030BD06
:10B9300041F64B5540F2E241D0F84432C269AB4285
:10B94000ADF8041090F850128CBF00250125C0F806
:10B95000282229B99A421CD0008812F0AEF918E0CA
:10B96000008812F0A7F920B94FF441713520F4F79F
:10B970007BFFB4F84C3200256386B4F84E328381E5
:10B98000B4F83C32C5814381013B03827D23ADF88D
:10B99000043094F87E30EBB9EDB9D4F8403204F5B8
:10B9A000E870D4F84422E362B4F83E32E2612386C0
:10B9B000D4F8483284F87E506362638E5343009318
:10B9C00002AB13E90600FEF7C5FF204611F078FC34
:10B9D0000223A9E74DB14FF04D1363630023238782
:10B9E0004FF47A73ADF80430D7E74FF096132587FC
:10B9F0006363D2E703B0BDE8304011F061BC40F2B0
:10BA00005931B3E7FC140020014B024A1A60704719
:10BA1000781F0020F1B100000D4A0146107898B956
:10BA20000129936807D1B3F86420B3F848309A42EB
:10BA30000DD8FFF74DBF9289520707D593F88F00B5
:10BA4000073818BF01207047002070470120704759
:10BA50000415002038B5184B9C899A6804439C81D2
:10BA600000F00304032C04D14FF427613620F4F7CF
:10BA7000FBFEC50748BF1961840706D50968097828
:10BA80000629197506D00B2910D0820644BF08225A
:10BA90001A7038BD92F88D101E29F6D100240025A9
:10BAA0000121C2E93E4582F89310EEE792F88D102D
:10BAB0001429EAD10021F6E70415002037B590F8E3
:10BAC0008D200446A2F14803012B1DD990F88E3039
:10BAD0000E3A483B012ADBB214D8012B8CBF00235D
:10BAE0000123B4F88620B4F83C12013292B291429C
:10BAF0002FD194F8502272B343B94FF40E7136200F
:10BB0000F4F7B2FE012B24D80123EAE72B4B1B6884
:10BB100013B940F23921F2E70021684601948DF80B
:10BB200000109847002584F8525202212046FDF764
:10BB300095FB03212046FFF7D9FE94F88D30A3F141
:10BB40004802012A02D90E3B012B2ED8002384F88B
:10BB50008D3003B030BD238841F2707204F5D2708D
:10BB6000A4F8AE31D4F84432A3F57A719142144965
:10BB700095BF4FF47A7240F2E242B3FBF2F3B3FBAB
:10BB8000F2F398BF03F550639BB2A4F8B031B4F858
:10BB90004832A4F8B231B4F84A32A4F8B4310023E0
:10BBA00084F8AD3110F08FFCBCE794F88E30483B40
:10BBB000012B98BF84F88E50CBE700BFC81F002030
:10BBC00023CB0100234B70B59C6894F83A520DB911
:10BBD00094F8745094F83B620EB994F8756084F848
:10BBE000745084F87560FF2384F876301A4B1B6814
:10BBF00013B1294620469847184B1B681BB12A46AB
:10BC000031461748984704F13C0600211448FCF7D8
:10BC100073FE304610F008FD04F259110546204627
:10BC2000FDF7F0FD20460421FFF760FE304610F0DE
:10BC3000FBFC854204460BD212F09EFA0146601BC3
:10BC4000192838BF192012F05BFA10B112F0CDF9A3
:10BC5000012070BD04150020881F0020D41F002083
:10BC60000815002000231E2980F81E1180F81F31BE
:10BC70000ED92439C9B21B2903D8104BCB40DB079E
:10BC800005D40023A0F8C630012380F8CA307047DD
:10BC900001220B4B8A401340002BF8D115290AD002
:10BCA0001129EED190F8202112B1A0F8C6307047CA
:10BCB000A0F8CC207047A0F8CC307047092949097A
:10BCC0008712084910B54C784268162C92F88D30CE
:10BCD0000FD8112C01D8002010BD4FF4A803E34069
:10BCE000DB07F8D5024601212046BDE8104011F0DF
:10BCF0008DBB1D3CE1B22229EDD8222CEBD801A14D
:10BD000051F824F09DBD0000D7BC0000A5BD000087
:10BD1000D7BC0000D7BC0000D7BC000091BD00001C
:10BD2000D7BC0000D7BC0000D7BC0000D7BC0000C7
:10BD3000D7BC0000D7BC0000D7BC000033BE000059
:10BD4000D7BC0000D7BC0000B7BD0000D7BC0000C6
:10BD5000DFBD0000D7BC000007BE0000D7BC00005C
:10BD6000D7BC00001BBE0000CDBD0000D7BC00004A
:10BD7000D7BC0000F3BD0000D7BC000037BE0000F8
:10BD8000D7BC0000D7BC0000D7BC00002FBE00000D
:10BD90002D2BA0D1294B1B685BB99CE7372B9AD17F
:10BDA000274BF8E7312B96D1264B1B68002B92D0FE
:10BDB000104698478FE7392B01D0502B8BD1224B5F
:10BDC0001B68002B87D02E21984784E73A2B82D11D
:10BDD0001D4B1B68002B3FF47EAF3621F4E73B2B55
:10BDE0007FF479AF184B1B68002B3FF474AF302100
:10BDF000EAE73C2B7FF46FAF134B1B68002B3FF43B
:10BE00006AAF3921E0E73F2B7FF465AF0E4B1B682B
:10BE1000002B3FF460AF3221D6E7452B7FF45BAFB8
:10BE2000094B1B68002B3FF456AF3521CCE7074B7D
:10BE3000B1E7074BAFE7074BADE700BF841F00201A
:10BE4000941F00209C1F0020B81F0020CC1F002042
:10BE5000D01F0020E41F0020034610460A1E08BF22
:10BE60001F221F2B70B529D8112B03D8032B4AD0C2
:10BE7000002040E0A3F112010D29F9D801A454F8E3
:10BE800021F000BFF9BE000071BE0000F9BE000045
:10BE900071BE0000F9BE000071BE000071BE00005E
:10BEA00071BE000071BE000071BE000071BE0000D6
:10BEB00069BF000071BE00007BBF00003B2B15D89E
:10BEC000222BD5D9A3F123040121E4B2A140314CA6
:10BED00021425AD1490740D13B2BC9D12E4B1B6877
:10BEE000002BC5D01146BDE870401847A3F1FE02F3
:10BEF00053425341580070BD024600211846BDE828
:10BF0000704011F083BA446894F88D301B2B01D037
:10BF1000152B3CD194F8D030002B38D184F8CF3099
:10BF200084F8CA3094F8BE3103F0FF0523B140F223
:10BF3000D5313620F4F798FC238884F8BF21A4F883
:10BF4000C03184F8C25184F88252144904F5DB7080
:10BF500010F0B0FA84F88D508AE711490C68002C73
:10BF600086D01946234605E00E4B1B68002B3FF494
:10BF70007FAF1D21BDE8704018470B4B1B68002B9D
:10BF80003FF476AF1F214068F4E70849E6E7022056
:10BF9000B1E700BF00A84C00E01F0020A9CC0100C1
:10BFA000801F0020901F0020981F0020B41F002039
:10BFB00043680246497893F88D30053BDBB24B2B42
:10BFC00096BF0248FE20C05CFFF746BFD052040077
:10BFD0002DE9F347A44F0E468046B989BC688D050C
:10BFE00004F1800554BFB4F8C020002228465CBF8D
:10BFF000013292B2A4F8C02011F026F930B10B46FC
:10C0000004F5A87221462846FEF7A0FABB8903F47E
:10C01000C06343B194F891302BB90121204684F8D4
:10C020009110FFF763FCB8F1000F40F0EC81002E97
:10C0300040F0E981BB89BD685C0707D595F88F2082
:10C04000072A02BF012285F88F607A75980713D5F9
:10C05000387D0123072885F81F310AD0112824D004
:10C06000FEF710F9034628B940F2CF513620F4F715
:10C07000FBFB7E4B7E489847BB89190740F1BE8089
:10C08000BC6894F81E312A2B36D81B2B0FD8012BF5
:10C090005AD0032B63D0002B44D094F81E31FE2BD2
:10C0A00040F0908040F2DC51E0E7724BE2E71C3B4D
:10C0B0000E2BF2D801A252F823F000BF7FC100007E
:10C0C0009BC000009BC000009BC000009BC0000004
:10C0D00087C1000095C100009BC000009BC000000C
:10C0E0009BC000009BC00000B3C100009BC00000CB
:10C0F0009BC000007FC100003C2B61D03F2BCCD106
:10C10000B4F88630B4F83C229B1A1B0402D40023F6
:10C1100084F8523294F88D30482B0DD1002384F8E6
:10C12000CA30BAE7B4F88620B4F83C12521A1204A6
:10C13000B3D484F85232B0E794F88E30482BACD1A7
:10C140004B4810F004FCA8E7B4F88630B4F8362267
:10C150009B1A1804A1D4002384F88D309DE794F82D
:10C160008D30153BDBB2092B05D840F2412222FA73
:10C1700003F3D90791D4002384F88232DBE700234C
:10C1800084F83D31CBE73C4B1B68002B85D0204623
:10C19000984782E7002384F83E31384B1B6823B16F
:10C1A00004F59F7104F592709847314810F0B5FB83
:10C1B00073E7334B1B68002B3FF46FAF2C48E7E766
:10C1C000304BF7E7FE2384F81E3194F88D302A2B8C
:10C1D00040D033D80C2B37D00E2B39D094F88E307A
:10C1E000482B04BF492384F88E3094F88F30082BF5
:10C1F00001BF02237B75002384F88F30BB89DA07E7
:10C2000056D53A69BB68166893F88D1093F8D0003C
:10C21000347811F0E8F828B1112C76D81A4BE340A5
:10C22000DB0772D511792046FDF786F870BB3B69B4
:10C2300031460F481A7910F0C9FB38E0442B0BD077
:10C24000482BCBD1492300E00D2384F88D30C5E77E
:10C250000F23FAE72B23F8E7002384F84C31044836
:10C2600010F05BFBBAE700BF04150020A7D3010064
:10C27000081500208BD30100A01F0020A41F002060
:10C28000A81F0020D81F0020742802000D2C36D0D3
:10C29000112C36D0072C36D02046FDF7E9FF034697
:10C2A0000028C4D03A693146C048127998470646FA
:10C2B0003B781C0708D595F88D1095F8D00011F043
:10C2C00092F8002818BF08262846FFF7F7FBBD683C
:10C2D00095F81E31FE2B40F0968095F88F30073B85
:10C2E000012B40F2908095F8283103F0FF0473B1E0
:10C2F0000023A5F8C4300223A5F81E3183E0AC4B1F
:10C30000D0E7AC4BCEE7AC4BCCE70826D0E795F8AE
:10C310008D3043B995F8BE2022B31222A5F81E2114
:10C32000A5F8C6306CE0292B00F0AC8010D8142B97
:10C3300061D009D8032B00F09F80132B00F093806D
:10C34000113B102B5FD90DE01E2BF9D1062353E0D2
:10C35000362B00F09F8046D8322B00F09980352B89
:10C3600000F0A28095F88E30372B00F2E380222B6C
:10C3700000F29C80013BDAB2052A40F2C98095F8B0
:10C380001E31FE2B3FD1BC6894F81E31FE2B00F00D
:10C39000B18195F88D30B3BB95F835329BB395F8E4
:10C3A0008E0010F0EDFA044668BBB5F886300A2B13
:10C3B00029D96846FCF790FF28B3052205F19701BB
:10C3C000684612F042FA002800F0AE839DF804306F
:10C3D000009885F834320123C5F83002A5F81E31E3
:10C3E00085F835420FE0422BBCD1744B6F481B6877
:10C3F0009847342380E70B23A5F81E31A5F8C640E3
:10C40000012385F8CA30BC6894F8283123B994F820
:10C410008F30073B012B04D8B4F8C4300133A4F8A3
:10C42000C43094F8CA1021B1B4F8C6300133A4F86E
:10C43000C63094F9CE2022B1B4F8CC300133A4F840
:10C44000CC30B8F1000F40F0C9837B7D022B00F0A7
:10C45000C183012B40F06B8394F89030002B40F0A7
:10C460007B83002185E3D5F85432C5F810310323CE
:10C47000A5F81E31002353E795F8193185F82031CE
:10C48000072339E71823A5F8C640A5F81E31BAE7F7
:10C490002123B1E701231121284685F82031FFF738
:10C4A000E1FB85F88D40AEE7272325E7233B142BDE
:10C4B0003FF665AF01A252F823F000BF03C60000AB
:10C4C00003C600007FC300007FC3000079C60000E0
:10C4D0007FC300007FC300007FC300007FC3000054
:10C4E0007FC30000C5C600007FC300007FC30000FB
:10C4F0007FC300007FC300007FC300007FC3000034
:10C500007FC30000E5C60000A9C60000C9C6000040
:10C51000052B3FF634AF01A252F823F0D3C500003B
:10C52000F1C50000C1C50000BDC600007FC300000A
:10C53000C1C60000393BDAB2172A3FF620AF172BED
:10C540003FF61DAF01A252F823F000BFCDC6000098
:10C550007FC30000D1C600007FC300007FC300007E
:10C560007FC300007FC300007FC30000D5C600006A
:10C570007FC300007FC300007FC300007FC30000B3
:10C58000E1C600007FC30000E9C600007FC30000D1
:10C590007FC300007FC30000EDC600007FC3000022
:10C5A0007FC30000F1C60000CDC6000008150020C2
:10C5B000B1BF000093D40100C5BC0000C41F00201F
:10C5C00095F8183185F820310723A5F81E3100238E
:10C5D00014E00C230022A5F81E3195F8D130A5F8FF
:10C5E000CC2043F0010385F88E2085F8D130C6E6D3
:10C5F0001323A5F81E310023A5F8CC3085F88E3022
:10C60000BDE695F82B31002B7FF4B9AE95F82A31B1
:10C61000BBB195F88E3005F5957105F23A222A2BBB
:10C6200028D095F88D302A3B012B8CBF00230123A5
:10C63000284610F002F8242385F88E30002385F870
:10C640002A3195F88E30242B7FF499AE05F25911DA
:10C650002846FDF7D7F8B5F85E30A5F82031B5F8D3
:10C660006230A5F822311523A5F81E310023A5F864
:10C67000CC3084E60123DBE795F83431012B0ED072
:10C6800095F83431022B7FF47AAEEA6ED5F8361184
:10C69000A9480EF092FE1823A5F81E316FE695F812
:10C6A0003531002BECD1F0E700241121284685F824
:10C6B0002041FFF7D7FA85F88E4060E60923EBE7C3
:10C6C0001B2382E72423E7E71E237EE72F237CE753
:10C6D00031237AE7994B98481B6898473423DBE766
:10C6E0003A23D9E72723D7E73F23D5E72C23D3E7FE
:10C6F0003C23D1E794F88D30002B7FF44AAE94F8B8
:10C7000052323BB394F8503203BB94F88E0010F0D1
:10C7100037F98246F0B994F88E30352B1AD094F858
:10C72000503283B112212088F4F71AFD036913F403
:10C7300000791DD04823A4F8C6A084F88D300123C9
:10C7400084F8CA303F23A4F81E3177E094F83C31D6
:10C75000002BDAD094F8823203F0FF0133B394F85F
:10C760009230B3B194F8933073B940F2CE617DE466
:10C77000734B1B6813B940F2BF6177E41A216E480E
:10C78000984784F8529259E00A23A4F81E310023F6
:10C7900006E0D4F85422C4F810210322A4F81E2184
:10C7A000A4F8C630012384F8CA3047E094F83B313E
:10C7B00003F0FF022BB10823A4F81E31A4F8C61021
:10C7C000F0E794F83C3103F0FF0173B194F8E730DF
:10C7D000DB0905D02B23A4F81E31A4F8C620E1E71D
:10C7E000584B1B6853B3544831E0D4F8843283B3B8
:10C7F0001F2294F88E00FDF733F950BBD4F8843231
:10C8000033B113F8512C012A05D040F2FE612DE41A
:10C8100040F2FA612AE413F8283C03F0FF0113B157
:10C8200040F2FF6122E494F8E33098060CD51F2310
:10C83000A4F8C61084F8CA20A4F81E3195F81E3159
:10C84000FE2B7FF4E0ADA4E53F4B20461B689847E4
:10C85000F4E794F83A3173B194F8D13013F003024D
:10C86000ECD10C2143F00103A4F81E1184F8D1305F
:10C8700084F83A2187E794F82A311BB394F82B31D6
:10C8800003BB94F88E3004F5957104F23A222A2BFA
:10C8900016D094F88D302A3B012B8CBF0023012346
:10C8A00020460FF0CAFE002384F82A31B4F85E2037
:10C8B000A4F82021B4F86220A4F8222114226DE704
:10C8C0000123EDE794F83431012B69D194F8353127
:10C8D000002B65D194F88E0010F052F800285FD13B
:10C8E00094F874104B1EDBB2032B09D8174803448D
:10C8F00093F84CC094F87530013BDBB2032B04D99C
:10C9000040F211310620FFF7B2BBBCF1020F94F8E0
:10C9100036210CD0BCF1030F0BD0BCF1010F04D1B8
:10C92000012A14BF0022012292B916232DE7022A00
:10C93000F7E7042AF5E700BF08150020C41F002010
:10C94000C81F0020D01F00209C1F0020D0520400D0
:10C95000034493F84C2094F83731022A17D0032A65
:10C9600017D0012AE1D1012B14BF00230123002B92
:10C97000DBD0B4F8863004F50E72B4F838010EF04E
:10C9800000FD014640B99848FBF7B6FF56E7022B79
:10C99000EAE7042BEDD0C8E72C2384F88D304DE76F
:10C9A00094F83D3103F0FF025BB1904B1B688E4859
:10C9B0009847FE2801463FF441AF2046FFF752F961
:10C9C0003CE794F8463103F0FF090BB11D2302E761
:10C9D00094F83E3103F0FF026BB30921B4F8400133
:10C9E000F4F7BEFB10B984F83E01CCE690F8F031C4
:10C9F00003F0FF0213B984F83E21C4E690F8C83171
:10CA0000032B14D8DFE803F00202050D84F83E91F1
:10CA1000B9E694F8443180F8F131002384F83E31CE
:10CA2000B1E62223A4F81E31A4F8C690BAE640F27B
:10CA30009261FFF71BBB94F8473103F0FF0163B12C
:10CA400094F8E530DB0901D02E23C4E6684B0122BF
:10CA50000C2165481B689847F0E694F8483103F0CC
:10CA6000FF020BB13623A7E694F849310BB130230E
:10CA7000B1E694F88C3253B10D212088F4F770FBA5
:10CA800008B9392381E690F86232002BF9D094F886
:10CA90004C3103F0FF090BB1382376E694F84A31A4
:10CAA00003F0FF022BB1534B4F481B6898473223CA
:10CAB000B8E794F84B310BB135238CE694F84D313F
:10CAC0008BB194F8523273B994F8E4305A0608D511
:10CAD000494B1B68002B3FF4B1AE434898472723CE
:10CAE00031E6464B7DE694F84E31BBB13B22002146
:10CAF00094F88E00FCF7B4FF814678B912212088A3
:10CB0000F4F72EFB03699B0705D53D4B36481B68A0
:10CB100098473B2386E73B4B1B6864E63A4B1B6810
:10CB2000002B7FF444AF89E685F835025AE45EB104
:10CB3000F00651D4310751D4B20751D1B30651D4C4
:10CB400040F6F421FFF792BAD9B1B4F8C610B4F8A0
:10CB5000C830994215D9222384F8B1302248FDF714
:10CB6000FBFB0023022184F88D3084F88E3084F89A
:10CB700091302046FEF7BAFE02B0BDE8F047FBF761
:10CB800063BF2AB1B4F8CC20B4F8C8309A42E2D8D6
:10CB9000B4F8C420B4F8C2309A420FD2B4F8C4201A
:10CBA000B4F8C8309A42D6D294F89120B4F8C03084
:10CBB0004AB9052B7FF655AC3E23CDE794F82831D2
:10CBC000002BC8D1EAE7B4F8C2209A423FF649AC3C
:10CBD0000823C1E71623BFE71E23BDE73D23BBE7BC
:10CBE0002A23B9E72323B7E7081500207C1F00207C
:10CBF000BC1F0020C01F0020AC1F0020B01F002061
:10CC0000DC1F0020E41F00208C1F002030B590F8AE
:10CC10008E200023584D85B02A2A04462B71A86027
:10CC2000AB812B706B7512D1B0F83812B0F886203A
:10CC3000521A11040BD480F88E30FEF7C3FFB0B93E
:10CC400000210846FFF7C4F9002005B030BD94F874
:10CC50008D302A3B022B0AD8B4F83822B4F886303B
:10CC60009B1A1A0403D4002384F88D30E5E794F866
:10CC70008D300C3B012B16D8B4F88630B4F8362230
:10CC80009B1A1B040FD404F50C7104F196000EF0EE
:10CC90003EFE94F88D300D2B04BF002384F88D30B8
:10CCA000FF2384F8CB30B4F82022214604F1800021
:10CCB000013292B20EF072FE0023A4F8203294F8F2
:10CCC000CA302BB1B4F8C620B4F8C8309A42B7D2F3
:10CCD00094F9CE302BB1B4F8CC20B4F8C8309A42D5
:10CCE000AED2B4F8C220B4F8C4309342A8D294F8BB
:10CCF0009110B4F8C03071B9052BA1D894F81E4139
:10CD0000FE2C1DD003A8FBF775FE38B940F626119E
:10CD10003620F3F7A9FD9A42F0D891E7502200217E
:10CD2000039811F0B9FD03992246144801F8034F06
:10CD3000FDF7A4F8FBF76AFE58B940F62F11E7E7B4
:10CD40000F4B1C682CB111F013FA02460B460B482E
:10CD5000A047AB680B4A93F88D1093F8D00010F001
:10CD600042FB094B054900930190084B03C9F5F7B5
:10CD7000E9F9012069E700BF04150020081500202B
:10CD8000E81F002055BA0000D1BF000019BA00000A
:10CD9000F8B5B0F8203200F1800704460D460B4488
:10CDA0001646A0F82032B0F8C0300B44A0F8C030CE
:10CDB000384610F049FAA0B1D4F8B43038460B44E4
:10CDC0002146C4F8B43010F095F8D4E92D239A42E6
:10CDD00007D30023164904F5A870C4F8B4300FF047
:10CDE00072FB94F8CA3023B1B4F8C6302B44A4F8CF
:10CDF000C63094F9CE3023B1B4F8CC302B44A4F82B
:10CE0000CC3094F8283123B994F88F30073B012BAC
:10CE100004D8B4F8C4302B44A4F8C4302046FEF73C
:10CE20004DFE26B1B4F886301D44A4F88650F8BDF6
:10CE30004FCE010008B5FCF7C7FE064B064A1A6044
:10CE4000064B074A1A60074B074A1A60074B084A05
:10CE50001A6008BD801F0020D3D30100841F00206A
:10CE6000C1D30100881F00209DD901008C1F002024
:10CE70001FDC010008B5FCF7E3FE084B084A1A6006
:10CE8000084B094A1A60094B094A1A60094B0A4AB9
:10CE90001A600A4B0A4A1A6008BD00BFB41F00207E
:10CEA000C9840100B81F002049850100BC1F002073
:10CEB000378B0100C01F002041630000C41F002009
:10CEC000CB950100014B1873704700BF90150020EF
:10CED000F8B5034616464ABB91F82C20E2B391F907
:10CEE0003020CAB301F12F0291F82F0001F118058B
:10CEF00001F14604374678B3B1F86E106372618170
:10CF000060735378237410F05CFB05EB400595F9D2
:10CF100001000EB900F02EF9A07320462B780F49BE
:10CF2000E3732773BDE8F8400FF0D0BA01F1320285
:10CF300091F8320001F1200501F1350491F83470C7
:10CF4000012F07D091F82D7037B191F933701FB1CF
:10CF50000127D0E70227CEE7F8BD00BFEDD50100DD
:10CF6000F8B546680D460F213088F4F7F9F890F8C7
:10CF70002E300446DB073AD56F7810F015FB3840A9
:10CF800035D0AA7895F9037002F0030295F90450A0
:10CF900094F8341001F0FF0379B9214640FA03FCFC
:10CFA000013302311CF0010F1CBFCD778A77042BAF
:10CFB000F4D184F8337084F8320094F82D30B3B192
:10CFC000AFB133880B49A4F83F30002384F8420006
:10CFD00004F1350084F83E30012384F8457084F86C
:10CFE000435084F8442084F841300FF06FFA002059
:10CFF000F8BD00BFEDD5010070B50D460F21064606
:10D00000F4F772F8044620B940F2A621AC20F3F7F9
:10D010002BFC7022002111F03FFC7F232946204683
:10D0200084F8213084F8233084F8253084F82730C0
:10D03000A4F86E6010F026FB4FF0FF330022A362CD
:10D04000024BA3600023C4E9002370BD00E0FCFF95
:10D0500008B5FDF7EDFBFCF781F8FDF7F1FB024B9E
:10D0600000221A7008BD00BF001600200138C0B2AF
:10D07000032808B504D940F2EB21AC20F3F7F4FB08
:10D08000014B185C08BD00BF735304002DE9F34148
:10D09000D0F8048007460E4698F88D302D2B54D1D9
:10D0A0000F21B8F80000F4F75BF8044690F832005E
:10D0B00010F087FA737804EB4002054603F003038F
:10D0C00082F82030B37884F83330F37882F8213056
:10D0D0002318327983F828201D4B197831B35B78F7
:10D0E0009A4223D9FF2A21D0D11A090604F1180146
:10D0F00054BF9B1A80230246404658BFDBB28DF8CE
:10D1000007300DF1070310F0A5FB9DF907306BB157
:10D11000022284F8312084F8303001230022214695
:10D12000AB40104684F82F30FFF7D2FE0122214693
:10D130000020FFF7CDFE002584F8345038460FF06C
:10D14000ECFB284602B0BDE8F0810120FAE700BF01
:10D1500000160020012808D8054B10B918700020CF
:10D160007047012259701A70F9E71220704700BF0A
:10D1700000160020074B93F900301844142804DCF3
:10D1800010F17F0F03DB40B27047142070476FF03F
:10D190007E007047021600207F2307B50DF10700BF
:10D1A0008DF8073000F0B6FF03469DF9070053B134
:10D1B000094B5B785B425BB21844142806DC10F123
:10D1C0007F0F05DB40B203B05DF804FB1420FAE7E3
:10D1D0006FF07E00F7E700BF02160020014B1870C9
:10D1E0005970704702160020024B00221A705A70C4
:10D1F000704700BF02160020014B93F900007047F2
:10D2000002160020014B93F901007047021600201E
:10D21000014B1870704700BF04160020064BD3F86E
:10D22000000138B1D3F8040120B1D3F80801B0FAF5
:10D2300080F04009704700BF00600450034B00229B
:10D240001A705A7010229A70704700BF081600209A
:10D25000F8B50646022014460D4600F0E1F8114BE1
:10D26000114A01275C60191D9A6002F18072033433
:10D270002D011F70DC601D83C3E9042600222433C6
:10D2800003F80A2C0D2203F8092C084AC2F83015BD
:10D29000074903C983E80300C2F80875C2F83835A6
:10D2A000F8BD00BF081600200300000B006004500A
:10D2B0007853040008B5022000F0B2F80D4B0122AB
:10D2C0001A7000220C4BC3F80021C3F80421C3F8E4
:10D2D00008210A4AC3F8802003F57433C3F88C2070
:10D2E000A3F58023C3F88C21A3F580530822C3F84B
:10D2F000042508BD081600200060045003000080CB
:10D30000154A08B51378FBB100231449C1F88030E1
:10D3100001F57431C1F88C30A1F58021C1F88C3150
:10D3200008210F4BC3F80815FFF778FF88B10123D8
:10D330005370938EFF2B03D9BC213B20F3F794FA53
:10D34000DBB29370002313700020BDE8084000F0AA
:10D3500067B810235070F4E70816002000600450EE
:10D360000020045008B5022000F05AF80121064BB5
:10D3700000221970054BC3F80021C3F80421C3F83B
:10D380000821196008BD00BF081600200060045085
:10D39000094B1A7862B1094BD3F8002152B1D3F886
:10D3A000040140B1D3F80801B0FA80F04009704799
:10D3B000587870470220704708160020006004501B
:10D3C000064A08B513782BB1FFF728FF20B192F871
:10D3D000340008BD9078FCE71020FAE7081600201A
:10D3E00038B5084C0025D4F80035032B04BF0123C1
:10D3F0006360C4F80055C4F8005501F02DFAC4F874
:10D40000805038BD00600450044B4022C3F888208F
:10D41000BFF34F8FBFF36F8FFFF7E2BF00E100E074
:10D4200010B50446FFF7DCFF012C06D0022C09D012
:10D430003CB18C213D20F3F717FA074B0222C3F8C9
:10D44000002510BD044B0322C3F8002502F1004261
:10D45000C3F88020F5E700BF00600450024BD3F80A
:10D46000A00300F00100704700C0FF00084BD3F894
:10D47000A423D3F8A833511C9BB203D14FF6FF71FC
:10D480008B4203D0026083800120704700207047E8
:10D4900000C0FF000B4B30B5D3F89053D3F8944342
:10D4A000D3F89813D3F89C2305EA04030B401340E8
:10D4B000013317BF05600020446081601CBFC2605B
:10D4C000012030BD00C0FF000B4B30B5D3F88053B6
:10D4D000D3F88443D3F88813D3F88C2305EA0403E4
:10D4E0000B401340013317BF05600020446081608A
:10D4F0001CBFC260012030BD00C0FF00074B0022EE
:10D50000C3F80022C3F81822C3F82022C3F80C2263
:10D51000C3F81422C3F81C22704700BF00A00850B3
:10D5200010B50D4C01F03F01D4F8203E41F40C3110
:10D5300023F4702341F4207143EA0243074AC4F8FC
:10D54000203ED36823F003031843D060C4F8000DD5
:10D55000C4F8101D10BD00BF00A0085040160020E8
:10D56000064B10B50024C3F87043224621462046DE
:10D57000FFF7D6FF024B83F8444010BD00A00850CF
:10D5800040160020EFF3108272B60D4B93F8451051
:10D5900021B15B78012B04D0022B0ED002B962B608
:10D5A000704710F0040FF9D1064B0021C3F8401565
:10D5B00003F5A04301211961F0E710F0020FF2E733
:10D5C000401600200050085008B5104B1874013860
:10D5D0000F4B072815D8DFE800F004080A0C140EDA
:10D5E00010120322C3F8002508BD0422FAE7062220
:10D5F000F8E70522F6E70022F4E70122F2E70F221E
:10D60000F0E740F641713E20F3F72EF94016002076
:10D6100000A00850002814BF0223042307B58DF88A
:10D62000043000238DF8063010F0A6FD01284FF0DD
:10D63000FF3088BF00208DF8050001A808F0FEFB30
:10D6400020B140F6DD413E20F3F70EF908F00EFC64
:10D6500058B15723ADF80230BDF802309BB25A1EC4
:10D6600092B2ADF80220002BF6D1034B012283F8D1
:10D67000452003B05DF804FB4016002070B5144D42
:10D680000346084695F8256026B940F634213E2029
:10D69000F3F7EAF86BB9012E2C6A95F8241005D13E
:10D6A00000F030FF2044AB69C01A70BD10F05DFB84
:10D6B000F8E7012B0AD1012E2C6A95F8241002D12B
:10D6C00000F00AFFEEE710F05BFBEBE70020EAE773
:10D6D00040160020124B93F83100F8B193F8302037
:10D6E000EAB193F832200F4B52B10F4AC3F8082128
:10D6F000A3F5A043D3F84001B0FA80F04009704789
:10D70000D3F8002442F00102C3F80024D3F8200526
:10D7100000F0F600023818BF012070470120704762
:10D720004016002000A008500B00008007B50B4AEF
:10D7300001AB92F9112001F055FD9DF8050006F0AE
:10D7400005F820B140F2B1713E20F3F78DF89DF954
:10D75000040000F05DFE03B05DF804FB40160020FD
:10D7600008B5134BDB8A952B21D970B9114B2831A1
:10D770001846D960104905F0D1FF0130012816D9AB
:10D7800040F6BE013E20F3F76FF801280CD1094B9B
:10D7900029311846D960084905F0C6FF0130012833
:10D7A00005D940F6C801EDE740F6CC01EAE708BD2F
:10D7B00040160020A40000208053040008B50E4B42
:10D7C000DA8A952A16D95B78012B09D105F0B2FFC8
:10D7D000013001280ED940F684213E20F3F744F8A9
:10D7E000022B07D105F0ACFF0130012802D940F629
:10D7F0008A21F2E708BD00BF401600200A4B40F422
:10D8000009000A4A9B8A40F04000B3F5166F36BF04
:10D81000A3F63813A3F5166343F48073C2F80837F0
:10D82000C2F84005704700BF4016002000A0085015
:10D8300010B50C46FFF7C8FE2046FFF7DFFF0D4B83
:10D84000D3F8002442F01002C3F800240A4A127CE4
:10D85000082A0BBF4FF4817240F20312C3F8442E22
:10D86000C3F8442E14BF40F25B62044AC3F8482E4A
:10D8700010BD00BF00A0085040160020211001007C
:10D8800007B50DF1070008F0E5FA20B14FF4526139
:10D890003E20F2F7E9FF0D4A9DF807305278012A41
:10D8A00004D0022A0ED003B05DF804FB13F0040F7D
:10D8B000F9D1074B0022C3F8402503F5A04301220C
:10D8C0001A61F0E713F0020FF2E700BF40160020E4
:10D8D0000050085038B50C460546FFF775FE204647
:10D8E0002146FFF78BFF2846FFF720FF094B1B7CE3
:10D8F000082B094B0BBF4FF4817240F20312C3F89F
:10D90000442EC3F8442E14BF40F25B62034AC3F8AE
:10D91000482E38BD4016002000A0085021100100FC
:10D920002DE9F04106460C461746FFF773FE10F04E
:10D9300064FB0028FBD03B4D002E41D14FF0010885
:10D9400095F8303085F801803BBBA97C3846FFF75D
:10D95000C1FF95F8323023B3334BC3F80080334B0B
:10D960004FF47A7233F8173003F5FA73B3FBF2F31E
:10D97000E41AA96901272E4B214485F830702D4DFA
:10D98000C5F84015C5F8C031FFF7A4FE04460028CD
:10D990003DD100242046BDE8F08195F83230002BBF
:10D9A000DDD1254B4FF47A7253F8273003F5FA7323
:10D9B000B3FBF2F31E4AE41A1B4BC3F80021D8E76D
:10D9C000012E1FD102236B7095F8303083B9A97CEA
:10D9D0003846FFF72DFF95F832306BB1124B5E6081
:10D9E000114AD2F8003443F01003C2F80034C0E703
:10D9F00095F83230002BF3D10B4B293C0C4AC3F87D
:10DA00000421B6E74FF41B613E20F2F72DFFEF64CF
:10DA1000D5F84C358B42BCDA3046FFF7A1FEFFF754
:10DA20002FFFB7E74016002000A008504C54040018
:10DA30000B000080005008502854040048220021A8
:10DA4000014810F029BF00BF40160020014BD882CA
:10DA5000704700BF40160020024B012283F832209D
:10DA6000704700BF40160020024B0344187D00F5AC
:10DA70001660704780530400014B93F824007047F0
:10DA8000401600200B4B0C4A93F82410D3E90730C2
:10DA900002EB8102C01AD36B126D1844074B53F886
:10DAA000213003F2E7339B1A4FF47A72B3FBF2F39F
:10DAB000184470474016002080530400145404009A
:10DAC000024B186A9B69C01A704700BF40160020BD
:10DAD0000A4B93F82420D3E90630C01A084B03EB15
:10DAE0008203DB6BC01A074B53F822304FF47A7273
:10DAF00003F2F313B3FBF2F3C01A70474016002091
:10DB0000805304001454040013B510F031FB084B8B
:10DB10009C691A6C001B009261EBE471D3E90E233F
:10DB200010F067FA0146FFF7D3FF401A02B010BDAC
:10DB300040160020FF2810B504D940F20D313E20D8
:10DB4000F2F792FE013907292AD8DFE801F02C31DB
:10DB50000404292C2C220024032201214FF0C74366
:10DB6000234340EA024043EA015340F0007043EA95
:10DB70000123134943F00803C1F8203EC1F8280EE1
:10DB8000D1F8203503F0F703032B17D140F297317A
:10DB9000D5E700224FF080644FF000731146DFE7B5
:10DBA00040F27D31CBE70024032201212346D7E751
:10DBB0000024032201214FF08073D1E710BD00BF84
:10DBC00000A0085008B50A4603460C490C48C1F8A5
:10DBD00070031878032804D04FF47B713E20F2F7CD
:10DBE00043FE012A59780CBF08220022FFF798FC57
:10DBF000044B012283F8442008BD00BF00A0085058
:10DC00000600008040160020F8B52A4E4FF48067C9
:10DC1000C6F89070BFF34F8FBFF36F8F10F0E7F926
:10DC20000546254C10F0A4FA0121401B234DA061AC
:10DC3000C5F8A410FFF762FC0323C5F8401E217449
:10DC4000C5F800354FF40023C5F800341C4B187C90
:10DC500005F08EFD08F042F81A4B1B4AC5F8383320
:10DC60001A4BC3F8C820013AC3F8C42040F6FE722C
:10DC7000174BC5F81433174BC3F80425002396221D
:10DC8000A3842362238684F83230E282D5F8002D03
:10DC900084F844304FF48073E260C6F89071C5F8A0
:10DCA0008834A36C376103B19847BDE8F84005F0AC
:10DCB00029BD00BF00E100E04016002000A0085090
:10DCC000A4000020030000800600008000500850DF
:10DCD0000100008000200850014B5874704700BFBD
:10DCE00040160020020E034B0002C3F8342EC3F886
:10DCF0002C0E704700A00850044B054A0344907452
:10DD00001B7D03F516639382704700BF80530400A8
:10DD100040160020F8B52F4C06460F4694F83130D7
:10DD200023B940F606113E20F2F79EFDFFF772FC84
:10DD30000123294A84F83030D2F8003443F001033B
:10DD4000C2F80034002384F8323010F056F900286D
:10DD5000FBD03EBB0123A17C38466370FFF7BAFDC0
:10DD60006378012B02D040F61F11DCE71B4AD36415
:10DD700002F5A0421360194B3046D3F84C552946A2
:10DD8000FFF7EEFCFFF77CFDA369ED1AF6B9144B23
:10DD90004FF47A7253F8273003F5FA73B3FBF2F3BA
:10DDA0005819F8BD012EE6D10223A17C38466370D4
:10DDB000FFF73EFD6378022B02D040F62811B2E750
:10DDC000064BDE6403F5A0435E60D4E705F129004D
:10DDD000E7E700BF4016002000A0085000500850A0
:10DDE0002854040008B5FFF79BFD58B9064B0122E3
:10DDF000C3F8400503F5A04302201A61BDE80840BE
:10DE0000FBF7D0BC08BD00BF0050085073B5294BCC
:10DE10004FF48061284A4FF0FF30D3F88854C3F89C
:10DE20009004C2F890114FF40022244C05F4807540
:10DE3000C3F8002400222249228684F83220C1F847
:10DE40004025C3F80821C3F80021C3F80421D3F802
:10DE50002015C9B2D1B18DF80700C3F820220122E4
:10DE60001A619DF8072012B1D3F820223AB19DF82B
:10DE700007305BB940F672213E20F2F7F5FC9DF8C1
:10DE80000720013AD2B28DF80720EAE7FFF796FCA7
:10DE9000084E0023C6F82032238094F844300BB19A
:10DEA000FFF75EFB1DB14FF48073C6F8883402B0F3
:10DEB00070BD00BF00A0085000E100E04016002047
:10DEC00000500850F8B50022304B314FC3F84825B8
:10DED000C3F84425C3F84025C3F84C25FFF796FF47
:10DEE00005F016FC97F845304BB107F0ADFF20B1B7
:10DEF00040F241613E20F2F7B7FC87F84500002070
:10DF000007F0AEFF044610B140F24461F2E71F4D46
:10DF1000204EC5F8C401C6F80801C6F80001C6F8CD
:10DF20000401C5F8C800C5F8C400C6F80401C6F865
:10DF3000000107F0EBFE184B40F6FE72C6F83843BE
:10DF4000C6F81443C5F8C041C3F808254FF48062F1
:10DF5000124B3C71C7E90744C5F84845C5F844452C
:10DF6000C5F84045C5F84C45C5F84841C5F8444199
:10DF7000C5F84041C5F84C41C3F89020BFF34F8F1E
:10DF8000BFF36F8FC3F89021F8BD00BF0050085059
:10DF90004016002000A008500020085000E100E0DA
:10DFA000014BC3F84C0E704700A0085038B504462A
:10DFB000074807F055FF20B140F6DB213E20F2F77D
:10DFC00053FC044D94E80F0085E80F0038BD00BFF6
:10DFD00085D500008C1600200A490B4B10B5012492
:10DFE000C1F8D00ED86283F83140FFF773FB40B917
:10DFF000064BC3F8400503200C61BDE81040FBF759
:10E00000D1BB10BD00A008504016002000500850A1
:10E01000084B012210B5C3F8D00E074B83F831200E
:10E02000D862FFF757FB044608B9FFF7EFFE20461A
:10E0300010BD00BF00A0085040160020144B9A6984
:10E0400010441A6A824210B5124C09D30220FBF721
:10E05000A9FB00230122C4F840350F4B1A610DE0E3
:10E06000012298601A716264D4F844350533834202
:10E0700005D3094BD3F80C120029EFD010BD0023B3
:10E08000C4F84431054BC4F84405C4F8C431F5E77D
:10E09000401600200050085000A0085009000080E1
:10E0A00038B50D4C0222034694F825502271012DFB
:10E0B00094F82410227CE08A0BD100F031FA074A50
:10E0C0000023A060C2F84431236A0344C2F84435F7
:10E0D00038BD00F03FFAF2E740160020005008502B
:10E0E000044BC3F8940ED3F8002442F04002C3F866
:10E0F0000024704700A00850054BD3F8002422F0FC
:10E100004002C3F800240022C3F8942E704700BFD9
:10E1100000A00850044BD3F8183703F07F035B428C
:10E1200003700120704700BF00A00850021E114B71
:10E1300014BF0220012010B5187093F832009970B6
:10E1400068B1187C884204D040F655413E20F2F771
:10E150008BFB012A0849094C02D1C1F8044110BDCA
:10E16000C1F80041002AFAD1997CBDE81040FFF7C0
:10E17000DDBA00BF4016002000A008500700008054
:10E18000054B0022C3F84025044AD2F82035DBB203
:10E190000BB10123136170470050085000A00850D4
:10E1A000044B30B5D3E90E451B6CC0E900450B604C
:10E1B00030BD00BF401600202DE9F0410FF011FFE7
:10E1C000794C7A4D0123C4E90E01EB64D5F84C3546
:10E1D0002364FFF7F3FA764B0022C3F80821C3F853
:10E1E0000021C3F80421C3F80421C3F80021D3F8A7
:10E1F000001421F01D01C3F8001484F831202279A5
:10E2000022B1D5F84421003A18BF012261780129D2
:10E210000AD1D3F81852002D3AD1654BD3F82032E9
:10E22000ABB145F0100512E002292FD1604BD3F8B5
:10E230001852D3F80C3E003D18BF0125D8074FEA0D
:10E24000450558BF45F00405E2B145F00105FFF76B
:10E2500055F9E906627803D5012A08BF45F0200583
:10E26000524B022AD3F848152162D3F8443584F87A
:10E270002520E361237C19D163B940F28F213E2030
:10E28000F2F7F2FA15F00B0FE1D1C6E70025C4E76B
:10E290000825DCE7DA1E012A08D8454BD3F81C3ED6
:10E2A00013F0060317D0022B17D10323012726787A
:10E2B00084F82430A6B966702671268684F8326008
:10E2C00094F844300BB1FFF74BF915F0010126D05B
:10E2D000E36C98473AE00423E8E704230027E6E7E5
:10E2E00015F0110810D1013EE18AA27818BF01266D
:10E2F0003046FFF7C3F994F832300146A4F80080A5
:10E300002BB984F8303005E0FFF780FDD8E7274BC4
:10E31000C3F84081A2783046FFF764FDD0E715F0DE
:10E32000020026D0224BD3F81C0E00F0010045EA73
:10E3300080001FB940F004000121C0B2C0F380008A
:10E34000236D80F0010000F0010098476378022BF4
:10E350000DD123795BB1022B144A18D1236AA1682D
:10E360000B44C2F84435114B124AC3F8C421BDE82E
:10E37000F08115F0280F05F0200104D0B1FA81F1E9
:10E38000636D4909E1E7EB06E0D5A36DA1E7012B39
:10E3900002D040F61A6172E7A368216A8B42E0D886
:10E3A00040F61B616BE700BF40160020005008508C
:10E3B00000A0085009000080024B03EB8003D86BDB
:10E3C000704700BF80530400024B03EB8003186DBD
:10E3D000704700BF80530400F8B50D46012347780D
:10E3E0000146437004462846164600F051F9074A94
:10E3F000D2F80431002BFBD0677016B9EB78A3700C
:10E40000AB707B1E58425841F8BD00BF00600450FD
:10E410002E3008B5362854D8DFE800F05053535357
:10E4200053534D53535353535353535353534B53CA
:10E4300053535353585358534953475345534353D6
:10E44000413F3D3B39373533312F2D2B29272523AC
:10E45000215A1C003F231F4AC2F8103708BD33233E
:10E46000F9E72D23F7E72823F5E72323F3E71F2315
:10E47000F1E71B23EFE71823EDE71523EBE7132361
:10E48000E9E71123E7E70F23E5E70D23E3E70B2394
:10E49000E1E70A23DFE70923DDE70823DBE70723BA
:10E4A000D9E70623D7E70523D5E70423D3E70323DA
:10E4B000D1E70123CFE74FF49873CCE74FF488738B
:10E4C000C9E740F20D113F20F2F7CEF90223C2E76F
:10E4D0003923C0E700A008504FF47A73033A584339
:10E4E000012A10B5064C00F2E73034F91110084447
:10E4F000B0FBF3F08CBF02230A23C01A10BD00BF8B
:10E50000005404004FF47A73044A00FB033032F9DC
:10E5100011201044B0FBF3F0704700BF005404001A
:10E5200038B51D460A4B33F9114003EB820305351C
:10E530005B691C444FF47A7304F6B73403FB004460
:10E540001046B4FBF3F42544FFF736FF284438BDEA
:10E550000054040070B5064608461546FFF734FF20
:10E56000094B03EB85035C694FF47A7304F6B73407
:10E5700003FB0644241A2846B4FBF3F4FFF71CFF00
:10E580000530204470BD00BF00540400024B00223F
:10E590001A705A709A7070479C1600202DE9F04747
:10E5A000074601200E4615469DF834409846DDF892
:10E5B00024A09DF83090FEF733FF9DF82C1007F053
:10E5C00003032F4A43EA01430021D47043EA046362
:10E5D0002C4CC4F804352C4BC4F88010C3F88410BC
:10E5E000A3F58023C3F88411A3F580530221C3F857
:10E5F0000815BDF8283031689380F36809BA93FA9A
:10E6000083FCB36818BA7368C4F810C51BBAC4F8A1
:10E610001405C4F818352B0AC4F81C152D069DF8EE
:10E62000206043EA0863DAF804102DBA003E23F0B4
:10E630000043DAF8000009BA18BF0126B9F1020F49
:10E6400000BAC4F8201543EAC673C4F824051BBAFF
:10E65000C4F82835C4F82C550CD80C4B022F13F8ED
:10E660000930C4F848354FF00103537000D11370DE
:10E67000BDE8F0874FF495716C20F2F7F5F800BF14
:10E680009C160020006004500030085060540400C4
:10E690002DE9F84F2E4B04460D465A7822B940F228
:10E6A00041116C20F2F7E0F82A4A03F1080E4F7886
:10E6B00003F1100693F8038003F1380CDFF8A0A0F3
:10E6C0004FF00E09B8F10008DF809F8403F1480B7A
:10E6D00018BF4FF001089D61C3F81CA007EB880725
:10E6E00083F8279092E80300C3E9144A8EE80300F8
:10E6F000D2E9020186E80300E91C0026196283F8CA
:10E700002660D2E90401C3E90A668CE80300611CB3
:10E71000196411495964D2E90601E21C8BE803002F
:10E720009A650121A3F85C7083F85E6083F85F90BE
:10E73000C3E91866AA78A270084AC2F830E5C2F8A0
:10E7400038C599701970C2F804611160BDE8F88F7E
:10E750009C160020645404000100000C006004506A
:10E760000100000D334B5A782DE9F04105460E4665
:10E7700022B940F261116C20F2F776F82E4A03F1CB
:10E78000380C03F1480403F10807DFF8C480DFF810
:10E79000C4E0C3F844801E65C3F854E092E8030067
:10E7A000C3E9085E8CE80300711C1964D2E9080112
:10E7B00084E80300F11C0024996520495C6683F815
:10E7C0002E40C3E91714D2E9040187E80300691C4D
:10E7D000C3E90418D2E90601EA1C03F118089A6299
:10E7E0009A889A850E2288E8030083F82F20012159
:10E7F000C3E90C44B278AA70114AC2F830C5C2F815
:10E80000387599701B780BB9A321B4E70D4BC2F88A
:10E810000441C2F80841C2F880300B4AC2F8843083
:10E82000A2F58022C2F884310222084BC3F80425E5
:10E83000BDE8F0819C16002064540400E803000E3B
:10E840000060045001000080003008500020045097
:10E850000100000C0100000D0C4B1A788AB1002257
:10E860000B490220C1F8802001F57431C1F88420E1
:10E87000A1F58021C1F88421A1F58051C1F80805D6
:10E880001A7000225A709A70704700BF9C160020C0
:10E890000060045008B50B4BD3F8082122B10420C6
:10E8A000FAF780FF022008BDD3F8042122B9052021
:10E8B000FAF778FF0320F6E7D3F80004003818BF12
:10E8C0000120F0E700600450014B01225A607047BC
:10E8D00000600450014B1860704700BF081700200B
:10E8E000164840F62E731649C0F808350023154A1D
:10E8F000C1F8C031C2F80031C1F8C431C2F80431E6
:10E90000C1F8C831C2F80831C1F8CC31C2F81031B1
:10E91000C1F8D031C1F8D431C2F8A031C2F8BC334B
:10E92000C1F88C30C1F8C430C2F85833C2F8143181
:10E930004FF47C73C0F8083507F0E8B900200850A0
:10E940000050085000A00850024B0022C3F80024D9
:10E95000704700BF00A00850034BD3F820020038D6
:10E9600018BF0120704700BF00A00850024B0022D2
:10E97000C3F82022704700BF00A00850024B0022BD
:10E98000C3F8BC22704700BF00A00850034BD3F867
:10E99000BC02003818BF0120704700BF00A008501B
:10E9A000024B0022C3F81C22704700BF00A0085091
:10E9B000034BD3F81C02003818BF0120704700BF7A
:10E9C00000A00850034B01225A600022C3F8002225
:10E9D000704700BF0050085000F5A870014B43F885
:10E9E0002010704700500850034B80001858003822
:10E9F00018BF0120704700BF405108508000024BF3
:10EA000000221A50704700BF40510850024B4FF48B
:10EA10008002C3F80423704700500850024B4FF4A3
:10EA20008002C3F80823704700500850024B0022B0
:10EA3000C3F8C822704700BF00A00850024B002254
:10EA4000C3F80422704700BF00A00850024B022206
:10EA5000C3F88824704700BF00A00850024B022270
:10EA6000C3F89024704700BF00A00850034BD3F8B0
:10EA70000402003818BF0120704700BF00A00850F2
:10EA8000024B0022C3F80822704700BF00A00850C4
:10EA9000024B0422C3F88824704700BF00A008502E
:10EAA000024B0422C3F89024704700BF00A0085016
:10EAB000034BD3F80802003818BF0120704700BF8D
:10EAC00000A00850034BD3F8C802003818BF01203B
:10EAD000704700BF00A00850012804D1094B032251
:10EAE000C3F800257047022802D1064B0422F7E73D
:10EAF000082806D1034B0422C3F800250322C3F8DB
:10EB00001028704700A008500230024BC3F80807D5
:10EB1000704700BF00A00850064B020E0002C3F869
:10EB2000342E0A0E0902C3F82C0EC3F8382EC3F88F
:10EB3000301E704700A008500138074B074A18BF25
:10EB4000012043EA0123000640F48020C2F8200E91
:10EB5000C2F8283E704700BF1000030000A0085014
:10EB6000014BC3F8D00E704700A00850034BD3F8F8
:10EB7000180700F07F004042704700BF00A0085017
:10EB8000014B01221A61704700A00850024B034A52
:10EB9000C3F80421704700BF00A00850080000809F
:10EBA000024B034AC3F80421704700BF00A008507D
:10EBB0000200008008B50FF0FAF8014B185C08BDA0
:10EBC000CEEB010008B50FF0F2F8024B034493F8C6
:10EBD0002B0008BDCEEB0100084AD2F8D43723F051
:10EBE000875323F4F013C2F8D437D2F8D43743EA6A
:10EBF000404343F08053C2F8D437704700A0085018
:10EC00001C4B0022C3F8202201221A61D3F82022D3
:10EC1000002AFBD0002240F22141C3F82022C3F891
:10EC2000181501F1004101F5911101F6A241C3F857
:10EC3000D4171149C3F80428C3F80819D3F8401BA6
:10EC400021F0FF01C3F8401BD3F8401B41F09001B5
:10EC5000C3F8401B0221C3F810180121C3F8A41007
:10EC6000C3F84825C3F85425C3F85025C3F85825E0
:10EC7000704700BF00A0085005008010024A136DC5
:10EC800023F001031365704700B00850024A136D6A
:10EC900043F001031365704700B00850064B1A6D2E
:10ECA00042F001021A6502221A609C225A6041F663
:10ECB0004222DA61704700BF00B0085008B5134B1C
:10ECC0002629186D40F0010018654FF00300186008
:10ECD0004FEA4100586015D008D808290AD01229F7
:10ECE0000DD040F295418920F1F7BEFDA229F8D15F
:10ECF000002101E04FF6FF71D9619A6108BD47F22A
:10ED0000C711F9E743F2E551F6E700BF00B008503C
:10ED10000128034B16BF032298639A63704700BF14
:10ED200000B00850014B01229A63704700B00850B0
:10ED3000014B586A80B2704700B00850014B586AC6
:10ED4000000C704700B00850024B1B6A1A0C0A8076
:10ED50000380704700B00850064B586B7D230001BC
:10ED600000B20028B8BF0F300011584300EBD0703C
:10ED70004010704700B0085008B50E4BDA6AFFF734
:10ED8000EBFF0028C2F30B12B8BF4042122A05D88D
:10ED900043F69823984203DC002007E0162A06D8A1
:10EDA00047F230539842D4BF0120022008BD022010
:10EDB000FCE700BF00B0085001F662114BF6BC63DF
:10EDC00048430028CBBF00F5BE42A0F5BE425E32EC
:10EDD0005E3ACCBFB2FBF3F392FBF3F3064AC3F304
:10EDE0000C01C2F80418054A02FB0300642390FBDF
:10EDF000F3F000B2704700BF00A008504441FFFF8D
:10EE0000024B4FF40042C3F88C24704700A0085016
:10EE1000024B4FF40042C3F89424704700A00850FE
:10EE2000024B4FF48072C3F88824704700A008504A
:10EE3000024B4FF48072C3F89024704700A0085032
:10EE4000024B8022C3F88824704700BF00A00850FE
:10EE5000024B8022C3F89024704700BF00A00850E6
:10EE6000034B4FF480220120C3F88C24704700BF6D
:10EE700000A00850024B4FF48022C3F8942470473E
:10EE800000A00850054B4FF0FF32C3F890244FF418
:10EE90008062034BC3F890211A61704700A00850AC
:10EEA00000E100E0084B4FF0FF32C3F890244FF42C
:10EEB0008062064BC3F89020BFF34F8FBFF36F8F74
:10EEC000C3F89021704700BF00A0085000E100E0A7
:10EED000024B1879003818BF01207047081700202E
:10EEE00010B50C4CD4F8483543F00703C4F8483546
:10EEF0000123C4F8503500F0FE03C4F8541503EBA9
:10EF000050030933012A08BF0133DBB2C4F8583576
:10EF100010BD00BF00A00850014B01229A6370474A
:10EF200000A00850024B034AC3F80829704700BFED
:10EF300000A008500500901000384FEA8203094AEB
:10EF400018BF0120012903F0780314BF40214FF4BA
:10EF5000807143EA012343EA800343F0020313650F
:10EF6000704700BF00B008502DE9F047474D4FF003
:10EF7000010A17460C46C5F8A4A0984681460EF033
:10EF8000E1FE04230021C5F840AE2046C5F83C3E12
:10EF90000E46FFF7D1FD4FF480734846C5F8443E56
:10EFA000C5F8481E514604F06DFC04F05BFC3A467F
:10EFB00080B2C5F810074046C5F81865C5F800646A
:10EFC0000899FFF78DFF424621463846FFF7B4FF08
:10EFD0002F4C06F083FE2F4A4FF47C730127C2F8B2
:10EFE00004352D4BC4F8C031C5F800310133C4F8E5
:10EFF000C431C5F804310133C4F8C831C5F808314B
:10F000000633C4F8CC31C5F810310133C4F8D0311F
:10F01000C4F8D431C5F8A031053BC5F8BC3306337C
:10F02000C5F85833C5F8143140F62E73C2F80435CC
:10F030002022D4F8043523F00303C4F804356760B4
:10F04000D4F8083543F00303C4F808354FF0FF3314
:10F05000C4F81065E760C4F80833104BC4F8406585
:10F06000C4F84465C4F84865C4F84C65C4F85065F4
:10F07000C4F85465C4F858651A610EF0B2FF05462D
:10F0800027600FF075F8281ABDE8F08700A0085037
:10F0900000500850002008500100008000E100E00E
:10F0A000064BD3F8402B22F0FF02C3F8402BD3F8D5
:10F0B000402B42F08802C3F8402B704700A0085054
:10F0C000032912D902680729084B12BA5A650CD9CC
:10F0D00042680B2912BA9A6507D982680F2912BAB9
:10F0E000DA6582BFC26812BA1A66704700B008506B
:10F0F000034BD3F8C002003818BF0120704700BF8F
:10F1000000A00850024B0022C3F8C022704700BF85
:10F1100000A00850024BD3F8000BC0F3003070473A
:10F1200000A00850024B1B6803B11847704700BF8E
:10F1300008170020014B5871FFF7F4BF0817002093
:10F14000024B1868003818BF0120704708170020CC
:10F15000014B5879FFF7E6BF08170020014B5861B3
:10F16000704700BF00B00850014B00225A61704741
:10F1700000B0085038B5194B0C46054611461B7EA9
:10F1800033B1174B1B681BB12046984743001BB295
:10F19000012C9BB207D11DB903F5F3500C3007E0E9
:10F1A00003F5F750FAE7022C08D11DB903F6EE700B
:10F1B00080B238BD03F583500830F9E7082C07D139
:10F1C00015B903F58050E9E703F584500630EFE701
:10F1D00040F26921B620F1F747FB00BF101700206D
:10F1E000EC1F00202DE9F04F254C85B005469846D0
:10F1F0000F46164604F0FAFA23788146AB4211D145
:10F200006378BB420ED194F90230B3420AD1E3785D
:10F21000834207D1A388A8F8003094F9060005B00E
:10F22000BDE8F08F082D1CD18DF80F6028469DF9A0
:10F230000FB00EF0D3FD82463846FEF715FC0022D3
:10F240000346414600925846524604F085FAB8F803
:10F250000030A071A38025706770A67084F80390B9
:10F26000DBE728460EF0BAFD0DF10F0332463946B2
:10F2700004F0C2FA0028D9D04121A920F1F7F4FA0C
:10F28000BA000020014B1860998070472C170020AD
:10F29000024BD86019745A82704700BF581700207B
:10F2A0002DE9F843089D1C4606461B884078174602
:10F2B0008846E854238801339BB223803078E85491
:10F2C000B4F8009009F101091FFA89F9A4F8009037
:10F2D00070780EF09AFD05F80900238801339BB27F
:10F2E00023807278032A00F2D180DFE802F0022E38
:10F2F000507DB279EA54238801339BB22380F2799E
:10F30000EA54238801339BB22380327AEA54B8F15D
:10F31000000F39D122885F49013292B22280B6F9BA
:10F3200004308B42B8BF0B4642F210718B42A8BF2B
:10F330000B46C3F30E03AB541B0A22882A445370B6
:10F34000238802332380BDE8F883B279EA54238806
:10F3500001339BB22380F279EA54238801339BB2B4
:10F360002380327AEA54238801339BB22380B28807
:10F37000EA54238896F905202B445A7023880233D7
:10F380009BB22380727AEA5423880133DAE7327918
:10F39000EA540022238801339BB2238006EB8201CA
:10F3A000013248799742E854238888792B44587071
:10F3B0002388C8792B449870238803F103039BB2F8
:10F3C0002380087AC0F30300E8540B7A208803F006
:10F3D000F003295C43EA01032B54238803F1010362
:10F3E0009BB22380DADAAEE7B279EA54238801339C
:10F3F0009BB22380F279EA54238801339BB22380A5
:10F40000327AEA54238801339BB22380B288EA54CB
:10F41000238896F905202B445A70238802339BB227
:10F420002380727AEA54238801339BB22380B27A14
:10F43000EA540022238801339BB2238006EB820129
:10F440000132C87A9742E854238888892B4458703F
:10F4500088892388C0F30F202B449870238803F1F8
:10F4600003039BB22380887BC0F30300E8548B7BAB
:10F47000208803F0F003295C43EA01032B5423881E
:10F4800003F101039BB22380D8DA5CE7CA2187200D
:10F49000F1F7EAF9F0D8FFFF2DE9F04F002387B02C
:10F4A00004460D46174690F8978200F2B226DFF820
:10F4B000B490ADF81630B4F8A232FF2B07D899F803
:10F4C000000003FB006042780AB9827822B904F296
:10F4D000B229DFF890A02BE0D4F8D4304246D97C92
:10F4E0000DF116030097FFF7DBFEB4F8A2320133EB
:10F4F000A4F8A232DFE7D4F8D4304246D97C039195
:10F500000EF083FCCBF1FF0303305B1B00B21BB298
:10F5100083421ADB0DF116034246039930460097E9
:10F52000FFF7BEFEB4F8A23201339BB2A4F8A232B8
:10F53000FF2BBDF816B008D89AF8006003FB0696BA
:10F54000707810B1B378002BD5D15D44FF2D04DD68
:10F5500040F205118720F1F787F9584607B0BDE85A
:10F56000F08F00BFB00D00202DE9F3470C46054693
:10F5700020B940F2C9118720F1F776F90D21DFF8A3
:10F58000C881F1F747FE0D21F1F7EAFD98F8002058
:10F5900000F2B227B0F8A23206460D2102FB037337
:10F5A00093F80190B9F1000F40F08580F1F732FE39
:10F5B000D6F8D430A4F803005A7F6271DA7A012AAF
:10F5C00014BF96F897124946012A21746989E1808F
:10F5D000A989218103D19A7C013A012A35D895F96C
:10F5E0000E202273DB7C93BBB5F91030544A934252
:10F5F000B8BF134642F210729342A8BF1346C3F33A
:10F600000E0304F11202102163813046B6F8A2A263
:10F61000FFF742FFB6F8A212A1EB0A036374AA7CBB
:10F620000F2A2ED8B1F5807F05D098F8003001FB65
:10F630000373597869B900231107A37335D00F23D9
:10F640006373002395F812900EE07F22C9E73D4BCB
:10F65000D7E79B7813B940F22D118CE70123A373F0
:10F660006373A27B0F2AEDD01030332284F80F9001
:10F67000C0B260700420227040EA032002B0BDE8EE
:10F68000F0873F2A4FEA121304D8012B04D84FF415
:10F69000AE7170E70F2BFAD1EB7C5344A6F8A2327F
:10F6A0000F23A373AA7C1207CAD12B7D83F0010319
:10F6B00063730023D5E7F1F7ADFDD6F8D430A4F895
:10F6C000030009215A7F3046627104F10B02DB7A94
:10F6D000012B14BF96F8973200236372B6F8A292FA
:10F6E000FFF7DAFEB6F8A232A3EB0909B3F5807F83
:10F6F00084F80A9005D098F8002003FB02777B7805
:10F70000BBB9AA7C002312F00F01E37109D12A7D55
:10F710000B4682F00102A271E2790F2A03D0002287
:10F7200002E00F22A271AA7C093022723422C0B2F8
:10F730009FE7BB78002B8ED001221346E271EAE7E7
:10F74000F0D8FFFF00C0FFFFB00D00202DE9F84FFB
:10F7500000F51576D0F8D43004460D46D87A3146F7
:10F7600003F0D0F9D4F8D43031468046D87B03F08A
:10F77000C9F9D4F8D4C094F8A03281469CF80E2080
:10F780009CF810709A42DFF820A128BF1A462B88F7
:10F790009AF80010F818FF2826DD01FB0344002228
:10F7A000FF2B02D90220BDE8F88F013384F8B32281
:10F7B0000C449BB2F4E7B4F85402013306442888A1
:10F7C00001FB004B01308BF8B3E22880D8B28742AE
:10F7D000F1D80020C3B293420AD317444FF0FE0B76
:10F7E0009F2F20D90020DEE700231E469E46EDE72E
:10F7F000D4F850324644C3F31703B34203D2EC218A
:10F800008820F1F731F82B8801309CF80BB001FB10
:10F81000034E01339BB28EF8B3B2B3F5807F2B80D9
:10F82000D8D10120BFE7D4F8503294F85C02C3F37A
:10F830001703C0B94E449E42B5D89AF8002084F808
:10F840005CB22B8802FB0343D4F8D420D27B83F82C
:10F85000B3222B8801339BB2B3F5807F2B80E0D09D
:10F860000137BFB2BCE746449E42BBD8D4F8D4C0EF
:10F870009CF80F30FF2B0DD0FE2808D104F1DA03DD
:10F880002A889CF80D109CF80C0002F041FA01380F
:10F8900084F85C029AF800202B8802FB0343D4F81A
:10F8A000D420D27AD3E700BFB00D002038B500F5E0
:10F8B0002975044628460CF00FFE48B9B4F86432A6
:10F8C00028460449A4F8AE32BDE838400CF0F8BD33
:10F8D00038BD00BFDDDE010090F8C53190F8C411DD
:10F8E00099420BD003F1010C5FFA8CFC034480F8C1
:10F8F000C5C1012093F8C63113707047002390F8FA
:10F90000B01280F8C53129B101394FF0010C80F8EF
:10F91000B012EBE70846704790F87B3190F87A21F7
:10F920009A4207D05A1C0344D2B280F87B2193F844
:10F930007C01704700230122034480F87B2193F867
:10F940007C01704738B5044690F8C53190F8C40181
:10F950001546984208D05A1C2344012084F8C5213A
:10F9600093F8C6312B7038BD94F8B0020028FAD055
:10F97000013804F1DA0284F8B00204F5E27001F013
:10F98000D7FE94F8C531E6E710B590F87B31044610
:10F9900090F87A219A4206D05A1C234484F87B219D
:10F9A00093F87C0110BD00F1DA0200F5BD7001F0A2
:10F9B000D1FD94F87B315A1C234484F87B2193F8C1
:10F9C0007C0110BD5E21A62008B5F0F74DFF00BFF9
:10F9D0002DE9F04F0023054687B000F50670B5F815
:10F9E0001842C5F8C830C5F8C030A5F8CC30C5F805
:10F9F000D03003F0EBFCB5F86032A5F818420DF1F9
:10FA000016012846ADF81630FFF7A0FEB5F86042A3
:10FA1000BDF816800228A8EB04085FFA88F800F009
:10FA2000D980012804D1042385F86232B5F86042F8
:10FA3000D5F8D49099F81430022B00F0C6806D4BA5
:10FA4000DFF8BCA1009399F81030002B00F0CB80B8
:10FA500005F2B226684F334656469A4697F800B0EC
:10FA60002146284604FB0BFBB04701340AF80B0083
:10FA7000B5F86002A4B299F81030844603449C4261
:10FA8000ECDB99F80EA0002295F8A03285F8A022B0
:10FA90009A4528BF9A46431E54449BB2A4B2BAF179
:10FAA000000F1AD0D5F8D41005F2B226524FC97AF9
:10FAB000CDE902800191397803F1FF3B019801FB08
:10FAC00003FE06EB0E0898F8018080453AD0924577
:10FAD0001FFA8BF3EFD8DDE9028008EB0C03A34299
:10FAE00040F3848005F2B226434F12E0009B984712
:10FAF000002858D0D34504D095F8A032013385F8BA
:10FB0000A0320134B5F86032A4B203EB080294428B
:10FB100029DA97F800C0214699F80FA0284604FB7F
:10FB20000CFC06EB0C0292F801B0D345DED1BAF121
:10FB3000010FDBD195F8C5312B4493F8C53106F898
:10FB40000C30DEE7013216F80EE01FFA8BF3D2B26A
:10FB5000A4EB020892451FFA88F801FB08F106F8A9
:10FB600001E0A8D8B7E7E41AE4B295F8C52195F802
:10FB7000C4319A4232D0D5F8D43085F8B0401B7CDD
:10FB8000A3421ED2B5F860321C44A4B2FF2C06D8A2
:10FB9000194A0023127804FB025585F8B33201207C
:10FBA00007B0BDE8F08FB5F86032E31ADCB2042389
:10FBB00085F86232D5F8D43085F8B0401B7CA3427A
:10FBC000E0D3002007B0BDE8F08F0C4BDFF834A085
:10FBD000009338E7002085F8B080F3E795F8B0325D
:10FBE000002BC8D1E3E7A44620464AE7201AC4B256
:10FBF000BBE700BF45F90000B00D0020D9F80000B8
:10FC000089F9000019F90000D0F8D4302DE9F0414D
:10FC100090F8B02084B01B7C9A4271D904464148C8
:10FC200006F01EF9002866D106238DF80E0003A801
:10FC3000ADF80C3006F002F9002866D1D4F8D430C3
:10FC40000121394A5E7CDF7C94F9D95094F87182A5
:10FC5000117003F035FD434600903A463146284680
:10FC6000FFF782F9B0F5D57F0DDB94F8203203223F
:10FC700062F3071384F82032042384F862320020F0
:10FC800004B0BDE8F08140F2A9131B1A5B01C4F86F
:10FC9000BC30FFF7F7F803A806F0DCF8C8BB9DF806
:10FCA0000C3003F00603062B0ED094F8203203220A
:10FCB00062F3071384F8203294F86232042BDED00A
:10FCC000204602F06BFDDAE7204601F039F928B151
:10FCD000012822D1012004B0BDE8F08101F068F9CB
:10FCE0000028FBD00128F5D00228C8D04FF4CE71EF
:10FCF000A620F0F7B9FD4FF4AB71A620F0F7B4FDE4
:10FD00004FF4A971A620F0F7AFFD5521A620F0F71A
:10FD1000ABFD6421A620F0F7A7FD40F28511A620D7
:10FD2000F0F7A2FDC5F900007517002008B501F035
:10FD30003FF90028FBD0012802D0022801D1002081
:10FD400008BD4FF4CE71A620F0F78EFD10B50F4C14
:10FD5000FEF738FEFEF7C4FDFEF752FFFFF7A2F8EC
:10FD6000FFF7F6F923781BB106F06EF828B920707A
:10FD7000002006F075F820B910BD6C21A620F0F720
:10FD800073FD6F21A620F0F76FFD00BF75170020EF
:10FD90002DE9F04390F85D3283B090F85E2204467E
:10FDA00001330D46DBB29A4280F85D3202D804235B
:10FDB00080F86232B4F860220D2194F8B030204609
:10FDC0001344A4F86032F1F725FA0E210746F1F743
:10FDD000C7F9D4F8D4300646B4F860221B7C13442B
:10FDE000FF2B00F3928040F6FF739F4265D0694677
:10FDF00038460BF026FD002840F0B88096F83E31DA
:10FE00004FF0000E94F85D22B6F83A11B6F8508122
:10FE1000B2FBF3FC03FB1C22019B5FFA8CFCD2B209
:10FE2000DF69A2FB012193009B1841EB0E0EDB0062
:10FE30004FEACE0E9B1A6EEB010E4FEA0E1E4EEAF3
:10FE4000137E1B019B18B6F83821B4F8546241EBBD
:10FE50000E0ED4F8D41002FB07F7D4F8C42091F8A2
:10FE60001090C9FB0620ECFB0720D71840F2712345
:10FE70004FF0000903FB08F840EB0E06474576EB10
:10FE8000090342D2C87BFF280BD091F80EC094F82A
:10FE9000A02294F85C32944594BF43EA0C031343C8
:10FEA00003B1C87A04F5157102F02CFEC01946F1B1
:10FEB0000006804579EB060627D394F8B030A4F805
:10FEC0001A5284F8213294F86232DBB294F8662236
:10FED000042BD2B21DD004F5097528460CF0FCFAAB
:10FEE00088B304F23A2528460CF0F6FA50B33023D2
:10FEF00084F82032042384F862321F4904F20E2071
:10FF000003B0BDE8F0430CF0E1BA042384F8623298
:10FF1000D3E7012384F82232002ADCD0D4F8D4209D
:10FF200092F84B20162A04D0282A09D0132A18BF89
:10FF30000F2394F8202263F3030284F82022CAE7F7
:10FF40000323F6E70120162204F5067302FB0044A2
:10FF500007CBC4F82E022846C4F832120649C4F86A
:10FF6000362203B0BDE8F0430CF0A7BA4FF4F271AB
:10FF7000A620F0F779FC00BF69F500002DE9F047F5
:10FF8000DFF81C81154604460F46FEF7F5FE0646CF
:10FF9000D8F80000D0F8D430DA7C012A1ED11B7FBB
:10FFA000E3B1002F58D0FEF7C9FE6378C0F30F10FD
:10FFB000022B00F400623FD0002A5CD1C0F30A009B
:10FFC00006F00F0604EB8505020A002346EA071631
:10FFD000E8722A73AE736B73BDE8F087B0F9CC207A
:10FFE00006F00F06217807F00F0703F047FA637851
:10FFF00020F07F40022B0FD004EB8504C0F30723D1
:020000021000EC
:100000002373A37BE072000C66F30303607367F352
:100010000713A373BDE8F08704EB8505C0F307233E
:10002000AB712B7A6871000C66F30303E87167F318
:1000300007132B72BDE8F08702B340F2FF7006F0A1
:100040000F0604EB8505020A002346EA07166871CD
:10005000AA712E72EB71DDE7FEF76AFE814685B16B
:10006000B8F80430A8F8040008EB4508A0EB030931
:10007000A8F8089097E740F2FF70A1E7C0F30A00E4
:10008000DDE794F800A003F0C1F9C0F12A00A8F858
:10009000049000FB0AFA09EB4A09A8F8089082E7E5
:1000A0007817002070B5174E346894F89A32022BF6
:1000B0000BD0012B94F89B5217D0D4F8B4305A7857
:1000C000022A0CBF1D719D7270BDB4F8CE1004F1F0
:1000D000DA02B4F86032194489B201F095FC84F870
:1000E0009B02346894F89B52E7E7013502F080FCEC
:1000F0003468B5FBF0F303FB1055EDB284F89B5266
:10010000DBE700BF78170020F8B5FEF751FC0028A8
:1001100034D01D4EFEF744FD3268D2F8D43092F848
:1001200071525A7C012A24D0AD0023271A22EDB245
:10013000DC7D02205B7E144431692C443D441C4428
:10014000033401EB44112544FEF746FC31690320DA
:1001500001EB4511FEF740FC0C48FEF701FDFEF7F0
:1001600077FEFEF703FCFEF75BFE094B0120B3624E
:10017000F8BDED0038272C22EDB2D9E740F27351DB
:100180008320F0F771FB00BF781700208C17002048
:10019000D90D010070B51D4E346894F8703223BB40
:1001A00094F8710208B3B4F86032C000B4F8CE100D
:1001B000C5B21944D4F8D430DB7C89B2B3B104F5AC
:1001C000217304F1DA02284601F020FF3268B4F806
:1001D000CE102846B2F8604202F273232144DA328C
:1001E00089B2BDE8704001F011BF70BD04F2732305
:1001F00004F1DA02284601F009FF3268B4F8CE10A3
:100200002846B2F8604202F52173E7E7781700202C
:10021000F8B5294E3568D5F8D420B5F86032147C8D
:100220001C449C4245DD2549D27C91F800C0F2B1C6
:10023000012A39D16FF07F0203FB0C5191F9B912F9
:100240008A4202DA7F2918BF0A4601339BB29C42D8
:10025000F2DC5242D4B22046FEF7ACFC3368C5F85B
:10026000D000D3F8D000FEF7B7FC2046F8BD6FF001
:100270007F0205F2B22E124F0CFB03E090F907103B
:1002800091420CDD7F290AD0B0F9040020B100EBC7
:100290008002520097FBF2F00A46C5F8C80001330D
:1002A0009BB29C42E8DCD4E740F2B2418320F0F7F5
:1002B000DBFA8024CFE700BF78170020B00D0020C4
:1002C00000CA9A3B10B5FEF7D1FBE0B1104CFEF727
:1002D000C5FB0DF06AFD236884F8310093F896326F
:1002E000012B08D90620FEF789FBFEF78FFB094B8F
:1002F0000120A36210BDFEF7C3FBFEF7C9FB064B4E
:100300000120A36210BD40F25D618320F0F7ACFADA
:1003100078170020390B0100E90A010038B5FEF713
:1003200047FB50B3174CFEF793FDFEF739FC022054
:100330002368D3F8D420557CD37D012D527E14BF81
:100340001A212C210B4421691344033301EB43117F
:10035000FEF742FB2846FEF7A1FC04F11400FEF76D
:10036000FFFBFEF70BFBFEF761FBFEF749FDFEF717
:1003700077FD054B0120A36238BD40F2F3218320B5
:10038000F0F772FA78170020990A010030B5314C65
:1003900083B02368D3F86C12D3F8685293F899228B
:1003A00093F89802CDE9005122BB0138C0B2FEF7A4
:1003B000B9FEDDE9003213432CD02368D3F8D430E2
:1003C000DB7C002B38D0012B3ED1DDE90001FEF7AC
:1003D000A3FB01992368009A0029B4BF0A210521D3
:1003E000002A83F87212B4BF0A22052283F88322FE
:1003F00003B030BD93F89622B0FBF2F102FB11007E
:10040000C0B2421C83F89822FEF78CFEDDE9003270
:100410001343D2D1216801AB6A46B1F8CE00DA317C
:10042000B1F886C1604480B201F062FA2368D3F863
:10043000D430DB7C002BC6D1DDE90010FEF76CFB6D
:1004400000992368019AC7E74FF420718320F0F7E1
:100450000BFA00BF781700202DE9F047334CD4F891
:100460000090D9F8D460707C012857D0DFF8C480A0
:100470004FF0200A18251A27FEF72EFBD9F8B430C2
:100480001878FEF741FBF37D2269002002EB43124E
:1004900002EB08014FEA4318FEF79EFA2369022097
:1004A00008EB0301A1EB0A01FEF796FA206800F2BF
:1004B0007220FEF755FBFFF769FFFEF75FFAFEF7C4
:1004C00055FAFEF76DFAFEF7D9FB0D212068F0F71B
:1004D000A1FE0E21F0F744FED9F8B4301B78192B99
:1004E0008CBF053B023BDBB2C056FEF737FEF37D07
:1004F000727E04203B442169053301F508711344E1
:100500002B4401EB4311FEF767FAFEF73FFBFEF7C2
:1005100097FC074B0120A362BDE8F087DFF8188045
:100520004FF0340A2A252C27A6E700BF78170020B1
:100530001D030100C0FAFFFFACFAFFFF2DE9F041F7
:10054000294C2368D3F8D4506E7C012E48D0DFF8B4
:10055000A08020273046FEF7BFFA2368D3F8B430D6
:100560001878FEF7D1FAEB7D226900205D0102EBDD
:10057000431202EB0801FEF72FFAFEF787FB23690F
:100580000220E918C91BFEF727FAFEF7FFFAFFF76A
:10059000FDFE206800F27220FEF7E2FA2368304682
:1005A00093F87112FEF7C8FAFFF7F4FD2568FEF71D
:1005B000B9FCFEF775FD05F5217095F87112FEF78F
:1005C0007FFDFEF79FFDFEF7A7FCFEF7D7F9FEF7CC
:1005D000E7F9FEF735FC054B0120A362BDE8F08189
:1005E000DFF810803427B5E77817002009010100F3
:1005F000C0FAFFFFACFAFFFFF0B51E4F83B0FEF765
:10060000C5F90646FEF774FD0546384650F8144B0A
:1006100094F8712204F2832101320EF016F997F852
:100620002E20B0FA80F30020023A66F307005B093F
:10063000012AD4F8B42065F30F208CBF01210221D8
:1006400063F317405378012B61F31F6007D0032B2E
:1006500005D04BB994F89832137203B0F0BD94F8FA
:100660009832537203B0F0BD4FF40B718320F0F752
:10067000FBF800BF781700202DE9F0415F4D012302
:100680002C68D4F8B4209370B4F8CE30C4F8B820F5
:1006900001339BB2A4F8CE3078BB94F8B0209A42D4
:1006A00026D994F82062FEF713FC0F2E20D8F8B953
:1006B0002968B4F8CE30B1F8600201F2B222D1F864
:1006C000D41003444E489BB2007800FB0323C4F8C7
:1006D000B430CF7C5E78FEF737F9002F55D0012F6C
:1006E0007BD1032E00F28380DFE806F047413B35E3
:1006F00000230220AB62BDE8F0815278032A7BD848
:10070000DFE802F025211D02B4F85A225201D4F884
:10071000C0100A44D4F8D410C4F8C020C87C002803
:1007200031D1097C994205D8D4F8C81011B192FB97
:10073000F1F1521AD4F8BC1011442961ADE7B4F8B4
:1007400058225201E3E7B4F856225201DFE7B4F829
:1007500054225201DBE72B4B1B68BDE8F0415B687C
:100760001847294B1B68BDE8F041DB681847264B4A
:100770001B68BDE8F0419B681847234B1B68BDE828
:10078000F0415B6818472A6187E72D68D4F8B430D8
:10079000B5F91E021978FEF70FFBA5F8CC00032E61
:1007A00020D8DFE806F0140E0802164B1B68BDE8DF
:1007B000F0411B681847154B1B68BDE8F041DB682A
:1007C0001847124B1B68BDE8F0419B6818470F4B58
:1007D0001B68BDE8F0415B68184740F62231832072
:1007E000F0F742F840F605318320F0F73DF840F687
:1007F0001B318320F0F738F8002288E778170020B3
:10080000B00D0020F81F0020F41F0020F01F002072
:1008100070B5FEF757F9002800F0A080544CFEF7A1
:1008200029FB94F82E3094F82C20012B4AD9023B56
:10083000012B00F2988023680221D3F8B400FFF75F
:100840009DFBFEF79DF90120FFF716FF94F830306D
:1008500013B194F83130A3BB2368D3F8B84093F8B0
:1008600097526278A5F10903022ADBB231D0F52B49
:1008700059D8013504F10B034FF0000CEEB2C5F36B
:10088000460519680CF1010C5A68083321F07061B3
:100890005FFA8CFE22F0706241F00071AE4542F0CA
:1008A000007243F8081C43F8042CEAD3F30708D578
:1008B00006F0FE06022204EB8606B37B62F3030316
:1008C000B37370BD23680121D3F8B400FFF756FB62
:1008D000B7E7F52B35D80135631D4FF0000CEEB2AC
:1008E000C5F3460519680CF1010C5A68083321F06C
:1008F00070615FFA8CFE22F0706241F00071AE45CB
:1009000042F0007243F8081C43F8042CEAD3F207C3
:10091000D7D506F0FE06022204EB8606337A62F390
:100920000303337270BD00220226134604EB8303D7
:100930000132997B66F303019973D3B29D42F5D2DC
:1009400070BD00210B4604EB830301311E7A62F374
:1009500003061E72CBB29D42F5D270BD40F2D46147
:100960008320EFF781FF40F2E5618320EFF77CFF02
:1009700078170020F8B5444D2E68FEF7A3F800283C
:100980007DD0FEF777FAFEF751F8FEF7E5F9044659
:10099000FEF7F6F8D6F8B42092F907307F2B2DD069
:1009A0003A49E31781FB04140021C3EBA4031BB2F3
:1009B0002C6893809171B4F8CE30D4F8D4200133F0
:1009C000127C93421DD0D4F8B4305A78012A0CD04E
:1009D000032A0AD0002A4DD12A68012092F89822D1
:1009E0001A72BDE8F840FFF747BE2A68012092F866
:1009F00098225A72BDE8F840FFF73EBE244B022110
:100A0000D6E7FFF705FC2E6807460DF0DCF92968EC
:100A100086F81C02D1F8D400B1F8603290F810C00A
:100A20009C449C450FDD1B4A167803E001339BB2C2
:100A30009C4508DD03FB0612B2F9B62212F5804F81
:100A4000F4D0A1F81E22802F02D0FEF78DFBBAE76A
:100A5000037EA42BF9D091F82032022262F307130F
:100A600081F8203291F86232042BEED0286801F030
:100A700095FEEAE74FF40B718320EFF7F5FE40F2A5
:100A80003D318320EFF7F0FE781700206766666639
:100A900000C0FFFFB00D002070B5114C2368D3F8E3
:100AA000D430587CFEF734F9FEF7B2F9FDF76EFF4B
:100AB00040B923687F22D3F8B430BDE87040DA71C2
:100AC000FFF758BFFEF7CCF923680546D3F8B460AA
:100AD000FEF74CF8034BF0712846A36270BD00BFCF
:100AE000781700207509010010B5114C002120680D
:100AF00084F82D1001F08EFFFEF714FB94F82D30D2
:100B0000013384F82D30FDF7D3FF60B1FDF7C8FF46
:100B10000DF04BF984F83000FDF788FFFEF7A0F9DF
:100B2000044BA36210BD40F295618320EFF79CFE59
:100B300078170020150D010010B51E4C94F82D10EB
:100B4000206801F067FFFEF7EDFA94F82D300620DB
:100B5000013384F82D30FDF747FF28B3226894F85D
:100B60002D3092F89712994214D0D2F8D420D17E29
:100B7000107ED27D0844216903FB0023062001EB8F
:100B80004311FDF729FF0620FDF738FF0A4B01202E
:100B9000A36210BDFDF742FFFDF772FFFDF778FF7E
:100BA000064B0120A36210BD40F27A618320EFF76B
:100BB0005BFE00BF78170020390B0100E90A010035
:100BC0002DE9F843514C4FF000080120236884F8C8
:100BD0002C80D3F8B420D3F8D4501778B3F9CC9044
:100BE00093F89762FDF778FF3846FDF78DFF21698E
:100BF000404695F81780A1F5A46101EB4811FDF777
:100C0000EBFEFEF78FF839462F7E4A462068023FFA
:100C100002F00EFC02460120FFB23946FEF74EF804
:100C20003046FFF73FFA206890F89432FF2B5FD0F0
:100C3000042B55D084F82E30002184F82D1001F0BB
:100C4000E9FEFEF76FFA94F82D30013384F82D3069
:100C5000236893F89632012B09D92B7E0620EA7E71
:100C600043442169134401EB4311FDF7B5FE2A7E8D
:100C7000EB7E21691344EA7D06FB0336B71894F82E
:100C80002E2012F0FD0F25D1FB1A012001EB43119C
:100C9000FDF7A2FEEB7E0420AE7E21691E444031AA
:100CA00006363E4401EB4611FDF796FE2A7EEB7EAA
:100CB0000520216913444031334401EB4311FDF712
:100CC0008BFE134BA362FDF7B9FEFDF7BFFE0120BB
:100CD000BDE8F88301EB47110120FDF77DFED9E760
:100CE00094F82E30013303F0030384F82E30A3E789
:100CF000B0F8CE3000F1DA01B0F86022134498B2B7
:100D000001F0DCF884F82E00206895E778170020C1
:100D1000C5020100F8B52D4C94F82C302068013341
:100D200090F89762DBB2B34284F82C3003D290F88B
:100D30009632012B39D8FDF7C5FE002841D0FDF7CA
:100D400075FEFEF78DF894F82C200546B2420BD3C1
:100D50001F4BA3622368013A0021D3F8B400D2B23A
:100D6000FFF70CF92846F8BD23682169D3F8D47041
:100D7000403197F81BC03B7E634402FB033006FB07
:100D80000336FB7DBF7E3B44063333446344034458
:100D900001EB4311D30754BF05200420FDF71CFECF
:100DA0000C4B94F82C20A362D4E794F82D1001F09A
:100DB00031FEFEF7B7F994F82D30013384F82D3069
:100DC000B9E740F2AF618320EFF74EFD78170020BE
:100DD00011080100150D01002DE9F04383B0FDF766
:100DE000BBFD002800F0A380FEF722F8524FFFF76A
:100DF00003FC034601200093FFF73EFC3E680546D6
:100E00004FF602717F20D6F8D4404FF400429DF88F
:100E1000003094F81190D6F8B8409DF801C09DF8C4
:100E200002E09DF803802072E180A280002B4DD06B
:100E3000BCF1000F4AD0BEF1000F47D0FEF76AF9AF
:100E4000002843D03A68D2F8D430DB7C002B45D15F
:100E5000B9F1010F96F871325FD09B001A21DBB215
:100E60000B44D2F8C890DEB202F036FC01A9036848
:100E700038689847012829D061783B680129D3F860
:100E8000D42027D093F8971206F11907D37E107E4D
:100E900008EB4101927E0344174401FB0377274B83
:100EA000019803FB070602F017FC03464946384643
:100EB0005B689847304400F50043B3F5803F05D2A6
:100EC000A080FDF753FE00232072A371284603B0D3
:100ED000BDE8F083731D527E9F18E0E702F002FC2C
:100EE00001A90368386898470128EFD061783B680A
:100EF00001290198D3F8D42013D093F89732117EAA
:100F000008EB4308D37E927E0B4408FB03F31933AE
:100F100013440A4A02FB0300CDE7DB002C21DBB2BD
:100F20009EE7537E054A053302FB0300C3E74FF4F7
:100F3000B2618320EFF798FC7817002030F8FFFFAC
:100F400010B5174A002317494FF0070CD0F8BC40E2
:100F5000A0F8CE30C0F8B83000F2B223146109789E
:100F6000106082F82EC0B0F8602201FB0233D0F886
:100F7000D420C0F8B430D37C3BB1012B0BD10A4B49
:100F80001B68BDE810401B681847084B1B68BDE88C
:100F900010405B68184740F63E318320EFF764FC51
:100FA00078170020B00D0020F41F0020F01F002053
:100FB000044B9B6A03B1184740F64B31832010B5B0
:100FC000EFF752FC78170020014B024A1A60704775
:100FD000F01F0020D80F010000000000590401009C
:100FE0003D050100C10B0100F0B504468DB000695C
:100FF00061696D46A269E3690FC59DF80E202B4615
:101000002146002009328DF80E206A4606F056FE71
:10101000AE4608AD4FF0FF3CBEE80F004FF0000EAB
:1010200020606160A260E360C4F84BE0C4F84FE068
:1010300084F853E0C4F842C0C4F846C084F84AC0FB
:10104000C4F830C0C4F834C0C4F838C0C4F83CC0D8
:10105000A4F840C084F854C00FCD20616161A26142
:10106000E3610DB0F0BD00BF2DE9F04F5F181C46E5
:10107000944687B097F842300E4605461A18802AE3
:1010800000F283805FFA82F994F854208A4238D0C3
:1010900001F118030DF10808616934F813C0C64660
:1010A000A269E3692069AEE80F0097F84B309DF81C
:1010B00017109DF815200B445FFA8CF18DF817304E
:1010C0009DF8163033448DF816309DF8143003EB3C
:1010D0001C2394440A44DBB28DF815C0FF2A01D9C1
:1010E0000133DBB28DF8143041464E4B04F120023F
:1010F000204601930433009304230DF0FEFA97F881
:10110000423084F85460DE0813F0070313D0012244
:10111000C3F108032644AA405B1B96F82010013A4D
:101120009A400A4042FA03F3109A137087F84290EB
:1011300007B0BDE8F08F4FEAD50805F00705B8F114
:10114000010F1AD1A319109A93F820301370002DB3
:10115000ECD001234444AB403444C5F10805013BC5
:1011600094F82020AB401340109A2B4102F808302D
:1011700087F8429007B0BDE8F08F06F120014246A3
:101180001098214404F0D4FDE1E797F84BE00DF10D
:10119000080804EB410B4FF0000A0EF1010EC146A6
:1011A0005FFA8EFE87F84BE0E36920696169A26906
:1011B00087F842A0A9E80F00BBF83030634504D09F
:1011C000D64687F84BA0ABF830C09DF817305FFAD1
:1011D0008CF19DF815209E449DF8163033448DF80F
:1011E00017E08DF816309DF8143003EB1C2394445F
:1011F0000A44DBB28DF815C0FF2A01D90133DBB2F6
:101200008DF814304146074B04F120022046A946D0
:1012100001930433009304230DF06FFA97F84230E2
:101220006FE700BFC40000202DE9F04F8BB0BDF880
:10123000504003920594159C002800F0E4809846E5
:1012400001F1FF3B01250027049074E004EB080640
:1012500096F8423003F10802802A77D85FFA82F9C3
:1012600094F85420424538D008F118030DF1180ABB
:10127000616934F813E0D446A269E3692069ACE8F7
:101280000F0096F84B309DF827109DF825200B4451
:101290005FFA8EF18DF827309DF8263043448DF8A3
:1012A00026309DF8243003EB1E2396440A44DBB21B
:1012B0008DF825E0FF2A01D90133DBB28DF8243007
:1012C0005146524B04F1200220460193043300930F
:1012D00004230DF012FA96F842305A0784F854802D
:1012E00030D104EBD30393F8203005FB03F21FFA4F
:1012F00082FAD2B28DF818304FF4807386F842909B
:10130000B3FBF5F305FB03F3C3F58073934269DC8C
:101310004FEA1A2AFBB203999A4501EB0A0202D05E
:1013200011F80A30CB55029B013713706B1C049ADD
:10133000954268D01D461BF8013F012D029385D1CF
:10134000039AF0E7002292461346D3E796F84BC083
:101350000DF1180A4FF000090CF1010CD6465FFAA6
:101360008CFC86F84BC06169A269E369206986F844
:101370004290AEE80F0004EB48020599138E8B42B1
:1013800003D0CC4686F84B9011869DF827300598FF
:101390009C449DF826309DF82520C1B243448DF829
:1013A00027C0114402448DF826309DF82430FF29CF
:1013B0008DF8252003EB1023DBB201D90133DBB21A
:1013C0008DF824305146114B04F1200220464FF095
:1013D000080901930433009304230DF08EF996F865
:1013E00042307AE706AB059A41460820009323462F
:1013F000FFF73AFE9DF8183005FB03F30AEB0323D1
:10140000C3F3074A86E70BB0BDE8F08FC4000020A5
:1014100010B51C4692B0C37B90F801C08DF808301F
:10142000837B8DF80930437B8DF80A30037B8DF880
:101430000B30C37A8DF80C30837A8DF80D30437AF7
:101440008DF80E30037A8DF80F30C3798DF8103097
:1014500083798DF8113043798DF8123003798DF846
:101460001330C3788DF8143083788DF815300378F5
:101470008DF816C08DF81730CB798DF800308B7948
:101480008DF801304B798DF802300B798DF80330EF
:10149000CB788DF804308B788DF805304B7809784F
:1014A0008DF80630D37B8DF807108DF81830917BBE
:1014B000537B8DF819108DF81A30117BD37A8DF883
:1014C0001B108DF81C30917A537A8DF81D108DF811
:1014D0001E300AAB117A50788DF81F10D1798DF833
:1014E000260002A88DF8201091798DF821105179ED
:1014F0008DF8221011798DF82310D1788DF82410F1
:1015000091788DF82510117806AA8DF82710694674
:1015100006F016FC0DF1280CBCE80F00206061609D
:10152000A260E360BCE80F0020614FF0FF30616112
:10153000A261E36120636063A063E063A4F84000FC
:10154000C4F84200C4F8460084F84A0084F8540005
:1015500012B010BD00232DE9F04F144689B043703E
:1015600092F85520002A00F083808B4600F1020A91
:1015700004F156080125CDE902206EE094F84330CD
:1015800003F10807802F7AD894F85420FFB2012A7B
:1015900035D00DF1100E6169A269E36976462069C4
:1015A000B4F832C00FC694F84C309DF81F109DF867
:1015B0001D200B445FFA8CF18DF81F309DF81E3012
:1015C00001338DF81E309DF81C3003EB1C2394442E
:1015D0000A44DBB28DF81DC0FF2A01D90133DBB20A
:1015E0008DF81C307146514B04F1200220460193C6
:1015F0000433009304230DF080F894F84330012263
:1016000084F854205A0736D104EBD30393F82030E2
:1016100005FB03F296B2D2B28DF810304FF480730E
:1016200084F84370B3FBF5F305FB03F3C3F5807354
:10163000934269DC360A6B1E0AEB0602DBB29E425D
:1016400004D0039B1AF806100133595582F8009014
:101650006B1C029A95420BD01D46012D18F8019F74
:101660008CD152466B1C82F80090029A9542F3D1BD
:1016700009B0BDE8F08F002216461346CCE70DF105
:10168000100E94F84C60A269E36977462069013630
:101690006169F6B20FC7628E002384F84C605A4528
:1016A00084F8433004D01E4684F84C30A4F832B09D
:1016B0009DF81F305FFA8BF19DF81D201E449DF8A8
:1016C0001E3011445A4401338DF81F60FF298DF8F4
:1016D0001D208DF81E309DF81C3003EB1B23DBB260
:1016E00001D90133DBB28DF81C3071460F4B04F188
:1016F00020022046082701930433009304230CF0B2
:10170000FCFF94F843307AE704AB5A4601210820E5
:1017100000932346FFF7A8FC9DF8103005FB03F368
:1017200006EB0323C3F3074685E700BFC400002090
:1017300000232DE9F04F144689B0437092F85520EC
:10174000002A7CD08B4600F1020A04F156080125DC
:10175000CDE9022068E094F8423003F10807802FB9
:1017600073D894F85420FFB282B30DF1100E616962
:10177000A269E36976462069B4F830C00FC694F8D0
:101780004B309DF81F109DF81D200B445FFA8CF123
:101790008DF81F309DF81C3003EB1C2394440A4441
:1017A000DBB28DF81DC0FF2A01D90133DBB28DF801
:1017B0001C3071464D4B04F1200220460193043346
:1017C000009304230CF099FF94F84230002259074B
:1017D00084F8542036D104EBD30393F8203005FB72
:1017E00003F296B2D2B28DF810304FF4807384F8C1
:1017F0004270B3FBF5F305FB03F3C3F5807393422B
:1018000063DC360A6B1E0AEB0602DBB29E4204D092
:10181000039B1AF806100133595582F800906B1C8F
:10182000029A95420BD01D46012D18F8019F92D1C6
:1018300052466B1C82F80090029A9542F3D109B08F
:10184000BDE8F08F16461346CDE70DF1100E94F863
:101850004B60A269E3697746206901366169F6B297
:101860000FC7228E002384F84B605A4584F842301B
:1018700004D01E4684F84B30A4F830B09DF81D20EB
:101880005FFA8BF19DF81F3011445A441E449DF8B5
:101890001C30FF298DF81D2003EB1B238DF81F60E2
:1018A000DBB201D90133DBB28DF81C3071460F4B2E
:1018B00004F12002204608270193043300930423F7
:1018C0000CF01BFF94F8423080E704AB5A4600212D
:1018D000082000932346FFF7C7FB9DF8103005FB57
:1018E00003F306EB0323C3F307468BE7C400002092
:1018F0002DE9F0411E4691F8473086B00C46174658
:10190000002B48D191F85430052B42D002ADB1F8EC
:101910003AE00869A269AC464969E369ACE80F009E
:1019200094F850305FFA8EF09DF817209DF815104E
:10193000134401EB0E0201448DF817309DF8163068
:10194000FF298DF8152003F105038DF816309DF859
:10195000143003EB1E23DBB201D90133DBB229467D
:10196000284D8DF8143004F120022B1D20460195DE
:10197000009304230CF0C1FE052384F85430802327
:1019800084F847306B683B602B68336006B0BDE875
:10199000F0811C4DF0E791F850E002AD84460869F3
:1019A0000EF1010EA8465FFA8EFE81F850E04969FB
:1019B000A269E369A8E80F00628F0023624584F8FA
:1019C000473004D09E4684F85030A4F83AC09DF8C1
:1019D00017305FFA8CF19DF815209E449DF8163063
:1019E00005338DF817E08DF816309DF8143003EBB1
:1019F0001C2394440A44DBB28DF815C0FF2AAED9EB
:101A0000ABE700BFC40000200138F0B50E4687B038
:101A10001446032800F27581DFE800F00279190509
:101A2000002007B0F0BD02AF134608200A46009719
:101A30000421FFF719FB9DF8085005EB4505ED0063
:101A400015F0F00F00F0F680280A07B0F0BD92F80C
:101A5000463003F10802802A174600F2FA8094F813
:101A60005420FFB2042A35D002AD6169A269E3694E
:101A7000AC462069B4F838E0ACE80F0094F84F3079
:101A80009DF817109DF815200B445FFA8EF18DF824
:101A900017309DF8163004338DF816309DF8143049
:101AA00003EB1E2396440A44DBB28DF815E0FF2AAF
:101AB00001D90133DBB28DF814302946934B04F180
:101AC0002002204601930433009304230CF015FEFA
:101AD00094F84630042284F854205A0700F0FC8021
:101AE000002384F846701D468DF8083002A823466E
:101AF0003246042100900820FFF7B6FA9DF808301E
:101B000003EB430305EB4320C0F3074089E792F85A
:101B1000463003F10802802A114648D894F8542030
:101B2000CEB2042A34D002AD6169A269E3692F46BE
:101B30002069B4F838C00FC794F84F309DF81710DB
:101B40009DF815200B445FFA8CF18DF817309DF845
:101B5000163004338DF816309DF8143003EB1C2337
:101B600094440A44DBB28DF815C0FF2A01D9013331
:101B7000DBB2664A29468DF81430204601920432C1
:101B80000423009204F120020CF0B7FD94F84630D3
:101B90000422590784F8542040F0AF8004EBD303AB
:101BA00093F82000C00984F8466007B0F0BD02AD8C
:101BB00094F84F70A269E369AC4620690137616906
:101BC000FFB2ACE80F00228F002384F84F70B242BE
:101BD00084F8463003D01F4684F84F3026879DF89E
:101BE00017309DF815201F449DF8163004338DF8EA
:101BF00017708DF8163093198DF815309DF8143044
:101C000003EB1623F6B2DBB23244FF2A01D90133CB
:101C1000DBB23E4A29468DF814300423101D0826F5
:101C2000CDE9000204F1200220460CF066FD94F894
:101C30004630ADE723460820324604210097FFF7DF
:101C400013FA9DF8083003EB430305EBC320000CA7
:101C5000E7E602AD94F84F70A269E369AC462069EB
:101C600001376169FFB2ACE80F00228F002384F8CE
:101C70004F70B24284F8463003D01F4684F84F308C
:101C800026879DF81730F1B29DF815201F449DF866
:101C9000163004338DF817708DF8163093190A44F6
:101CA0008DF815309DF81430FF2A03EB1623DBB2B4
:101CB00001D90133DBB2154A29468DF8143020468C
:101CC0000192043204230827009204F120020CF050
:101CD00014FD94F84630FDE604EBD30393F820306E
:101CE00084F8467003EB43008DF80830400010F094
:101CF000FC0F04D0000A07B0F0BD002053E70546F2
:101D0000F4E640F2E6218C20EEF7AEFDC4000020A0
:101D10002DE9F0430D1A87B006460135EDB2012DCD
:101D200063D01C4693F84430174603F10802802A1A
:101D30005ED85FFA82F994F85420022A35D00DF16A
:101D4000080C6169A269E369E0462069B4F834E0EF
:101D5000A8E80F0094F84D309DF817109DF8152055
:101D60000B445FFA8EF18DF817309DF81630023370
:101D70008DF816309DF8143003EB1E2396440A4468
:101D8000DBB28DF815E0FF2A00F292808DF8143056
:101D90006146494B04F1200220460193043300932D
:101DA00004230CF0AAFC94F84430022284F8542056
:101DB0005A0768D104EBD30393F8203003FB05F8EE
:101DC0005FFA88F28DF808304FF4807384F84490FD
:101DD000B3FBF5F305FB03F3C3F58073934256DCC5
:101DE0004FEA1828B0445FFA88F007B0BDE8F083E6
:101DF0000DF1080C94F84DE0A269E369E046206912
:101E00000EF1010E61695FFA8EFEA8E80F00A28E46
:101E1000002384F84DE0BA4284F8443003D09E4653
:101E200084F84D30A7869DF81730F9B29DF815203B
:101E30009E449DF8163011443A4402338DF817E061
:101E4000FF298DF815208DF816309DF8143003EB1E
:101E50001723DBB201D90133DBB28DF8143004F162
:101E60002002154B614620464FF0080901930433C8
:101E7000009304230CF041FC022294F8443084F8CF
:101E800054205A0796D00022904613469AE702A99A
:101E900023463A46082000910221FFF7E5F89DF815
:101EA000083005FB03F308EB0323C3F3074899E766
:101EB0000133DBB26AE700BFC400002070B591F8BF
:101EC000453086B00C469A1C802A56D8154691F8A3
:101ED0005420032AEDB234D00DF1080ECE8E0869DD
:101EE000A269F4464969E369ACE80F0094F84E3002
:101EF0009DF817109DF815200B44F1B28DF817309E
:101F00009DF8163003338DF816309DF8143003EB2E
:101F1000162316440A44DBB28DF81560FF2A01D956
:101F20000133DBB2384A71468DF8143020460192F5
:101F300004320423009204F120020CF0DEFB94F83A
:101F4000453004EBD301032213F0070384F8542037
:101F500091F820000FD0C3F106039A4010401841B9
:101F6000C3B2C0F3460084F8455040EA430000F095
:101F7000030006B070BD8009F2E791F84E500DF1F4
:101F8000080E8446086901357646EDB281F84E5058
:101F90004969A269E3690FC6E28E0023624584F8AD
:101FA000453004D01D4684F84E30A4F836C09DF864
:101FB00017309DF815201D449DF8163003338DF819
:101FC00017508DF8163002EB0C038DF815309DF884
:101FD000143003EB1C235FFA8CFCDBB26244FF2A53
:101FE00001D90133DBB2084A71468DF8143004235D
:101FF000101D0225CDE9000204F1200220460CF05C
:102000007CFB94F845309CE7C400002030B51C46AA
:1020100000F0BF0383B00546202B03D0402801D039
:1020200080283AD1134628460A4600940821FFF733
:102030001BF82078EB082D09591E9A1E022D14F862
:1020400001C084F800C060546178A05C6070A15445
:1020500021D0D91EA0781A1F042D14F801C084F8CD
:1020600002C06054E178A05CE070A15413D05A1F04
:102070002179063B062DA05C2071A1546279E15CB8
:102080006171E25407D0A179607AE379227AA07174
:102090006172E271237203B030BD40F223318C20B3
:1020A000EEF7E2FB2DE9F04F8FB090F86232042B8F
:1020B00000F0EF8290F87B3100F1DA0290F87A11AB
:1020C000044602928B4200F095828B4280F0DC82C3
:1020D000D4F8D49099F810201344DBB28B4200F26C
:1020E000688284F87B3194F8C43104F2B225B4F8E4
:1020F000601294F8C5C1A4F8CE200A44A3EB0C0CDE
:10210000B04994F8B00292B25FFA8CFC0978069557
:1021100003FB00CA284601FB02535B78002B00F04A
:10212000BD82B2F5807F00F29E824FF0000B01323B
:102130005E465F46CDF80CB095B2A3464C4681464C
:1021400036E001369A42F6B203D1039B0133DBB28B
:1021500003931FFA85F8B8F5807F35D0B24533D99F
:1021600001FB05F209EB02035B78022B4CD0032B39
:1021700031D0012B11D1A37C022B40F2F880032B2C
:102180000BD10AAB4246082120200093029BFEF7A8
:102190006BFF8C4B197801FB05F24A4401355378EB
:1021A000002B4DD040F20112904549D0DBF8D440CD
:1021B000E27B012AC5D1012BCBD01FFA85F801366D
:1021C000B8F5807FF6B2C9D15C46042384F8623248
:1021D0000FB0BDE8F08F029A41469BF89702049336
:1021E000FFF712FC049B0AA842468DF82870194696
:1021F0000090029B0220FEF737FFA37C022B40F2E7
:10220000AE80032BBDD0C4E7029C41469BF89702E9
:1022100022460493FFF7F8FB049B0AA9424618469E
:102220002346009103218DF82870FEF71DFF654BB2
:10223000197801FB05F201354A445378002BB1D1DE
:10224000FF2E5C46DDF80CB0BFD0D4F8D49099F8DE
:102250000E2094F8A0329A4228BF1A46B242924603
:1022600000F25C82B61A94F8C5210023F7B20893F5
:10227000A7EB0B0094F8C4B18DF82430934584F893
:10228000A00200F0CB81934540F21282ABEB020535
:10229000ADB2AB45C0F06E82BD4270D33A44D2B20B
:1022A000B4F8CE30D4F8D4E09A4484F8C52107EBD2
:1022B0000A03A4F8CE3094F8A0329EF80E509EF88F
:1022C0000F609D4228BF1D46FF2E00F09181002D1A
:1022D0003FF47EAFA91CC9B294F8B03012B2B4F882
:1022E000600203449BB200293FF472AF9DF82000C6
:1022F0009DF821C050EA0C0000F0DF81A3EB010C37
:10230000069F1FFA8CFC09E0214491F8C61139544C
:10231000002D3FF45DAF63453FF45AAF2949013BBF
:1023200008789BB203FB00F0391891F8018046450C
:1023300000F039819EF80B90013A013DC14591B200
:10234000EDB212B240F09681002ADDDA0531C9B251
:10235000042900F29481694491F82010D7E7002BFA
:102360003FF417AF40F25D118C20EEF77DFA002BA1
:102370003FF413AF4FF4A1718C20EEF775FAB4F867
:1023800060327A1B53445A459BB205EB03081FFA8F
:1023900088F840F36C8194F82F61ABEB03034FF0A6
:1023A0000009CDF81CA00593CDE9037B3746002F2B
:1023B00000F0BC80012F00F0B98002254FF4807A34
:1023C0001BE000BFB00D002004EBD30393F8FA30FC
:1023D00005FB03F2D2B28DF8283084F81C61BAFBF9
:1023E000F5F305FB03F3C3F58073934200F391808B
:1023F000AF4240F299800135EDB294F81C3103F1FF
:102400000802802A40D8D6B294F82E21AAB30DF142
:10241000280BD4F8EE10D4F8F220D4F8F630DC46CD
:10242000D4F8EA00B4F80AE1ACE80F0094F82531DA
:102430009DF837109DF835200B445FFA8EF18DF82A
:1024400037309DF8343003EB1E2396440A44DBB248
:102450008DF835E0FF2A01D90133DBB28DF8343035
:102460005946C94B04F1FA020298019304330093D0
:1024700004230CF042F994F81C315A0784F82E9189
:10248000A2D000221346A6E70DF1280B94F825618F
:10249000D4F8F630D4F8EA00DC46D4F8EE10013671
:1024A000D4F8F220F6B284F81C91ACE80F00B4F82E
:1024B0000A3184F82561434504D0002684F825912B
:1024C000A4F80A819DF835205FFA88F19DF837302D
:1024D000114442441E449DF83430FF298DF83520C4
:1024E00003EB18238DF83760DBB201D90133DBB27F
:1024F0008DF834305946A44B04F1FA0202980826AC
:1025000001930433009304230CF0F7F894F81C3182
:10251000B3E70AAB4246002108200093029BFEF776
:10252000A3FDAF423FF667AF94F82F71059B049A65
:1025300008EB0305039B9044ADB21FFA88F85B1BC0
:102540009A42FFF634AF3E46DDF81CA09346039F47
:10255000D4F8D41094F8A0028B7B834228BF0346A2
:10256000002B77D10B7C3046029A04F231114344A0
:10257000019204F5E3729BB20093002384F8C53105
:10258000FEF752FE94F8B032002B00F0F880013BC9
:10259000AF4284F8B032C0F0FB8094F8C5213A44D1
:1025A000521BD2B27CE6012E3FF4B5AE013A12B214
:1025B000B1E604F1DA000190B4F8600202440A4482
:1025C000591AD21A0023CDB204F23111D2B284F8D2
:1025D0007B310123009204F5BE7294F82F01FEF7BF
:1025E00023FED4F8D49084F87B5199F810207AE532
:1025F000294671E6002100F5BE72DA300123019010
:1026000084F87B11009104F2311194F82F01FEF748
:102610000BFE94F87B3194F87A1156E5029999F8FB
:10262000102084F8C5310191B4F860120A4404F214
:10263000311192B2009204F5E37294F82F01FEF783
:10264000F3FD94F8B03273B3013B94F8C52184F8DC
:10265000B03218E6A344DBF8C1019BF8C5310890FD
:102660008DF824307EE74FF0000B5E46EFE594F8DE
:102670002F616DE740F201218C20EEF7F5F840F272
:102680000E218C20EEF7F0F840F223218C20EEF79B
:10269000EBF840F236318C20EEF7E6F84FF4BE71DD
:1026A0008C20EEF7E1F840F29D118C20EEF7DCF87B
:1026B00040F2A1118C20EEF7D7F8012E33D0013A69
:1026C000591ADDF818C092B288B20CE0A11891F83E
:1026D000C6110CF80710002D3FF47AAD013A98426C
:1026E00092B23FF475AD2949013B0F789BB203FBD1
:1026F00007F70CEB070149788E42EFD09EF80B905C
:10270000013D0FFA82F88945EDB2B3D1B8F1000F5F
:10271000DCDA40F20A218C20EEF7A6F840F2D11163
:102720008C20EEF7A1F8591ADDF818C088B20AE03B
:10273000214491F8C6110CF80710002D3FF448AD64
:1027400098423FF445AD1149013B0F789BB203FB22
:1027500007F70CEB07014E78012EF1D09EF80B80A5
:10276000013A013DB04591B2EDB212B282D1002AD8
:10277000DEDACEE740F2A5118C20EEF775F84FF4C3
:10278000DC718C20EEF770F8C4000020B00D002042
:1027900040F2BB118C20EEF767F800BF2DE9F04F37
:1027A00085B090F86232042B00F0EC8090F8B020F5
:1027B0000546B0F860421319FF2B45DC002A46D0CD
:1027C0000026DFF8D48100F1DA07B1461AE0012BC8
:1027D00012D19AF81230022B40F2CC80032B0BD18D
:1027E0000DF10C0B2246CDF800B03B46082120200D
:1027F000FEF73AFC95F8B0200136B3B29A4226D9DA
:10280000B5F86042344498F80030A4B204FB035396
:1028100093F8B332022B0DD0032BD5F8D4A0D6D128
:1028200095F89732013B032B00F2B180DFE803F00B
:10283000978C795295F89732013B032B00F2A780D1
:10284000DFE803F0453A2708042380F8623205B038
:10285000BDE8F08F0DF10C0B3B4622460421082009
:10286000CDF800B0FEF700FC9DF80C3003EB4303FD
:10287000DB0013F0F00F21D022463B46032102205B
:10288000CDF800B08DF80C90FEF7EEFB95F8B02077
:10289000B2E70DF10C0B3B46224604210820CDF88F
:1028A00000B0FEF7E1FB9DF80C3003EB43035B0047
:1028B00013F0FC0FE0D101E00DF10C0B3B4622467A
:1028C00004210820CDF800B0FEF7CEFBD4E70DF1CF
:1028D0000C0BD1E70DF10C0B3B46224604210820DE
:1028E000CDF800B0FEF7C0FB9DF80C3003EB4303BE
:1028F000DB0013F0F00F29D03B46224603210220D3
:10290000CDF800B08DF80C90FEF7AEFB9AF81230BF
:10291000022B27D9032B7FF46DAF2246CDF800B0F0
:1029200063E70DF10C0B3B46224604210820CDF84D
:1029300000B0FEF799FB9DF80C3003EB43035B00FE
:1029400013F0FC0FD8D101E00DF10C0B3B462246F1
:1029500004210820CDF800B0FEF786FBCCE70DF18E
:102960000C0BC9E7002B3FF445AF40F25D118C2002
:10297000EDF77AFF002B3FF43FAF4FF4A1718C20AD
:10298000EDF772FF40F23D318C20EDF76DFF40F224
:10299000E6218C20EDF768FFB00D00204FF4D271D6
:1029A0008B2008B5EDF760FF072808B502D8034B68
:1029B000185C08BD71218B20EDF756FFA054040070
:1029C00008B529B9072809D8084B0344187A08BD67
:1029D000072807D8054B0344187C08BD89218B20A4
:1029E000EDF742FF9E218B20EDF73EFFA05404003F
:1029F000431E032B00B583B006D8054B68440193F2
:102A0000C07803B05DF804FBAC218B20EDF72CFF00
:102A10000102061890F89632012B1BD0134B490087
:102A200090F89BC290F895226344072A1B7E43FAD4
:102A300001F3D9B203F0030303D0184490F89C02C9
:102A40007047D0F8D420D27C4AB95B08184490F87B
:102A50009C0270470023184490F89C02704701F0D4
:102A60000103184490F89C02704700BFA054040072
:102A700038B5847C062C41D8214B2344447C012C5E
:102A800093F8303031D0022C4FEA530301D0082C98
:102A900030D14FF03E0E4FF01A0C047E9C44C37EA2
:102AA000457E5FFA8CFC2344847E01FB0331C37DA9
:102AB00089B25819234400244D1D0F3161440CF193
:102AC000050C03EB450500EB4C0C5A3003EB4103BE
:102AD0002146864465F30F016EF30F0463F31F4133
:102AE0006CF31F445160146038BD4FF0620E4FF01C
:102AF0002C0CD2E7E8218B20EDF7B6FEFFF74EFF56
:102B0000A0540400032808B506D80138022812D8BA
:102B1000DFE800F00A060800FF2807D1002008BD02
:102B2000888808BDC88808BD488808BD4FF48671EC
:102B30008B20EDF799FE088808BD00BFF8B5847CAE
:102B4000062C00F2BC80764B2344447C012C93F885
:102B5000303034D0022C4FEA530302D0082C40F01E
:102B6000A3804FF03E0E4FF01A0C9C44047EC37EAF
:102B7000857E5FFA8CFC2344447E01FB033399B2CB
:102B8000C37D1C442B4401F10F05053165440CF154
:102B9000050C03EB410104EB4C0C5A3403EB4503E9
:102BA000057CA644C47A89B2032C9BB20CD8013CA4
:102BB000022C00F29280DFE804F020131E004FF098
:102BC000620E4FF02C0CD0E7FF2C73D1C47B032C8A
:102BD0006ED8013C022C76D8DFE804F057555D0032
:102BE0000C46C67B032E44D8013E022E71D8DFE886
:102BF00006F0361024001C46F3E7C67B6446032E1D
:102C000031D8013E022E64D8DFE806F048031700F1
:102C100074468C4214D9954229D2521B837B467B41
:102C2000D01A731CB0FBF3F0131A01FB00F005FB84
:102C30000E0003FB0400F8BD7446A3421946EAD314
:102C4000954214D2521B8C4213463AD2027BD018C2
:102C50000132B0FBF2F01B1A01FB00F0E7E761461E
:102C60006445D8D8ECE7FF2E24D1954208D3002044
:102C7000F8BDFF2E1ED1002CF7D19542F7D20024CB
:102C8000531B0020D3E70024DAE79542EFD26146D8
:102C9000531B0024DAE719460024D1E79542E6D217
:102CA0006146521B0023BAE7E8218B20EDF7DCFDDB
:102CB000FF2CE2D04FF486718B20EDF7D5FDFFF7A6
:102CC0006DFE0023ABE79542D1D2531B7146002421
:102CD000BCE7A64515D271469DE7C47B032C0BD8F3
:102CE000013C022C14D801A656F824F00B2D01004B
:102CF000112C0100392C0100FF2C08BF7446B4D000
:102D0000D8E79542B3D271469CE761467446A7E77F
:102D10009542ACD27446521B714600237FE700BF38
:102D2000A05404002DE9F84390F8B04290F8C43163
:102D3000D0F8D42090F8C51104FB033392F80EC0EC
:102D40005B1A157C90F8A0129BB2D47B614594BFAE
:102D50006E1805EB0C06012C1E44B6B206D1117B91
:102D60000B440131B3FBF1F333449EB2B0F860126F
:102D700090F89702C1F5807189B2A02928BFA021DF
:102D8000B14228BF3146967C062ECFB200F2C280F7
:102D90007B4B3344567C012E93F8303036D0022ED4
:102DA0004FEA530302D0082E40F0A9803E264FF090
:102DB0001A08984492F818E0D37E92F817905FFAB8
:102DC00088F8734492F81AE000FB0333507E9BB2FC
:102DD0004844F14403F10F0E0533C64408F10508D9
:102DE00009EB430300EB48085A3009EB4E0E06444A
:102DF000D07A9BB203281FFA8EFE0BD80138022826
:102E000000F29B80DFE800F01D111B0062264FF0EE
:102E10002C08CEE7FF2878D1032C74D8013C022C73
:102E20007DD8DFE804F05A5761009946032C45D855
:102E3000013C022C7AD8DFE804F0360F2400F1467A
:102E4000F4E7032CC14632D8013C022C6ED8DFE8EF
:102E500004F04F031800B1464B4515D2AF422AD9B2
:102E6000491B527BA1EB0C000132B0FBF2F0091AB6
:102E700003FB00F005FB060001FB0900BDE8F88339
:102E8000B146CE457346E9D3AF4214D9491B9945A3
:102E90000C4641D2127B10190132B0FBF2F0211A1C
:102EA00003FB00F0E6E74346C145EDD9D6E7FF2C2A
:102EB0002BD1AF420BD80020BDE8F883FF2C24D1E2
:102EC000B9F1000FF5D1AF42F5D94FF00009491B18
:102ED0000020CFE74FF00009D6E7AF42EBD94346D9
:102EE0004C1B4FF00009D5E773464FF00009CBE7C4
:102EF000AF42E0D94346491B4FF0000CB1E7E8214F
:102F00008B20EDF7B1FCFF2CDDD04FF486718B20C8
:102F1000EDF7AAFCFFF742FD4FF0000CA1E7AF422E
:102F2000C9D94C1B33464FF00009B3E74E4518D2C0
:102F3000AF42C0D9491B334693E7032C0CD8013C60
:102F4000022C15D801A050F824F000BF6B2F01000F
:102F5000572E0100812E0100FF2C08BFB146A8D0DA
:102F6000D3E7AF42A7D9334690E74346B1469BE744
:102F7000AF42A0D9B146491B33464FF0000C70E771
:102F8000A0540400531E5B1A022B1BD9931E1B1A5C
:102F9000022B17D9D0F801C00B6803EA0C031360A9
:102FA000D0F80530D1F804C003EA0C0353600B7A63
:102FB00090F809C003EA0C0313724B7A817A0B4034
:102FC0005372704790F801C00B7803EA0C0313703A
:102FD00090F802C04B7803EA0C03537090F803C0DA
:102FE0008B7803EA0C03937090F804C0CB7803EA63
:102FF0000C03D37090F805C00B7903EA0C0313712E
:1030000090F806C04B7903EA0C03537190F807C09F
:103010008B7903EA0C039371CB7990F808C003EA2B
:103020000C03D371C3E700BFF0B5054685B00F466A
:1030300090F8D8302BB191F8C73013B101F5B373C4
:1030400005E095F8D830002B44D007F1F9031A6851
:103050000126D7F8F9101140D7F8FD2000915968E2
:103060000A40197A5B7A019297F80121114097F88A
:1030700002211A4000238DF808109E468DF8092081
:10308000C3F3C40C03F00702D8B20EF10104EC4400
:1030900006FA02F2013305EB0E019CF800C01CEAAF
:1030A000020F03D05FFA84FE81F831014F2BE7D184
:1030B000002285F82FE1134685F830216EF30703CF
:1030C0006EF30F23A5F87A31A5F8C43187F8722181
:1030D00005B0F0BD97F8C830002BB6D007F5AE7339
:1030E000B5E700BF037813F0030301D00020704759
:1030F00090F90220002AF9DBC27812F00302F5D120
:1031000070B5437A13F0600401D0104670BD1B0601
:103110000FD4461E00F1090516F8010F09F091FBC6
:103120002044B542C4B2F7D10E2C94BF0020012038
:1031300070BD204670BD00BF2DE9F041C77C04463C
:103140001546E7B1072945D8254B0B441E7A93F85D
:103150001080F2F711FC217F0346B8F1010F18BF70
:10316000012EA87A14BF01220022012936D19B7FAB
:1031700012B3984238BF1846C0B2BDE8F0810729A3
:1031800021D8174B0B441E7C93F80880F2F7F4FB10
:10319000227F0346012A1AD1A87F012E9B7A04D0F0
:1031A000B8F1010FE5D1012EE7D1B8F1010F08D038
:1031B000002ADED11846E0E7012EDAD1B8F1010F7E
:1031C000F8D10020D9E79E218B20EDF74DFBA87A9E
:1031D0003A46E2E789218B20EDF746FB0022DCE747
:1031E000A0540400064A4FF4807300211278013B7A
:1031F00080F8B41210449BB2002BF8D1704700BF86
:10320000B00D00202DE9F0430546B9B000F1DA0910
:10321000A0222C460E4610A8494602F089FD6F46B2
:103220000FCC0FC70FCC0FC70FCC0FC794E80F0000
:1032300087E80F004FF42E720021284695F8D880B9
:103240000BF02AFB10A94846A02202F071FDEE46C1
:10325000AC465FFA88F8BEE80F00ACE80F00BEE8A5
:103260000F00ACE80F00BEE80F00ACE80F0097E8D5
:103270000F0084E80F0085F8D880022385F86232B9
:10328000B6F83C3106F1F907EB81C5F8D47096F831
:103290000321D5F8503285F8B022D6F84C2162F3DC
:1032A00017032022C5F85032002385F85E2285F8E6
:1032B000A03296F8593185F8D93096F85611072979
:1032C00085F8951279D83F4C14F8018085F89782DB
:1032D00096F80C31002B65D063181A7C002385F812
:1032E000962285F8993296F8F330FE2B5DD0FF2BAD
:1032F00008BF012385F89832022306F148023846B8
:1033000085F89A32FFF718FF96F80B3186F814010A
:10331000062B50D81C44414605F51572384694F8E2
:1033200030304FF48074DB0885F87132FFF7A0FB72
:1033300000220023FF21C5E99A23FE23224A85F8B3
:10334000941292F800C0002285F85C322B46013CB2
:1033500083F8B4226344A4B2002CF8D12846314645
:10336000FFF762FE96F85A2112F0010318BF85F8A4
:103370009C42900705D5E91801330120DBB281F8A2
:103380009C02510705D5E91801330220DBB281F810
:103390009C02120703D51D44032385F89C3239B0E3
:1033A000BDE8F08363181A7A98E7012385F898221C
:1033B00085F89932A0E7FFF7F1FA71218B20EDF73C
:1033C00053FA00BFA0540400B00D00200023036096
:1033D00043608360704700BF80EAE073094A0028B9
:1033E000A3EBE0739BB24FEA033303F2A933A2FBD2
:1033F0000323054AC3F34E23C8BF5B421BB21380AD
:10340000704700BF73B2E745AA170020014BB3F91C
:1034100000007047AA170020014B1878704700BFC2
:10342000CC000020014B5888704700BFAA1700202D
:1034300038B50D46D0F8D41090F8970252420B7E62
:10344000CC7E897E234400FB033041F2C703053064
:10345000084402FB00F003FB00F0002802DA00F54C
:103460007F40FF300414FFF7D1FFC0F12A0000FBBA
:1034700005F504EB450000B238BD00BF00B583B0D0
:1034800001A80DF10601FBF75FFCBDF90620054B15
:10349000BDF8040003EA022343EA101003B05DF80C
:1034A00004FB00BF00F0FF00D0F8D4302DE9F04F4E
:1034B00090F8710283B05A7C4008012A00F10100A3
:1034C0005BD0554A94881389D588A3421A4638BFE1
:1034D0002246954240F29880C3EB450501221B1B12
:1034E0002D1B01264D4C4FF0000CA6F10207B4F83D
:1034F00000E00136B7FA87F77F0901EB871101F584
:103500008071AEEB010E8EEAEE77A7EBEE77022F1D
:1035100017DCB4F8088002F10109B4F804A0E788C8
:10352000C245D34638BFC3465F45C8EB4707A8EB43
:103530000A08A7EB0A0704D9F44443443D445FFA60
:1035400089F2B04204F10C04CFDA002D5ADD4FEAC3
:10355000450B4FF47A704FEACB0103FB00F090FB70
:10356000F1F03AB14FF4FA63520103FB0CF393FB11
:10357000F2F3184403B0BDE8F08F274C2389A588E7
:103580001E46E488AB4238BF2E46B44240D9C3EB56
:1035900044045B1BA4EB050B4FF0010E1F4C4FF0D6
:1035A000000CAEF102050EF1010EB5FA85F56D09BC
:1035B00001EBC511258801F500716D1A85EAE576E4
:1035C000A6EBE576042E16DC571C2689B4F8069087
:1035D0000197B246A788C6EB4908BE42A8EB070888
:1035E000A6EB070638BFBA46D14504D9AC44C3445C
:1035F00033449DF80420704504F10C04D1DABBF18A
:10360000000FA6DC0020ACE700231D461A4668E741
:1036100000239B461A46BFE7B0170020BC170020C6
:10362000D0E934232DE9F0410C46597C06460020B0
:1036300001294BF6803518BF4FF4FA45FBF79AFD88
:10364000D6F8D4300746587C144B0128B3F80080D4
:103650009B89A3EB080309D0A3F58073002BB8BFA7
:103660005B42022B09DD0120BDE8F081A3F5007368
:10367000002BB8BF5B42042B0DDC41463046FFF700
:1036800013FF4FF4FA6303FB08F800EB5813002014
:10369000DB1B5B1B2360BDE8F08100BFB01700207F
:1036A0000346081E07D007DD42104FF4FA6101FB04
:1036B000032393FBF0F0704742425210F5E700BF3E
:1036C00000487047B0170020014B024A1A6070474B
:1036D000FC1F0020F0360100014B1868704700BF46
:1036E000FC1F0020014B1868704700BF002000201D
:1036F00021360100A1360100014B1B681B681847E9
:1037000018010020014B1B685B6818471801002056
:10371000014B1B689B68184718010020014B1B6870
:103720001B69184718010020014B1B685B6918478B
:1037300018010020014B1B689B69184718010020E5
:10374000014B1B68DB69184718010020014B1B68FF
:103750009B6A18471801002030B4044C9DF80850AB
:1037600024680295E468A44630BC60471801002034
:1037700000220D49134610B540FA02F4E40744BF95
:10378000CA545C1C02F1010248BFE3B2042AF3D11F
:10379000054AFF24D118032B01D9107110BD013344
:1037A00001F8014BDBB2F6E7102000206BDF0100CF
:1037B00071DF010073DF010099DF010077DF010095
:1037C000A3DF01007DDF0100ADDF010083DF010029
:1037D000B9DF01008FDF010093DF010085DF010009
:1037E0008BDF0100A9DF0100B3DF0100014B187D71
:1037F000704700BF40180020042810B511D883B1CD
:1038000004280CBF10242824A1420AD2064C54F8E4
:10381000200018B141568A42A8BF0A4600201A70FB
:1038200010BD6FF01500FBE7401800200728034685
:1038300011DC10F12D0F10DB094A101890F82E0042
:1038400002EBC00292F93C209A4207D0002918BF2F
:103850000130C0B270471B2070470020704700BF86
:10386000EC540400072808B507DC0021FFF7DEFF51
:10387000034B03EBC003986B08BD3F20FCE700BF80
:10388000EC540400072808B507DCFFF7CFFF044B12
:1038900003EBC00393F93C0008BD0820FCE700BF20
:1038A000EC540400C0B208B520B9044B01229A6060
:1038B0001A6008BD4D21B52002F050F800E010500C
:1038C00010F0FF0008B513D10B4B01225A60DA60EB
:1038D0000A4AC3F800011070D3F8082412F001025C
:1038E00005D1C3F81021C3F81821C3F8142108BD6D
:1038F0007C21B52002F032F800E01050551800206D
:10390000014B01221A7070475518002008B540B9C4
:10391000064BD3F8103113B9054B187808BD0120B8
:10392000FCE7C221B52002F019F800BF00E01050FA
:1039300055180020024BD3F8080400F0010070472E
:1039400000E01050024BD3F8480400F0010070472B
:1039500000E01050024BD3F84004C0B2704700BFE3
:1039600000E0105007490246D1F84C04D1F84C143D
:1039700010F4803005D0D0B201F003031B1A584276
:103980005841704700E0105038B51A4BD3F80C344A
:10399000DA0304D440F27D116D2001F0DFFF164AF6
:1039A0000124164B106A536620F03F00946454645F
:1039B000136CDB03FCD4136A116C03F03F03C1F3F7
:1039C0000A01C1F5806181EAE1750B29A5EBE1757A
:1039D00009DD3F2B04D0013303431362172DE6DCCE
:1039E0000023936438BD0B31F8DA002BF8D0013B8B
:1039F000F2E700BF00E01050000812500100008004
:103A000038B50B4C23781BB100232370FFF7BCFFA4
:103A1000EFF3108572B6637803F0FF000BB9FFF780
:103A20004FFF05B962B6034B00225A6638BD00BF8E
:103A30005818002000081250F8B5104E012704460F
:103A40000D463318DF700AF0B9FA60B934B90C4B7F
:103A500011227771B560C3F80423F8BD40F2291133
:103A60006D2001F07BFF002DF7D01CB90220A84784
:103A7000B460F2E74FF4A271F2E700BF58180020DB
:103A800000E01050044B0022191803EB80034A7128
:103A90009A60CA70704700BF58180020014B188206
:103AA000704700BF58180020014B588A704700BF6C
:103AB00058180020014B188A704700BF5818002082
:103AC00010B5EFF3108472B6064B03445A780132F6
:103AD000D2B25A705B78012B01D1FFF7E3FE04B933
:103AE00062B610BD58180020034610B5EFF31084DD
:103AF00072B611490B445A7822B940F25B216D200D
:103B000001F02CFF5A78013AD2B25A705B7883B92F
:103B10000B7D43B1094BD3F80C34DB0306D44B784F
:103B200003F0FF002BB9FFF7CBFE02E0487D02F067
:103B300095F804B962B610BD5818002000E0105086
:103B400010B50AF03EFA0C4C0AF038FA60B1A37DC9
:103B50003BB90A4B01229A610423E37500232376C3
:103B600010BD0AF031FAF9E703230122E375034B94
:103B7000C3F80423F2E700BF5818002000E01050FB
:103B8000014B01221A62704700E01050044B587E2E
:103B900028B1044BD3F81001B0FA80F04009704707
:103BA0005818002000E0105038B50C4B5D7E5DB910
:103BB00001245C760AF005FA094B1022C3F8105173
:103BC000C3F80423DC6138BDFFF7E0FF0028FAD01A
:103BD00040F297216D2001F0C1FE00BF581800206F
:103BE00000E01050024BD87D003818BF012070470C
:103BF0005818002038B5174C237D23B940F20A31FC
:103C00006D2001F0ABFE01232370A37DC3B9A37E19
:103C1000B3B1227E013B9A4212DA0AF0CFF905468F
:103C200001F0B6FFA37E012B82BF237E01332376F2
:103C300055B1E369C31A0133022B09D935B1E061EB
:103C4000BDE83840FFF77CBF236AF3E72062F7E75F
:103C500038BD00BF5818002037B5184CA37D63B994
:103C6000606A00F00300FFF77DFE30B1EFF31083D0
:103C700072B6E27D1AB103B962B603B030BD01225B
:103C8000E27503B962B608230D4DC5F808334FF449
:103C90002073ADF80630BDF806309BB25A1E92B2C2
:103CA000ADF80620002BF6D1C5F80C3184F8283089
:103CB000FFF746FF0823C5F80433DEE75818002055
:103CC00000E010502DE9F74F4E4C237D002B00F003
:103CD00096800323ADF804304B4BD3F80051D3F852
:103CE0000891D3F8142112B9D3F818216AB100262B
:103CF000C3F81461C3F81861C3F81061637E0BB197
:103D00000AF062F966760AF0FAFA3F4BD3F81031FE
:103D1000002B59D0637E1BB10AF056F9002363765D
:103D2000637913B102238DF80430003D18BF0125DB
:103D300045F01005354E0DF1040A334B4FF00008E5
:103D4000F71EC3F808531AF8010B03280AD03B7872
:103D500043B14FF0000B336887F800B013B19847B8
:103D6000C6F800B008F10103043601374FF001082E
:103D7000022BE8D1B9F1000F08D0234B0022C3F881
:103D800008210422C3F80823FFF766FF94F828608F
:103D9000EA071D4BF6B2D3F80C7108D5E27D032A71
:103DA00005D1A27DA2B90422E27501229A61C7B1B0
:103DB000154B0022C3F80C21E37D042B0DD040F2FB
:103DC0006D316D2001F0CAFD002DD3D00125B1E782
:103DD0000AF0FAF80223E375E9E70223E3750AF033
:103DE000F3F866B1002384F82830E37D022B01D17B
:103DF000FFF7A6FE03B0BDE8F04F0AF0E5B803B048
:103E0000BDE8F08F5818002000E010506018002026
:103E100010B5054C606A00F00300FFF7A3FD002811
:103E2000F8D0002010BD00BF58180020F8B5054696
:103E300050B10278022A07D8437842B9013B1F2BC0
:103E400002D88378212B07D96FF0150088E0002B6A
:103E5000FAD18378002BF7D1634B2022C3F8A0203E
:103E6000BFF34F8FBFF36F8F604EC3F8A0217D2348
:103E70005F4CC6F808330023C6F80031C6F8083195
:103E8000C6F80C316370A370AB886382FFF752FDF4
:103E900010B10123E3706370D6F80C0440F256337E
:103EA00010F4803023821BD0FFF72AFD514801F027
:103EB000ABFE4E4E602360750022C6F804332B78AB
:103EC000A978012B62766262A375A176227620D052
:103ED000022B17D0F3B140F222516D2001F03EFDCC
:103EE000C6F81001FFF7DEFC404AD2F81031002B73
:103EF000FBD0FFF749FD0020FFF7E2FC3E4B00221C
:103F00005A66D3E70AF05DF8D6F80C34D903FBD52E
:103F100002236362FFF716FD40B3FFF71BFD636AE0
:103F200003F00303984221D1AB79D3B9FFF770FFB7
:103F3000A37E63B12B7853B90AF040F8054601F02F
:103F400027FE6FF00043002D4BD0C4E90703012387
:103F5000202200202375244BE075C3F8A0211A62AB
:103F6000F8BD224B0422C3F80423E1E71F4B0122D2
:103F700000215A61C3F8081194F82410C3F84014C2
:103F80001A610422C3F80423AA79002AD0D1D3F8F5
:103F90000423520702D440F2D5419EE7174A17691D
:103FA000116907F0100741F010011161D3F80831D1
:103FB0000BB90AF0FDFB0D4ED6F8083173B1FFF7CF
:103FC00027FF27B90D4A136923F010031361042357
:103FD000C6F808330023C6F80831A9E70AF0E6FB63
:103FE000EAE7C4E90730B2E700E100E000E0105082
:103FF00058180020013A01000008125000ED00E0BE
:1040000038B50C4B0C46197919B183216F2001F09A
:10401000A5FC60B95D790DB1002038BD01225A714F
:10402000FFF74EFD21462846FFF706FDF4E76FF047
:104030001500F2E78418002038B50B4D04462B79A3
:104040001BB19A216F2001F089FC50B96B790BB933
:10405000002038BDFFF716FD20466C71FFF744FDC8
:10406000F6E76FF01500F4E78418002010B501B3EF
:10407000F0B14FF0FF33104A1C46E0FB013494428C
:1040800003D9DB216F2001F069FC1A0DC3F30F1077
:104090000A4B42EA04324FF22444B2FBF4F100EB43
:1040A000024003FB1100B0FBF4F040EA0140013094
:1040B00010BD0846FCE700BF3F420F00000024F49B
:1040C000014B9B68184700BF84180020014BDB6838
:1040D000184700BF84180020014B1B69184700BF18
:1040E0008418002008B5064B1B7923B140F2371124
:1040F0006F2001F033FCBDE80840FFF77BBD00BF37
:1041000084180020034B1A790AB9FFF7CDBC988DAB
:10411000704700BF84180020034B1A790AB9FFF7D3
:10412000C9BC988A704700BF84180020024B1B79D5
:104130000BB9FFF791BD704784180020014B9B69B4
:10414000184700BF8418002038B51D4C237933B3BD
:10415000FFF7C2FF50B91B4DC5F81001FFF7B0FFC4
:10416000D5F81031002BFBD0FFF7B0FF154B6022C4
:10417000C3F80423636A9847002806DB94F82E30BE
:1041800023B10123002084F8303038BDFFF7D6FF7B
:104190000028F6DA40F28D116F2001F0DFFB0A4BA8
:1041A000A3610A4BE3610A4B23620A4BA3600A4BEB
:1041B000E3600A4B2361FFF739FE0028E1D0E4E712
:1041C0008418002000E01050113E0100D5DF0100EE
:1041D000E53B0100C3DF0100C9DF0100CFDF0100C3
:1041E00038B5084B04461D7925B140F2E1116F2026
:1041F00001F0B4FB00F05EFE2046FFF74FFC2846BE
:1042000038BD00BF8418002008B5074800F040FE04
:10421000054800F019F801F071F901F093F800F089
:1042200035FA012008BD00BFB818002008B5054BBD
:104230001A781AB12721032001F090FB58601970F9
:1042400008BD00BFC0180020024B986000221A7001
:104250005A607047C0180020F7B51E4C2378012B18
:10426000DAB204D0022A2ED0012003B0F0BD0DF145
:104270000701606800F026FA65686B7DDB071CD5D6
:10428000AB7F042B19D000F097FE0646A8B100F0D2
:1042900099FE2B69D5E900279A18B36847F1000702
:1042A0000A332CBF012500251B1845EB010593425D
:1042B000BD4102D3606800F0D5FA0023636023702B
:1042C0009DF80700D1E70DF10701606800F006FADC
:1042D000F3E700BFC018002073B505460C4600F098
:1042E0006BFE0646AB7F012B1AD021462B4604F10C
:1042F000180251F8040B914243F8040BF9D1012341
:104300000DF107012846AB7700F0DCF916B101206A
:1043100002B070BD034B042198680AF0A9F9F6E7D2
:104320000020F5E7C0180020024B062198680AF02B
:104330009FB900BFC0180020042300F11802837742
:104340000023037643768376C376044B196811B94C
:104350001A605A60704759680A60FAE7CC18002062
:104360002DE9F843174E002407468846B3682046D7
:1043700033B928B3144B1878BDE8F84301F06EBC8C
:1043800053E9061553F8082CD3F80090521845F15C
:104390000005BA4275EB080510D24CB122681268CC
:1043A0002260A3F11800FFF7C7FF01204B46DFE7AB
:1043B000B268002AF5D01268B260F2E71C46F5E751
:1043C000BDE8F883CC1800201C01002000232DE953
:1043D000F04713600646324B986800285DD0A0F184
:1043E000180550E9063CB3427CEB01040AD250F8B0
:1043F000084CE3184CF1000C9E4271EB0C043CBFDE
:1044000033468C4650F8104C00270A3447F1000020
:10441000E3184CEB000C2846D5F81890B9F1000FC2
:104420003BD059E906E89E4578EB0C0435D290F86C
:1044300014A019F8044CA24526D08CBF01240024F6
:10444000F4B105F11803B645136078EB01030CD203
:1044500059F8083C13EB0E0348F100089E429E46B3
:1044600071EB08033CBFB646884659F8103CA9F1E9
:1044700018000A3347F1000C13EB0E0348EB0C0C49
:10448000AD6955B1183DC7E7B9F80440B0F81CA0B4
:10449000A4EB0A04C4F3C034D2E7BDE8F08700BF40
:1044A000CC1800202DE9F04F85B082834F4A044696
:1044B0000091D2F808C094F81580D0E90030BCF122
:1044C000000F40D0ACF11801002708F00109D1E934
:1044D0000026934270EB06056ED3B9F1000F2CD085
:1044E000277D0D7DAF4228D38D68AD1846F10006BB
:1044F00015F10A0A46F1000E534570EB0E0219D26F
:104500002269D21840F1000792457EEB070B01D2D9
:1045100052467746AA42B7410FD220460024FFF701
:104520000BFF334B187801F099FB009B1C7005B012
:10453000BDE8F08F1A460746ECE78A690F4622B1BC
:10454000A2F11801C3E76246674618F0010F38D0A0
:10455000A168C91840F1000B019192B3019DD2E905
:10456000001615F10A0E4BF10005714576EB0505B5
:1045700027D294F814E0157DAE4519D395686D18CF
:1045800046F1000615F10A0946F100084B4570EBAB
:10459000080113D22169C91840F1000E894578EB52
:1045A0000E0A01D24946C646A9427EEB060EB4D396
:1045B000926932B1183AD1E70A46C6E719468646EB
:1045C000F2E704F118035FB1BA69A261BB6103AA03
:1045D00000200021FFF7FAFE231A5C425C41A4E7A9
:1045E000024AC4F818C09360F1E700BFCC1800205D
:1045F0001C010020F8B5244C0023E360EFF3108287
:1046000072B621686360E160236002B962B6002679
:10461000E36803B9F8BD9A79A3F11800032A07D11A
:104620001A6801219E7153F80C3CE2609847EFE74D
:10463000196851B1A1F11803074600229D7F042D8E
:1046400009D09B7F032B02D1B2B9E16017E063214F
:104650009F2001F083F9B0F81CC09D8BA5EB0C05E1
:104660002D049D6944BF07F118021846002DEBD0B8
:104670001F46A5F11803E1E713681B681360C368C0
:1046800002218677D2E700BFCC18002010B50A4C73
:104690002378FF2B04D04FF483719F2001F05EF943
:1046A000064801F0B1FA064B002220709A601A60A9
:1046B0005A601A8210BD00BF1C010020F5450100A0
:1046C000CC180020044B1A8A10B4541C1C825DF8CC
:1046D000044BFFF7E7BE00BFCC18002037B50446F7
:1046E0000D4601AA00210020FFF770FE231A04F1F5
:1046F0001801584258412870044809F0DFFF10B1F2
:1047000000230120A37703B030BD00BFD4180020E0
:1047100038B5114B044600F118011A68B2B11A6895
:1047200000209AB191420ED108B1A56905601D68BB
:10473000A94204BF12681A605A68914200D15860B9
:104740000023A37707E010461268EAE7034809F060
:10475000B5FF0028F4D138BDCC180020D8180020AF
:1047600037B505460C46FFF7FBFD01AA2846214652
:10477000FFF72CFE28B100F11803034A536103B080
:1047800030BD0346F9E700BFCC18002010B5064C39
:10479000616904F1080009F091FF18B16069002314
:1047A0001838636110BD00BFCC1800209C46144B24
:1047B000F0B59D68FDB115F8043C183D834218D84A
:1047C00012F10A04D5E900364CF10001A34276EB60
:1047D00001070BD22F69FF1846F10006A7428E4150
:1047E00007D3B4F10A0041F1FF31F0BD1C46314658
:1047F000F7E7AD69DEE74FF0FF300146F5E700BFB0
:10480000CC18002008B5837F022B1CD1437D13F008
:10481000020302D00023837708BD03220376437688
:104820008376C3760D4B827700F11802196839B987
:104830001A605A600A4B1878BDE8084001F00EBAB9
:1048400059680A60F5E7837F012BE5D0837F042B4D
:10485000E2D04FF4FA719F2001F080F8CC180020CC
:104860001C01002010B500F118010446084809F0A9
:1048700025FF20B94FF4FF719F2001F06FF820460B
:10488000FFF75AFD034BBDE81040187801F0E6B978
:10489000D41800201C0100202DE9F74FD0F810E0BB
:1048A000BEF1000F04D040F21D219F2001F056F808
:1048B000836890F814800193D0E90014EFF3108915
:1048C00072B6274BB3F810C09B686BB1019D183BC3
:1048D0000A35D3E900264EF1000A6D1844EB0A0AA6
:1048E00095427AEB060707D2B9F1000F35D0C0E93F
:1048F000001403B0BDE8F08F8A4276EB04070CD3B6
:104900001F69BF1846F1000BAF427BEB0A0B34BFA7
:104910000125002575B99B69D7E712F10A0A9D6840
:1049200046F1000715EB0A0547F10007A94274EBB1
:104930000707ECE71D7DA84509D0ECD912F10A0163
:104940009D6846F10004691844F10004E3E79D8B7B
:10495000A5EB0C052D04DED5F0E762B6C7E700BF76
:10496000CC180020034B187800F0FD00431E58427D
:1049700058417047E8180020024B0521586809F09B
:1049800077BE00BFE818002038B5FFF7FFFE00250E
:1049900080B1094CC4E90205256100F0F1FCA06872
:1049A000022329468377C3689847D4E9060109F0B2
:1049B00043FC012038BD00BFE8180020064B986872
:1049C00010B520B94FF42471B02000F0C7FFC368C0
:1049D0000521BDE810401847E81800202DE9F74FE1
:1049E0002F4C814694F82430266A002B3AD1FFF7E9
:1049F000B9FF804618B1E38C9E4238BF1E4600F0D6
:104A0000BBFD83190F46054641F100011846CDE96B
:104A10000013FFF7A5FE40B3019B0099D0E900AB5E
:104A2000534571EB0B0205D2BAEB060553465946C6
:104A30006BF1000728461B4AC4E9063100233946BA
:104A4000C4E90A57236300F06BFD5046594609F04C
:104A500052FCB8F1000F02D0E38C9E421DD002231D
:104A6000114A13E04FF00008C9E794F8243033B13D
:104A70002378023B012B02D8636B01209847002565
:104A800084F8245009F038FC2B46084A84F8383062
:104A9000C9F8002003B0BDE8F08F0123E0E700BFB4
:104AA000E818002079490100DD4B010079E201009E
:104AB0002DE9F04780460F469146444C002B6FD0BD
:104AC0004FF0000AD3E90065C4F830A0864275EBC8
:104AD00001033CBF0D46064629463046C4E906653B
:104AE00009F009FCE38CB6EB080803F1640365EBFD
:104AF000070743455346BB410FDA94F824304BB1C6
:104B00002378023B012B02D8636B012098470023D6
:104B100084F82430FFF726FF8246236A03F5E17309
:104B2000984577F100071CDABAF1000F10D0E08C3D
:104B3000274A301A65F10001C4E90A0100F0F0FCCF
:104B40000623244A84F83830C9F80020BDE8F087ED
:104B50001F4A30462946C4E90A6500F0E1FC0523F6
:104B6000EFE709F0CBFBFFF7B1FAE08C236ABAF16B
:104B7000000F0BD0984209D9301A154A65F100018F
:104B8000C4E90A0100F0CCFC0123DAE7F01A104A6C
:104B900065F10001C4E90A0100F0C2FC0223D0E77C
:104BA00094F8243033B12378023B012B02D8636B95
:104BB00001209847002584F8245009F09FFBFFF757
:104BC00085FA09F099FB2B46034ABBE7E818002059
:104BD00079490100DD4B010079E20100023970B52D
:104BE0000546032900F20D81DFE801F006020840C6
:104BF000854B002283F83920002024E0824C94F871
:104C00003830042B09D8022B28D8013B012B1BD9A3
:104C100040F27911B02000F0A1FE053B012BF7D83E
:104C2000FFF71AFB0028E7D000F096FC00F0A4FC88
:104C300006460C46FFF794FD2A46034621463046B9
:104C4000FFF736FF022070BDFFF706FB0028D3D028
:104C500000F082FC2846FFF7C1FEF3E7FFF7FCFAFD
:104C60000028C9D0012384F83930C5E7664C94F890
:104C70003830013B052B00F2C180DFE803F0032947
:104C800056788097FFF76EFE10B194F8240010B1AB
:104C900040F28311BEE7636B9847012384F8243008
:104CA00000F06AFCA36A594AC01A236B9842ACBF51
:104CB0002063236304F118000BC8C01A61F10001DE
:104CC000C4E90A0100F02CFC022384F8383093E791
:104CD00009F013FBFFF7F4F900F04EFCA36AC21AC7
:104CE000236B9A42B8BF1A462263FFF73BFED4E912
:104CF000063168B194F8240050B9E28C981A434AFE
:104D000061F10001C4E90A0100F00AFC0323DCE7B9
:104D1000323B41F1FF31981841EBE2713B4AC4E963
:104D20000A0100F0FDFB0423CFE7FFF71BFE10B1E3
:104D300094F8245015B14FF4DA716BE700F01CFCC5
:104D4000A36AC01A236B9842ACBF20632363284632
:104D5000636B98470123D4E9060184F82430323884
:104D6000236B41F1FF31C01841EBE371D6E700F04E
:104D700037FB78B194F83930002B7FF457AFFFF749
:104D800003FE00283FF452AF002384F83830204B54
:104D90002B6057E700200021FFF7E2FC08B1FFF786
:104DA00061FD09F0ABFAFFF791F953E7FFF7DAFD80
:104DB00010B194F8245015B14FF4FD712AE700F0BA
:104DC000DBFBA36AC01A236B9842ACBF206323634A
:104DD0002846636B984701230C4A84F82430236BE0
:104DE000D4E90601323841F1FF31C01841EBE371DB
:104DF000C4E90A0100F094FB052366E74FF404714F
:104E000008E740F2152105E7E8180020794901007C
:104E1000154E010002392DE9F041064604292FD82C
:104E2000DFE801F0030A0C2E0F00184A1378003B4C
:104E300018BF012382F8243000201FE0FFF70CFA8E
:104E4000FAE7DFF8488000F0ABFA00F095FB0C467B
:104E50000546FFF785FC0746D8F80800FFF7D2FCA7
:104E6000002300222846C8F8083000232146C8E95C
:104E700006233B463246FFF71BFE0220BDE8F081C9
:104E800040F23B21B02000F069FD00BFE81800208F
:104E9000064A002310B5064C0260606084F8383082
:104EA0002370FFF739F93230206210BD79E201003A
:104EB000E818002008B5074B5A681168064A914265
:104EC00004D040F27521B02000F048FD3230186265
:104ED00008BD00BFE818002079E2010010B5EFF32B
:104EE000108472B6034B0421586809F0C1FB04B961
:104EF00062B610BDE818002008B5094B9A6822B9BF
:104F000040F29621B02000F029FDD3E90621BDE84A
:104F100008408018034A41F1000100F001BB00BFC6
:104F2000E8180020BD49010008B5064B9B6823B96D
:104F30004FF42771B02000F011FDBDE8084000F0EB
:104F40000BBB00BFE818002008B5054B9A6822B9D2
:104F500040F2A221B02000F001FDD86008BD00BFE2
:104F6000E818002008B5054B9A6822B94FF42A7159
:104F7000B02000F0F3FC186108BD00BFE818002065
:104F8000054B1B6910B523B940F2AE21B02000F0EB
:104F9000E5FCBDE810401847E8180020054BDB6829
:104FA00010B523B94FF42D71B02000F0D7FCBDE847
:104FB00010401847E8180020014B9868704700BF60
:104FC000E818002008B5054B9A6822B940F2BF21C5
:104FD000B02000F0C3FCD3E9060108BDE8180020AA
:104FE00008B5FFF7BFFC08B1014BD88C08BD00BF66
:104FF000E81800200028ADBF00F1604000F00F006D
:10500000044B00F56140B4BF185C90F80003400900
:10501000704700BF14ED00E02DE9F04105460E4653
:10502000E1B9114F3B681BB18621452000F096FC89
:1050300038600E48FFF788FF0D48FFF793FF09F02F
:1050400097F86B7D04465B0708D508F0D0FF0A345B
:10505000241A7C6000F0A2FA0028FBD02B6A3146AB
:10506000686ABDE8F04118472819002095500100F2
:1050700075500100064B1B6810B51BB97221452005
:1050800000F06CFC1A6A0421586ABDE81040104711
:1050900028190020064B1B6810B51BB96C21452050
:1050A00000F05CFC1A6A0321586ABDE81040104702
:1050B00028190020024B00221A601A81704700BF95
:1050C0002819002008B5074B1A681AB9B9214520DC
:1050D00000F044FC0449D16000221A60BDE8084099
:1050E000FFF722B9281900201950010030B587B008
:1050F0000C46182200210546684609F0CDFB637A6C
:105100004FF000026168C3F38003029183F0010352
:1051100063F38202237A8DF81430224B8DF8152028
:10512000039323785BBB9DF81500D4E90432400754
:10513000CDE9003207D50A3B01F10A0142F1FF3205
:105140000291CDE90032637A69469DF81520C3F3D8
:10515000400322F003025B0043F0010313438DF888
:105160001530114B5868C0F30800B8B11038FFF77C
:1051700041FF98B92846FFF7AFF807B030BD236963
:10518000049308F02EFF9DF815305B0744BF029B87
:105190000A33CDE9000148BF0293D4E7284608F05E
:1051A0002EFFEAE71950010000ED00E008B50A4BB8
:1051B00002465868C0F3080040B11038FFF71AFFE4
:1051C00020B91046BDE8084008F05FBF1046BDE8B2
:1051D000084008F02BBF00BF00ED00E0174B10B5F2
:1051E0000446586886B0C0F3080010B9002006B025
:1051F00010BD1038FFF7FEFE0028F7D1D1E90423D7
:10520000CDE90400CDE900234B6802930B7A8DF8B9
:1052100014300B4B03934B7A6946C3F340035B0096
:1052200043F00102C0F30723204623F00303134396
:105230008DF8153008F092FFD9E700BF00ED00E0CF
:105240001950010008B50A4B1B6823B94FF4EE71E1
:10525000452000F083FB5B7D5B0703D4BDE808407D
:1052600008F086BF08F084FF0A3041F1000108BD54
:10527000281900207FB508F0B4FE002305930B4BDE
:10528000039340F21E2302934FF0FF33CDE9000158
:10529000694607480493FFF71FF818B9B021432067
:1052A00000F05CFB07B05DF804FB00BFD9520100C1
:1052B0006019002010B5074C94F820304BB9FEF768
:1052C0000BFF30B9012384F82030BDE81040FFF710
:1052D000D1BF10BD6019002008B505292DD8DFE821
:1052E00001F0032E282C2C0D08F077FE144808F04E
:1052F00041FF1E38BDE8084008F075BEFEF7ECFE21
:1053000038B10F4B002283F82020BDE80840FFF79A
:105310000BB808F064FE08B908F05FFE00214FF4F6
:10532000007008F0EDFE0028E0D1CE21432000F00F
:1053300015FBBDE80840FFF79DBFDA21F6E708BD81
:10534000601900204FF000430B4A0021C2F8803062
:10535000A2F58022C2F88031012302F57832C2F82A
:105360000435A2F58022C2F804352022034B1846EA
:1053700083F8201009F090BA00400C50601900200A
:1053800008B51DF0A1FD054AD2F8583743F00103D6
:10539000C2F85837BDE80840FFF78CBF00200E5018
:1053A00008B51DF0A1FD0B4AD2F8583723F00103D0
:1053B000C2F858370122084B5A604FF0FF32C3F849
:1053C00008232022054BC3F89021BDE8084000F0D7
:1053D000C3B800BF00200E500050085000E100E0AC
:1053E00008B5FEF779FEB0B90D4BD3F800314BB9D3
:1053F0000C4A536A0133312B53620BD9812143206C
:1054000000F0ACFA08F0EBFD08B18521F7E708F0F1
:10541000E2FD012008BD034B00225A62F9E700BFFC
:1054200000E010506019002040F20251014808B518
:1054300000F08AFA070105001848202208B5C0F8D4
:105440009020BFF34F8FBFF36F8F154BC0F89021A3
:10545000D3F8041521F00301C3F80415D3F8081597
:1054600041F00301C3F8081592FAA2F1B1FA81F1F3
:10547000092904DD40F29F310A4800F065FAC3F8BB
:10548000101501215960D9604FF00041C3F8801018
:105490004FF0FF31C3F80813026108BD00E100E0DE
:1054A0000050085007010500124B4FF4E062C3F8AA
:1054B00038230022C3F8AC25C3F8BC25C3F8CC259B
:1054C000C3F82021C3F82421C3F8282120220A4B45
:1054D000C3F89C21C3F89C20BFF34F8FBFF36F8F9D
:1054E000C3F89020BFF34F8FBFF36F8FC3F89021A5
:1054F000704700BF00200E5000E100E008B5FFF744
:10550000D3FF054B4FF4A062C3F834232022034B92
:10551000C3F89C21DA6108BD00200E5000E100E0D4
:105520000B4B10B51C681CB14B21042000F016FA7F
:10553000B1F5801F1A6001D3FFF776FF054B0122FA
:10554000C3F8A005C3F8A415C3F8AC2510BD00BF6F
:105550008819002000200E50054A136833B100233B
:105560000449C1F8AC35C1F820311360704700BF61
:105570008819002000200E5030B54FF0FF30064C47
:105580006FF04041D4E90023904271EB0305F9D359
:105590001046C3F3130130BD40270E5008B5FFF786
:1055A000EBFF044BD3E90223904299412CBF012029
:1055B000002008BD8819002008B5FFF73DFF024B09
:1055C00001221A6008BD00BF0050085010B5FFF757
:1055D00033FF0F4C0023C4F8BC35C4F82431FFF767
:1055E000CBFF0A3041F10001B1F5801F01D1FFF777
:1055F0001BFF4FF00043C4F8B005C4F8B415C4F85D
:10560000A4310123C4F8BC35024BC3E9020110BD2B
:1056100000200E5088190020144BD3F8342312F4C4
:10562000A06F10B503D1FA21042000F097F9D3F848
:10563000202162B100220E49C3F8AC25C3F8202115
:105640000B6813B94FF48171EEE70A609847074B76
:10565000D3F828214AB10022C3F8CC25C3F8282169
:10566000034BBDE810401B69184710BD00200E50C9
:1056700088190020034610B3007888B91A79012AE6
:105680001ED85A79012A1BD89A680E49643A8A4270
:1056900016D8D8680C4B98422CBF002001207047C8
:1056A00001280CD11A79012A09D85A79012A06D879
:1056B000DA680449643A8A4201D89868EAE7002027
:1056C000704700BF3C8601000040420F70B50446A1
:1056D00008F087FC40F2F966656AD4E90632963331
:1056E00042F100025B1905F5DF6542F10002B5FBEE
:1056F000F6F55B1942F1000283428A410ED294F81A
:105700002A30052B03D0B3216A2000F027F90A21A3
:10571000236A94F858009847B621F5E7044C2368AB
:1057200013B1984700232360BDE87040FFF7CABC5F
:105730009C19002070B504460D4639B9012380F844
:105740005930FFF7C3FF0226304670BD0E78032E96
:1057500070D801A353F826F047570100695701009C
:10576000D35701008B5701004868C72801D800268D
:10577000EAE7042108F0C4FC0028F8D008F035FC62
:105780006968204608F0DFFDDEE790F8286006BB78
:105790004D682846FFF76EFF00284BD02B78D3B911
:1057A000012121702B796A79003B18BF0123002A5F
:1057B00014BF0422022243F004032272AA68A53215
:1057C0006260EA6863720323226184F82A3084F8F5
:1057D00029102046B5E794F82A30052B04D040F272
:1057E00093116A2000F0BAF8267004F130002B798A
:1057F0006A79003B18BF0123002A14BF0422022249
:1058000043F004032272EA686372A532A9686260F9
:10581000D4E906325B1842EBE1722146C4E9043256
:10582000042384F82A30FFF761FC0028D1D140F22C
:105830009511D6E7012384F85930CAE72DE9F843DA
:105840008846074658B300F02FF84FF00009044689
:105850005FFA89F6B44203D86FF00B00BDE8F88315
:10586000304609F1010900F025F890F82A50002D82
:10587000EED1304600F01EF80A490446058580F84E
:105880002A50024680F85860303008F00CFD0123A1
:105890002762284684F82A3088F80060DEE76FF037
:1058A0001500DBE755E30100014B1879704700BF95
:1058B000A0190020044B1A79824283BF1B68602222
:1058C00002FB003000207047A01900200A4610F0AB
:1058D000030110B50AD1074C2271206008B90020DD
:1058E00010BD60235A4308F0D7FFF8E76FF00D00B2
:1058F000F6E700BFA0190020BFF34F8F0549064B04
:10590000CA6802F4E0621343CB60BFF34F8F00BF5D
:10591000FDE700BF00ED00E00400FA05084B01229E
:105920005A604FF0FF32C3F808238022054BC3F8BA
:105930008820BFF34F8FBFF36F8FC3F88821704764
:105940000070045000E100E008B572B6024B5B68DD
:1059500003B19847FFF7D0FFA81900201FB572B612
:10596000144B5C6894B9FFF7C7FFB2FBF6F22B4605
:105970005D1C002AF9D1DBB203F110056D4405F876
:105980000C2C0A2233B901A8A047ECE702460023F9
:105990000A26EDE7013BDBB203F110050DEB05062E
:1059A000B0FBF2F502FB1500303006F80C0C28466F
:1059B000E8E700BFA8190020F8B5234F05460C46BC
:1059C00016463B78002B3CD108F0F7FA7E601F4B5F
:1059D00001263C814FF48062C3F8A4601C4BC3F8DD
:1059E0009020BFF34F8FBFF36F8FC3F89021FFF765
:1059F00095FF184B002D14BF28461846FEF7A4FB50
:105A00000546E0B9FFF756FBFEF790FB08F07FFD77
:105A1000FEF7FAFB18B9B8211120FFF79FFF002C01
:105A20000BDB04F01F036409A4009E4004F16044F2
:105A300004F56144C4F88061266001233B70284668
:105A4000F8BD4FF0FF35FAE7A819002000A0085074
:105A500000E100E004560400074BB3F90830002BC6
:105A600009DB5A09012103F01F03994002F14003A9
:105A7000024A42F823107047A819002000E100E014
:105A8000014B1878704700BFA81900202DE9F84F86
:105A90000746894693469846374CDFF8F0A0374DC5
:105AA0002E780136F6B2D5E84F3F0133DBB2C5E8B8
:105AB000403F0028F7D101216160C4F80001C4F81B
:105AC0000401EFF3108072B62D4BC5F80490AB6063
:105AD000C5E905B33B68C4F810357B68C4F81435D4
:105AE000BB68C4F81835FB68C4F81C35254BC4F8EE
:105AF00030351033C4F83835216000B962B6D4F8B7
:105B000000312BB9D4F8043113B92B789E421CD044
:105B1000B8F1000F09D00A9B3BB1D4F840350A9A7E
:105B2000C8F80030D4F83C351360D4F80431002BA9
:105B3000B5D12978B142B2D1C4F80031C4F80431EA
:105B40000323C4F80833BDE8F88FDAF81030DB0619
:105B5000D5D503238021C4F804330B4BC3F8881137
:105B6000D4F80031002BCAD1D4F80431002BC6D1AF
:105B700008F01CFEC3E700BF00700450B4190020F9
:105B80001000000BB819002000E100E000ED00E07B
:105B90001A4B4FF4000270B5C3F89820BFF34F8F33
:105BA000BFF36F8F164C0021164DC4F80011C3F8D7
:105BB00098212E692B6906F0100643F010032B6123
:105BC0000123C4F804332360D4F800319BB11EB91B
:105BD0002B6923F010032B610123D4F808054FF43F
:105BE00000026360C4F808330023C4F80031034B9B
:105BF000C3F8982170BD08F0D9FDE5E700E100E0A9
:105C000000700D5000ED00E038B50B49042301EBA6
:105C1000C302157905F0FF042DB1013BF7D24021F5
:105C20006920FFF79BFE41F8330001215471D8B27F
:105C30009471117138BD00BFD8190020042808B52F
:105C400003D947216920FFF789FE034B002203EBAC
:105C5000C0031A7108BD00BFD8190020042808B578
:105C600003D950216920FFF779FE094B03EBC000EF
:105C70000379012B01D05121F4E743798279013373
:105C8000DBB29A4218BF4371BDE80840FFF7E4BE9B
:105C9000D819002038B505240F4D95F8281005EBCC
:105CA000C1031A79012A09D158799A79904205D00D
:105CB0005A79D2B29A7155F83130984795F8283010
:105CC000013C0133DBB2052B28BF002314F0FF0495
:105CD00085F82830E1D138BDD8190020094B0A4A8F
:105CE000C3F800230132C3F80C230132C3F8182390
:105CF0000132C3F820230132C3F81C230132C3F858
:105D00001021704700A0085004000080074B0022BB
:105D1000C3F80023C3F80C23C3F81823C3F82023C7
:105D2000C3F81C23C3F81021704700BF00A008501F
:105D3000844641EA000313F0030359D1403A33D3B8
:105D4000F0B4F0C9F0C0F0C9F0C0F0C9F0C0F0C9BB
:105D5000F0C0403AF5D2F0BC26E0403A24D300BF70
:105D60000B6803604B6843608B688360CB68C360DB
:105D70000B6903614B6943618B698361CB69C361C3
:105D80000B6A03624B6A43628B6A8362CB6AC362AB
:105D90000B6B03634B6B43638B6B8363CB6BC36393
:105DA00040304031403ADBD230320BD30B680360D5
:105DB0004B6843608B688360CB68C36010301031E0
:105DC000103AF3D20C3205D351F8043B40F8043BAF
:105DD000043AF9D2043208D0D2071CBF11F8013BB3
:105DE00000F8013B01D30B8803806046704700BF79
:105DF000082A13D38B07B0D010F00303ADD0C3F142
:105E00000403D21ADB071CBF11F8013B00F8013B69
:105E1000A3D331F8023B20F8023B9EE7043AD9D3E2
:105E2000013A11F8013B00F8013BF9D20B780370FD
:105E30004B7843708B78837060467047014B1B68CA
:105E40001B68184720010020014B1B685B6818473E
:105E500020010020014B1B689B681847200100208F
:105E6000014B1B681B69184720010020034B186871
:105E7000034BC01A18BF0120704700BF200100204B
:105E8000845E0100DFE80100EBE80100EFE80100BB
:105E9000F7E80100FBE8010081F0004102E000BFEB
:105EA00083F0004330B54FEA41044FEA430594EADA
:105EB000050F08BF90EA020F1FBF54EA000C55EA15
:105EC000020C7FEA645C7FEA655C00F0E2804FEAE6
:105ED0005454D4EB5555B8BF6D420CDD2C4480EAC8
:105EE000020281EA030382EA000083EA010180EAF8
:105EF000020281EA0303362D88BF30BD11F0004F46
:105F00004FEA01314FF4801C4CEA113102D040427B
:105F100061EB410113F0004F4FEA03334CEA1333B6
:105F200002D0524263EB430394EA050F00F0A780CE
:105F3000A4F10104D5F1200E0DDB02FA0EFC22FAC9
:105F400005F2801841F1000103FA0EF2801843FABD
:105F500005F359410EE0A5F120050EF1200E012AAE
:105F600003FA0EFC28BF4CF0020C43FA05F3C018EC
:105F700051EBE37101F0004507D54FF0000EDCF165
:105F8000000C7EEB00006EEB0101B1F5801F1BD30E
:105F9000B1F5001F0CD349085FEA30004FEA3C0C12
:105FA00004F101044FEA445212F5800F80F09A8008
:105FB000BCF1004F08BF5FEA500C50F1000041EB0C
:105FC000045141EA050130BD5FEA4C0C404141EB10
:105FD0000101013C28BFB1F5801FE9D291F0000F0B
:105FE00004BF01460020B1FA81F308BF2033A3F1BA
:105FF0000B03B3F120020CDA0C3208DD02F1140CB1
:10600000C2F10C0201FA0CF021FA02F10CE002F1EB
:106010001402D8BFC2F1200C01FA02F120FA0CFCE4
:10602000DCBF41EA0C019040E41AA2BF01EB04512D
:10603000294330BD6FEA04041F3C1CDA0C340EDC2B
:1060400004F11404C4F1200220FA04F001FA02F36E
:1060500040EA030021FA04F345EA030130BDC4F12C
:106060000C04C4F1200220FA02F001FA04F340EA21
:106070000300294630BD21FA04F0294630BD94F0D2
:10608000000F83F4801306BF81F480110134013DB9
:106090004EE77FEA645C18BF7FEA655C29D094EA2A
:1060A000050F08BF90EA020F05D054EA000C04BFA8
:1060B0001946104630BD91EA030F1EBF0021002093
:1060C00030BD5FEA545C05D14000494128BF41F032
:1060D000004130BD14F580043CBF01F5801130BD96
:1060E00001F0004545F0FE4141F470014FF0000021
:1060F00030BD7FEA645C1ABF194610467FEA655CD2
:106100001CBF0B46024650EA013406BF52EA033573
:1061100091EA030F41F4002130BD00BF90F0000F61
:1061200004BF0021704730B54FF4806404F132049D
:106130004FF000054FF0000150E700BF90F0000F56
:1061400004BF0021704730B54FF4806404F132047D
:1061500010F0004548BF40424FF000013EE700BF4D
:1061600042004FEAE2014FEA31014FEA02701FBFDD
:1061700012F07F4393F07F4F81F06051704732F00F
:106180007F4208BF704793F07F4F04BF41F4002166
:10619000704730B54FF4607401F0004521F00041C4
:1061A0001CE700BF50EA010208BF704730B54FF04E
:1061B00000050AE050EA010208BF704730B511F04F
:1061C000004502D5404261EB41014FF4806404F187
:1061D00032045FEA915C3FF4D8AE4FF003025FEA0D
:1061E000DC0C18BF03325FEADC0C18BF033202EB91
:1061F000DC02C2F1200300FA03FC20FA02F001FAEB
:1062000003FE40EA0E0021FA02F11444BDE600BF8D
:1062100053B94AB9002908BF00281CBF4FF0FF310D
:106220004FF0FF3000F00CB8ADF1080C6DE904CE72
:1062300008F07FFBDDF804E0DDE9022304B07047DD
:10624000704700BF08B5EAF77DFDF2F7B5FAEAF747
:1062500047FB002008BDF1F77BBE04F0F5BB04F05E
:10626000F6BB04F0EEBB0346022200201A700522A2
:1062700058709A70FC22D8705A71512218719A7114
:106280007A22DA716FF016021A7258225A722C2290
:106290009A726F22DA72704703F0DDBF70B5044660
:1062A000F7F7DCF8012805461AD1601CF7F7DEF88D
:1062B000B0B1A3790020E61D63F03F03A371F2F7AC
:1062C0000DFC38B110220021304608F0E5FA00201C
:1062D000257070BD3046F7F7DDF80028F2D0F6E7FC
:1062E0000025F4E710B504461022002108F0D4FA86
:1062F00004F1100310220021184608F0CDFAF7F738
:10630000E3F80020F2F7EAFB20B12046F7F7C2F8E5
:10631000002010BDF7F7A2F80028F6D0F8E710B576
:106320000446FFF735FCB0F5007F09DA10F5007F71
:1063300008DD031EB8BF03339B100020237010BD7F
:106340007F23FAE76FF07E03F7E70078003818BF85
:10635000012003F05DBF37B505460C4600880DF1FE
:10636000060104F088F82B882380BDF8063063808E
:1063700003B030BD38B505460C46EAF7F7FC30B13E
:106380003E2D04D12046BDE83840EAF733BD38BD84
:1063900037B504462046F3F715F9022805460FD015
:1063A00004280DD12378092B0DD0262B21D020468F
:1063B00000F038F8A1782078FFF7DCFF0028E9D05A
:1063C000284603B030BD05213E20FFF7D3FF00284B
:1063D000EDD1E37801A92279684643EA0223ADF8BA
:1063E000003004F0A5F90028D4D053210820EAF7A2
:1063F0003BFA1A213E20FFF7BDFF0028D7D1637971
:106400006946A27901A843EA0223ADF804301123BA
:106410008DF80630F1F794FD0028BBD06621E5E742
:1064200005F0F0BF10B5037804463D2B43D8002B90
:1064300043D0013B3C2B40D8DFE813F0510055001E
:106440005900C0003F0088008E0094009A00A00010
:10645000A400A600B600BC0042003F005E003F0062
:106460006200AA00B000CA00D000C4003F00D600FD
:106470003F00E400FE0004010A013F0010011B017F
:1064800021013F00250133019401720186018E0133
:106490007801800139013F004C01520158015E0131
:1064A000640168016C01B201B801BE01C4019A0126
:1064B000A001AC01A601FF2B10D04FF4EF7108E052
:1064C0000E23B0F80320037042F283039A4203D0F4
:1064D0003221C720EAF7C8F90623637010BD0C23E8
:1064E00003700823F9E71A2303700123F5E73E231D
:1064F00003700223A370F1E73E2303700B23F9E737
:106500002920EAF777FC28B13E2323702223637009
:106510002923EFE70A20EAF76DFC3E23237018B128
:106520001F2363700A23E5E70123A370132363701D
:10653000E37903F00103E371D4F81A30C4F80E30A4
:10654000E38B638294F820302375C7E73E23037002
:10655000042343701423CDE73E2303700C234370C0
:106560000423C7E73E2303700A2343700323C1E7D4
:106570003E2303700D2343700523BBE705232370DF
:106580000423AAE70823FAE7302303700323A4E7D0
:106590003E2303700B2343700723ABE73E230370B6
:1065A000062343700C23A5E71323037083789B0015
:1065B000013392E75723037002238EE73E230370D3
:1065C0000D2397E73E23037001234370112391E7C6
:1065D0003E2303700623437012238BE73E23037090
:1065E00009234370132385E73E2303702420EAF731
:1065F00001FC18B12423A37014236EE70E23A370AB
:1066000010236AE73E2303702520EAF7F3FB227B81
:1066100020B125230B32A37062705FE70F2304F1D2
:106620000B0104F10800A37002F108030232637049
:10663000BDE8104008F019B93E23037003234370EE
:10664000102357E73E23037005234370202351E7AF
:106650003E2303700923437021234BE73E2303703D
:106660002620EAF7C7FB18230028C4D02622A270F0
:1066700033E73E2303700423437027233AE73E2386
:106680000370282336E73E2303702A20EAF7B2FB83
:1066900018B12B2363702A232CE71D236370192361
:1066A00028E73E230370072343701A2322E73E2383
:1066B00003703820EAF79EFB18B13823A370262315
:1066C0000BE72C23A37020236370E38A03F00F03EE
:1066D000E38203E73E2303704C2343702D2309E735
:1066E0003E230370042343702E2303E73E230370ED
:1066F000222343702F23FDE63E23037016234370AD
:106700003023F7E63E2303703123F3E63E23037084
:106710003223EFE63E230370022343703323E9E67E
:106720003E230370142343702223E3E63E230370C9
:10673000037C5B000F3343701D23DBE63E230370B5
:10674000032343701E23D5E63E230370037D5B00C5
:10675000133343701B23CDE63E23037003234370A2
:106760001C23C7E63E230370052343701F23C1E6A5
:10677000FF2303700B234370A223BBE6FF230370A8
:1067800005234370A323B5E6FF2303700D23437055
:106790008023AFE6FF230370292343708123A9E6FA
:1067A0003E2303700C2343702323A3E63E23037090
:1067B0000E23437037239DE63E2303700A23437064
:1067C000352397E63E230370FE2343702B2391E687
:1067D00008B510B96FF0150008BDFFF721FE0028BD
:1067E000F8D00020F8E710B50C4648B141B1FFF7EA
:1067F000CFFD002820700CBF6FF02200002010BDDC
:106800006FF01500FBE7F8B5941C0E4605461746D9
:106810000C446343B3F5004FA8BF4FF0FF3310F0B3
:1068200003019CB203D0B0211420EAF71DF8B4F59F
:10683000004F01D9B121F7E71422043008F02CF8F9
:10684000EF746C802E80F8BD38B50388C4888B4205
:106850000589C4F30E0203D2D1211420EAF704F80B
:1068600084EA0503C3F30E030BB9AC4206D102F16F
:1068700018030122C1528274184438BD1846FCE73F
:10688000023101444A43B2F5004FA8BF4FF0FF3236
:1068900090B21B3020F00300B0F5004F34BF00B2BF
:1068A0004FF0FF30704740881B3020F00300B0F5F8
:1068B000004F34BF00B24FF0FF3080B2704738B5A0
:1068C00003888B4203D2F7211420E9F7CDFF857CA2
:1068D00065B1C388C3F30E031833C25A8A4207D383
:1068E000C152811DEAF796FA00238374284638BD09
:1068F0000025FBE703461830F0B59E88DD88B4B26A
:10690000C6F30E06A54214D05F89DD7C845B3D444E
:10691000E41B0235A4B2354428440D88A54284BF47
:106920000C8025465989B1FA81F149091170DD8140
:10693000F0BD00252846FAE7F8B582880026C3890D
:1069400004460D4692B20E60CBB14189C2F30E02ED
:106950000B4418329BB28718825A4381934204D960
:106960004FF4A2711420E9F77FFF04D1011DEAF76B
:1069700051FA46812F6000230120E381F8BD1846BB
:10698000FCE78388014602899BB29A4202D0083113
:10699000EAF740BA70478388C0889BB2C31A58424E
:1069A00058417047828873B595B2C488C2F30E020D
:1069B000AC4202F1180212D04189C689835A31448F
:1069C00099420EDB0DF10601ADF80650EAF722FA06
:1069D000BDF80600001B18BF012002B070BD0020EA
:1069E000FBE70120F9E770B5C48803460689183033
:1069F000C4F30E0584EA0602C2F30E020AB9B442D9
:106A00000FD19C891A880CB1465B921B914207DC1E
:106A1000DA7C2C440232224410440A461A8270BDA9
:106A200000221046FAE7F8B5038A002B38D08B42D3
:106A300036D3C48800F118038589C4F30E041E19E7
:106A400095B91D55757085891E5B0D443144ADB2F5
:106A500085811953D2B1811DEAF7DCF900238381C6
:106A6000002303820120F8BD1E5BAE4204D04FF428
:106A7000F6711420E9F7F8FEC57C2644878A0235B2
:106A800035445E195F53857DB570DCE7C27C2544D3
:106A900002322A4499189B5A83828B788375DFE7E8
:106AA0000020E0E78388C2889BB29A4206D04289E0
:106AB00022B9C3F30E0318331844704700207047FF
:106AC000C37C0233C8187047C37C0233C81A7047AE
:106AD0000230704738B58388C2889BB29A4207D08B
:106AE00045892DB9011DEAF795F9C581012038BD09
:106AF0000020FCE703881380C388C3F30E03183318
:106B0000034480890B6070470368002223B9C0E901
:106B10000132031D0360704759681B680A44F5E79A
:106B20000729034670B504D84FF4EC711520E9F736
:106B30009BFE0068C0B1446806461A688C4210D0BB
:106B4000106860B901F10805AC420DD3546850508B
:106B50001868651A541800686560505002E01346C2
:106B6000E9E7146830461C6070BD0023C1E90032BB
:106B700003680B600160704730B590B18478B1FB59
:106B8000F4F304FB131300EB430252898A4201D150
:106B9000D8B230BDC27822B900F10803D0B2844225
:106BA00001D8FF20F5E733F8025F01328D42F5D1BD
:106BB000EFE78278038805324B4303EB4203184426
:106BC0007047002307B5CDE900338DF8060068460D
:106BD000EAF700FBB0FA80F0400903B05DF804FB6F
:106BE00037B500240546CDE900448DF80600684617
:106BF000ADF80440EAF7EEFABDF8044008B103B07E
:106C000030BD29462046EAF7C1FA0028EFD040F20D
:106C100035211720E9F728FE70B51E460D460921DB
:106C2000FFF72EFE0446324609212846FFF728FECC
:106C300040EA04031B0454BF00194FF0FF3070BD3D
:106C4000D31D23F0070370B5083390B110F007048B
:106C500003D058212220E9F707FE04604FF6FF75A4
:106C6000C28000F108040A468180013A92B2AA4229
:106C700003D103FB01F0083070BD06682660046094
:106C80001C44F2E718B1C2888188FFF7D9BF70476A
:106C90000346EFF3108272B6006830B101681960E4
:106CA0000023037043708370C37002B962B67047EB
:106CB000EFF3108372B602680A60016003B962B62E
:106CC000704781F00101490010B5C9B2FF238370FC
:106CD00043181C7D012C07D10C3120F81120022211
:106CE0001A750023837010BD0131C9B243181C7D91
:106CF000012CF1D04FF499710920E9F7B5FD2DE988
:106D0000F0410646069898460D46430711469DF801
:106D10001C7002D010F0030003D025214C20E9F7AD
:106D2000A3FD4FF48B72FFF78BFF002F06AB0446D9
:106D300000FB08F114BF00201846EAF78DF817B9D8
:106D4000069B33602C60BDE8F081EAF739BC69B17D
:106D5000C31E012B09D9CB1E012B06D9012805D052
:106D600001290CBF01200220704704207047EAF778
:106D7000A3BC012807D1487900F0C000A0F140036E
:106D8000584258417047002070470B46062203F8CE
:106D9000032BB0F80920A1F80320C27A9A7070473B
:106DA00040F2BD21322008B5E9F75EFD13B5034678
:106DB0000C4690F8DE2002F0FF0032B1A3F136005D
:106DC00000F010FD18230420237002B010BDF8B5A8
:106DD0000E46044620B940F206313220E9F744FD60
:106DE000437A4789002B45D1036DD0F80E20C3F8B4
:106DF0000320428AA3F80720437B026D03F0FD03C2
:106E0000003B18BF0123937094F8545094F8A630B7
:106E10002BB194F8A7301D43002384F8A6302046F8
:106E200000F0E0FCAA0708D025F004050022204667
:106E3000114684F8545000F0F0FE1322334604F15A
:106E4000290103F8032B04F1090252F8040B8A42CA
:106E500043F8040BF9D112781A700023B371637AE6
:106E6000CBB9F1F711FD4B0415D53846BDE8F84014
:106E700001F072BA00213846EAF772F910B940F20F
:106E80001231AAE700210088EAF780F90028BBD078
:106E900040F21531A1E7F8BD38B504460D4600F0C3
:106EA000E8FC94F87030012B03D094F87030002B7C
:106EB000F7D13F220021204607F0EEFC07220023F5
:106EC00084F8585084F84B2040F2011284F8543072
:106ED00084F8A530A4F84C20636684F89430C4F894
:106EE000903084F8A63038BD0023A0F8793180F8BE
:106EF0007B3180F87030704708B5EBF77DFA0120E0
:106F000008BD08B5EBF778FABDE80840EBF7DABC46
:106F100008B5EBF771FAF6F779FFBDE80840EBF733
:106F20003BBD08B5EBF768FAEBF7B0FCF6F76EFF80
:106F3000BDE80840EBF730BD08B5EBF75DFAECF7BC
:106F40000DF9012008BD08B5EBF756FAF6F75EFF1C
:106F5000032008BD08B5EBF74FFAEBF797FCF6F7FF
:106F600055FF032008BD0321ECF726BF0121ECF7F4
:106F700023BF90F83E00003818BF01207047007A08
:106F8000003818BF0120704710B5012104460020C9
:106F9000EAF7E6F810B12146FFF77EFF0121084627
:106FA000EAF7DEF810B12146FFF776FFBDE81040A2
:106FB000EDF718BCEDF7DAB880F84B10704711F018
:106FC000010318BF012210B518BF80F87C218C077F
:106FD00005D55A1C0224034483F87C41D3B24A07E6
:106FE00042BFC018042380F87C3110BD80F85710D0
:106FF000704710B504460846194694F84030023BE5
:10700000012B0AD994F8400000F0FD000038BDE8DB
:10701000104018BF0120F1F761BD0028F2D102F045
:10702000FD02101E18BF012004F03EFB0828E9D025
:10703000012010BD90F8400000F0FD00003818BF9E
:107040000120F1F74BBD38B504460D4690F8A63047
:1070500003F0FF001BBB94F85430013B012B1DD8FB
:1070600004291BD1D4F8103123B14FF42061322010
:10707000E9F7FAFB236D13B940F60121F7E7F3F7BF
:1070800019FD216D04F1E80000F052FCF3F718FD42
:1070900084F8A750FF2384F8A630012038BD0020D3
:1070A000FCE780F84010704701F0FD0380F85510B0
:1070B000B3FA83F35B0980F84C30704710B504468F
:1070C0000846194600280CBF0123002384F8560007
:1070D00084F84D304FF0080384F84E3008D102F0A8
:1070E000FD02101E18BF012004F0DEFA84F84E00E5
:1070F00010BD08B522B940F647213220E9F7B4FBAC
:1071000080F85A101368C0F85B30938890F84120DB
:10711000A0F85F30036D5A72D0F84220C3F80A20FD
:10712000B0F84620DA8108BD80F84910704780F831
:107130004A1070472DE9F041D0F8C8509DF818402A
:10714000954233D190F840208A422FD1002690F802
:1071500045C104F0020E32463146F5B2AC4506D2C6
:1071600004F00500431A58425841BDE8F081471920
:1071700097F87C71A7F10308B8F1010F11D841F01D
:107180000401BEF1000F0ED100EB850553F822700B
:107190000136D5F8CC502B35BD4207D10132D2B2E1
:1071A000DBE73943F0E70132D2B2EDE70020DCE75C
:1071B000012938B5044601D1EBF768FB94F8543047
:1071C00004F16C0513F0030F02D02846EDF7B2FB73
:1071D0002846EDF75DFB2046BDE83840FFF784BE4A
:1071E000A03004F068B838B5012104460020E9F762
:1071F000B7FF20B94FF42E613220E9F735FB6378F1
:1072000080F85430227812F001031CBF012180F86D
:107210007C11910705D5C11801330225DBB281F835
:107220007C51520742BF1B18042283F87C21A378AB
:1072300080F84030E178FFF737FF237980F84B3052
:10724000637980F8573038BD10B504466C30EDF7DF
:1072500071FB2046BDE81040FFF746BE08B501218E
:107260000020E9F77DFF20B940F65F313220E9F7D1
:10727000FBFA90F89400003818BF012008BD0829D7
:1072800070B50646154608461C460CD01946F1F75F
:107290005DFE18B9C1213320E9F7E6FA237843F0FF
:1072A0000203237070BD737C237073681A682A60B0
:1072B0009B88AB80F6E7036863B1EFF3108272B688
:1072C00003681968016002B962B600221A705A7028
:1072D0009A70DA707047333070471FB500240394FA
:1072E0009DF9204002949DF81C4001949DF818409F
:1072F0000094EDF757F804B010BD1FB503939DF946
:107300001830CDE90123FF23042200930023EDF779
:1073100049F805B05DF804FB18B1407BFF3818BF91
:107320000120704708B520B940F299413320E9F7B0
:107330009BFAC07EFF3818BF012008BD08B520B9F0
:1073400040F2A1413320E9F78FFA807DFF3818BF62
:10735000012008BD70B50C460546164604F03CFCFD
:107360006074284604F043FC062EA07407D801235D
:1073700003FA06F212F0550F06D19E4212D00023F6
:107380006370C4E9013313E06370EB1C6360002396
:10739000A3606B78063B13F0FF030AD00935237412
:1073A000E56070BD03236370EB1809356360A56069
:1073B00000231D46F3E738B50D46C178044611F0A9
:1073C0003F0105D128462822BDE8384007F064BABD
:1073D00004F002FC6874204604F009FCA8742379C8
:1073E0006B70E078830900F03F002B70227912F077
:1073F00001011ABF611D0B230523696012F0020110
:107400001CBFE1180633A96018BFDBB2510744BFA7
:107410000133DBB212F008011CBFE11802336961CD
:1074200018BFDBB212F010011CBFE1180333A961D1
:1074300018BFDBB212F020011EBFE1181233DBB21D
:1074400012F04002E96100F104011EBFE2180133AD
:10745000DBB22A62C91A11F0FF0114BFE2180A4612
:107460006A626278013A121AD2B22A741AB10B44D3
:107470001C44EC6038BDEA60FCE7027802F00F02C1
:10748000072A01D1FFF797BFFFF764BF0378012BED
:107490001ED0022B14D053B30339012907D84378E7
:1074A000DA0641BF23F040034370002303624378B0
:1074B00023F0200343700023C3610374C36070474B
:1074C0004378002223F00303426082604370E3E7C5
:1074D0004378022923F0020343704FF000038360D6
:1074E000E5D04278436063F300024270D4E7CA1EDD
:1074F000012A0FD8427812F0100F06D1437823F0FA
:107500000803437000234361C6E722F0030243608F
:10751000836042704378DB06F0D5BDE7012381F03C
:10752000010103704370037100238170C3704371C4
:10753000704730B501250024AB4284700571C570D9
:10754000447107D0022B01D063B130BD0470447088
:107550004571FAE79DF80C309A1E5342534103706F
:107560004370F2E7017042700371C370EDE7037876
:107570002BB14B7823F001034B7000234B60437811
:107580002BB14B7823F002034B7000238B600379FF
:107590002BB14B7823F020034B700023CB61837811
:1075A0002BB14B7823F008034B7000234B61C37859
:1075B0002BB14B7823F010034B7000238B61437980
:1075C00013B100230B74CB6070474378002223F083
:1075D00022038260C2614370704708B5D0F8E8307A
:1075E000D21A04D540F28A312120E9F73DF9D0F8CA
:1075F000C800B2FBF0F008BD022808B511D006D8CB
:10760000012810D040F217119E20E9F72DF9C31E72
:10761000012BF7D8042840F2BE2008BF4FF4D260F7
:1076200008BD6020FCE74FF4BC70F9E770B50D466B
:1076300006460846FFF7E0FF04462846F6F7C4FE74
:1076400000F522434FF47A728C34B133A4B2B3FB09
:10765000F2F31819D6F8103113B1012D08BF40000C
:1076600070BD38B50D46044620B940F23B7121206B
:10767000E9F7FAF891B1F3F729FA10B940F241713C
:10768000F5E7D5E90032A9685B1842F10002C4E9C8
:107690007432B5F92430A4F8F43138BD0022002347
:1076A000C0E97423F9E7002110B50B4690F8454175
:1076B000CAB2944205D2D0F8C800C31A5842584101
:1076C00010BD00EB82022B330131D2F8CC201344E1
:1076D000EEE72DE9F0411E46D0F8103180461746FE
:1076E0002BB1FFF7E0FF0130C0B2BDE8F081D0F868
:1076F000C8400725A4FB0545FFF7D5FF50B1D8E9E1
:107700002C23A41845EB0303A74276EB03030AD20C
:107710000320EAE7D8E93032E41845EB0205A74236
:1077200076EB050501D20220DFE70120DDE72DE938
:10773000F041044606F055FC074688462046D4E949
:107740002C23FFF7C6FF064606F0B0FC18280346B8
:1077500003D800263046BDE8F081421CD4E9361536
:1077600013D04218AA42D4E92A2028BF6B1AD21B90
:1077700060EB0800012A70F100054FF000052FDBD7
:107780009342854100DB13465D186D1A41F2883340
:107790009D4228BF1D4606F024FCC7F13203034476
:1077A0009D42D6D33146284606F0AAFC064600285C
:1077B000CFD006F01AFCD4F8E020D4F8D830A818BE
:1077C000D4F8DC202B44C4F8E0009342C4F8D8304D
:1077D00004BFD4E93A23C4E9302306F004FCB9E736
:1077E0002B46D1E738B5044690F8143103F0FF007A
:1077F00083B3FF2384F8153104F58C752846FDF713
:10780000D5FC284604F5A47506F073FD2846FDF75F
:10781000CDFC284606F06DFD00212046FFF7C8FC90
:1078200094F8163104F1E805ABB1D4F80831E3B1AE
:107830002846F3F71DF9002384F8153194F8160152
:1078400010F0FF0018BF0C2084F81631C4F8103176
:1078500084F8143138BDD4F8100130B1D4F80831AF
:107860001BB900F5E870F3F793F82846F3F790F8A2
:10787000E1E710B5044690F814310BB1FFF7B2FF01
:107880000023A4F80C3110BD90F86C00003818BF2C
:1078900001207047D0F810310BB1FFF7A3BF0C20C7
:1078A0007047F8B506460F4690F8153103F0FF040F
:1078B000002B39D106F095FB054696F87801062F86
:1078C0002AD8DFE807F0043333222E333300FFF7E2
:1078D00093FE00F19804A4B2D6F8B020D6F8D830C0
:1078E000AD1A8C3B2544AB428CBF012400240AD83E
:1078F0003046FFF71CFF30B1D6F8D8408C3CA5428B
:107900002CBF002401242046F8BD0338012898BF6D
:10791000282404F55774DFE74FF44B712120E8F772
:10792000A3FF40F20124D7E70024ECE70124EAE7B3
:10793000F8B50C46054601F5E8770021D4F8D801E2
:10794000F3F77CF8A842064606D18268D4F8D8310D
:107950009A420DD2816959B131463846F3F736F86B
:10796000002331462B622046BDE8F840FFF779BE80
:10797000E9692F629A422CBFAA60AB60F3E710B5A9
:1079800004460020EDF7A4FB2046BDE81040FFF7B9
:1079900070BF034690F8142102F0FF0022B1B3F942
:1079A0000C01003818BF012070472DE9F041044652
:1079B00088B0052900F2C980DFE801F0035B716C33
:1079C000C79090F8153103F0FF064BB10121FFF786
:1079D000EFFBF6F777FA08B0BDE8F041FDF772BBB0
:1079E00006F0C6FB02460B4607468846C4E92C0152
:1079F0002046FFF7F2FD94F8451102940596E1B197
:107A0000D4F8E850D4F8C8207B1BB3FBF2F302FB98
:107A1000035533467D1BDAB2013304EB8202D2F800
:107A2000CC2002F12B0CAC459EBF2B3D0136AD1A8C
:107A3000DAB298BFF6B29142EDD2B4F87A3184F856
:107A40004461C3F30C038DF81860ABB1D4F8403136
:107A50000020039303238DF810308DF8190002A83D
:107A6000ECF770FBD4F8D8008238C4F8E00006F0D8
:107A7000BAFA08B0BDE8F081B0FA80F03A46434661
:107A800040098DF810002046FFF7A7FD003818BF09
:107A90000120E2E708B0BDE8F041F6F78DBBB0F891
:107AA0007A31C3F30C030BB1FFF7CEFB00220123A5
:107AB00002A920460092EDF725FB58B102A904F572
:107AC0008C70FDF713FB0028D3D140F27571212093
:107AD000E8F7CAFE2046ECF789FBCAE790F81531B3
:107AE00023B108B0BDE8F041ECF740BBB0F87A3103
:107AF000C3F30C0323B390F87831033B012BF0D888
:107B000090F87031002BECD1012180F8701144F213
:107B1000365006F0F5FA0028E3D006F066FAD4F8FD
:107B2000D83044F236500344C4F8D830D4F8E030AA
:107B30001844C4F8E00008B0BDE8F04106F053BABC
:107B4000FFF7F5FD002894D1CBE74FF4E571BEE7D0
:107B500030B5044689B00D4690F8142102F0FF03B9
:107B600022B140F267212120E8F77EFEFF2280F853
:107B7000142180F8153180F84431A0F80C31FFF75A
:107B800092FDD0B994F845110346C2B291420CD28D
:107B9000C4F8F0300122002302A920460095EDF739
:107BA000B1FA68B94FF41F71DDE704EB82022B33A1
:107BB0000130D2F8CC201344E7E741F28833E7E7FD
:107BC00002A904F58C70FDF791FA10B940F27D21FD
:107BD000C9E709B030BD38B504460D4690F81431F8
:107BE00023B14FF423712120E8F73EFE11B940F292
:107BF0008D21F8E7ECF7B6FFC4F8105195F88C30FA
:107C000003F0FF0113B140F29321ECE784F8161161
:107C10002046BDE83840FFF79BBF38B504460D4607
:107C2000ECF7A0FF29462046BDE83840FFF790BF9B
:107C300010B5044688B090F8152102F0FF039AB9F8
:107C40001A4602A90093EDF75DFA50B102A904F5B6
:107C50008C70FDF74BFA38B940F25C712120E8F7DF
:107C600003FE2046ECF7C2FAF6F72CF908B0BDE89F
:107C70001040FDF727BA2DE9F041144600250746CC
:107C80000E4604F10F0810220021204606F004FEE3
:107C9000631E711913F8010F11F8012B434582EA95
:107CA00000021A70F6D110350423224621463846C8
:107CB00006F072FD502DEBD1BDE8F0812DE9F041C9
:107CC0001D46D37B88B014468846013307462146BB
:107CD000D373404604236A4606F05EFDE37B04AEA0
:107CE0002146013340463246E373042306F054FD37
:107CF00057B17B1E6A461F37117813F8010F4140B8
:107D0000BB4202F8011BF7D16B462C461A460834D9
:107D100003CAB24244F8080C44F8041C1346F5D1D7
:107D200005F110033246083303CA43F8041C08A9BE
:107D300043F8080C16468A42F4D108B0BDE8F08139
:107D4000F0B59BB004460E46154600211022684649
:107D50001F4606F0A1FD102200210DEB020006F0E7
:107D60009BFD10AA04F1100C2068083454F8041C80
:107D70001346644503C31A46F6D114AA30687168E5
:107D800016AB03C22A4610351068083252F8041C9C
:107D90001C46AA4203C42346F6D108A910A8EDF751
:107DA00057FC3B4604AA694608A8FFF787FF1BB0AB
:107DB000F0BD10B50D210446E9F72CFA0E21E9F7C4
:107DC000CFF9B4F86422B0F85431013294F820129B
:107DD00092B2A4F864221BB193428CBF002301230A
:107DE00094F86622D2B21BB901F00F031A4307D0F0
:107DF000062384F862322046BDE81040F7F756BDEE
:107E0000052384F86232B0F85211B0F83C31B4F86E
:107E1000642201FB0233E381EDE72DE9F04F934645
:107E200090F85D7291F83E2189468BB0002504469A
:107E300040F2712A8DF8183006238DF810508DF815
:107E40001930B7FBF2F102FB1177B9F83A210D2195
:107E5000FFB25743D0F8C4200092E9F7DBF90E21B6
:107E60000190E9F77DF9D4F8D4100AFB07F68046B3
:107E7000C97C012935D102A9019803F0E2FC18B1AF
:107E80004A218E20E8F7F0FC039A019203F019FAD8
:107E9000019A054692F87F00F1F768F994F85D229F
:107EA00098F83E11B2FBF1FC01FB1C2212F0FF021C
:107EB00061D094F811C0B8F83A11624505BF4A4341
:107EC000D8F830110CFB01110AFB021218BF0AFB93
:107ED00001F229180BEB020089B2FCF7C7F800F198
:107EE0001005C4F8C4502046D8F84CA16D00FAF72C
:107EF00019FFD4F8D430824594BF55442D18DB7C4B
:107F000005F2DB15012B059504F118056DD1002F45
:107F10006BD0637C93B3284606F027F940F27122B8
:107F2000B9F83A31009E534340F2A91216EB020809
:107F30002CBF0122002213EB080342F100021B18A0
:107F400042EB0101D4F8C4006FF4D472121A34BFAA
:107F50006FF001004FF0FF30D218059B41EB00019C
:107F6000A3602846CDE9082104A9FDF7BFF8002841
:107F700044D1FF2185E7D8F83021AAE7D4F8BC30F6
:107F800040F2A916A6EB531606F0F2F8D4F8C83062
:107F9000D4F8D4E0F717002BB8BF1F334FEA6318AB
:107FA0004FEAE37C9EF811309EF817E0012BB9F8F8
:107FB0003A3140F2712914BF1022202209FB03F349
:107FC00013EB08034CF1000C083B4CF1FF3CB3EB06
:107FD0000E036CF1000C9B1947EB0C071B1841EBCF
:107FE00007019B1A61F10001ACE7D9F83031D4E9FF
:107FF000002133449B1841F10001A3E70BB0BDE819
:10800000F08F2DE9F0410D210446E9F703F90E2127
:10801000E9F7A6F894F85D52064690F83E71F7F736
:1080200095FE96F83F3103F0FF0853B9A189204629
:10803000F7F7AEFE94F86232042B06D12046FFF724
:10804000B8FEBDE8F041FDF73DB8B5FBF7F307FB1F
:1080500013550135EDB2AF42F3D00123424631460C
:108060002046FFF7DAFEECE738B5D0F8D430044606
:10807000B0F86452B3F847302B448381042380F86E
:10808000623201F00F0141EA0212818980F8202258
:10809000F7F77EFE2046BDE83840FFF78ABE2DE99F
:1080A000F14FDDE90A5B0746894628880D21924693
:1080B0009846E9F755F804460E212888E9F750F864
:1080C0000646E4B390F83F31CBBB94F86732B3BBBC
:1080D00094F86232022B11D190F8723173B1BBF86F
:1080E0000630B0F87051ED1A47F6FD73013DADB2A0
:1080F0009D4203D901462046FAF796FF94F8623272
:10810000032B14D1BBF80630E589AB4241D194F87A
:108110002F210E2A16D894F86232052B0FD00F2289
:108120000221204601B0BDE8F04FFFF79DBF94F853
:108130006232022BE6D094F86232052BE2D001B015
:10814000BDE8F08FB6F83821A4F818321344B7EB25
:108150000A02E38169EB080352EA030114BF01211B
:1081600000215745217479EB0808C4E9007904D24D
:1081700040F23E218E20E8F777FB13B140F23F2119
:10818000F8E702233146204601B0BDE8F04FFFF783
:1081900044BEED1A47F6FD73013DADB29D42CED906
:1081A00094F86232052BCAD0E38903220021A4F897
:1081B0001832B6E72DE9F047914686B00746884663
:1081C00010880D21E8F7CCFF04460E21B9F8000015
:1081D000E8F7C6FF0646002C4DD0237C002B4AD082
:1081E0000025D4F8D4302574DB7C012B0ED103F0AC
:1081F00068F8054699F87F00F0F7B8FF2918D6F817
:10820000300189B2FBF732FF00F110056FF4D47230
:10821000D6F83031D6F84C612046BA1868F1000A19
:108220009B184AF1000AB3EB05096AF1000AFAF754
:1082300079FD86424FF00003694628BF06468DF857
:10824000003040F2026304F1180006EB4506ADF879
:10825000083006F2DB16CDE9049A0196FCF7BEFF62
:1082600048B1D4F8D430A660C4E90078DB7C012B97
:1082700008BFC4F8C45006B0BDE8F08770B50D2142
:108280000546E8F7C7FF0E21E8F76AFF0446FF231B
:1082900080F83F3105F118063046FCF787FF30467D
:1082A00006F027F8002385F8623284F83F3170BD6C
:1082B000D0F8D42090F86232022B20D1D0F8D430FC
:1082C00093F84B30162B16D0282B16D0132B14BF37
:1082D0000F23012390F8201263F3030180F820128A
:1082E000002380F86232B2F84730B0F864120B44D1
:1082F000A2F8473070470123ECE70323EAE7FF23A6
:1083000080F86632704738B50D210546E8F728FF3A
:108310000446F8B90D212846E8F7E6FE0446C8B140
:1083200000214FF42E7206F0B7FA0E212846E8F726
:1083300017FF40B100F1E20200F1DA0104F1DA03C3
:10834000CA30F9F765F840F6FF739D4202D0204627
:10835000EDF700FB204638BD10B50E21E8F7C4FE4E
:10836000044618B95E215320E8F77EFA4FF4BA723A
:10837000002106F091FA0123142284F8F33084F8E6
:10838000F42084F8173110BD40F6FF73984203D1F2
:1083900001F1400004F062BE0846FFF76FBF002302
:1083A00081F8C230704710B50446F0F76DFA4B04FF
:1083B00014D50D212046E8F7D3FE40B10D2120460B
:1083C000E8F7E4FE18B180215320E8F74DFA0E21BA
:1083D0002046E8F7DBFE08B18321F5E710BD2DE963
:1083E000F0410C460E210746E8F714FF80460E21A7
:1083F000E8F7B6FE0D2105464046E8F7B1FE322308
:10840000064623707B7AA4F80480E37095F8163151
:10841000A37197F80A80B8F1010F84F8078028D17A
:108420002946FAF7EFFE414696F9D900FBF72AFAFA
:1084300096F8953260722372D6F85032C3F3072251
:10844000A372C3F30743E272237395F83E3163735B
:10845000B5F83A31E381B5F838312382B5F85231B5
:108460006382B5F85431A382B5F85031E382BDE898
:10847000F081002380F86232B7F90C10BDE8F041BA
:1084800001F0BABA37B504460D4601A80021F0F74D
:10849000CDFA014628B1019B0DF10301DB788DF87F
:1084A00003302A462046F1F7DBFA03B030BD38B579
:1084B00004464568EDF786FE002385F88C32204699
:1084C000BDE8384004F029BA10B50C46114643689F
:1084D000A4F12E020B2A35D8DFE802F00634183456
:1084E0002634342D1134341F93F88D30392B01D0BC
:1084F000502B27D1012200F01EFB002010BD93F865
:108500008D303A2B1ED1EDF749FBF6E793F88D300D
:108510003B2B17D1EDF78AFAEFE793F88D303C2B20
:1085200010D1FFF7C4FFE8E793F88D303F2B09D156
:10853000EDF794FAE1E793F88D30452B02D1EDF792
:10854000B3FADAE70220D9E72E390B291AD8DFE887
:1085500001F006190D19131919160A19191001221B
:108560001A2100F0E8BA1A21EDF718BB1A21EDF72D
:108570005DBA1A21FFF79BBF1A21EDF76FBA1A21D6
:10858000EDF792BA704737B50C466946154603F0C9
:1085900058F978B9019A92F88E30453B012B09D9E8
:1085A00092F88D30453B012B04D92A462146684676
:1085B000EDF7B6FA03B030BD70B50C460E21054696
:1085C000E8F728FE0E210646E8F7CAFD2D22A68010
:1085D00022706A7AE270002A53D190F84820A27182
:1085E000B0F85420A4F8072090F84920627290F85F
:1085F0004A20A27290F84B20E27290F84C2022732D
:1086000090F84D20627390F84E20A27390F84F209E
:10861000E27390F850202274B0F85620A4F811208C
:10862000B0F85820A4F8132090F851206275B0F8E3
:108630005A20E282B0F85C202283B0F85E20628388
:10864000B0F86020A283B0F86220E28390F8522054
:1086500084F8202090F8532084F82120B0F864207A
:10866000628490F8662084F8242090F8672084F8CB
:10867000252090F8682084F8262090F8693084F846
:10868000273070BD2DE9F04F93B00446EDF774F933
:108690000379C27A00210093437A458A0193437893
:1086A00090F805B01193837890F806A00293C378F0
:1086B00090F807900393037890F8088004938389D7
:1086C000C7890593837A068A0693838A0793C38AA8
:1086D0000893038B0993438B0A9302F07F030F22C5
:1086E0000B93838B0C93837F0D93C37F0E9390F832
:1086F00020300F9390F8213004F10A00109306F017
:10870000CBF8009B2046029A2370019B84F801B0AD
:108710006372119B84F802A003F00F0384F80390A6
:1087200084F8048043EA0213C5F30012A4F805702C
:10873000A372039BA4F8076003F0030343EA8203D8
:10874000C5F3400243EAC203C5F38002C5F3C00586
:1087500043EA02130B9A43EA4515049B2373059BD6
:10876000E572A4F80D30069BE373079B2382089BF8
:108770006382099BA3820A9BE3824FF0000362F3AA
:10878000470323760C9BA4F819300D9BE3760E9BD0
:1087900023770F9B6377109BA37713B0BDE8F08F0F
:1087A00008B512210088E8F7DBFC10B1407CC0F36B
:1087B000C00008BD0140002310B5D8B2824201D8E4
:1087C000104605E041FA03F4013314F0010FF4D030
:1087D00010BD0138032810B59DF8084010D8481E78
:1087E00003280DD8501E03280AD8914208D83BB15F
:1087F0000A2C05D840F21740E04000F0010010BDFF
:108800000020FCE773B5817A0446C67AC37B0A0967
:10881000057B01F00F01009306F003032846FFF7E4
:10882000D8FF760705D520B1E07E00902846FFF7F7
:10883000D0FF02B070BD0B7B10B580F848308A7B4A
:108840004B7B43EA0223A0F854308B7AC3F3030333
:1088500080F849308B7AC3F3031380F84A30CB7A1F
:10886000C3F3010380F84B300B7880F84C304B7821
:1088700080F84D308B7880F84E30CB7880F84F30D0
:108880000B7980F850308A794B7943EA0223A0F8BB
:1088900056300A7ACB7943EA0223A0F858304B7A53
:1088A00080F85130CA7AC2F30013C2F3C0049B00AF
:1088B00043EA4403C2F34014C2F3800243EAC40310
:1088C00043EA0213A0F85A304A7C0B7C43EA0223A5
:1088D000A0F85C30CA7C8B7C43EA0223A0F85E30AF
:1088E0004A7D0B7D43EA0223A0F86030CA7D8B7D70
:1088F00043EA0223A0F86230CB7B80F852300B7E33
:10890000C3F3460380F853304B7E8A7E43EA02234A
:10891000A0F86430CB7E80F866300B7F80F867303B
:108920004B7F80F868308B7F80F8693010BD2DE96F
:10893000F84390F800900546884617464468B9F118
:10894000000F07D0D4F8803013F4085F06D0012060
:10895000BDE8F88394F88E30002BF8D14046FFF73D
:1089600051FF0646EFF790FF0B0413D4B9F1000F47
:1089700003D094F88E30002BE9D11A222E212846FC
:1089800003F0F8FF362384F88E30284603F0CEFF3C
:108990000020DDE794F8923013B194F893300BB9CE
:1089A0002F22EBE70EB91E22E8E76B680E2118882C
:1089B000E8F7D6FB064690F8C9304BB16B68FF224A
:1089C00083F84721B9F1000F08D12FB15023DAE71E
:1089D0004146FFF730FFF5E73923D4E7D4F880307C
:1089E0003FB143F40053C4F88030FF2386F8C3300E
:1089F000CBE743F40073C4F8803086F8C370F7E720
:108A0000202A0B4630B5044689B00AD1694618467B
:108A100003F07BFA012269462046FFF788FF09B080
:108A200030BD1A2A05D16946184603F06CFA0022B7
:108A3000F1E7047824B909B0BDE8304003F0C6BFBF
:108A4000097809B0BDE8304003F0ADBF30B589B05A
:108A50000D4604466846FFF715FE6868FFF7A0FE5E
:108A6000694628B1204603F03BFA202009B030BD0A
:108A7000204603F033FA1A20F8E710B54468204680
:108A8000FFF78EFE94F88D3028B143B14FF4EB71AF
:108A9000D520E7F7E9FE33B140F2DB11F8E75023C8
:108AA00084F88D3010BD3923FAE730B589B00D4612
:108AB00004466846FFF7E6FD2A786B6852B993F8DA
:108AC0008E30502B0ED12046694603F035FA202017
:108AD00009B030BD0E211888E8F742FB90F8C3308A
:108AE000002BF0D12046694603F024FA1A20EFE764
:108AF00038B50378044645683BB995F88E304BB1DC
:108B000040F28511D520E7F7AFFED5F8803013F499
:108B1000085FF5D000212846EDF728F823782BB11F
:108B2000D5F8803023F40853C5F880302046BDE8DE
:108B3000384003F00CBF70B5466815460446304611
:108B4000EDF714F815B1002386F847312046BDE84B
:108B5000704003F0E2BE202A0B4630B5044689B0CF
:108B60001FD16946184603F0FCF9656895F88D3009
:108B7000392B01D0502B31D16846FFF743FE50B35B
:108B80000E212888E8F7ECFA90F8C93003F0FF05C9
:108B9000DBB100223A212046FFF7CDFF002009B0CB
:108BA00030BD1A2A04D16946184603F0D8F9DCE72B
:108BB000047824B909B0BDE8304003F007BF097854
:108BC00009B0BDE8304003F0EEBE6946FFF733FE62
:108BD00001222946DFE701221E21DCE70120DEE732
:108BE00070B50C460E210546E8F714FB0E2106462B
:108BF000E8F7B6FA2F23A680014623706B7AE3705C
:108C00002BB9A01D4822BDE87040FDF791B870BD9A
:108C100070B54568044695F88E60D6B9EFF734FE16
:108C20000B040CD41A222046362103F0A3FE36236F
:108C3000204685F88E3003F079FE304670BD95F8F9
:108C4000923013B195F893300BB92F22EBE7112234
:108C5000E9E70126F1E708B5436893F88D201AB1DA
:108C60008A21D820E7F700FE3A2283F88D2008BD3C
:108C700038B504460846636893F88D303A2B11D115
:108C800003F084F9636805460E211888E8F768FA4E
:108C900048222946FDF74CF820460021ECF77EFFDC
:108CA000002038BD0120FCE74B6813B504460E21B7
:108CB0001888E8F755FA4FF0000390F8162101A93B
:108CC000204662F305038DF8043003F087F9022093
:108CD00002B010BD08B5436893F88D201AB1DC21AD
:108CE000D620E7F7C1FD3B2283F88D2008BD70B583
:108CF00006780446456836B995F88E303BB1E421D4
:108D0000D620E7F7B1FDD5F880305B05F7D5002117
:108D10002046EDF7C7F82EB1D5F8803023F48063F4
:108D2000C5F880302046BDE8704003F010BE03282F
:108D30002DE9F843154699469DF820409DF824807A
:108D40009DF834709DF8406002D90020BDE8F8839A
:108D50000846FAF7C7F90028F7D0002DF5D009F139
:108D6000FF33022BF1D8002CEFD0221FD2B2FA2A07
:108D7000EBD9FF2C10D0B9F1010FE6D0B9F1020FF9
:108D80002FD104F0FD04012CDFD1B8F1000FDCD0AD
:108D90009DF828309845D8D89DF82C30032BD4D88E
:108DA0009DF83030013B022BCFD87B1E012B01D91F
:108DB000082FCAD19DF83830062BC6D89DF83C3014
:108DC0003343012BC1D8012EC0D19DF84430012B73
:108DD000BBD89DF84800023806288CBF002001202F
:108DE000B4E7022CD0E703787F2B10B504468CB093
:108DF00002D900200CB010BD3F2B03F03F0004D877
:108E000003288CBF00200120F4E7637D611C0A93D6
:108E1000237D1A0903F00F0309920893E37CC3F33F
:108E2000011203F00F0307920693A37C0593637C62
:108E30000493237C0393E37B0293A37B0193637BE3
:108E40000093237BE27AFFF772FF0028D1D0A37D45
:108E5000072BCED8E37D072BCBD8237E092BC8D890
:108E6000607E0228CDE7032930B504469DF80C50FA
:108E7000184601D0032A03D1237913F001031ED031
:108E800010B9A3793BB930BD0138012894BFE0790E
:108E9000207A0028F7D0022D0BD1637A13F002005C
:108EA000F1D09DF81030012B0BD1A07CC0F38000D5
:108EB000E9E7082DF5D1637A13F00400F0E71846CE
:108EC000E1E70120DFE72DE9F34104468846ECF7AE
:108ED00053FD0546E67C98F8F23006F03007B7FA05
:108EE00087F25209134113F0010335D0237D03F0BB
:108EF0000F030193A37C009306F00F03627B217B99
:108F0000FFF7B1FF28B3A27D062A04D8AB8A13412C
:108F100013F0010320D0E27D062A04D8EB8A134126
:108F200013F0010318D0227E082A04D82B8B13419A
:108F300013F0010310D0627E012A04D86B8B134119
:108F400013F0010308D0730603D517B9A87CC0F34A
:108F5000001002B0BDE8F0811846FAE7F7B54668A0
:108F600005460F4696F88D303B2B34D10E213088C4
:108F7000E8F7F6F801A90446384603F034F89DF8FE
:108F8000042094F8161102F03F0294F8F8308A4257
:108F900015D0012283B984F8173184F8F8201E21F6
:108FA0002846ECF77FFF002486F84941284603F065
:108FB000B4FC204603B0F0BD84F81721EFE733B9C5
:108FC000012284F8172184F818310021E8E70023F2
:108FD00084F81731F9E70120ECE770B50C460E2153
:108FE0000646E8F717F9302305462370767AA08005
:108FF000E670BEB90E21E8F7B3F80D210446A0F8DB
:1090000040612846E8F7ACF848B100F1DA0304F112
:10901000E20204F1DA0104F1CA00F8F7F9F9FF23DA
:1090200084F8C43070BD7FB505460E4601A80C21FA
:109030001446E7F779FE01AB03CB039B6960286018
:109040003360F0F7DBFC0546F0F7D8FC6060256084
:1090500004B070BD10B5A0F1880400F1620200F107
:1090600056014A30FFF7DFFF0E212046E8F7D2F81D
:109070000221E8F775F83E2380F88E3010BD4B686A
:109080000E2110B504461888E8F76AF800F1E203EB
:1090900000F1DA0200F1CA01204602F079FF152042
:1090A00010BD4B680E2110B504461888E8F758F833
:1090B00000F1EA0300F1DE0200F1D201204602F0E5
:1090C00089FF152010BD08B5436893F88D201AB1AB
:1090D0005821D420E7F7C8FB3C2283F88D2008BD37
:1090E000426838B592F88D3004460D463C3B022B61
:1090F00012D80E211088E8F733F800F1EA0300F1E6
:10910000DE0200F1D201284602F066FF204600216F
:10911000FFF7CDF9002038BD0120FCE738B54568E0
:10912000044695F88E303C3B022B03D9B721D4205E
:10913000E7F79AFB03F00BFC0021204685F88E1020
:10914000BDE83840EDF73EB83F3804288CBF00201A
:10915000012070473F3804288CBF00200120704751
:10916000F8B500F1F9070E460446154600F148022D
:109170003846F9F7E1FF84F814013046F9F714FC9A
:10918000A02201463846F9F7D9FCA84228BF284654
:10919000F8BD73B50E21AA38E8F73CF869460546D4
:1091A00002F04FFB044660B92846019EFFF7ABF87A
:1091B00048B907223221684603F0DCFB362386F8E3
:1091C0008E3002B070BD012380F8623280F8D84042
:1091D0004123F4E738B50B780C4615461BB192F9DC
:1091E0000020803209D190F87500F3F73FFF01238A
:1091F0008340237000232B7038BD013B012202FA0B
:1092000003F30B70F8E738B5044691F874000D4687
:10921000F3F72CFF012394F857218340DBB29A42E5
:1092200022D028880F21E7F79BFF054620B94FF48D
:10923000C171D320E7F718FB94F8570104F0C1F986
:1092400005EB400595F9193094F9582113446FF056
:109250007E029342B8BF134694F9F4209342A8BF0C
:10926000134684F8593138BD95F97C30ECE738B5B0
:10927000044690F874000D46F3F7F8FE012303FA54
:1092800000F2D2B2AA4214D020880F21E7F768FF7B
:10929000044608B9002038BD284604F092F904EBD2
:1092A000400494F921307D2BF4DCBDE8384004F013
:1092B000C5B91846EFE770B54D6888B006460E216F
:1092C0002888E7F74DFF95F81F31044623B9B5F814
:1092D00086300633A0F83C3194F82D310DF10302AD
:1092E0000DF1020128468DF8023094F82E318DF8E8
:1092F0000330FFF76FFF1C22002101A805F0CCFA14
:1093000094F816214FF00003304601A962F30503DB
:109310008DF80430B4F83C31ADF8053094F83031B4
:109320008DF8073094F831318DF8083094F83231E7
:109330008DF8093094F834318DF80A3094F83531CD
:109340008DF80B3094F836318DF80C30B4F850317C
:10935000ADF80D30B4F83831ADF80F3094F83E3137
:109360008DF81130B4F83A31ADF81230B4F84C3110
:10937000ADF8143094F84E318DF81630B4F85231FF
:10938000ADF81730B4F85431ADF8193094F85631BF
:109390008DF81B3094F82F318DF81C309DF8023079
:1093A0008DF81D309DF803308DF81E30FF238DF8A9
:1093B0001F3002F0A2FE1D2008B070BD08B5436842
:1093C00093F88D2022B14FF4F971D320E7F74CFACE
:1093D0003F2283F88D2008BD4368F7B50E2107466C
:1093E0001888E7F7BDFE0446D0F84C2190F85611D6
:1093F000FFF7B6FE94F83E310546C4F84C01012B48
:109400001CD9B4F83A611EB9E321D320E7F72CFA4E
:1094100040F271235E4301F054FF00F5FA713046CB
:1094200089B2FAF723FE00F20A202B189E4205D2D9
:10943000351A40F2E2439D4238BF1D46D4F8303120
:109440006A46394620460093D4F83431C4F84C516A
:10945000019301ABECF7C8FE009B23F07F43C4F8F7
:109460003031019B23F07F43C4F8343103B0F0BDA9
:1094700070B54D6888B006460E212888E7F770FE63
:1094800095F81F3104466BB9B5F88620B0F83C1149
:10949000C2F57F43FA330B441BB2002BDCBF06320C
:1094A000A0F83C2194F82D310DF107020DF10601D1
:1094B00028468DF8063094F82E318DF80730FFF7E6
:1094C00089FE1522002102A805F0E6F994F816217C
:1094D0004FF00003304602A962F305038DF808300F
:1094E000B4F83C31ADF8093094F830318DF80B30D8
:1094F00094F831318DF80C3094F832318DF80D300C
:1095000094F834318DF80E3094F835318DF80F30F1
:1095100094F836318DF81030B4F83831ADF8113098
:1095200094F83E318DF81330B4F83A31ADF8143078
:10953000B4F84C31ADF8163094F84E318DF818303F
:1095400094F856318DF819309DF806308DF81A30A0
:109550009DF807308DF81B3002F05AFE162008B037
:1095600070BD08B5436893F88E00FFF7EDFD20B994
:1095700040F2D621D320E7F777F9432283F88E20F3
:1095800008BDF8B517461D46064608460C46F9F7CD
:109590000BFAAB78BA78934228BF1346984201D9A8
:1095A0000020F8BD31462046F9F70AFA7B7883425D
:1095B000F6D3B6FA86F120464909F9F701FA6B7835
:1095C000834234BF00200120EBE7FFF705BF70B5F1
:1095D0004D6886B006460E212888E7F7C1FD95F84C
:1095E0001F3104466BB9B5F88620B0F83C11C2F5BE
:1095F0007F43FA330B441BB2002BDCBF0632A0F8CA
:109600003C2194F82D310DF103020DF102012846A1
:109610008DF8023094F82E318DF80330FFF7DAFD23
:109620001222002101A805F037F994F816214FF015
:109630000003304601A962F305038DF80430B4F845
:109640003C31ADF8053094F830318DF8073094F89E
:1096500031318DF8083094F832318DF80930B4F892
:109660003831ADF80A3094F83E318DF80C30B4F84A
:109670003A31ADF80D3094F84C318DF80F3094F844
:109680004D318DF8103094F84E318DF8113094F83A
:1096900056318DF812309DF802308DF813309DF858
:1096A00003308DF8143002F00FFE132006B070BDA9
:1096B000436810B5044693F88E00FFF745FD60B18E
:1096C0000022204683F88E2003F041F92046012233
:1096D0000021BDE81040ECF723BA93F88D00FFF7A6
:1096E00033FD18B1204603F018F9EFE740F2A64128
:1096F000D320E7F7B9F873B54E6805460E213088D8
:10970000E7F72EFD0D2104463088E7F729FD18B94B
:109710003521D220E7F7A8F896F88D3001A9D0F8C6
:10972000D420452B18BF8389284618BFA4F846319A
:109730004FF00003527F62F305038DF80430B4F854
:109740004631ADF8053094F844318DF8073002F019
:109750000BFE052002B070BD10B544680D212088B5
:10976000E7F7FEFC18B94D21D220E7F77DF894F811
:109770008D300BB14F21F7E7452384F88D30BDE8DC
:109780001040FEF795BD2DE9F34146680546884631
:1097900096F88E70002F69D10378002B3BD13521CC
:1097A00096F88D00FEF76EFE0446EFF76DF80B0499
:1097B00056D596F89230002B54D096F89330002B63
:1097C00050D0CCB9404601A902F0DCFDD5F80480A8
:1097D0000E21B8F80000E7F7C3FC0D210446B8F8E5
:1097E0000000E7F7BDFC9DF8043094F8162103F063
:1097F0003F03934211D00C2422463521284603F022
:10980000B9F83623284686F88E3003F08FF83846AC
:1098100002B0BDE8F0813C46C7E70028EBD090F8E5
:109820006232012BE7D090F86632EBB9BDF8052023
:10983000B4F8541193B231B1B4F840C1A3EB0C03A6
:109840009BB29942D7D99DF80730A4F8482184F8F3
:10985000443190F862320BB1FEF72AFD4623D1E77E
:109860001A24C9E72F24C7E73A24C5E70127CEE722
:1098700073B54E6805460E213088E7F771FC0D215F
:1098800004463088E7F76CFC18B9D621D220E6F7F9
:10989000EBFF96F88E3001A9D0F8D420462B08BFF4
:1098A0008389284608BFA4F846314FF00003527F51
:1098B00062F305038DF80430B4F84631ADF8053095
:1098C00094F844318DF8073002F067FD052002B0AE
:1098D00070BD70B54568044695F88E30453B012B48
:1098E00003D9EB21D220E6F7BFFF0E212888E7F746
:1098F00037FC0D2106462888E7F732FC002386F85E
:10990000453168B9002296F845112046ECF708F970
:109910000023204685F88E30BDE8704003F017B86C
:1099200090F86232002BEDD0F2E7F7B546680546B5
:109930000F4696F88D30453B012B3CD80E213088E0
:10994000E7F70EFC0D2104463088E7F709FC01A972
:109950000646384602F02FFD9DF8043094F8162193
:1099600003F03F0393424FF000030BBF84F84531EF
:109970001E22019B84F845210DBFC3F30F23A4F8D9
:109980004831A4F84631A4F848317EB9002294F851
:1099900045112846ECF7C4F86B68002483F84B4166
:1099A000284602F0BAFF204603B0F0BD96F86232B6
:1099B000002BEBD0F0E70120F6E770B552680446C3
:1099C000B0F8545192F84B0108B13A2070BD91F8AB
:1099D000666206F0FF00002EF7D1012D0AD003D9F0
:1099E000B1F86412A94205D2FF2182F84B1184F824
:1099F0004431EBE70C20E9E70029F8B511DDD0F898
:109A0000D4708CB2002600F1DA0501362846F7F74B
:109A1000EBFAB3B2A342F8D3B7F847301C44A7F827
:109A20004740F8BD7FB54D6806460E212888E7F708
:109A300097FB04460D212888E7F792FBD4F86A11BA
:109A4000034601AAD4F8660103C2B4F86E1111806E
:109A500095F88D20442A11D0B5F886200632A4F856
:109A60007021442285F88D2043B193F862222AB1F7
:109A700093F8D83013B1012384F87231B4F87031FF
:109A8000304601A9ADF80E3002F0A0FC0D2004B064
:109A900070BD08B543680E211888E7F761FBFF2306
:109AA00080F8C73008BD2DE9FF4146680F46804663
:109AB0000E213088E7F754FB0D2104463088E7F784
:109AC0004FFB01A90546384602F08FFC96F88E70D0
:109AD0009FBB96F8923033B396F893301BB301AB2B
:109AE00003CB1B88C4F85C01C4F86011A4F864318E
:109AF000B5B195F862329BB195F8D83083B9BDF80D
:109B00000E20B6F88610531E5B1A47F6FD719BB205
:109B10008B420CD92823424629462046FFF74DFFA9
:109B2000FF2384F8C830384604B0BDE8F081012333
:109B3000A4F8702184F87231F2E70127F3E70020DE
:109B400070470020704701207047704700EA4000CE
:109B500000EA400000EA400000EA400000EA40005D
:109B600000EA4000B0FA80F04009704708B50346AB
:109B700010468B4209D03AB183EA010002F02CFE74
:109B800001288CBF0020012008BD0120FCE737B56B
:109B9000002304460D46CDE900336846E7F71AFB7B
:109BA00030B10023CDE9003302238DF8063012E0F6
:109BB000009B2A462046196AFFF7D8FF0028ECD000
:109BC000012003B030BD009B2A462046196AFFF7EA
:109BD000CDFF0028F4D16846E7F7FCFA0028F2D060
:109BE0000023CDE9003304238DF8063007E0009B05
:109BF0002A4620461968FFF7B9FF0028E0D16846D9
:109C0000E7F7E8FA0028F2D00023CDE90033052376
:109C10008DF8063007E0009B2A4620461968FFF7BA
:109C2000A5FF0028CCD16846E7F7D4FA0028F2D087
:109C30000023CDE9003309238DF8063008E0009BAE
:109C40002A462046D3F8BC11FFF790FF0028B7D171
:109C50006846E7F7BFFA0028F1D00023CDE90033CA
:109C60000B238DF8063008E0009B2A462046D3F8E7
:109C7000E410FFF77BFF0028A2D16846E7F7AAFAB5
:109C80000028F1D000224FF44023CDE9002368469C
:109C9000E7F7A0FA58B10023CDE900330A238DF885
:109CA00006306846E7F796FA58B1002089E7009B2E
:109CB0002A462046D3F8E410FFF758FF0028E6D0E4
:109CC0007EE7009B2A462046D3F83C11FFF74EFF63
:109CD0000028E6D075E770B523260025EFF78EFE45
:109CE0000446ECF745FF20B100212046FFF74FFF67
:109CF00050B10020013E01D00028EFD04DB940F214
:109D000015210F20E6F7B0FD20462546ECF766FF4B
:109D1000F0E7284670BD00F0FD00003818BF0120B4
:109D200070476FF45063C318062B8EBF40F2E243B6
:109D3000A0F550604FF47A73584370470378012BB5
:109D400003BFC07FB0FA80F040090020704720B107
:109D500090F86202003818BF0120704710B5044621
:109D600038B1EEF79BFD24EA0000B0FA80F040091C
:109D700010BD0120FCE72DE9F0411646B0F86670F1
:109D8000B0F8685071B303F0CAFA0446022101F03A
:109D9000F1FC80460221204601F0ECFC474528BF3B
:109DA0004746BFB21B2F38BF1B27FB2F28BFFB27FF
:109DB000854228BF05467780ADB21B2D38BF1B25D5
:109DC000FB2D28BFFB25B4F5A47F38BF4FF4A47446
:109DD000F580B4F5296F28BF4FF42964B48034812D
:109DE000BDE8F08103F0A3F9CFE7002307B5CDE983
:109DF000003303238DF806306846E7F7EBF908B126
:109E0000002004E0009803F0A7F90028F4D003B084
:109E10005DF804FB13B501210020E7F7A1F9C0B9F3
:109E200001210846E7F79CF9F8B9FFF7DEFFA0B972
:109E300006236C46019000908DF806302046E7F727
:109E4000C9F9C0B100230093636007238DF8063081
:109E50001FE0A830FDF718FD10B1012002B010BDC1
:109E6000FDF7FCF90028DBD0F7E7A830FDF70CFD83
:109E70000028DAD0F1E70098403003F0AFF800286E
:109E8000DCD0EAE7009B586F503003F0A7F80028B9
:109E9000E4D12046E7F79EF90028F3D00020DDE763
:109EA0001FB5002240F6881303A90092F9F754FC6D
:109EB00005B05DF804FB70B505461C46084616461D
:109EC000AB7C83B1EB7C73B10E21E7F749F92368D2
:109ED000C0F866316368C0F86A312389A0F86E3132
:109EE000FF2386F8243070BDF0B587B005460088A2
:109EF00001A901F0A6FC044600287BD1029B93F83F
:109F00006A21D11E4A424A418DF802209DF8042060
:109F1000002A72D193F88E20232A72D19DF8022054
:109F200082F0010293F8E0308DF803209B0603D401
:109F30009DF80330002B68D0EB881B3B9BB2E02BD5
:109F400065D8298944F24810A1F5A4739BB28342D5
:109F50005DD86B881B3B9BB2E02B58D8AA88A2F532
:109F6000A4739BB2834252D8B1F5296F51D8B2F590
:109F7000296F4ED8029EFF2786F82B719DF802307C
:109F8000002B40D19DF8041003AA3046B1FA81F1AC
:109F90004909FFF7F0FE6A88BDF8123040F6480024
:109FA000BDF814109342B5F806C028BF134681428D
:109FB000AA88A6F8303128BF0146BDF80E306345A7
:109FC00028BF6346A6F82C31BDF81030834228BF65
:109FD00003462889834228BF03468A42A6F82E31C9
:109FE000134628BF0B46A6F8323186F82A710023A3
:109FF00086F82B31204607B0F0BDD3F880209206BA
:10A000008CD422468EE73A24F1E71A24F2E7122490
:10A01000F0E71124EEE710B50446FFF7E6FE58B965
:10A0200001210020E7F79CF8D0B901210846E7F7A5
:10A0300097F8D8B9012009E0EEF7E8FB68B1EDF731
:10A0400033F8044603F0CEF808B1002010BD2046D6
:10A0500003F0C4F80028E3D0F7E7002CE0D1F4E7E0
:10A06000A830FDF711FC0028DFD0EEE7A830FDF79F
:10A070000BFC80F00100C0B2E8E7037843B1406810
:10A0800090F8DA3123B1002380F8DA31F1F7DAB849
:10A09000704710B503780446012B01D9122010BD7A
:10A0A000FFF7B8FE60B92078FFF735FE01280DD024
:10A0B00004F11703E21D611CBDE81040EEF79ABEE3
:10A0C000EEF72AFF0028EED00C20E8E7A37903F092
:10A0D000C003C02BE2D1EBE710B503780446012B97
:10A0E0000AD8FFF797FE48B9214611F8010BFFF790
:10A0F00012FE01F0CAFA38B9122010BDEEF70CFFBB
:10A100000028F1D00C20F8E70020F6E708B5008819
:10A11000EEF708FF00280CBF3020002008BD38B53E
:10A120000546FFF777FE044638B92878003818BF8F
:10A130000120EEF7EBFE204638BD0C20FCE708B509
:10A14000FFF768FE18B9EEF7D1FE002008BDEEF764
:10A15000E3FE0028F7D00C20F8E708230370002066
:10A160007047112243F21F030270C2705922A0F8F7
:10A1700001308280C38000207047082108B5E6F7CF
:10A18000D3FD002008BD73B5064600880C46088044
:10A19000694680B201F055FB054640B9B3784BB92A
:10A1A000019B93F97C00A070F2F7E4FFA0702846B1
:10A1B00002B070BD7F20FFF773FEF4E710B50446D0
:10A1C0006FF07F00FFF76CFEF2F7D4FF20707F2066
:10A1D000FFF766FEF2F7CEFF6070002010BD10B5ED
:10A1E0000446F3F709F800EB80035B002380F3F7E4
:10A1F00009F800EB800300205B00638010BD0A4675
:10A2000000F1100108B5072304F0C6FA002008BDCC
:10A21000012138B505460846E6F7A2FF20B940F609
:10A22000CD113920E6F720FBA830FDF72DFB0446C1
:10A2300020B92846EAF74CFF204638BD0C20FCE741
:10A2400010B5014604460020EEF72EFC08B9206048
:10A25000A080002010BD10B50446EEF7A7FA28B97B
:10A2600000202146EEF708FC002010BD0020FFF77B
:10A27000D2FE0028F4D10C20F7E710B504460120E7
:10A28000FFF7C9FE28B101202146EEF7F5FB0020BB
:10A2900010BD0C20FCE737B500880C460D4669461A
:10A2A00024F8020B80B201F0CCFA70B9019B03F1E3
:10A2B000970283F8CB00116821601179217193F81E
:10A2C000CB100029F5D103B030BD0023C5F8023012
:10A2D0002371F8E7FFF708BE1FB502880A8044F231
:10A2E000902183888B4215D8B3F5296FADF80420EF
:10A2F000428801A828BF4FF42963ADF80620ADF8C5
:10A300000830ADF80A20ADF80C30FFF7EDFD05B0D0
:10A310005DF804FB1220FAE737B508800D46694660
:10A3200001F08FFA044640B99DF800102A460198C2
:10A33000B1FA81F14909FFF71EFD204603B030BD97
:10A3400003466FF06F0100200A2210B56FF004047D
:10A35000587099701C70DA701C7158719971DA71AB
:10A3600010BD10B50446FFF755FD58B92078611CA3
:10A37000FFF7D1FCE279EEF7C1FE80F0010040006A
:10A38000C0B210BDEEF7C8FD0028EFD00C20F8E7F2
:10A3900073B500880D460880694680B201F051FA15
:10A3A000044680B9019E86F8764096F87400EBF773
:10A3B0001FF9A87096F87500EBF71AF9E87096F88F
:10A3C0007630002BEFD1204602B070BD10B58388E7
:10A3D0000446022B10D8C078FFF7C0FC08B9112042
:10A3E00010BDA078FFF7BAFC0028F8D02046012164
:10A3F000BDE81040ECF772BE1220F1E737B5837864
:10A40000C17803F00104027903F0020351EA040564
:10A410001DD052EA03051AD0002C18BF0021002BD2
:10A42000037818BF00228DF802108DF803204278BF
:10A4300043EA0223ADF8003043798279684643EA63
:10A440000223ADF80430FFF7C1FF03B030BD112087
:10A45000FBE707B503788DF80030437868468DF840
:10A4600001300023ADF80230ADF80430EDF782F989
:10A4700003B05DF804FB13B50C46694601F0E1F941
:10A4800030B9019B9DF80020B3F8863012B92380C3
:10A4900002B010BD0133FAE72DE9FF41044602A9DD
:10A4A000008801F0F3F9064618B99DF8083023B189
:10A4B0001126304604B0BDE8F081039DA28865B145
:10A4C000E9691046FFF72DFC884206D16B8E608942
:10A4D000A189884203D91226EBE70123F7E701930C
:10A4E000284623890093E3886188ECF7A9FB80461E
:10A4F000002843D095F8523203F0FF06002B3FD1DD
:10A50000A088FFF70EFC074605F13C0002F08CF82E
:10A510002B308742CCD30D212888E6F721FEFFF7A8
:10A5200016FC78BBA3886FF450621344062B8ABFD5
:10A5300040F2E2436423B046BB42CCD2B8F1000FF4
:10A5400005D0B5F8741040F2022291421AD1A5F854
:10A550003E32C5F84472E279A37943EA0223A5F8B2
:10A560004832237A627A43EA0223A5F84A3200236A
:10A5700085F85032FF2385F852329AE7302698E763
:10A580003A2696E70C2694E713B5044601F0A2F8A4
:10A5900000284DD02046FF24EEF7AEFE0023CDE983
:10A5A00000336846E6F716FE48B300244FF4403304
:10A5B000CDE90043FF246846E6F70CFE18B30020FF
:10A5C0004FF48023FF24CDE900036846E6F702FE3E
:10A5D000E8B100214FF4C023FF24CDE90013684601
:10A5E000E6F7F8FDB8B100224FF42023CDE90023AF
:10A5F0006846E6F7EFFD90B1002002B010BD009B69
:10A6000083F83542CDE7009B83F88A40D3E7009B6F
:10A6100083F83440D9E7009B83F83440DFE7009BA0
:10A6200093F83820032AE3D1FF2283F82220DFE7C2
:10A630001220E2E707B50088694601F027F930B932
:10A64000019B93F83B2112B9FF2283F83B2103B011
:10A650005DF804FB10B50446EEF716F92060002003
:10A66000616010BD73B504466946008801F00EF9BB
:10A67000064618B99DF800301BB10C26304602B0D2
:10A6800070BD019D95F8823203F0FF0663BB95F81B
:10A69000E030DB072AD5D5F82431002BEDD1D4F8F2
:10A6A000023005F51A72C5F87832D4F80630C5F8CC
:10A6B0007C326389A5F8803204F10C031C3453F812
:10A6C000041BA34242F8041BF9D10C2105F51570B7
:10A6D000E6F72AFB019C6846FFF735FA84F8E800A4
:10A6E000FF2385F88232C9E73A26C7E71A26C5E76D
:10A6F00030B589B0034600F118056A46186808337A
:10A7000053F8041C1446AB4203C42246F6D1186821
:10A71000022320606846ADF81C30FFF7A3FF044613
:10A720001E220021684604F0D8F8204609B030BD4A
:10A73000008808B50880022180B2E6F711FD20B13B
:10A740000021BDE8084002F090BD022008BD37B5E9
:10A75000044600880D460880092180B2E6F700FD16
:10A7600010B10C2003B030BD0B212088E6F7F8FCB7
:10A770000028F6D10C212088E6F7F2FC0028F0D161
:10A780006946208801F05DF80028EBD1019BB3F801
:10A79000BC306B80E6E737B50446008808800921A5
:10A7A00080B2E6F7DDFC10B10C2003B030BD0B2108
:10A7B0002088E6F7D5FC0028F6D10C212088E6F7A2
:10A7C000CFFC0028F0D163880BB91220EDE7694671
:10A7D000208801F036F80028E7D1658842F210722F
:10A7E000019BA9B2DC6951435A8E62439C8C04FBE5
:10A7F00002229142E9D3DA69DC699442FBD100225A
:10A80000A3F8BC50C3F8B420621E0A44B2FBF4F2B1
:10A81000C3F8B820C9E738B5038805460C460B8055
:10A8200080780138C0B202F009FFB8B10F21288842
:10A83000E6F796FCA0B1AB785D1EA370EDB200EB1D
:10A84000450090F91900F2F795FCE070284602F0F7
:10A8500010FFF2F78FFC2071002038BD1120FCE7BB
:10A860000220FAE710B5044680780138C0B202F041
:10A87000E5FE80B10F212088E6F772FC68B1A1786F
:10A88000012300220139C9B203FA01F1BDE81040E9
:10A89000C9B203F0BFB8112010BD0220FCE7038845
:10A8A00010B504460B8098B2A378012B22D8E37828
:10A8B000012B1FD80F21E6F753FCE8B1A278003A2C
:10A8C00018BF012280F82C20E278111E18BF012148
:10A8D000012A80F82D1004D190F82E2012F00102E8
:10A8E00001D0002010BD0223202103F093F83A2864
:10A8F000F8D1F6E71120F5E70220F3E710B504469A
:10A9000080780138C0B202F099FE88B10F2120880A
:10A91000E6F726FC70B1A178012394F903200139F0
:10A92000C9B203FA01F1BDE81040C9B203F072B830
:10A93000112010BD0220FCE710B50446EFF728FFF8
:10A9400028B9A17A6078BDE81040F2F703BC10BDC9
:10A95000008810B508800C4680B20F21E6F700FC95
:10A9600020B102F01FFBA070002010BD0220FCE708
:10A9700010B504460078003818BF0120F0F78AFFB0
:10A980002078003818BF0120F0F756FC002010BDD9
:10A9900038B583780446012B07D80388292B39D092
:10A9A00005D8202B0BD0262B2FD011202CE02F2BBD
:10A9B00010D0492BF9D1EDF76DFF417807E0EDF7A5
:10A9C00063FF0546EDF760FF010F41EA557101F0A5
:10A9D000010103E0EDF758FFC1F38031A378012BAB
:10A9E00001D10029E1D00020FCF7EBF80546022058
:10A9F000FCF7E7F8B5B9A8B9A3782088012BC0B255
:10AA00000DD1EDF709FF002038BDEDF73DFFC1F393
:10AA10004011E3E7EDF738FFC1F30021DEE7EDF782
:10AA20000FFFF0E70C20EFE707B50378ADF804302F
:10AA3000437801A88DF80630FFF7AAFF03B05DF850
:10AA400004FB0620EDF7E8BE0820EDF7E5BE02F0B6
:10AA500068BD08B549210120EEF74EFFEFF774FC01
:10AA6000F2F708FAF0F7D0FFF0F7FEFCBDE8084077
:10AA7000F0F760BC2DE9F04F89B00446EDF704FF14
:10AA80000B0449D5EAF778FF837990F805C0019364
:10AA9000C379878A0293037AC68A0393C389058B95
:10AAA0000493038A418B0593437A827A0693438AFF
:10AAB000B0F80CB090F801A090F8029090F80380E4
:10AAC00090F804E00793C37A0078A4F801B02070EE
:10AAD00084F803A084F8049084F8058084F806E0E4
:10AAE000019884F807C02072029867826072039808
:10AAF000A682A0720498E582A4F80B000598218331
:10AB0000A4F80D000698A276E0730798E3762082F9
:10AB1000002009B0BDE8F08F0C20FAE72DE9F04FD6
:10AB20008DB00446EDF7B0FE0B0461D5EAF724FFC3
:10AB30008379B0F80CB00093C37990F801A0019329
:10AB4000037A90F802900293C38990F803800393EC
:10AB5000038A90F804E00493437A90F805C00593C3
:10AB6000438AC77A0693838A868B0793C38A08939E
:10AB7000038B0993438B0A93837A0B93857FC17F61
:10AB800090F8202090F821300078A4F801B02070CF
:10AB9000009884F803A02072019884F804906072F1
:10ABA000029884F80580A072039884F806E0A4F85F
:10ABB0000B00049884F807C0A4F80D000598E07312
:10ABC00006982082079860820898A0820998E082FF
:10ABD0000A98E77620830B98A683A0760020A577B5
:10ABE000E17784F8202084F821300DB0BDE8F08FA3
:10ABF0000C20FAE7F7B50446EDF746FE0B0403D444
:10AC00000C25284603B0F0BD27886946384600F079
:10AC10003DFE05460028F4D1019C94F8923063B3C0
:10AC200094F893304BB394F8E360EDF733FE036888
:10AC3000C6F3C00603F400634EB9FF2284F83B213B
:10AC40000BB184F83C21FF2384F84731D9E794F80D
:10AC5000E520D209D4D0002BF5D094F8E730DB09F9
:10AC6000F1D012213846E6F77BFA0028EBD0037BBF
:10AC7000FF2BE8D184F83C31E5E72F25C1E737B554
:10AC80000446EDF701FE0B0403D40C24204603B068
:10AC900030BD25886946284600F0F8FD04460028A6
:10ACA000F4D19DF80030002BEFD1019B93F8922056
:10ACB000BAB193F89320A2B193F88C3203F0FF0459
:10ACC0008BB90E212846E6F74BFA00F1E20200F1BB
:10ACD000DA01CA30FEF7A7F9019BFF2283F88C2224
:10ACE000D4E72F24D2E73A24D0E7F7B505460C463F
:10ACF000EAF742FE69462B8806469FB22380384613
:10AD000000F0C4FD0446A8BB38460E21E6F728FA39
:10AD1000AF780246032F30D8214647FA01F3D8070F
:10AD200005D5F3780B41DB070AD4112422E002F1A8
:10AD3000F800FFF703F818B192F80C318B421CD0E1
:10AD40004B1C0121022BE8D1EB78FD2B05D8591EB5
:10AD5000032912D871789942E7D395F9040000F1DC
:10AD60007F01C9B2932908D882F8F27082F8F330D3
:10AD700082F8F400204603B0F0BD1224FAE70388FD
:10AD800073B59CB20B8040F6FF7306469C423BD0E5
:10AD90006946204600F07AFD054628B9019B93F8E4
:10ADA000E320120703D40C25284602B070BD93F8A7
:10ADB000E530DB09F7D00E212046E6F7D1F904464D
:10ADC00090F8C230002BEED0B0F85A309B0708D56F
:10ADD0004822294603F060FDFF2384F8C530112581
:10ADE000E2E790F8C530002BDDD1F830FEF7A6FF82
:10ADF0000028D8D14822B11C2046FAF799FFFF233A
:10AE000084F8C5300025CFE720460E21E6F76CF91F
:10AE100004460028EED10725C6E78B7880F8483035
:10AE20000A79CB7843EA0223A0F854304B7980F8B2
:10AE300049308B7980F84A30CB7980F84B300B7AE7
:10AE400080F84C304B7A80F84D308B7A80F84E3059
:10AE5000CB7A80F84F300B7B80F850308A7B4B7B6D
:10AE600043EA0223A0F856300A7CCB7B43EA022354
:10AE7000A0F858304B7C80F85130CA7C8B7C43EA78
:10AE80000223A0F85A300B7D4A7D43EA0223A0F842
:10AE90005C30CA7D8B7D43EA0223A0F85E304A7E97
:10AEA0000B7E43EA0223A0F86030CA7E8B7E43EA21
:10AEB0000223A0F862300B7F80F852304B7F80F87D
:10AEC00053308B7FCA7F43EA0223A0F8643091F8A5
:10AED000203080F8663070477FB5038804460B80C9
:10AEE0009EB2EDF7D1FC0B042CD502A9304600F040
:10AEF000CDFC054638BB039B93F8E530DB0921D038
:10AF0000237F0093E379A2796179A078FDF761FC52
:10AF100028B30E213046E6F723F9024620B943F262
:10AF2000B9713920E5F7A0FCF830FEF707FF48B902
:10AF3000FF2682F8C96092F8C23003EA06052BB1F9
:10AF400082F8C9000C25284604B070BD2146104681
:10AF5000FFF763FF80F8C26080F8C950F3E71E2551
:10AF6000F1E770B58AB00D46034600F1180601AA54
:10AF70001868083353F8041C1446B34203C422462D
:10AF8000F6D1186800222946206001A89B88A3807A
:10AF9000BDF81630ADF8222023F010038DF82420E0
:10AFA000ADF81630FFF798FF0AB070BD37B50588C9
:10AFB00004466946284600F069FC18BB0D21284666
:10AFC000E6F7CEF8FEF7C3FEF0B90E212846E6F705
:10AFD000C7F8A3780246032B18D890F816119942A7
:10AFE00014D1F830FEF7AAFE80B192F8C63003F013
:10AFF000FF006BB982F8F8000199FF2381F849310D
:10B0000082F8C63003B030BD0C20FBE71220F9E710
:10B010003A20F7E72DE9F041078886B00646B7F5F4
:10B02000706F04D31225284606B0BDE8F0818378FE
:10B03000032BF7D8C378012BF4D801A9384600F0C8
:10B0400025FC05460028EED10E213846E6F788F8A3
:10B05000B37890F8162104469A42E3D100F1F8083B
:10B060004046FEF76BFE0028DCD0B4F85A309B0750
:10B0700004D594F8C23033B90C25D4E794F8C53020
:10B08000002BF6D1F8E794F8C430002BF4D0F37815
:10B09000012B35D13846FDF736F9064660B3FEF789
:10B0A00056FE0028E8D194F81831002BE4D094F82B
:10B0B000C730BBB103AA04F5B3714046F7F762FF8E
:10B0C00003A8F8F70FF8C8B1029A92F88D30342B24
:10B0D000D2D0FF2382F84A31012286F8622286F814
:10B0E000D830A0E703ABD4F8F900D4F8FD10B4F8D9
:10B0F000012103C31A80E3E7072594E7482592E777
:10B100000D213846E6F72CF801460028B4D090F817
:10B110006232012BB0D0FEF71AFE0028ACD0132308
:10B1200001AA2046FEF749FC05467CE710B5044617
:10B1300004B910BD236898476468F9E703680BB940
:10B14000016070471A465B6813B18A42FAD17047B2
:10B150008A4218BF516070470D2008B5FBF740FDCB
:10B160000E20BDE80840FBF73BBD08B502F0D2F861
:10B17000ECF7CCF8FBF708FFBDE80840EFF7D6BBCB
:10B1800008B5EFF7CBFBF0F77DFBECF7BFF8BDE8B8
:10B190000840E8F791BF08B5FE20E9F733FDBDE8A8
:10B1A0000840FFF7E2BF08B5EAF7CCFB0020BDE896
:10B1B0000840F3F7BFBF08B50220FBF711FD0020E0
:10B1C000FBF70EFDE6F7B8F8EDF70AFCE6F790FF9F
:10B1D00020B140F221119320E5F746FB08BD08B5E8
:10B1E000FFF7C3FF02F097F920B14FF4D771932016
:10B1F000E5F73AFB08BD08B5FFF7CDFF02F08BF984
:10B2000020B140F2A3119320E5F72EFB08BDFFF714
:10B21000D2BF08B500F00BFAE6F77AFF0220FBF781
:10B22000DFFC0020BDE80840FBF7DABC08B5E8F712
:10B2300079FFFFF7A5FFFFF7ECFF02F06EF9BDE81D
:10B240000840EEF7B7B908B5E8F774FFFFF798FFC5
:10B25000FFF7DFFF02F061F9BDE80840EEF7AAB999
:10B2600010B5C378044691B163B90388012B01D9A5
:10B270005B082380EEF7AAFB2388B0FBF3F202FB06
:10B280001300A070E37883F00103E37010BD002B7E
:10B29000F8D10388FE2BEDD85B009BB2FF2B88BF53
:10B2A000FF23E6E7837813B1013BDBB28370B3FA87
:10B2B00083F0400970470123038040F2011343806B
:10B2C0007047F8F71FBF0B46152203F8032BD0F881
:10B2D0000920C1F80320427B1A717047012804D16C
:10B2E000012914BF002001207047022801D1022942
:10B2F000F7E7042908BF04280CBF0120002070478D
:10B3000037B504460D46EBF77BFF18B36FF4BA73FD
:10B310000221E0180388ADF80030B0F87030ADF8C5
:10B320000230B0F872306846ADF80430EBF7D6FE64
:10B3300018B14221AE20E5F797FAADF800009DF86C
:10B340000030002063F307009DF8013063F30F2005
:10B3500003B030BD3B232B70D4F80930C5F803305F
:10B360000423ADF80030EAE708B5436893F88D2070
:10B370001AB18521AE20E5F777FA252283F88D20D2
:10B3800008BD042906D101280AD1032101205180DA
:10B3900013807047032903D1012801D00421F5E768
:10B3A00000207047012807D0022805D00338012863
:10B3B0008CBF00200120800070477FB50B46446899
:10B3C000CDE9002118461146EDF7B4FA94F87460FF
:10B3D00094F87550C3B2C0F30720B34208BF0023EE
:10B3E000854208BF002084F83A3284F83B0204B05A
:10B3F00070BD2DE9F0414C6805460F4694F83A229D
:10B40000D31E012B2ED894F87430D91E012929D8C7
:10B41000D31A18BF012394F83B02FFF7C3FF064677
:10B4200013BB1046FFF7BEFF804694F81F3173B977
:10B4300048EA060313F0FF0307D0204601F0D7FACD
:10B440007B68B3F8863003449BB2A4F83832B4F872
:10B4500038320520AE70EB701B0A85F801802B7125
:10B46000BDE8F0810023D6E74FF00008DDE72DE9C5
:10B47000F743446805468846914694F88E70002F3D
:10B4800072D194F88D30293B022B67D9394601A837
:10B49000EDF7CCFAE0B1019B0DF10301DB788DF8FB
:10B4A0000330162294F88D00EEF7DAFA064688B1DA
:10B4B00002461621284601F05DFA3623284684F814
:10B4C0008E3001F033FA3E46304603B0BDE8F083DB
:10B4D0003946E6E798F8013013F0070236D098F8BD
:10B4E000023013F0070331D084F86C2084F86D30FB
:10B4F00094F835311BBB94F83431012B1FD094F8EC
:10B50000753094F86C20D91E012998BF04239A4203
:10B5100026D194F87430DA1E012A94F86D2098BF71
:10B5200004239A421CD16B68022283F83421B4F8B8
:10B530007230B4F87020A4F83831A4F836212723EB
:10B54000284684F88E3001F0F1F9BDE74A464146BD
:10B55000284603B0BDE8F04301F038BA2027B2E72F
:10B560002846EDF72BFAEAE70126ADE713B5446864
:10B5700094F88D30252B22D14B7813F007021AD086
:10B580008B7813F0070316D000218DF804208DF876
:10B590000530ADF80610019AD4F83611FFF70DFF0B
:10B5A0000123002084F8CA302923A4F8C60084F8B7
:10B5B0008D3002B010BD0023A4F83A32F0E701202C
:10B5C000F7E7436810B593F88E200446B3F83A12B3
:10B5D000272A15D181B983F88E1093F83431012BC5
:10B5E00001D1EDF789F96368002283F83421204600
:10B5F000BDE8104001F0ABB92A2283F88E20F6E7AF
:10B6000093F88D20292A0DD141B983F88D10EDF7DB
:10B6100073F96368002283F8CA2010BD2A2283F8D8
:10B620008D20F6E740F23E41AE20E5F71DF9EDF73B
:10B63000D7B9704730B542401C7808785D786040D3
:10B640004C786C409D7820448C786C40DD782044A8
:10B65000CC786C401D795B7920440C7949796C4039
:10B660004B40204418441044B0FA80F0400930BDEB
:10B67000024600200139C9B2FF2900D17047535C4E
:10B6800083F001030344D8B2F4E708B5EDF732FACA
:10B69000082807D0EDF750FA082803D0EDF760FA34
:10B6A000012008BD0020FCE708B5EDF723FA0828C3
:10B6B00003D0BDE80840EDF73FBA08BD08B502F079
:10B6C0002EFB18B1BDE80840F1F77ABE082008BD8E
:10B6D00002F025BB70B503791F2B0FD8461E051D40
:10B6E000002416F8010F01F0ACF80444AE42E4B2B5
:10B6F000F7D1012C94BF0020012070BD0020FCE791
:10B7000001440023884203D1B3FA83F04009704713
:10B7100010F8012B1343F5E7F8B505460C46D0E9C0
:10B72000047602F0C6FD18B954212920E5F79CF8EB
:10B73000E4B1D5E90423D21B63EB0603012A73F1BC
:10B7400000014FF0000113DB6FF0010090429941BE
:10B7500001DA5E21E9E7631E1344B3FBF4F35C43B3
:10B76000E41946F10006C5E904461C462046F8BD2A
:10B770000C46FBE7022905D13C281AD980100F3866
:10B7800080B27047CB1E012B0ED803290BBF962326
:10B790004FF416731022402203F5BC73984208D967
:10B7A000C01A90FBF2F0EBE7702802D9C0100E38F7
:10B7B000E6E70020704738B50D460446EDF76EF811
:10B7C0002B78002B08BF034684F870306B78002B71
:10B7D00008BF034684F871306B88A4F8723038BD16
:10B7E000022908B5034614D005D8012909D0D8216B
:10B7F0002920E5F739F803390129F8D840F6A66081
:10B8000008BD40F6C41040F2E242002B08BF1046CB
:10B81000F6E740F6C410F3E7801AA93810B588425D
:10B82000029C94BF091A491A2268012902EB5102AD
:10B8300094BF0020012022601A68A2EB51021A6016
:10B8400010BD38B50C4600210546E5F789FC60605F
:10B8500018B100230020237038BD02212846E5F7E7
:10B860007FFC606008B10123F4E70220F4E743683D
:10B8700093F88C00C0B293F8B0302BB900F0FB0005
:10B88000003818BF012070470020704710B50C46E3
:10B89000FFF7D7FF38B92046FFF7E9FF80F0010036
:10B8A0004000C0B210BD0220FCE7C2B292FAA2F280
:10B8B000030A93FAA3F31B0E100E40EA032070470D
:10B8C000013105300022C9B270B510F8013F8B423A
:10B8D00016D310F8054C0023012505FA03F626427D
:10B8E0001CBF01F1FF31C9B269B10133082BF4D19A
:10B8F0000132D2B2052AE8D19B214620E4F7B4FFF9
:10B90000C91AC9B2F4E703EBC200C0B270BD0B683C
:10B9100070B5C0F8013004460B790546461D03F0AA
:10B920001F0343710023C37215F8010F00F089FF54
:10B930006871B542E37A1844E072F5D170BD81EACE
:10B94000114170B58CB20546C17A032682EA040023
:10B95000FFF7ABFF013E00EB001016F0FF0604EB13
:10B96000000290B2F4D144402522B4FBF2F302FB72
:10B970001343C3F3C402D8B203F007032A44567832
:10B98000012202FA03F31E4207D161432846C1F3A4
:10B990000741BDE87040FFF793BF70BDF8B590F860
:10B9A000215004466B1E242B03D9E1214620E4F7E5
:10B9B0005BFFDAB1807D002843D194F8233094F8FE
:10B9C000221002FB01322523B2FBF3F103FB11230A
:10B9D000DBB204EBD30203F0070684F82330D17DF9
:10B9E0000122B240114202D084F82430F8BDB3FBEA
:10B9F000F5F205FB123304F11B01013303F0FF03E1
:10BA000011F8012F9A4219D311F8055C0022012682
:10BA100006FA02F72F4208D0013B13F0FF0304D1CE
:10BA200002EBC00284F82420E0E70132082AEFD1BB
:10BA30000130C0B20528E3D1D721B7E79B1ADBB2AA
:10BA4000F6E7E28804F11600096AFFF778FF84F848
:10BA50002400CBE70B7810B543704B7883708B785C
:10BA6000C370CB7803710B794371B1F805308371E2
:10BA7000B1F805301B0AC371B1F807300372B1F891
:10BA800007301B0A43724B7A83728B7AC372CA7A6D
:10BA9000C2F3C003C2F38004DB0043EA8403C2F3B1
:10BAA00001042343C2F30014C2F3401243EA041317
:10BAB00043EA421303730B7B4373B1F80D30837376
:10BAC000B1F80D301B0AC373CB7B03740B8A43742C
:10BAD0000B8A1B0A83744B8AC3744B8A1B0A037537
:10BAE0008B8A43758B8A1B0A8375CB8AC375CB8A75
:10BAF0001B0A03760B7EC3F34603437610BD4378DF
:10BB00000B7083784B70C3788B700379CB7043795B
:10BB10000B71C388A1F805300389A1F80730837A37
:10BB20004B728B7AC27A62F303038B72C37A8A7A7E
:10BB30001B0963F307128A72CA7A037B22F0070299
:10BB400003F003031343CB72037BCA7ADB0863F36E
:10BB5000C302CA72D2B2037B1B0963F30412CA7216
:10BB6000D2B2037B5B0963F34512CA72437B0B734A
:10BB7000C389A1F80D30037CCB73B0F811300B8270
:10BB8000B0F813304B82B0F815308B82B0F8173014
:10BB9000CB820B7E427E62F347030B7600234B760B
:10BBA0008B76CB767047034612EA010003D013F080
:10BBB0003F0018BF01207047D0F803300B60B0F889
:10BBC00007308B8070470378890123F0400301F030
:10BBD00040010B43037070470078C0F3801070473A
:10BBE000037803F07F0343EAC113037070470078C2
:10BBF000C0097047F8B5C7780D4617F03F0600F04A
:10BC00008780072900F28480DFE801F0040E172006
:10BC100029323B44017901223846FFF7C4FF00284E
:10BC20000CBF00200520F8BD017902223846FFF73D
:10BC3000BAFF0028F7D005245AE0017904223846DB
:10BC4000FFF7B1FF0028EED0052448E00179082273
:10BC50003846FFF7A8FF0028E5D0052439E0017930
:10BC600010223846FFF79FFF0028DCD0052429E08A
:10BC7000017920223846FFF796FF0028D3D02C46C2
:10BC800018E0017940223846FFF78DFF0028CAD01E
:10BC9000052406E0017940223846FFF784FF441D61
:10BCA000E4B220223846FFF77EFF00EBC00004EB31
:10BCB0004004E4B210223846FFF775FF00EB400065
:10BCC0000444E4B208223846FFF76DFF04EB400459
:10BCD000E4B204223846FFF766FF0444E4B20222CD
:10BCE0003846FFF760FF00EB400004EB4004E4B28D
:10BCF00001223846FFF757FF072D00EB400004EB09
:10BD00004000C0B28FD1031FB342C8BF00208AE7F2
:10BD1000002088E710B50446FFF76CFF00B120440F
:10BD200010BD4378C278013B02F03F02981AC0B2BE
:10BD30007047F8B50D46194617460646FFF7F1FF5E
:10BD4000441AE4B2BC4228BF3C464DB1F2782846C2
:10BD500002F03F020432114422463144F9F7E8FF71
:10BD60002046F8BD2DE9F047C6780122017930461A
:10BD7000FFF719FF022205463046FFF714FF202285
:10BD800082463046FFF70FFF082207463046FFF78E
:10BD90000AFF102281463046FFF705FF04220446C1
:10BDA0003046FFF700FF402280463046FFF7FBFE9B
:10BDB00005EB0A0307EBC707804404EB4404B944CE
:10BDC00003EB430304EB08004B4400EB430010F08B
:10BDD000FF001CBF0130C0B2BDE8F08738B5C578A0
:10BDE0000446AB09032B1ED005F03F054378AB4258
:10BDF00019D9FFF7B7FFA84215D895B12379DB060B
:10BE00000FD504212046FFF785FF48B1037803F0E2
:10BE10003F03242B07D880785F288CBF00200120A7
:10BE200038BD0120FCE70020FAE70278437802F0F1
:10BE30000F02072A12D8DFE802F0080408111111D6
:10BE4000080E0C3B584258417047063B1F2B8CBFD5
:10BE50000020012070470BB1FFF7C0BF00207047E2
:10BE6000027802F00F02072A0AD0082A0AD0042A10
:10BE70000ED1407806381F288CBF00200120704763
:10BE8000FFF7ACBF4078A0F10E035842584170470D
:10BE9000002070471B2A08B504D940F221412A200E
:10BEA000E4F7E2FCBDE80840F9F742BF013001F1D8
:10BEB000200351F8042B994240F8042BF9D10B8848
:10BEC0000380704738B515460446FFF7EFFF2B682F
:10BED000C4F823306B68C4F8273038BDFFF7BABD0B
:10BEE00038B5FFF7B7FDB1F819308376B1F81930DE
:10BEF0001B0AC376CB7E03770B7F43774B7F837719
:10BF00008B7FC37738BDFFF7FABD38B5FFF7F7FD74
:10BF1000037BCA7A9B0863F38202CA72438BA1F83F
:10BF20001930037FCB76437F0B77837F4B77C37FBB
:10BF30008B7738BDFFF78EBD38B5FFF78BFDB1F8B5
:10BF400019308376B1F819301B0AC376CB7E03779C
:10BF50000B7F43774B7F83778B7FC37738BDFFF7AA
:10BF6000CEBD38B5FFF7CBFD037BCA7A9B0863F3E0
:10BF70008202CA72438BA1F81930037FCB76437FCC
:10BF80000B77837F4B77C37F8B7738BD013070474A
:10BF900010B50C68C0F801404C68C0F80540126844
:10BFA000C0F809201A68C0F80D205A68C0F811209E
:10BFB00010BD10B5D0F801400C60D0F805404C60C1
:10BFC000D0F809101160D0F80D201A60D0F81120B7
:10BFD0005A6010BDFFF7DCBFFFF7EBBF0B78C3F370
:10BFE0000503437070470B78427862F305030B70CA
:10BFF00070470B4613F8012B10B54270D1F80120A1
:10C00000C0F802205A68C0F806201B894381CB7A09
:10C0100003730B7B43734B7B83738B7BC373CB7B30
:10C0200003740B7C43744B7C83748B7CC374CA7C19
:10C03000C2F38013C2F30114C2F303029B0143EA6B
:10C040000413134303750B7D43754B7D83758B7D03
:10C05000C375CB7D03760B7E43764B7E837610BD16
:10C0600042780B7862F305030B7043780A789B09DA
:10C0700063F387120B4603F8012BD0F80220C1F8B6
:10C080000120D0F806205A6042891A81037BCB72C6
:10C09000437B0B73837B4B73C37B8B73037CCB73AF
:10C0A000437C0B74837C4B74C37C8B74CB7C027D90
:10C0B00062F30303CB74037DCA7C1B0963F305128F
:10C0C000CA74D2B2037D9B0963F386120B7DCA74D6
:10C0D000427D62F303030B75437D0A7D1B0963F305
:10C0E00007120A75837D4B75C37D8B75037ECB75F7
:10C0F000437E0B76837E4B7670470B78C3F3050344
:10C100004370B1F801308370B1F801301B0AC3707D
:10C11000CB7803710B7943714B7983718B79C37140
:10C12000CB7903720B7A4372B1F809308372B1F89C
:10C1300009301B0AC372B1F80B300373B1F80B302E
:10C140001B0A43734B7B8373CB89C373CB891B0A55
:10C1500003740B7C43744B7C83748B7CC374B1F885
:10C1600013300375B1F813301B0A4375B1F815305D
:10C170008375B1F815301B0AC375CB7D03760B7E32
:10C1800043764B7E83768B7EC376CB7E0377704778
:10C1900042780B7862F3050310B50B704388A1F861
:10C1A00001304279837904790A71CC704B71027A3B
:10C1B000437AC479CA718C710B724389A1F8093032
:10C1C0008389A1F80B30837B4B73B0F80F30CB81A0
:10C1D000827CC37C447C4A740C748B74838AA1F87F
:10C1E0001330C38AA1F81530037ECB75437E0B76DE
:10C1F000837E4B76C37E8B76CB7E027F62F3030316
:10C20000CB76037FCA7E1B0963F30712CA7610BD83
:10C210000B78C3F305034370B1F801308370B1F8B4
:10C2200001301B0AC370CB7803710B7943714B79D2
:10C2300083718B79C371CB7903720B7A4372B1F836
:10C2400009308372B1F809301B0AC372CB7A0373C9
:10C250008B8943738B891B0A83738B7BC373CB7B63
:10C2600003740B7C43744B7C83748B7CC374CB7CD6
:10C270000375704742780B7862F3050310B50B70B5
:10C280004388A1F801304279837904790A71CC702E
:10C290004B71027A437AC479CA718C710B724389EB
:10C2A000A1F80930037BCB72B0F80D308B81437C51
:10C2B000027CC47BCA738C730B74837C4B74C37C09
:10C2C0008B74037DCB7410BD0B78C3F305034370EF
:10C2D000B1F801308370B1F801301B0AC370CB781C
:10C2E00003710B7943714B798371CB88C371CB8810
:10C2F0001B0A03720B7A4372B1F809308372B1F8EA
:10C3000009301B0AC372CB7A03730B7B43734B7BDD
:10C3100083738B7BC373CB7B03740B7C4374704739
:10C3200042780B7862F3050310B50B704388A1F8CF
:10C3300001304279837904790A71CC704B71B0F87D
:10C340000730CB80437A0B724389A1F80930837B95
:10C35000427B047B0A73CC724B73C37B8B73037C6D
:10C36000CB73437C0B7410BD0B78C3F30503437090
:10C37000B1F801308370B1F801301B0AC370CB787B
:10C380000371704742780B7862F305030B704388A2
:10C39000A1F801300379CB7070470B78C3F3050324
:10C3A0004370B1F801308370B1F801301B0AC370DB
:10C3B000CB780371704742780B7862F305030B70FA
:10C3C0004388A1F801300379CB7070470B68C0F83F
:10C3D00001304B68C0F805300B89A0F809304B8953
:10C3E000C3724B891B0A03737047D0F801300B608E
:10C3F000D0F805304B60B0F809300B81B0F80B3045
:10C400004B817047437837B5C3F301120446032AC2
:10C4100003D8DFE802F0050E1D05002003B030BD93
:10C42000057803F00F00002300930221231D62888A
:10C4300007E0057803F00F00002301210093231D7E
:10C44000628845EA0020ECF78DFF60B10120E5E746
:10C45000ECF720FA03685B05DFD5607801232578C7
:10C4600000F00F00E0E7EDF78FF9EFE702230B7024
:10C4700001238B707047EDF74DB810B521B94FF41B
:10C480002A711020E4F7F0F94A600B72EFF3108480
:10C4900072B6031D0B6042681AB1127A012A08BFF6
:10C4A000036003681960016004B962B6BDE810401A
:10C4B000EDF77AB80222EDF755B90322EDF752B93C
:10C4C0000422EDF74FB90222EDF790B90322EDF700
:10C4D0008DB90422EDF78AB9007A003818BF01201F
:10C4E000704714230B706FF4AC7318440388A1F8E1
:10C4F0000330B0F84830A1F80530B0F84C30A1F85E
:10C500000730B0F84A30A1F80930B0F84E30A1F841
:10C510000B30704708B5CB1E012B04D8800100F505
:10C52000747080B208BD012902D10E30C000F8E756
:10C53000022902D10F308000F3E740F245210620A6
:10C54000E4F792F9022908B50DD005D8012908D0E1
:10C55000DC21B420E4F788F903390129F8D81E302A
:10C5600000E00A3008BD1430FCE7022908B50DD000
:10C5700005D8012908D0DC21B420E4F775F9033986
:10C580000129F8D81E3000E00A3008BD1430FCE75D
:10C5900030B587B004460D46EAF73CFE90B3A4F5EB
:10C5A000B174694624882046FDF7B6FE20B140F2FA
:10C5B0000D112C20E4F758F9BDF8063003A8ADF8AA
:10C5C0000C40ADF80E30BDF80830ADF81030BDF8B5
:10C5D0000230ADF81230BDF80430ADF81430FDF77C
:10C5E00079FE10B14FF48B71E3E7ADF80C009DF8C4
:10C5F0000C30002063F307009DF80D3063F30F202B
:10C6000007B030BD2B463A2203F8032BD4F809209B
:10C61000C5F80320D4F80D205A60B4F811201A810F
:10C620000423ADF80C30E2E7406870470339012974
:10C630008CBFC08A4FF42960704770B590F8746061
:10C640008D88033E0C89012E04D943B11678033E30
:10C65000012E04D8B5F5296F38BF4FF4296590F83D
:10C660007560033E012E04D943B15378033B012B7F
:10C6700004D8B4F5296F38BF4FF42964CB884A88B1
:10C68000A0F86030A0F85C20A0F85E50A0F86240EE
:10C6900070BD8383BDF8003001834283C38370473C
:10C6A0001B2200294FF01B110CBF4FF4A4734FF451
:10C6B000296382840284028502F1A472C160C3846A
:10C6C0004384C383838343820382C0E90521704787
:10C6D00038B5CB1E0446012B10D9C58B438C9D4227
:10C6E00028BF1D46207AFFF715FF6389AB4228BF9C
:10C6F0002B46984238BF184680B238BD4FF42965A2
:10C70000F0E72DE9F843994607460D46808919461A
:10C710001446FFF7FFFE06469DF82080494638463E
:10C72000FFF7D6FF86424146A8F1030828BF064618
:10C73000B88AFFF7EFFEB8F1010F0346B6B28CBF1F
:10C74000FA8A4FF42962904204F1060028BF13468A
:10C7500028449BB233441844BDE8F8830346028F53
:10C7600013B53C3049B9D98E93F87540009493F8CD
:10C770007430FFF7C6FF02B010BD998EF4E770B5B4
:10C780000C46154619464BB9868EFFF7E7FF28443D
:10C790003044A04294BF201A002070BDC68EF4E73A
:10C7A00038B50D4611460446FFF7D8FF28442064EB
:10C7B00038BD01F19C0383423DBF9C38401A4008BC
:10C7C00000207047002803DB884204DB08B202E047
:10C7D00049428142FADC704700F05533400800F0CE
:10C7E0005530034403F033329B0803F033331A44CB
:10C7F00002F00F33120902F00F32134403F0FF105E
:10C800001B0A03F0FF13184400EB1040C0B270473E
:10C8100045F2555200EA020302EA5002981843F228
:10C82000333300EA030203EA90031A4440F60F731D
:10C8300002EA030003EA1213184400EB1020C0B20E
:10C84000704700F05503400800F05500034403F022
:10C8500033009B0803F03303034403F00F0000EBA5
:10C860001310704780EA6000FFF7B6BF40F34E0335
:10C870009BB25840FFF7CCBF32280CD006D8162800
:10C8800018BF012894BF012000207047A0F13E038B
:10C890005842584170470120704708B50246FFF7DB
:10C8A000EBFF40B10846FFF7E7FF20B18A420CBF1B
:10C8B00023202A2008BD8A420AD1A2F13003DBB22C
:10C8C0000B2B0FD840F6210020FA03F3DB071ED410
:10C8D000322901D1262A03D0322A03D1262918D1A0
:10C8E0002A20E7E73E2907D1262AF9D03E2A12D08E
:10C8F0003B2A10D11F2902E03E2A04D126290CBF71
:10C900002A200020D6E73B29F2D11F2AF7E723206F
:10C91000D0E73E29F7D10020CCE74368002283F816
:10C920008D2083F8CA20A3F8C62070470378426898
:10C930002BB9A2F8CC30012382F8CE307047002307
:10C94000A2F8CC3092F8CE3001335BB2F4E708B5F0
:10C950000378426813B982F8CE3008BD92F8CE3021
:10C96000013B5BB2002B82F8CE30F6DA52214A202E
:10C97000E3F77AFF436883F81B1183F81A217047A5
:10C98000A0F10B03042B0CD9A0F14803012B08D90B
:10C99000A0F12503332818BF062B94BF01200020E7
:10C9A0007047012070474268D2F8803010B513F00C
:10C9B000080409D143F0080382F81811C2F8803046
:10C9C000FFF7B4FF204610BD0120FCE7436810B517
:10C9D00093F88E404CB90A7883F81821032283F823
:10C9E0008E20FFF7A3FF204610BD0124FBE7C2699C
:10C9F00041F64B539A4296BF4AF6C8730623B3FBDF
:10CA0000F2F3828C408E1344584380B270474368DF
:10CA1000002093F88F20073A012A81BF4A7883F8D3
:10CA20009020072283F88F207047426892F88F3059
:10CA3000073B012B84BF082382F88F30704708B56D
:10CA4000436893F88D201AB12B215520E3F70CFF92
:10CA50000C2283F88D2008BD2DE9F74F0646894644
:10CA600090460193FFF7C3FFD6F8EC7104465FB917
:10CA70000023C8F80030B6F8863023449CB2019BEE
:10CA80001C8003B0BDE8F08FEDF75CFF0028EFD10C
:10CA9000D6F81CC0D6E974320CFB04FE1EEB030E64
:10CAA000D7E9021342F100020B44D7E900155B18E5
:10CAB00045F10005734575EB020114D2BEEB03018D
:10CAC0006FF0010B62EB050A8B4570EB0A0A03D28B
:10CAD00039215620E3F7C8FE3869471E3944B1FBB7
:10CAE000F0F1E0FB0135B3EB0E0365EB02056FF0EF
:10CAF00001029A424FF00002AA4101D24421E8E724
:10CB0000B3FBF9F209FB1233B3FBFCF291B20CFB5D
:10CB10001133C8F80030B6F886301C441444A4B26F
:10CB2000ADE70B46082203F8032BD0F80920C1F823
:10CB30000320D0F80D205A60427C1A720023CB707B
:10CB4000704708B5436893F88D201AB19821562094
:10CB5000E3F78AFE0E2283F88D2008BD37B50C4618
:10CB6000B1F8051005461A291CD9B4F80730B3F5F9
:10CB7000A47F17D3B4F801201A2A13D9B4F80300FC
:10CB8000B0F5A47F0ED36C68009004F13C00FFF771
:10CB900080FD6968204601F25911ECF733FE01204F
:10CBA00003B030BD0020FBE708B5436893F88D2043
:10CBB0001AB12621A320E3F757FE222283F88D2005
:10CBC00008BD38B54568044695F88D30223B022BE8
:10CBD0000CD8FFF7C3FF18B104216068EEF786FE9A
:10CBE000002085F8CA0085F88D0038BD0120FCE7DB
:10CBF000F7B50446406890F88E50002D42D1B1F848
:10CC000005601A2E04D9B1F80730B3F5A47F05D218
:10CC1000204603B0BDE8F040FFF7D8BEB1F8017080
:10CC20001A2FF5D9B1F803C0BCF5A47FF0D33A466A
:10CC300031463C30CDF800C0FFF72BFD636893F818
:10CC40008D20222A09D16368242283F88E20204671
:10CC5000FFF76CFE284603B0F0BD93F82B31002B94
:10CC6000F1D1636893F82A31002BECD16268232359
:10CC7000114682F88E3002F5B17231F83C0BECF7B8
:10CC800027FEE4E70125E5E74368002210B50446E6
:10CC900083F88E20A3F8CC20FFF759FE60680421AA
:10CCA000BDE81040EEF722BE0B230B70D0F8093020
:10CCB000C1F8023070470B460C2203F8022BB0F883
:10CCC00009204A80C27A9A70704710B504464068BD
:10CCD00090F88D301B2B14D100F5807200F5167181
:10CCE000052300F51A7001F057FD6368012200204A
:10CCF000002183F892201E22C3E93C0183F88D2095
:10CD000010BD0220FCE7436893F88D20152A11D14D
:10CD1000D1F80120C3F86022D1F80520C3F86422BD
:10CD200043680020D1F80920C3F814211B2283F89E
:10CD30008D20704702207047436893F88D20112A98
:10CD400005BF00201422022083F8920008BF83F858
:10CD50008D20704708B5436893F88D20142A04D0BD
:10CD600040F245111F20E3F77FFD012283F8D02018
:10CD7000132283F88D2008BD08B5436893F88D20F1
:10CD80001E2A04D04FF421711F20E3F76DFD2022ED
:10CD900083F88D2008BD08B5436893F88D2022B133
:10CDA00040F28A211F20E3F75FFD012283F8CF20A4
:10CDB000112283F88D2008BD08B5436893F88D20B3
:10CDC0003AB193F8D02022B940F291211F20E3F725
:10CDD0004BFD012283F8CF20152283F88D2008BD5A
:10CDE0000B46072203F8032BD0F80920C1F80320D3
:10CDF000D0F80D205A60B0F811201A81C27C9A72C6
:10CE0000704708B5436893F88D201AB1CD211C20D6
:10CE1000E3F72AFD042283F88D2008BD08B50278C7
:10CE200043683AB983F88E20A3F8CC20BDE80840C7
:10CE3000FFF78DBDD3F88020D10703D4DB211C2060
:10CE4000E3F712FD22F00102C3F88020EEE70E2383
:10CE5000A0F5A8700B7003884B8070474368017879
:10CE600093F88D2061B9052A08BF00224FF0000019
:10CE700002BF83F8BE2083F8CA2083F88D20704754
:10CE8000102AF1E738B50578446855B994F88E3022
:10CE90005BB9FFF74BFD55B9022384F88E300020B3
:10CEA00038BDD4F880305B07F3D50120F8E7D4F81B
:10CEB000803043F00403C4F88030F0E7037833B1E6
:10CEC0004268D2F8803023F00403C2F88030FFF7C4
:10CED0003EBD08B5436893F88D201AB172214B20EE
:10CEE000E3F7C2FC0278002A14BF1022052283F85F
:10CEF0008D2008BD10B5D0E90D42A24206D38B8C1F
:10CF0000121B498E05334B43934202D3012380F811
:10CF10003E3010BD01230B7000238B7030F8D23CE3
:10CF2000A1F80330437A4B714389CB8083890B810D
:10CF3000704710B5446894F8D12092070ED494F845
:10CF40008D301BB177214020E3F78EFC0122A4F83D
:10CF5000C63084F88D2084F8CA2010BD037843B908
:10CF600094F88E300BB9FFF7F2FC002384F83A31C5
:10CF7000F3E7D4F880309B07F7D5FFF7E8FCD4F847
:10CF8000803023F00203C4F88030EEE710F1800F08
:10CF900006D0142904DC8842ACBF00200120704771
:10CFA00000207047806800F5006040F3073070474C
:10CFB00010B50B7901284C790A6843EA0421104620
:10CFC00008BF41F4803110BD07B5FFF7F1FF0DF147
:10CFD0000702EDF749FC03B05DF804FB90F8383028
:10CFE0000BB90020704790F83830012BF9D090F839
:10CFF0003800073818BF0120704790F83830012BEF
:10D00000DAB201D0FFF7EABF1046704770B50446A8
:10D01000FFF7F3FF08B394F83830022B1BD094F8D5
:10D020003850EB1E5D425D4101290AD1072384F887
:10D03000383004F108063046F8F7B8F8304601F009
:10D0400058F9012384F838303DB104F14800BDE8B7
:10D050007040EDF79DBC0125E6E770BD10B50446B4
:10D06000FFF7CBFF30B101212046FFF7CFFF0023B0
:10D0700084F83830002010BD002307B501A80193C3
:10D08000F6F73AFB019810F0030018BF012003B037
:10D090005DF804FB10B5FFF7EFFF002814BF142460
:10D0A0000024F8F7E3FE404200F01400204410BDD5
:10D0B00030B585B01546089BC01A099B61EB030487
:10D0C000002C214602DA404264EB440103AB2A46BD
:10D0D000009302AB01F0ADFB002C039801DA00B124
:10D0E000281A05B030BD38B50546F1F76DF900F5E1
:10D0F00044434FF47A72033D4933B3FBF2F4FFF734
:10D10000C9FF012D00F1BC038CBF0020282023445F
:10D11000184438BD10B5044690F87500FFF7E3FFDA
:10D12000012201462046BDE81040FFF739BB10B58B
:10D130000446FFF7AFFF00F5C271E269E36B9A4264
:10D1400028BF1A461046FFF734FBB0F5296F28BFF9
:10D150004FF4296080B210BD90F87801003818BFF4
:10D160000120704730B54FF4C47285B00D460021E0
:10D17000044601F091FBFF2323701323638042F2E6
:10D180001073E384E4F720F900220146E064684666
:10D19000E4F748F900220121E06CF9F792FD04223E
:10D1A000E16C6846E4F73EF90022E06C1146F9F7BD
:10D1B00088FD04F13000E57400F018F802A8ECF7DF
:10D1C0008BF820B94FF449712D20E3F74DFB02A9EC
:10D1D00004F13600FEF79BFB05B030BD408800F03F
:10D1E000010070478078C0F3400070470023C0F80A
:10D1F0000230012343700370704738B505460C4672
:10D2000000880D21E3F7ACFF58B190F8623243B1CA
:10D21000C389B5F886209B1A9BB213B19C4228BFE4
:10D220001C46204638BDC37C63B9837BA3F1110241
:10D23000032A07D990F8500028B1212B8CBF002079
:10D240000120704701207047C37C63B9437BA3F181
:10D250001102032A07D990F8500028B1212B8CBF66
:10D260000020012070470120704738B50446084669
:10D2700094F8B83213B10C25284638BD94F88E3096
:10D28000172B01D0192BF6D194F8E83203F0FF05E3
:10D29000002BF0D190B194F8F63123B940F6043167
:10D2A0003120E3F7E1FA052304F5807204F5F37108
:10D2B00001F072FA012384F8B832DDE70223FAE7BD
:10D2C00010B5044690F8751090F87400EEF720F948
:10D2D000002201462046BDE81040FFF761BA10B5B4
:10D2E00086B0044613460A4601466846EEF72EF914
:10D2F000694604F5FC70F7F7F9FE20B94FF4347174
:10D300003520E3F7B1FAB4F886300133A4F886305B
:10D3100006B010BDEEF7D6B8C0F8D811704710B5FA
:10D320000446FFF7B7FE00F23D11E269E36B9A4253
:10D3300028BF1A461046FFF73CFAB0F5296F28BF00
:10D340004FF4296080B210BD10B5044686B020B9F4
:10D350004FF4C3713520E3F787FA90F88C2002F080
:10D36000FF0312B140F28711F4E70146012268463B
:10D37000EEF7ECF8694604F5FC70F7F7B7FE10B964
:10D3800040F28B11E6E706B010BD436893F8202108
:10D390002AB1002283F88D2083F8CA20704783F8D1
:10D3A0008E20FFF7D4BA436893F88D20032A05D165
:10D3B000002283F8CA2083F88D207047FFF7C7BA90
:10D3C00010B50446FFF7A9FA2046BDE8104000F06A
:10D3D00081B910B5044600F093F910B92046FFF763
:10D3E0009CFA002010BDA1F11303012B0AD910B93A
:10D3F0001A2902D87047132906D920298CBF00208A
:10D4000001207047012070470020704738B514286C
:10D4100053680D46144693F88D300CD016281AD058
:10D42000122831D1052B14D1002220461146BDE827
:10D430003840FFF713BD223B022B0AD81046FFF7F6
:10D440006CFA35B1626892F8E03023F0200382F87C
:10D45000E030002038BD252BFBD11046FFF75DFAE8
:10D460006DB1626892F8E13023F0010382F8E13097
:10D47000626892F8E13023F0080382F8E1301A2163
:10D480002046EBF739FAE4E740F265413620E3F74E
:10D49000EBF9024640680B4690F8E01041F00401B9
:10D4A00080F8E01099785878EEF7D6BC70B50C4645
:10D4B0000546D1E90501E3F72BFF94F88C303BB129
:10D4C00004F5FC763046F7F771FE304600F011FFA8
:10D4D00004F5E8742046EDF74DFA10B12046EDF75B
:10D4E00057FA0F212846E3F751FE10212846E3F7AB
:10D4F0004DFE12212846E3F749FE11212846E3F7A5
:10D5000045FE13212846E3F741FE28461421BDE8D5
:10D510007040E3F73BBE00207047ECF7C5BAECF76C
:10D5200023BBECF739BB70B5468E014690F89120CD
:10D53000B600B0F8C03012BBC3F106039D1B91F8D2
:10D54000BE301BB191F88D30052B1DD101F180004B
:10D55000FFF77AFED0B1D1E92D34E41AA41BAC4216
:10D560000888A8BF2C4600F0A5FB20B1C389043B66
:10D570009C42B8BF1C4624EAE47080B270BDB0F88B
:10D58000C250ED1AAD1BDAE70024E8E72C46E6E7C7
:10D590001FB501230A4603A9009340F68813F6F746
:10D5A000DBF805B05DF804FB08B5EBF76DF9034651
:10D5B000C2054CBF032001201B0548BF40F00C00F2
:10D5C00008BD08B5C30707D5002000E0012008BD4D
:10D5D0000220FCE70320FAE78107F7D44207F7D4DB
:10D5E0000307F7D44B21AC20E3F73EF973B50E46A1
:10D5F000054618B9A921AC20E3F736F9447B20464B
:10D60000FFF7DFFFD5F80930C6F80330D5F80D3045
:10D61000C6F80730431CF3711F2333700123834086
:10D62000002024EA030404236C73003C63F3070026
:10D6300018BF012464F30F2002B070BD10B504467A
:10D64000EBF722F9032C11D8C1054CBF03230123AA
:10D6500002054FF0010000FA04F048BF43F00C034C
:10D66000C0B21840003818BF012010BD002003468A
:10D67000F7E701467F20FFF78BBF01466FF07F0081
:10D68000FFF786BF2DE9F04704460E460025FFF759
:10D690008BFF4FF0010907465FFA85FA5046FFF706
:10D6A000E8FF80465046FFF7E8FF821B5342534194
:10D6B00009FA05F2B04502EA070208BF43F0020387
:10D6C000D2B20AB16676237601350234042DE3D155
:10D6D000BDE8F08743680F2110B593F8E42018885F
:10D6E00022F0060283F8E420E3F73AFD0122014626
:10D6F00004461A20EFF7ECFB002384F8343010BD09
:10D70000232938B5154612D1436893F88D202D2A68
:10D710000DD118880F21E3F723FD012201460446AD
:10D720002846EFF7D5FB002084F8340038BD0220EE
:10D73000FCE738B50D461146426892F8E4209007A0
:10D7400016D591F82E20920714D591F8312002F0C9
:10D75000FF048AB981F82F5081F830309DF81030DD
:10D7600081F8313022462046EFF7B2FB204638BD23
:10D770001A24FBE70C24F9E73A24F7E710B50C4626
:10D780000F21E3F7EDFC2146BDE81040FFF77ABF1B
:10D79000F8B5576806460D460F213888E3F7E0FCD8
:10D7A000242E04461ED0252E3CD0232E4DD190F899
:10D7B0003260B30607D50126C07BEFF757FC8640E1
:10D7C000F6B284F832603046FFF7FBFE6E7004EB71
:10D7D000400094F83330AB7090F91900EFF7CAFCB1
:10D7E000E870F8BD90F82F00FFF7EBFE97F88D304A
:10D7F00006462D2B14D0A068ECF7F8FF074604EB83
:10D8000046031A7E6A7094F83020AA7093F91900C2
:10D81000EFF7B0FC2F71E870002384F83130E0E7B7
:10D82000FF27ECE790F82F603046FFF7CAFE6E70D6
:10D8300004EB4000037EAB7094F83030EB7090F94D
:10D840001900EFF797FC2871E6E74FF4A171AC20BF
:10D85000E3F70AF82DE9F84F074693F900000E4662
:10D86000154698464FEA420900283DD001EB0903CE
:10D870007F2893F901A006D050447F282FDC10F1B7
:10D88000800F2EDB40B22946FFF782FE0446284671
:10D89000FFF7EFFE231A2846D3F1000B4BEB030BE7
:10D8A000FFF7EBFE8442A4EB0A044FEA4B0BE3B212
:10D8B00008BF4BF0010B60B206F815B04E4488F873
:10D8C000000072789C1864B2747097F87400EFF7D7
:10D8D000CDFBA84208BF87F87C40BDE8F88F7F20C9
:10D8E000D1E76FF07F00CEE70346E7E72DE9F3418C
:10D8F00045780C4683784F68C6788DF80730FFF777
:10D9000053FE054246D06B1E2B4243D17E2E4FFA6A
:10D9100086F841D0636893F88D00FBF71BFC18B1C3
:10D920003A2002B0BDE8F08193F88E00FBF712FCBC
:10D9300006460028F4D10F213888E3F711FC90F84F
:10D940002E30044643F0020380F82E302846FFF7BD
:10D9500038FE024604EB400393F9211041451CBFF9
:10D9600083F8218083F8206094F83130012BD7D8D8
:10D97000032384F831300DF10703384604F1180110
:10D9800084F82F50FFF766FF9DF80730002084F8D9
:10D990003030C6E72020C4E71E20C2E770B5054638
:10D9A0000E4600880F21E3F7DBFB04463046EFF715
:10D9B0005DFB04EB4004637E85F87C3070BD2DE98F
:10D9C000F341446805460F460F2120889046E3F74F
:10D9D000C7FB064690F83130D3B994F97C403C1B24
:10D9E00063B29C4204D040F20231AC20E2F73CFF2B
:10D9F0003946FFF747FEFFF7D7FD2346014632467B
:10DA00002846CDF80080FFF794FE02B0BDE8F08113
:10DA10003A20FAE72DE9F34104460D46B0F86E00CE
:10DA2000694617461E46FDF70CFF20B140F20F3144
:10DA3000AC20E2F719FFA806DDF8048012D42846CE
:10DA4000FFF7BFFDD8F8E030D9054CBF0321012115
:10DA50001A054FF0010348BF41F00C0103FA00F032
:10DA6000014211D098F8E4309B070DD594F834307A
:10DA700003F0FF0053B984F8325084F8337084F80F
:10DA8000346002B0BDE8F0811A20FAE73A20F8E7E6
:10DA90002DE9F04F00268BB04FF400730DF11409FF
:10DAA000B2460290ADF8143019F8013B4FF001086E
:10DAB000CDE906AA8DF81E3006A8E3F78BFB0446D5
:10DAC00030B1731C0126022BEED10BB0BDE8F08FF4
:10DAD00008A9BDF81C00FDF7B4FE20B14FF45F713A
:10DAE000AC20E2F7C1FE099D0F212888E3F738FB3F
:10DAF000834695F87400EFF7B9FA08FA00F50BEBD6
:10DB00004003E9B293F919700391FFF74DFD20EA44
:10DB1000050003990BF11905C0B208FA04F202429C
:10DB20005FFA82FC05D015F91420BA4208BF4CEA0E
:10DB300001010134042CF0D1029B5A4608A8CDF80B
:10DB40000080FFF7F6FDB7E708B5436893F88D202E
:10DB500022B14FF46271AC20E2F786FE2D221888C4
:10DB60000F2183F88D20E3F7FBFA90F82E3043F075
:10DB7000010380F82E3008BD70B5044608462678AB
:10DB800065682EB1D5F880305B0605D5012070BDE3
:10DB900095F88E30002BF9D12146FFF7A7FE0246FB
:10DBA00080B11EB195F88E30002BEFD12321204695
:10DBB000FEF7E0FE362385F88E302046FEF7B6FEEF
:10DBC0000020E4E70EB92D23F5E7D5F8803043F0C7
:10DBD0004003C5F88030F0E710B50378446883B996
:10DBE00084F88E30A4F8CC30FEF7B1FE0F212088E7
:10DBF000E3F7B6FA002201461046BDE81040EFF701
:10DC000067B9D4F880305A0604D440F2DB31AC2036
:10DC1000E2F72AFE23F04003C4F88030E4E710B5B1
:10DC200044680F212088E3F79BFA034690F83420DC
:10DC300022B993F83120D2B9FE2010BD94F83521D5
:10DC4000002AF6D194F88E20A2F125010629F0D9F8
:10DC5000332AEED094F88D00FBF77CFA0028E8D147
:10DC60001046FBF777FA0028E3D12320E5E70022EE
:10DC700083F831202520E0E7FEF74FBE1D2310B5C5
:10DC800004460370EAF730FE6070022010BD1E23C8
:10DC900010B504460370EAF727FE6070022010BD3D
:10DCA00001234380038000238380C3804FF44863B3
:10DCB000038170471021E3F753BA73B569460546EF
:10DCC000FDF7BFFD044618B121215420E2F7CCFD39
:10DCD0002846019EFFF7EEFF28B101237386848159
:10DCE00044810482C48102B070BD3C2303804FF4A0
:10DCF000FA4343800123C38083800023038143814F
:10DD00004FF448638381704708B5EFF797FEEFF74C
:10DD10007BFBEFF793FABDE80840F0F737BC10B58E
:10DD2000C824EFF735FB022808D1013C14F0FF04AA
:10DD3000F7D10620EBF736FD204610BD431E5842B2
:10DD40005841FAE7704738B504461546EFF796FC98
:10DD500001462A462046BDE83840F0F743B819B9D5
:10DD600043780BB1C3788370704710B504460846FA
:10DD7000F0F72AFB4FF47A73B0FBF3F0201A10BDD2
:10DD800038B5044608461546F0F71EFB4FF47A7383
:10DD900000F2E730033DB0FBF3F0012DA4EB0004EB
:10DDA0008CBF02200A20201A38BD01207047831C36
:10DDB000212B04DD4C2B04DC2038C0B2704700203E
:10DDC00070472A2070477F2808B5034604D0F0F733
:10DDD000F9FEC0F11003DBB258B208BD08B5431E0E
:10DDE000072B09D8DFE803F00D0F0504080D0D0619
:10DDF000022008BD0420FCE740F28F410620E2F734
:10DE000033FD0020F5E70120F3E708B503280FD81C
:10DE1000DFE800F00212070B002914BF03200520E1
:10DE200008BD90000530C0B2FAE790000B30FAE769
:10DE30005C218720E2F718FD0620F1E72DE9F0418B
:10DE400004460F461646F5F7CDF90023A4F8A23292
:10DE500094F86232062B08D094F86232052B04D075
:10DE600040F276218820E2F7FFFCFE22002304F135
:10DE7000DA08A4F85C221D46D4F8D420A4F8603255
:10DE800084F8B03084F8A0326374927A84F8B022B7
:10DE9000AF4212D194F82F3184F87B3184F8C53128
:10DEA000002384F8663294F86222052A0AD14EB91A
:10DEB000022384F86232BDE8F08140460135F3F771
:10DEC00093F8E5E784F86232D4F8D420B4F8641209
:10DED000B2F847300B44A2F84730ECE70023F7B51F
:10DEE0000646A0F52974CDE900330D238DF80630E0
:10DEF0006846E3F76FF9054608B103B0F0BD009B33
:10DF0000A342F5D116F83E3C002B14BF0127002791
:10DF10000DD00D212046E3F77DF906460E21E3F7EB
:10DF20001FF92A4690F845113046FAF72CFBB4F851
:10DF300064123A46B4F8AE322046C91A89B20131A9
:10DF4000FFF77CFFD9E700F038B8801A00F307002C
:10DF500038B50D46144659B240B2F5F793FC00238C
:10DF6000287020446B7040B238BD002303607047B6
:10DF70007047002070474FF0FF3070474FF0FF3080
:10DF8000704770474FF0FF30704700207047002007
:10DF900070470023037070479DF800300022FFF7A0
:10DFA000D4BF4FF0FF307047002070474FF0FF3074
:10DFB00070474FF0FF307047704770470020F5F70B
:10DFC000A5BC0020F5F77CBD0020F5F78DBD002035
:10DFD000F5F79CBC7047F5F7D3BDF5F7E5BDF5F750
:10DFE000D5BDF7F7C9BAF6F787BFF6F79DBFF7F7C4
:10DFF000EDBA00F086B9F7F7DFBAF7F7CFBA10B588
:10E00000837F8BB9034601F1180251F8044B91420A
:10E0100043F8044BF9D1012484772146F6F706F939
:10E02000F6F75CFF204610BD0020FCE710B5044663
:10E030000221F6F7FBF8F6F751FFA07FB0FA80F067
:10E04000400910BD38B50446A37F03B938BDA37F8E
:10E05000032B02D0A37F042B0ED1EFF3108572B6F1
:10E060002046F6F755FB05B962B6A37F002BEDD02D
:10E07000FF210320F7F772FCA37F012B02D14FF49D
:10E080008271F6E700F092FBDEE713B50DF10701B0
:10E09000F6F724FB0446F6F78FFF20B940F2211172
:10E0A0000320F7F75BFC204602B010BDF8B5074629
:10E0B000F6F782FF044620B940F229110320F7F752
:10E0C0004DFCF6F77FFFA46800252418384641F17F
:10E0D000000622463346F6F769FBA04271EB0603C1
:10E0E00009D3001B6FF0010361EB0601834275EB5E
:10E0F000010102D3F8BD2846FCE74FF0FF30F9E7F5
:10E100002DE9F04104460F46F6F756FF064620B9C2
:10E110004FF4A3710320F7F721FC856800236219EF
:10E120005B4113B10020BDE8F081F6F74BFF2A18E0
:10E13000384641F1000314EB020843F10005F6F7FD
:10E1400035FB4045A941EDD3F7F716FA00F074F816
:10E15000B368012037752344B360E4E7837F012B64
:10E1600001D100F06BB800207047D0E90001704782
:10E17000F6F728BF8068704708B5F6F71DFF20B98D
:10E180004FF4CB710320F7F7E9FB007D08BDF8B52C
:10E190000369044623B140F29D110320F7F7DEFB2B
:10E1A000F7F7EAF905460E46F5F796FF70B36435C2
:10E1B000D4E9003246F10001AB4272EB010001D21A
:10E1C0002B460A46C4E90032EFF3108572B6F6F723
:10E1D000F3FE064698B1F6F7F5FEB3680B332CBF95
:10E1E000012200221B18D4E9006042EB0101B34276
:10E1F00071EB00023CBF33460146C4E9003105B96A
:10E2000062B62046BDE8F840F6F746BBF5F784FF56
:10E210000746F6F7E5FEB84238BF3846963546F170
:10E2200000024319D4E9000142F10002834272EB7B
:10E230000105C7D20346C4E7F6F792B8F7B50C4616
:10E240000DF107010646878BF6F748FA20B94FF41F
:10E2500012719F20F7F782FB0FCC35460FC594E86B
:10E2600003003A4685E8030030460DF10701F6F752
:10E2700019F9012003B0F0BD032910B5044606D8F2
:10E2800001290ED84FF49E71B020F7F767FB0429DF
:10E29000F8D1F5F7E1FF20B12046F6F79FFB022009
:10E2A00010BD0020FCE7C0E908122022002100F088
:10E2B000F3BA10B5037886B0044623B14FF4AB71BE
:10E2C0004520F7F74BFB0593CDE90333D0E9042351
:10E2D000CDE9002343680293037A68468DF8143031
:10E2E000FFF755FF0120DDE90023C4E9042306B050
:10E2F00010BDFFF7A7BE7047704770477047F6F72D
:10E30000D9BF10B5029C241841F10001A01A61EB9D
:10E310000301B0F1004F71F1000103DBA9210420DA
:10E32000F7F71CFB10BD08B500230B8581F82A30D8
:10E330000B6A0921984728B103781BB1E9216A20AB
:10E34000F7F70CFB08BD436A19444162A1F196003E
:10E35000FFF749BEF8B5044620B940F2AD116A2076
:10E36000F7F7FCFA90F85850052900F2C780DFE86B
:10E3700001F0038043656F7990F82A30033B012B4D
:10E3800002D94FF4DC71EAE7052380F82A30002334
:10E3900080F859300378EBB12378012B24D1F6F7BC
:10E3A00051FF636894F828606362C4E90601F6B916
:10E3B000FFF721FE31462046FFF7C5FF236A3146AD
:10E3C0002846984701462046F7F7B4F9022840F05E
:10E3D0009880F8BDFFF705FE07460E46F6F732FFB8
:10E3E00087428E41F6D3D7E7D4E90401D9E7204626
:10E3F000BDE8F840F7F76AB990F82A30DA1E012A2A
:10E4000002D940F2ED11AAE790F828202AB121465E
:10E410002846BDE8F840FFF786BF042B036A18BF03
:10E42000012180F82A100521284698470028D0D0DD
:10E430000378002BCDD04FF4007190E790F82A308C
:10E44000052B02D040F2062189E7036A0221B7E7D3
:10E4500090F82A30052B02D04FF403717FE7036A4E
:10E460000121ADE790F82A30052BC0D040F21221EF
:10E4700075E790F82A30052B07D090F829200AB1CB
:10E48000032B02D040F2172169E794F82820002AD4
:10E49000BDD194F8593083B102230821284684F86D
:10E4A000592084F82A30236A9847002891D00378AD
:10E4B000002B8ED040F2232151E794F8292062B13D
:10E4C000214604F1300084F82930F6F70FFE0028C9
:10E4D0007FF47FAF4FF40A7141E7022307212846FA
:10E4E00084F82A30236A984700283FF472AF0378F3
:10E4F000002B3FF46EAF40F22F2130E74FF40D7147
:10E500002DE70128236A0CBF0421032158E770B5C9
:10E510000024F7F7C9F905462646E0B2854200D83F
:10E5200070BDF7F7C7F90134068580F82A60F4E773
:10E53000F8B504460D460027F7F7B6F90646F8B2D7
:10E54000864204D8082D0CD96FF0150008E0F7F7C3
:10E55000B1F990F82A300137002BF0D04FF0FF309E
:10E56000F8BD2CB129462046BDE8F840F7F7AEB912
:10E5700021462046F8E710B50446F7F79BF9014617
:10E5800088B190F828308BB990F82A3073B1013BEC
:10E59000012B04D82046FFF7C6FE002010BD012342
:10E5A00080F82830F9E76FF00100F7E76FF02200FC
:10E5B000F4E770B50D46F7F77DF9044600284CD016
:10E5C00090F82A60731E012B4DD8002D48D02846A4
:10E5D000F7F750F8002843D02B780BBB01232370AA
:10E5E0002B796A79003B18BF0123002A14BF04224B
:10E5F000022243F004032272AA68A5326260EA682C
:10E60000637203232261214604F1300084F82A302A
:10E61000F6F76CFD50BB40F2C1216A20F7F79EF976
:10E62000022E20D1002323702B796A79003B18BF7A
:10E630000123002A18BF042643F004032672EA6867
:10E640006372A532A9686260D4E906325B1842EBB6
:10E65000E172C4E904320423D5E76FF0010070BD14
:10E660006FF01500FBE76FF02200F8E70020F6E7F7
:10E67000F8B5037904461BB11B219D20F7F76EF90D
:10E680004679017126B901234371217909B9617174
:10E69000F8BD276820462671B84702280546F4D100
:10E6A00003212046B84708B12F21E6E72368294611
:10E6B000204698470028E8D03021DEE7034600686E
:10E6C000884204D109B10A681A600846704728B91F
:10E6D0007047884202D10A681A60F6E7034600686C
:10E6E0000028F6D1704701F11003013813F8012D0D
:10E6F0008B4200F8012FF9D170472DE9F04713F054
:10E70000010F8EB004460D4617469A46DDE916897C
:10E7100024D006A8FFF7E7FFA30735D002AA04F12B
:10E7200010052068083454F8041C1346AC4203C397
:10E730001A46F6D106AD02AC1AF0020F4346CDF8E8
:10E74000009023D0294620460AAAF7F79FF90AA984
:10E750003846FFF7C8FF0EB0BDE8F08713F0040F8E
:10E760000DD106AB0E4601F1100C1D46306808367F
:10E7700056F8041C1A46664503C21346F6D12146D4
:10E7800002A8FFF7B0FFD6E706ADD5E73A4629461F
:10E790002046F7F77BF9DEE713B50024CDE9004406
:10E7A000FFF7ABFF02B010BDF7F774BA20BF704798
:10E7B00020BF70479142F8B503D373219620F7F735
:10E7C000CDF8B2FA82F33BB1C3F1200499409A40EC
:10E7D00020FA04F4984021434FEA124C93B2040CFF
:10E7E00087B2B1FBFCF50CFB151E05FB03F64FEAE7
:10E7F0000E4E0EEB1040864205D9361A964294BF53
:10E8000001260226AD1B04EB0141280405FB121171
:10E81000B1FBFCF40CFB1411634307EB0147BB4253
:10E8200005D9DB1B934294BF01230223E41A204342
:10E83000F8BD70B5044615461E46FFF7BBFF049BA6
:10E8400000FB154430601C6070BD62B1013910B529
:10E85000841810F8012B11F8013FA04201D09A4210
:10E86000F7D0D01A10BD10467047431A934200EB00
:10E87000020310B508D3013902469A420BD011F8B1
:10E88000014F02F8014BF8E70A4412F8014D8A42A1
:10E8900003F8014DF9D110BDF0B5C9B20446A30784
:10E8A00026460ED14FF0013522F003034D43E71801
:10E8B000BC420CD1334402F003021A44934209D102
:10E8C000F0BD002AFCD0013A04F8011BE7E744F848
:10E8D000045BEDE703F8011BF0E7FFF7DDBF00285D
:10E8E0000CBF6FF015000020704700207047072311
:10E8F000037000207047002070470020704710F818
:10E90000012B11F8013B012A28BF9A42F7D0D01AF7
:10E910007047034611F8012B03F8012B002AF9D1A7
:10E920007047034613F8012B002AFBD1181A01384F
:10E9300070472DE9F04786468C460846089E1546E6
:10E9400074461946002B40F0C1808542B2FA82F22B
:10E9500045D94AB1C2F1200300FA02FC9540944027
:10E960002EFA03F343EA0C0C4FEA154EA8B2230C1F
:10E97000BCFBFEF80EFB18CC08FB00F943EA0C4385
:10E98000994528D9EB1808F1FF3704D2994502D9E7
:10E99000A8F102072B44A3EB0903A4B2B3FBFEFCCE
:10E9A0000EFB1C330CFB00F044EA0344A04214D9D4
:10E9B0002C190CF1FF3304D2A04202D9ACF10203AE
:10E9C0002C44241A43EA07401EB1D440002334608B
:10E9D0007360BDE8F0874746DDE76346F1E792BB29
:10E9E000431B01214FEA154EAFB2200CB3FBFEFCD6
:10E9F0000EFB1C330CFB07F840EA0343984561D932
:10EA0000EB180CF1FF3004D2984502D9ACF10200AA
:10EA10002B44A3EB0803A4B2B3FBFEFC0EFB1C3398
:10EA20000CFB07F744EA0344A7424DD92C190CF11B
:10EA3000FF3304D2A74202D9ACF102032C44E41BF9
:10EA400043EA0040C0E7C2F120039540944020FA19
:10EA500003F12EFA03F34FEA154E9040AFB2034391
:10EA6000B1FBFEFC0EFB1C10190C0CFB07F841EA75
:10EA70000041884522D969180CF1FF3004D288453D
:10EA800002D9ACF102002944A1EB08019BB2B1FB11
:10EA9000FEFC0EFB1C110CFB07F743EA01439F42EF
:10EAA0000ED9EB180CF1FF3104D29F4202D9ACF120
:10EAB00002012B44DB1B41EA004193E76046E3E798
:10EAC0006146F7E76046A4E76346B8E7834206D9A4
:10EAD00016B9002108467CE7C6E900E0F9E7B3FA79
:10EAE00083F78FB9834201D3724508D8BEEB020485
:10EAF00060EB030301209C461EB9002169E73846FC
:10EB0000FAE7C6E9004CF8E7C7F1200CBB400EFA63
:10EB100007F522FA0CF42EFA0CF1BA401C4320FA45
:10EB20000CF3B8404FEA144901431FFA84FEB3FBCB
:10EB3000F9F809FB18300B0C08FB0EFA43EA004306
:10EB40009A4540D9E31808F1FF3004D29A4502D91A
:10EB5000A8F102002344A3EB0A0389B2B3FBF9F83E
:10EB600009FB183308FB0EFE41EA03418E452CD900
:10EB7000611808F1FF3304D28E4502D9A8F10203CF
:10EB8000214443EA0040A1EB0E01A0FB029841455D
:10EB9000CE46434602D306D14D4504D20138B9EBE7
:10EBA000020E68EB0403002EA7D0B5EB0E0261EB5A
:10EBB000030101FA0CFC22FA07F3F9404CEA0303C3
:10EBC000C6E9003199E74046C5E74346D9E700006A
:10EBD0000000202002024040222260606161242463
:10EBE0006262636335356464656537376666676797
:10EBF0003939686869696969791C1C1C1C202022E4
:10EC0000222424262628282A2A2C2C2E2E30303264
:10EC1000323434363638383A3A3C3C3E3E40404254
:10EC200042424246000000000022F0B5114640F684
:10EC3000034087B007F002FC0446002858D107F0D3
:10EC400029FA214641F2030005AA07F0F7FB044622
:10EC500000284DD1059A844DD16805F17803D1F88B
:10EC60000100D1F8051003C3104606F053F8214601
:10EC700041F2010005AA07F0E1FB0446002837D164
:10EC80000598C3685A7885F870205A88A5F87220CC
:10EC90001A7985F87120B3F80720A5F87420B3F825
:10ECA0000530A5F8763006F035F8214641F202002D
:10ECB00005AA07F0C3FB0446D0B9059F05F18006FD
:10ECC000FA68531C4132344618685968083303C443
:10ECD00093422646F7D1384606F01CF895F87C306A
:10ECE000580608D4452161481FF0A1F96FF01204BD
:10ECF000204607B0F0BD002142F2030005AA07F04C
:10ED00009DFB04460028F3D1059A594BD168D1F8F0
:10ED10000100D1F8051003C3104605F0FBFF2146A2
:10ED200042F2020005AA07F089FB04460028DFD161
:10ED3000059EF468B4F801309AB282B1E27872B1FB
:10ED4000A5F80431E278032A04D003235721494867
:10ED50001FF06DF9E2784848114623F0DCF83046A0
:10ED600005F0D8FF95F87C6016F0200618D14FF01A
:10ED7000FF304FF0FF3107F0B1F9044600286FD0A3
:10ED800002210C3006F020F9012321460370467061
:10ED9000324640F66D4007F051FB04460028A7D1EB
:10EDA00095F89C30190712D5002142F21C0005AAE3
:10EDB00007F044FB044600289AD10598C368D3F8AD
:10EDC0000120D3F80530C5E9382305F0A3FF95F8F5
:10EDD000D8309A0623D50DF1120104A807F0B4FB30
:10EDE0000446002884D14FF0FF304FF0FF3107F088
:10EDF00075F90646A0B304210C3006F0E5F8BDF81D
:10EE0000103022460380BDF812303146438042F272
:10EE1000240007F013FB044600287FF469AF95F83F
:10EE2000D8305B0610D5002142F22A0005AA07F06F
:10EE300005FB044600287FF45BAF0598C3685B7848
:10EE400085F8203105F066FF95F8DD305F0627D59F
:10EE50004FF0FF304FF0FF3107F040F9044668B93A
:10EE60006FF0680444E700BF480100200BC90400AC
:10EE70002002002034C904005002002002210C307E
:10EE800006F0A2F82F2303700123214643700022CD
:10EE900042F2740007F0D2FA044600287FF428AF4B
:10EEA0004FF0FF304FF0FF3107F018F9044600280B
:10EEB000D6D008210C3006F087F895F8D81040F22B
:10EEC000022311F0400F08BF03238E074CBF43F00D
:10EED0002C0343F00C030246880695F8D90048BF7E
:10EEE00043F0400310F0090F18BF43F40063C90753
:10EEF00054BF184643F0100095F8DD3001215F063D
:10EF000008D595F8B1305E0754BF40F601018A4933
:10EF100041F4FE211FF01EFE2146002242F20100B4
:10EF200007F08CFA044600287FF4E2AE95F87C30B6
:10EF3000B5F80411980662D4C9B941F2050005AAD2
:10EF400007F07CFA044600287FF4D2AEB5F804310D
:10EF5000059C4BB9E368B3F80120A5F804219A8811
:10EF60007648114622F0D7FF204605F0D3FE4FF039
:10EF7000FF304FF0FF3107F0B1F8044600283FF4AE
:10EF80006FAF08210C3006F01FF895F8D830024614
:10EF9000D90747BF66A1D1E900014FF00051684889
:10EFA0001FF0D8FD2146002240F6014007F046FA46
:10EFB000044600287FF49CAE014605AA4FF60140A6
:10EFC00007F03CFA20B357215E481FF030F8EB7988
:10EFD000002B7CD11FF050FF044600287FF488AE40
:10EFE0000AF00CFB044600287FF482AEEB79002B7C
:10EFF00040F09480492154481FF019F878E6002920
:10F00000B5D1452151481FF012F86FF004046FE6A6
:10F01000059E4921F4684E48B4F80130042B96BF90
:10F020004C4A4D4A52F823201FF001F8B4F8012051
:10F03000B4F80330022A2AD1052B28D8474A52F8BF
:10F040002320492146481EF0F2FFD4F809106379C5
:10F050000291B4F80710032B019198BF414AA1799E
:10F0600094BF52F823203C4A3F48009149211EF0AA
:10F07000DEFF304605F04EFE00214FF6024005AAA5
:10F0800007F0DCF9044620B1572138489DE7324AA1
:10F09000D7E70598C368B3F80130A5F8C13005F08B
:10F0A00039FE95F8C1305A0791D521464FF60340F5
:10F0B00005AA07F0C3F910B157212D4885E7059837
:10F0C000C3685B7885F8C03005F024FE7FE72E78B2
:10F0D000002E7FF47FAF95F8C1309B0625D54FF009
:10F0E000FF304FF0FF3106F0F9FF044600283FF4EF
:10F0F000B7AE06210C3005F067FFD5F80130214688
:10F1000003601C4B32469B8883804FF6064007F015
:10F1100095F9044600283FF45DAFE9E5082116485B
:10F120001FF004FD07F0BCF8E2E56FF08504DFE5B1
:10F13000908800020080002001088000500200201A
:10F1400010880002A7C9040099CA04007FC90400FE
:10F15000D0C90400045A0400D1C60400EC590400CC
:10F16000EEC90400DC5904000BCA04003DCA0400C7
:10F170006BCA0400490100201C02002000000000AE
:10F1800008B5094BD3E8AF3F43B1F4F7ABFF04A197
:10F19000D1E90001BDE8084013F060BE08BD00BF22
:10F1A000389C1C00000000000867002000000000E0
:10F1B00037B50024164D6FF009034FF480622846DE
:10F1C0001449009417F04AFE1349284622F01EFF06
:10F1D0001249134817F072FC224604211C2005F046
:10F1E0003BF801220F4BD3E8EF1FC3E8E02F0028C4
:10F1F000F9D105A1D1E9000113F030FE204603B09A
:10F2000030BD00BFAFF30080389C1C000000000040
:10F2100070450020B09000201DF80400252E03004A
:10F22000706700200867002070B4174E0C46B0428B
:10F23000154608D00136B0420FD0023EB04210D081
:10F2400070BC1BF08FBE0AA3D3E90023C5E90023DD
:10F250000E4B0020236070BC704707A3D3E9002346
:10F26000F4E707A3D3E90023F0E700BFAFF3008082
:10F2700002C0FF7F0000000003C0FF7F000000000D
:10F2800001C0FF7F0000000002C0FF7F03004E802E
:10F290000A46024849211EF0CABE00BFCC8A0400BB
:10F2A000492101481EF0C3BEED8A040010B50C468A
:10F2B00042B1572107481EF0BAFEBDE8104006488B
:10F2C0001EF00ABA0A46054849211EF0B0FE044B5A
:10F2D0001C60F2E7FD8A0400E0090020308B040086
:10F2E0002C50002000B5174B89B0197021BB537802
:10F2F000012B1CD1538A49210793138A1248069384
:10F30000D38905939389049353890393137A0293C2
:10F310005368019392F903300093937812781EF0AA
:10F3200086FE0A4809B05DF804EB1EF0D5B9492104
:10F3300007481EF07CFEF4E70A46064857211EF0F7
:10F3400076FEEEE712700020518B0400C809002001
:10F350006A8C0400878C040008B50A4B197059B9EF
:10F3600052B1136843B1492107481EF060FEBDE861
:10F37000084006481EF0B0B90A46054857211EF05D
:10F3800056FEF4E711700020BD8C0400100A002026
:10F39000EA8C040010B50C460A46074845211EF0C9
:10F3A00046FE002C08BF6FF00404044B04481C60A8
:10F3B000BDE810401EF090B9288D040034500020A4
:10F3C0006809002008B5064857211EF030FE6FF08E
:10F3D0000102044B04481A60BDE808401EF07CB9E5
:10F3E0004B8D040034500020680900202DE9F041C5
:10F3F000304E8B8832680C46934247D02E4FC3F371
:10F400000B033A68934211D0002300222B481EF0D0
:10F4100065F90028A38806DA33604921BDE8F04188
:10F4200027481EF004BEC3F30B033B60A37A0F2BE7
:10F4300014D0236993B1234DB3F8048028461FF0FC
:10F440003CFA8045206913D8B0F80480414605F0A5
:10F45000A1FD4246014628461FF037FA4FF0FF3320
:10F460003360637AA3B9A388C3F30B033B600DE059
:10F470008188AA88EB880A44134845211EF0D7FDED
:10F480000023AB80AB682B60A3883360BDE8F081BC
:10F490000F2BFBD1A2880D4857211EF0C8FD00227A
:10F4A000084B06489A809A681A60BDE8F0411EF041
:10F4B00013B900BF980300209C0300209809002086
:10F4C000718D0400AC030020B48D0400E98D0400AC
:10F4D00004460A4608B5492106481EF0A8FD204604
:10F4E00008F06CFF0020044B186022F0E3F90120C3
:10F4F00001F098FC038E040030500020492108B52B
:10F5000007481EF094FD002003F0D6FA024628B109
:10F51000BDE80840452103481EF089BD08BD00BF75
:10F52000258E0400518E040038B504464921104848
:10F530001EF07DFD20461EF074FF0146204603F0BC
:10F54000E3FF054620B1024645210A481EF06FFD43
:10F55000094B20461D601EF0C7FF024618B1452129
:10F5600006481EF064FDBDE8384005481EF0B4B8FA
:10F570007A8E0400A18E040034500020CA8E04004C
:10F58000680900200A4608B541B9074849211EF01C
:10F590004EFDBDE8084005481EF09EB85721BDE865
:10F5A000084003481EF043BDFD8E040050090020B2
:10F5B000178F040013B514460A462346002933D199
:10F5C000002C31D01C4A04F1240153F8040B8B4267
:10F5D00042F8040BF9D10122184B492118481A703E
:10F5E0001EF025FD63794921019323791548009385
:10F5F000638822781EF01BFD637C49210193637AA6
:10F6000011480093237BE2791EF011FD237D4921EF
:10F610000093237AE27C0D481EF009FD0C4802B0ED
:10F62000BDE810401EF058B857210A4802B0BDE8A6
:10F6300010401EF0FCBC00BF9A6F0020107000202C
:10F640004B8F0400728F0400BB8F040008900400ED
:10F65000F80900204290040010B5104B0A461B68C0
:10F66000994219D10E4C0F4821460F4B00681FF0EC
:10F6700044F8024680B145210C481EF0D8FC002217
:10F680000B4BA28099689A801960A368094823608F
:10F69000BDE810401EF020B810BD00BF9C03002044
:10F6A000A00300203050002021FB010085900400C1
:10F6B000AC0300209809002038B50C460546B0B1CF
:10F6C00001460C4B2046042224F04CFA6B1004EB4C
:10F6D000830415F0010F94ED000A07D154ED017A6F
:10F6E00077EE807AB6EE000A27EE800A38BD9FEDED
:10F6F000020AFBE73FD603000000C07F0A4608B5B8
:10F7000029B1BDE80840452107481EF090BC20F013
:10F71000B6FE4921024605481EF089FCBDE80840B6
:10F7200003481DF0D9BF00BFAB900400CD9004008A
:10F73000B009002070B503788AB004460E4607ADC4
:10F74000032B20D8DFE803F002191B1D11492846BE
:10F75000FFF7DFF8059563781E210493A378304600
:10F760000393E3780C4A029323790193637900931E
:10F77000A3791CF033FC0AB070BD0849E7E70849DB
:10F78000E5E70849E3E70A212846074A1CF026FC7A
:10F79000E0E700BFEC9004000E910400EAA0040032
:10F7A000F3900400FD9004000791040030B5154665
:10F7B0008BB00C461FF09DFC02A9FFF7BBFF55B1B3
:10F7C0000A4B4521CDE900530948234602AA1EF001
:10F7D0002EFC0BB030BD23464921064802AA1EF07C
:10F7E00026FC05481DF078FFF3E700BF31940400C4
:10F7F000319104005D910400280A002010B51446E0
:10F80000036888B069461868FFF794FF23466A4684
:10F81000492102481EF00BFC08B010BD8091040085
:10F8200070B50C46054688B01FF063FC6946FFF7CB
:10F8300081FF0C4823466A4649211EF0F8FB0A4E18
:10F8400028462CB108F0BAFD0023336008B070BD23
:10F8500008F08CFD306005481DF03EFF204622F088
:10F8600026F8F3E7B2910400305000203809002058
:10F870002DE9F04F2DED028B04460D4600274FF089
:10F880004B0B4FF4967987B09846129B3F4E0192EE
:10F8900002936078FAB2904204D807B0BDEC028BB4
:10F8A000BDE8F08F0199039210F074FCB0F1000AEA
:10F8B000039A08DA5721364807B0BDEC028BBDE841
:10F8C000F04F1EF0B4BB08EB82009100C278120723
:10F8D000E3D1029B1944CA7803911307DDD121F0CB
:10F8E00078F9039903B208EE903A0314084608EE3B
:10F8F000103A21F06EF903B2001405EE103A07EE4B
:10F90000900A0BFB0A5236F81210B8EEE80A0131E1
:10F9100089B20129B8EEC88AB8EEC55AB8EEE76ACE
:10F9200026F812100DD109FB0A5304EB830383ED73
:10F93000010A83ED4C8A83ED975A83EDE26A013721
:10F94000A7E709FB0A500130830004EB80001DF09B
:10F95000D6FE03F59670B0EE480A36F81210204431
:10F960001DF0CDFE03F51670B0EE450A36F8121004
:10F9700020441DF0C4FE03F56170B0EE460A36F86F
:10F98000121020441DF0BBFED9E700BF046F002019
:10F99000D4910400F0B58C461446A9B0002940F07B
:10F9A0009E801346524A04F11C0153F8040B8B420B
:10F9B00042F8040BF9D14F4D13AB05F10C0720AE03
:10F9C00095E8070083E807000FCF0FC697E80F0000
:10F9D00086E80F0005F12C031CAE0FCB86E80F0064
:10F9E00016AB05F13C0207CA483583E8070095E8E5
:10F9F000070019AB83E807006278122A67D05ED847
:10FA0000022A66D0032A66D03B4B3C49012A18BF24
:10FA10000B46A279022A28BF02221146E279072A60
:10FA200028BF07221046227A551E022D98BF944601
:10FA3000628A28AD1192626905EB8C0C1092A26962
:10FA40000F92627C0E92227C0D92E27B0C92A27B42
:10FA50000B92227B0A92E27A022A28BF022205EB4D
:10FA6000820252F83C2C0992A27A022A28BF022272
:10FA700005EB820252F8482C0892627A07925CF8F1
:10FA8000302C069205EB800252F8202C1C4805927F
:10FA900005EB810252F8542C4921049262790392B9
:10FAA00022790292E2780192A278009222781EF0E6
:10FAB000BEFA144829B0BDE8F0401DF00DBE232A5F
:10FAC0000BD0114B0D49322A18BF0B46A1E70F4B43
:10FAD0009FE70F4B9DE70F4B9BE70F4B99E70A46BC
:10FAE00057210E4829B0BDE8F0401EF0A0BA00BF73
:10FAF000F46F002030500400EF9104008B9204005A
:10FB000093920400200900204B92040031920400DB
:10FB100003920400179204006B92040032940400D4
:10FB20002DE9F04F144685B042B113460A464521EF
:10FB3000794805B0BDE8F04F1EF079BA774B784DA3
:10FB40001B688B420DD00A46764849211EF06FFA99
:10FB5000AB687548AC802B6005B0BDE8F04F1DF078
:10FB6000BBBDAE88B6B91A46572170481EF05FFA81
:10FB7000AB686D482B60AE801DF0AEFD6C4B1B6812
:10FB800013F0010303D16B4A93809368136005B0AF
:10FB9000BDE8F08F684E4FF49A622146304623F05C
:10FBA00095FF96222146654823F090FF644B654FF0
:10FBB000CDE900430296BA795E482946624B03F0CC
:10FBC0006FFE96F80190DFF874C1604806F2B34802
:10FBD00006F597621237E3B299451AD80023AB8035
:10FBE000AB6851482B60524B1B6813F0010301BFF7
:10FBF000504A9380936813601DF06EFD4E4803F0E9
:10FC0000DBF807460028C2D1DFF85891DFF858A189
:10FC10007BE002210023106050609060D060ACF166
:10FC2000040A4FEAE10E17F80EE001F0070B4EFA56
:10FC30000BFE1EF0010F06D03AF811E0BEF1000FE6
:10FC400001D00133DBB201314D29EAD10E2B8CBF3B
:10FC500000230123013408F8013F0CF1960C103207
:10FC6000B9E706EB0B0393F8B43473B10BF14C0313
:10FC700006EB0313D3ED007A9FED357AF0EEE77AC9
:10FC8000F4EE477AF1EE10FA3ED84FEA0B1808F579
:10FC9000976535444FF0FF324FF0FF33484616F07A
:10FCA0005FF940B12B492C488C221DF09EFE8C211F
:10FCB00028481DF091FE942404FB0BF40AEB040C7D
:10FCC0009CF8913004EB0314544495E80F0084E849
:10FCD0000F00224B984495E80F0088E80F00092296
:10FCE0009CF891300133B3FBF2F202EBC2029B1A93
:10FCF0008CF891309CF89030082B9CBF01338CF825
:10FD00009030484616F0E2F9013773785FFA87FBC6
:10FD10005B45A6D812481FE7669404009C030020A8
:10FD2000AC030020AE940400980900202095040044
:10FD30002C500020A0030020B84A0020046F0020AF
:10FD400025D70300F46F0020AFD603000000C07F6A
:10FD5000FFFF7F7F5695040072950400884F0020B6
:10FD600080090020E8070020984F00202DE9F04F7F
:10FD70002DED048B4921BDB0A1481EF058F9A148D2
:10FD80001DF01DFEA0481DF01AFEA04822F052F8FA
:10FD900048B945219E481EF04AF900203DB0BDEC0F
:10FDA000048BBDE8F08F12F0D7F8002006F0D4FDE8
:10FDB000024620B1452197481EF039F9EDE72AA8FF
:10FDC00021F04DF8024650B1572193481EF02FF90B
:10FDD0001EF076F90246A0B145219048ECE79DF867
:10FDE000BC30492102939DF8B9309DF8AC200193B5
:10FDF0009DF8B0308A4800939DF8AD301EF017F999
:10FE0000E6E7012315908DF858304FF018104FF0A9
:10FE1000C873CDE9130313AB15A8179302F014FEB2
:10FE2000804802F093FC00F003FE0146032002F03C
:10FE30009DFC044640B1452102467B481EF0F7F880
:10FE4000224645217948B7E70146042002F0F0FC3C
:10FE5000044618B1024645217548EFE702F02CFE32
:10FE6000024610B145217348A6E74FF0FF324FF02C
:10FE7000FF3371481DF032FC704C714816F0DCFB0A
:10FE8000022120681FF0B1F8024628B110F1780F66
:10FE900002D045216B488FE7206833A909F03CF870
:10FEA000024610B14521684886E79DF8ED30012BE8
:10FEB00008D80023654A62481DF010FC10B14521A6
:10FEC000634868E7634920680CF054FE024610B1AD
:10FED0004521614870E70023604A61481DF0FEFB40
:10FEE00010B145215F4856E7206800F0A5FD0246A5
:10FEF00010B145215C485FE70125D4F800805B4FD5
:10FF00005B4EDFF8B091384616F096FB6FF0760343
:10FF100041F65B0233600023ADF88E2040464A462E
:10FF200023A98DF88C3002F013FB024610B1452155
:10FF3000504841E700233846484A1DF0CFFB0028CF
:10FF400040F09C833268002A00F08A83911CEED135
:10FF50000A2DECD00A232A46492147481EF067F8AB
:10FF600043F60950002118F053F80135CBE7434917
:10FF700020681EF0A6FB024610B1452140481BE751
:10FF80004FF0FF334FF0FF323E481DF0A7FB3E4BD2
:10FF90001B68DB0709D53D4A3D4920681EF060FB20
:10FFA000024620B345213B4806E73B4920681EF046
:10FFB0003FFB024610B145213848FDE6384920682C
:10FFC0001EF01CFB024610B145213648F4E62068BD
:10FFD0001EF0FFFA024610B145213348ECE62068D6
:10FFE0001EF0E5FA024610B145213048E4E62068EB
:10FFF00020F004FE024600285ED045212C48DBE6B6
:020000022000DC
:1000000090950400C09504001796040078430400FE
:100010007896040097960400BB9604003B97040072
:10002000EE960400840300205E970400B597040058
:100030008B970400D497040038090020305000202A
:10004000280A0020FB970400269804001C4E0E008E
:10005000579804008003002085980400B4C404006D
:10006000B0090020B0980400D89804006809002066
:100070003450002038A0040007990400ADF20100BC
:100080006A990400E00900202C50002021FB0100A7
:10009000A00300209D99040091F20100DC99040066
:1000A00059F601001D9A0400589A0400979A04001A
:1000B000C29A04008C030020A54D4FF0FF334FF08F
:1000C000FF32A4481DF00AFBEB7C4921CBB9A248C2
:1000D0001DF0ADFF1F23A14E2068337020F0D3FD2B
:1000E000024610B145219E4866E64FF0FF334FF0BF
:1000F000FF329C481DF0F2FA33782BB145219A4823
:1001000049E69A481DF093FF1DAA1746984B03F144
:10011000100C164618685968083303C66345324602
:10012000F7D1186899889B79B1803060B37101224A
:100130003946206820F0C2FD024610B145218D48A5
:100140003AE64FF0FF324FF0FF338B481DF0C6FA0E
:10015000206820F004FE024610B1452187482BE6B6
:100160004FF0FF334FF0FF3285481DF0B7FA854B53
:100170001978002934D06B7C69880133DBB24FF0E9
:100180000710249042F25C60CDE9260000208DF833
:10019000A0004FF49060ADF8A2004FF6FF707A4EC9
:1001A000ADF8A4007948F022022B08BF30460125A3
:1001B000CDE90010ADF89410754849218DF8A130B3
:1001C0000723ADF88E208DF88C501DF030FF20688D
:1001D00023A920F0FFFD024620B145216D48EBE543
:1001E0000123CCE740F2011349216B48D4F8008089
:1001F000ADF860301DF01BFF4FF22440002117F0D6
:1002000007FF664F664E384616F016FAFF23404643
:1002100018A9337020F0BEFD044640B122464521A6
:1002200060481DF004FF224645215F48C4E50023D5
:1002300038465E4A1DF052FA30B145215C481DF047
:10024000F6FE6FF07304EEE73278BAB12A2A06D0D0
:10025000452158481DF0EBFE6FF00404E3E7082D3C
:100260006ED008232A46572153481DF0E0FE47F67A
:100270001220002117F0CCFE0135C4E7DFF86CA195
:10028000DFF864B1DAF808300D934C4C0D9B1B6815
:1002900033B118AD294650469847002800F0A88091
:1002A00040F63542002346481DF018FA0028ECD1EC
:1002B000444D95F89030002BE7D04FF0FF324FF0CF
:1002C000FF33414815F04CFE0446002840F00381FE
:1002D0002B4695F89010074605460246DFED3B8A0F
:1002E000DFF8ECC0DFF8ECE0DFF8EC80D0B2884259
:1002F000C0F0FA80344815F0E9FE38463449FFF77B
:10030000DBF92846334910EE107AFFF7D5F920467D
:10031000314910EE105AFFF7CFF910EE104A4FF0A6
:10032000FF324FF0FF33284815F01AFE002800F086
:100330000D812A49A0222A481DF057FBA021D0E0B8
:10034000452128481DF073FE6FF00F046BE700BFD6
:100350009A6F0020F8090020F39A04001170002021
:10036000309B0400100A00206B9B0400A99B040032
:1003700084500400F19B0400200900201A9C040012
:1003800050090020107000208A9504008D9504000B
:10039000449C0400AE9C0400DF9C0400C8090020BB
:1003A00012700020109D0400219E0400B4C40400BB
:1003B000429D04007C9D0400B29D0400B44A0020CC
:1003C00080090020984F0020E8070020FFFF7F7F72
:1003D000904A00206C4A0020484A002056950400AC
:1003E00072950400EC9D0400E46F00207843040043
:1003F0009DF860300D2B01D00A2B3CD100232268E0
:10040000A049A1480BF802302360FEF778FA0028D3
:100410007FF43CAF9D4C20681EF06BFE42788379E0
:100420000492827812210392C27802920279019298
:10043000427928460092964A1BF0D0FD0123246899
:10044000ADF84430934816F0F7F8FF23204611A981
:10045000337020F09FFC0446E0B1024645218E48EF
:100460001DF0E5FD1DF03CF9009402460B468B485B
:100470001DF0A5FA14E7A3F120025E2A3FF606AFAD
:10048000874A11680E299DBF481C10600BF8013087
:100490001060FBE60023834A7E481DF01FF930B14F
:1004A000452181481DF0C3FD6FF07304DAE732780F
:1004B00032B145217D481DF0BAFD6FF00404D1E74B
:1004C0001DF00EF9009502460B4679481DF077FAAB
:1004D000492178485FE47849DE2278481DF085FAA2
:1004E000DE2175481DF078FAD3ED007AB0EEE77A98
:1004F000B4EE687AF1EE10FA9CBF0CEB8700C0ED09
:10050000007AD3ED017AB0EEE77AB4EE687A9CBF58
:100510000137FFB2F1EE10FA9CBF0EEB8500C0ED83
:10052000007AD3ED027AB0EEE77AB4EE687A9CBF37
:100530000135EDB2F1EE10FA9FBF08EB84000134F3
:10054000C0ED007AE4B201321033CFE65C4B93ED9C
:10055000008A93ED019AD3ED029A5A4815F0B6FD40
:10056000F0EEC87AF4EE687AF1EE10FA11D9F0EEF6
:10057000C97AF4EE687AF1EE10FA6ED9F0EEE97A03
:10058000F4EE687A9FED508AF1EE10FA98BFB0EE63
:10059000698A3E4B0DF1600918681EF0AAFD427889
:1005A00083790492827812210392C278DFF8308135
:1005B000029202790192427948460092344A1BF035
:1005C0000DFD1DF08DF80F9038460E91F5F7C8FD22
:1005D000CDE908012846F5F7C3FDCDE90A0120461B
:1005E000F5F7BEFDDDE90E329DED0A7B8DED047B56
:1005F0009DED087B04460D4600278DED027BCDE97D
:1006000006450197D8F80010304800911DF0D7F941
:100610001DF066F80F9018EE100A0E91CDF81090AC
:10062000F5F79EFDDDE90E32CDE902010197D8F81C
:100630000010274800911DF0C2F99DED0A7B8DED59
:10064000027B9DED087B3A468DED007B4921CDE98B
:10065000044520481DF0EBFC17E6B0EE498A98E708
:100660001D4B206812A9129320F0E3FA02460028DD
:100670003FF47DAC45211948FFF79EBB6FF0730234
:1006800055E400BF5A9E0400E46F00203050002063
:100690005F9E0400C80900207D9E04006A9F04003C
:1006A000B44A0020B4C40400B09E0400EB9E0400D1
:1006B000209F0400399F04005695040072950400A1
:1006C000884F0020E80700200000C07F869F0400BC
:1006D000AF9F0400D59F04000100FE14349904006C
:1006E0009C030020002908BF6FF00401024B196031
:1006F000024815F0D7BE00BF44500020F00800208B
:1007000008B515F039FF30B103484521029A1DF0B4
:100710008EFC6FF0730008BD39A104002DE9F34190
:100720001A4F06463846154623F0C3F9184815F007
:1007300083FF6FF07603DFF87880164CC8F800303E
:10074000154B49212360154B154A1B881548A3807A
:100750000023A760E380A5811DF069FC39460320D2
:100760002A4601F07FF9214630460DF04DF848B990
:100770000D4B0E4A009306480023FFF7C1FF08B94E
:10078000D8F8000002B0BDE8F08100BF147000206E
:10079000580A002048500020B9090200C26F00200A
:1007A00057A1040064A104006CA10400B4C40400B7
:1007B0003C50002070B50D461E46144632B93748ED
:1007C00057211DF034FC20462C8170BD4921344A4C
:1007D00034481DF02CFC32462146032001F042F93A
:1007E000012E39D92378012B36D16378012B4DD1D5
:1007F000032E48D963889B0743D445212A481DF01E
:1008000016FC6FF0850322E061194B78605D012BC7
:1008100039D95A19B24236DC01282BD1082B32D9EA
:1008200004228B7813F0100F1DD0204B4921204853
:100830001A701DF0FCFB49211E4A1A481DF0F7FBF7
:10084000E91C06220320214401F00CF900231A4A76
:1008500013601A4815F026FE0120B6E723FA02F1CC
:1008600011F0010FE0E7013AF8D2104B452114488E
:100870001A70C4E795B26B1C9E42C5DC6FF0010391
:10088000E5E70425F7E76FF04C03E0E7032BE3D13E
:1008900049210C481DF0CBFBDEE700BF7FA104001F
:1008A000B2A1040064A10400C4A1040013700020DC
:1008B000F9A1040035A2040038500020D808002017
:1008C0005CA2040098A2040073B504461DF0ABFDC1
:1008D0001DF073FD2B4900681EF06AF805460028DC
:1008E0004DD12949204601F00FFE0146A0B945210E
:1008F00026481DF09CFB6FF00105254E2046356013
:100900001DF0F2FD10B1336803B93060214802B028
:10091000BDE8704015F0C6BD20461B4A1DF0D2FD53
:1009200010B945211C48E4E782881C4B20461C492D
:100930001A8001F0E9FD064610B945211948D8E7AB
:100940000146174A20461DF0BDFD10B94521164845
:10095000CFE78288154B31461A8042F602132046B3
:1009600001AA8DF80450ADF806301DF0ABFD10B9AA
:1009700045210F48BDE782880E4B1A80BDE76FF016
:100980008505BAE74A07002039070020CAA20400FB
:1009900044500020F0080020F6A20400C26F00209E
:1009A0002807002020A304004CA30400C06F0020EF
:1009B00076A30400BE6F002008B50A46074B29B98C
:1009C00019600748BDE8084015F06CBD6FF00401E0
:1009D0000448196045211DF02AFBF2E73C50002035
:1009E000580A002098A3040008B50A46074B29B905
:1009F00019600748BDE8084015F054BD6FF00C01C0
:100A00000448196045211DF012FBF2E74050002018
:100A1000400A0020C2A304006FF00102024B1A60DA
:100A2000024815F03FBD00BF44500020F0080020F0
:100A3000004870474A0700202DE9F047064690B06D
:100A4000002800F0BF8000246FF076075F4BDFF8CE
:100A5000D8A1DFF8D8915E4D1C80AAF80040A9F813
:100A600000402F605B4815F0E7FD234630465A4AA8
:100A70005A4901F06DFD0446002840F09F80584B14
:100A8000584A009353480023FFF73AFE04460028D3
:100A900040F094802C68002C40F09080524D492109
:100AA00052481DF0C4FA18222146284623F00EF8B9
:100AB0004F4815F0C1FD4F4BDFF874812B604E4B52
:100AC000C8F800706B60BAF800302B81B9F80030BC
:100AD0006B810223AB81AB7305F11003D3E8EF1FE9
:100AE00041F00101C3E8E21F002AF7D12946304650
:100AF0000CF050FF0446002860D1404B394A009367
:100B00003B480023FFF7FCFD0446002856D1D8F8E7
:100B10000040002C52D1492139481DF088FAFF23AA
:100B2000384DDFF810812B70C8F80070364815F08A
:100B300083FD042230463549FFF7F0FD04460028C6
:100B40003CD1334B274A00932F480023FFF7D8FDB1
:100B5000044698BBD8F8004084BB304607A908F08B
:100B6000DBF9044650BB9DF81C30012B2AD1089BB1
:100B700043B32849284ACDE903122A7805A98DF8FC
:100B800014209A1D12F801099A4201F8010FF9D1B7
:100B90004921224A22481DF04AFA062203200DF17B
:100BA000150100F05FFF0F22304603A9FFF7B6FDE5
:100BB000044618B949211B481DF039FA204610B0E7
:100BC000BDE8F0876FF01504F8E700BFC26F0020A2
:100BD00044500020F0080020B80300204A070020FD
:100BE000F8A30400B4C404005850002014A4040066
:100BF000400A0020B5070200E90902003AA40400F7
:100C000055A4040013700020D8080020E8A40400B4
:100C10007CA40400010202000200010994A4040063
:100C200064A10400BAA40400C06F0020BE6F0020BD
:100C3000405000203850002038B551B302680B1FD7
:100C40009B1AD90823F0070313445C88E00708D4F3
:100C50001049AF2210481CF0C8FEAF210D481CF00F
:100C6000BBFE10461CF08BFD084432F83050401B90
:100C7000814206D00749B72207481CF0B6FEB721CB
:100C8000ECE724F001045C801046BDE838401CF01D
:100C900033BE38BDFAA4040072950400B2F5802F6B
:100CA0002DE9F0410AD3344940F2132233481CF0B5
:100CB0009CFE40F2132130481CF08EFE042A08D816
:100CC0002D4940F21A222D481CF08FFE40F21A21C5
:100CD000F1E7043ACD1D8E1825F0070526F007062A
:100CE000761B172E4FEAD60708D8234940F2232255
:100CF00022481CF07AFE40F22321DCE7B7FA87F4A1
:100D00004FF00008C4F12002C4F12404A400073409
:100D1000E408631CBB420560AF60C5F80C8008D9CD
:100D200015494FF40E7215481CF05FFE4FF40E711A
:100D3000C1E74146920005F1100022F0C7FE6300B2
:100D400043F001036B803B1B05EBC4025900A5F87F
:100D500000805180AA1925F83440A2F80280AB53D4
:100D600005EBC7035A88214642F001025A80284603
:100D7000BDE8F0411CF008BDFAA40400729504001F
:100D8000014B1B68184700BFC4030020014B1860CB
:100D9000704700BFC403002030B585B004460D463F
:100DA00010220021684622F091FE02238DF80230C5
:100DB000044B2A462146684601931BF03BFA05B0D6
:100DC00030BD00BF810D020080B505460E461746B6
:100DD000984617F097F9034623F012FADFF840908F
:100DE000044649F80030424639463046A847094B88
:100DF0001B7853B90849094840F246321CF0F5FD0A
:100E000040F2463104481CF0E7FD54F8090003F0B5
:100E100087F900BF7F7600202EA50400729504009C
:100E200008000000044608B5EFF31183402383F364
:100E30001288BFF36F8FEFF3108372B610F03EFF8E
:100E4000204604F043F903481CF0B9FD1DF0BDFC39
:100E5000FCE700BF59A504002DE9F84F0446A38B19
:100E600008461907164612D4022803F0070162D17A
:100E700020461CF040FE88B10138042800F225818C
:100E8000DFE810F0590023017E00C800F5000128BA
:100E90000CBF43F0100143F02001A18304F11400C2
:100EA00017F0B0FB002800F0AB8086F31188BFF389
:100EB0006F8FBDE8F88F03F00702501F01281ED87E
:100EC0000020062A2768C4E9000014D13A4603E04E
:100ED000E08B0130E0831268002AF9D123F0070388
:100EE00043F002022046A2831CF005FE90B342F0BC
:100EF0002002A2832EE023F007039AB2F2E7042A2D
:100F000033D123F007039AB22046A2831CF0F3FDED
:100F100010B142F02002A283A38B03F00709894598
:100F200040F0DC80A18BCA0640F1218121F0100342
:100F3000A38301F00701D4F81880A38BB8F1000F48
:100F4000B9DA0022276823F00703C4E9002243F03E
:100F50000103A383A38B03F00709894540F0BF80F9
:100F6000002FDFD00025AA4640E0854940F21B1241
:100F700084481CF03AFD40F21B1181481CF02CFD06
:100F800041B17F494FF4AB727E481CF02EFD4FF407
:100F9000AB71F2E7236843B9794940F257127948B7
:100FA0001CF023FD40F25711E7E723691D6845B99E
:100FB00073494FF4AD7273481CF017FD4FF4AD71D7
:100FC000DBE70F4688464FF00609A38B23F00703A3
:100FD00043F006039BB2A383A268002A40F08180FD
:100FE000002F40F08180002D9CD0BA4643F00803CA
:100FF00004F1140B5846A38317F004FB002875D1A5
:1010000061494FF49A725F481CF0EFFC4FF49A71FB
:101010005D48B3E7022908D0594940F25D125948AA
:101020001CF0E3FC40F25D11A7E7E78B47B15449A0
:101030004FF4AF7253481CF0D8FC4FF4AF719CE7EB
:1010400023695D6845B94E4940F261124D481CF074
:10105000CCFC40F2611190E7A38BB84623F0070364
:1010600043F004039BB24FF00409A383B4E70129C2
:1010700008D043494FF4B27242481CF0B6FC4FF41A
:10108000B2717AE7236843B93D4940F265123D48A1
:101090001CF0ABFC40F265116FE723699D6845B910
:1010A00037494FF4B47237481CF09FFC4FF4B471C9
:1010B00063E70027A38BB84623F0070343F005033B
:1010C0009BB24FF00509A38386E72D4940F26B12CE
:1010D0002C481CF08AFC40F26B114EE700270025DB
:1010E0007AE74FF0010A81E792467FE786F311889D
:1010F000BFF36F8FBAF1000F16D147BB15B1204671
:101100002249A847EFF31186402383F31288BFF3E7
:101110006F8F584617F068FA08BB1B498822194898
:101120001CF063FC882173E7A1680029E5D00E68F4
:101130000029E2D043464A462046D1F804A0D047D1
:101140001EB1336831461E46F2E73346FAE73946A8
:1011500043464A4620463F681CF0F9FCCDE7584616
:1011600017F066FAA38B23F00803A383DAE68B0655
:101170007FF594AE21F02003A38301F0070177E609
:101180008DA5040072950400B2A50400911102001F
:10119000F8B504460D4600F11406EFF3118740231D
:1011A00083F31288BFF36F8F304617F01DFA40B9F2
:1011B00009490A4888221CF018FC882106481CF0BE
:1011C0000BFC304617F034FAA5613A462046BDE8DC
:1011D000F8400121FFF740BEB2A50400729504005B
:1011E0002DE9F04704460F461CF0A1FC051E5DDB0F
:1011F00004F11409EFF3118A402383F31288BFF33B
:101200006F8F484617F0F0F9804638B93349882285
:1012100033481CF0EAFB882130483CE0484617F090
:1012200007FA4FF6FF72E38BA68B934206F0070690
:101230003FD0022E10D135460133E383484617F0E4
:10124000E1F900283BD125494FF49A7224481CF05B
:10125000CCFB4FF49A71DFE7062E13D8DFE806F0D7
:10126000092C1212090409006FF085054FF00008DF
:10127000E4E700233B6063687BB9C4E900777EB193
:101280003546F3E7174916484FF4E4721CF0ADFBFE
:101290004FF4E47113481CF09FFB1F606760EEE79A
:1012A000524602212046FFF7D7FD35462846BDE8C5
:1012B000F0876FF00A05D9E76FF00405D6E78AF3E7
:1012C0001188BFF36F8FB8F1000FEFD000233246C3
:1012D000394620461CF03BFCE8E700BFB2A50400FD
:1012E000729504008DA50400F8B5054600F11406BA
:1012F000EFF31187402383F31288BFF36F8F3046DB
:1013000017F072F938B92049882220481CF06DFB8B
:1013100088211D4825E0304617F08AF9AC8B04F08F
:101320000704022C12D0012C0CBF6FF004046FF0E4
:101330008504304617F066F908BB13494FF49A72DA
:1013400012481CF052FB4FF49A71E2E7EB8B53B951
:101350000F490E4840F2EF121CF047FB40F2EF112C
:101360000B481CF039FB013B9BB2EB83002BE0D117
:101370003A4621462846FFF76FFD2046F8BD87F321
:101380001188BFF36F8FF8E7B2A5040072950400CF
:101390008DA5040008B54268034602F00302022A44
:1013A00081600AD0032A4FF0000103D0012A0AD13C
:1013B000596006E01868596008BD186800225A6034
:1013C00050B90020F8E70649064845221CF00DFBFD
:1013D000452103481CF000FB17F082FBF1E700BF3A
:1013E000DFA50400729504002DE9F7430F46064679
:1013F0000821C06A1CF051FC80463C68DFF8489028
:10140000241A3C6004EA0905AC4203D8002003B06A
:10141000BDE8F08308236A46214630461CF0D5FB20
:101420000028F4D1694630461CF041FC40B1BDF8BB
:101430000230BDF8042005EA090513441D443C6050
:10144000A4EB0804E0E700BF0000FFFF73B504460B
:101450004FF6FF72C06A08211CF01FFC002563686C
:101460000F4EADF800208DF80620E26819183340C1
:101470001344181A60606846ADF80210ADF80450C5
:101480001CF002FC694620461CF0D1FC2046211DC0
:101490001CF0D4FB284663683340A36002B070BDE3
:1014A0000000FFFF2DE9F047044688B000F1140763
:1014B000384620F0F7FCA06A8368DB689847E06252
:1014C00048B945218B481CF0B2FD6FF01505284640
:1014D00008B0BDE8F087A06A8368DB6898470368B6
:1014E000013B1F2B02D945218348ECE7E268B2F5A6
:1014F000803F06D94FF48033452180481CF097FD8A
:10150000E3E7A06A216805AA1FF032FE10B1452169
:101510007B48D8E7E5682DB1069BB5FBF3F203FBEA
:10152000125515B145217748CDE7238A012B02D802
:1015300045217548C7E7E36A009593F805904FF099
:10154000FF334FF0FF32384614F00AFD0821E06AFD
:101550001CF0A3FBA8460646238A1FFA85FA5345CA
:1015600008D8238A434523D1384614F0AFFD6FF0E5
:101570002C05ACE7E1682B04891B13FA81F14A467C
:101580000823204600911CF02EFB78B169462046C6
:101590001CF054FB08F1010808234A462046009934
:1015A0001FFA88F81CF01FFB0028DAD00135D3E7BA
:1015B00053450BD1009908234A462046891B1CF04D
:1015C00012FB18B9694620461CF038FB69462046D4
:1015D000FFF70AFF054618B1384614F077FD76E7A5
:1015E000009B4FEA13484FEA08486360C4F808803C
:1015F000D4E9011399420FD30823204601AA1CF015
:10160000E4FA05460028E7D101AB13F8012B914518
:101610003CD10135082DF8D1636869461B0C1B04C9
:10162000204600931CF00AFB4A462046E3680099D6
:101630001CF0D9FA051ECFDB636879D04FF6FF792D
:1016400006EB0308E3681FFA88F29B1B9A42CDF869
:10165000008037D349212D481CF0E9FC2046616801
:101660001CF0F9FA05460028B6D16368284AE168FB
:1016700013400B44A3EB4603636013402046A36072
:101680001CF0FDFB0546002D6ED0A5E7204601A904
:101690001CF00DFB626810B9921B6260A8E7BDF8F0
:1016A0000850BDF80610E06AC4F8088029441CF010
:1016B000F4FA40449042A060EED1002DECD06FF0DF
:1016C0001C0576E008234146204603AA1CF07DFA5B
:1016D0000546002880D1204603A91CF0E8FA38B15D
:1016E000BDF80C304B4503D1BDF81030002B66D04F
:1016F000B044A7E71EA6040045A6040067A60400A0
:1017000095A60400B2A60400CBA6040056A70400C8
:101710000000FFFF4A4620465B1A1CF064FA051ED3
:10172000FFF65AAF08D0E26AA36812681344A360B8
:10173000D4E901318B42EDD86168E36801EB4602E0
:101740009A42A0D1DFF8A880A26801EA08039A4271
:1017500099D020461CF07FFA054600287FF43CAF64
:10176000636803EA0803A360E368A288A3EB460367
:101770009A421AD0384614F0A9FC01234921228A42
:101780001748A374E3681CF052FC6268492193B2C5
:101790001448120C1CF04BFCA268492193B2124869
:1017A000120C1CF044FC002591E620461CF050FB76
:1017B0000546384614F08AFC002DDED087E6492124
:1017C0000A481CF034FC636869461B0C20461B0465
:1017D00000931CF033FA204600991CF03CFA51E7C4
:1017E000F3A604000FA7040026A704003CA70400EA
:1017F0000000FFFF2DE9F04F1D46837C91B00446A9
:10180000029100924BB9452162481CF010FC6FF028
:101810000C06304611B0BDE8F08FC26A08211046B0
:101820001CF03BFA2946019010461CF036FAE3689A
:10183000019A0746A3EB82039D4200F2A8801DB1E6
:10184000009B002B00F0A38063680593204606AA46
:1018500005A9DDF814A01CF067FA06460028D8D1C7
:10186000BDF81830029A934206D06268059B9A42EE
:10187000ECD1002D35D1CCE7204606A91CF017FA93
:101880000028F2D0BDF81A80BDF81C303DB3AB4241
:1018900027D14FEA1A4A4FEA0A4AD044AA46E36AD5
:1018A000DDF800B01B685B4203F020030393039B49
:1018B0004146534528BF5346204608AA99461CF086
:1018C00084F900284AD14A46584608A922F09BFAD2
:1018D00038B9BAEB090AC844CB44E8D199E7002BE0
:1018E00097D0002F3DD1B84604F1140A4FF0FF32D3
:1018F0004FF0FF33504614F033FB238A9E4243D00F
:10190000A168626808EB01039A422FD3029B20462C
:10191000ADF82030FF23009A8DF826302B46ADF825
:101920002210ADF824501CF049FA29460746E06A17
:101930001CF0B3F9A3680344A36057B908A81CF0CE
:10194000A3F9204608A91CF072FA002814BF074624
:101950002F46504614F0BAFB3E465AE7C1DC064615
:1019600057E7019B1F441FFA87F8BDE72046FFF7A2
:101970006DFD07460028ECD120461CF080FA074692
:101980000028E6D10136B8E76FF01B07E1E76FF0FA
:1019900015063EE705A604002DE9FF471E46837C99
:1019A00004460F469046BDF8309043B92C48452177
:1019B0001CF03DFB6FF00C0004B0BDE8F08708217F
:1019C000C06A1CF06AF9E368A3EB40039E4243D867
:1019D0000025D4F804A0CDF804A0A9455146DDF8AF
:1019E00004A009D2636853451ED1BDF80830BB423C
:1019F0001AD06FF00100DFE7204602AA01A91CF00F
:101A000093F90028D8D1BDF80830BB4206D1204652
:101A100002A91CF04CF908B10135ADB26268019B16
:101A20009A42DAD15146E0E7BDF80C30002BE0D005
:101A3000A945DED8BDF80A00090CB3424FEA0141BE
:101A400028BF33460144424620461CF0BEF8002819
:101A5000B2D1BDF80C00AFE76FF01500ACE700BFE6
:101A600005A604002DE9F84F80460F461646144699
:101A7000DFF8A090BD192D1B0CB9BDE8F88F08F157
:101A8000FF33032B8CBF3F2119F803101C481BF0B8
:101A900096FF4FF0000BDFF880A05C4528D9504638
:101AA00015F80B101BF08BFF0BF1010BBBF1080FAE
:101AB000F3D114481BF083FF4FF0000ADFF85CB04D
:101AC000544519D915F80A105846A1F120025F2A89
:101AD00028BF2E211BF073FF0AF1010ABAF1080F8B
:101AE000EED109481BF06BFF072CC6D9083CC1E7B3
:101AF00006481BF064FFD7E705481BF060FFEBE7E3
:101B000089A7040098A704003094040094A7040057
:101B100096A704009DA704008EA704009AA70400BE
:101B2000014B0360002070471859040070B5104B3A
:101B30000D461C68B4B10F4B196800238B4202DBC1
:101B40006FF0010070BD224612F8106B864202D081
:101B500014460133F2E7E06820F06CF928B1002068
:101B60002C60EFE76FF00C00ECE76FF01200E9E794
:101B7000C80300201859040010B5436888B00293C8
:101B800083680C46CDE9033200230A68C068CDE9BA
:101B90000623054901AA05931FF0EEFA079808B934
:101BA000059B236008B010BD4BE003002DE9F04118
:101BB0000C4B05461C680E4617467CB100F078F9C0
:101BC00063682046D3F8108032463B462946C0471A
:101BD000044600F077F92046BDE8F0816FF001047B
:101BE000F9E700BF7050002000230360044B5A68DF
:101BF00012B9C3E90000704710605860704700BF19
:101C000074500020014B1860704700BF70500020D6
:101C1000002330B585B0CDE902330546019000F0D0
:101C200047F9094B1C6844B9284600F0D1F804462E
:101C300000F048F9204605B030BD636820461B68B7
:101C400001A998472468EEE7745000201FB5CDE93C
:101C50000101039200F02CF9074B1C6824B900F035
:101C600031F9204604B010BD636820461B6801A905
:101C700098472468F2E700BF745000200022024B0E
:101C8000C3E90022704700BF745000200022024BBD
:101C9000C3E90022FFF7F2BF7C5000202DE9F74393
:101CA00007460C4609B100230B600026234DDFF8E0
:101CB0009C904D4520D9224922489D221BF095FE3B
:101CC0009D211F481BF088FED5F80080384641460C
:101CD00001AA1CF0FCF950B116B954B92E4606E021
:101CE0000022404631681CF0F2F90028F5D1183581
:101CF000DFE7019B2360F1E7E6D3134B1D68C5B115
:101D000055F8188C3846414601AA183D1CF0DFF9F9
:101D100050B116B954B92E4606E00022404631684B
:101D20001CF0D5F90028F5D1AD69E8E7019B2360E7
:101D3000F1E7304603B0BDE8F08300BFA04F0400D8
:101D4000A1A70400729504007C50002030500400CC
:101D50002DE9F341DDF8208004460D4616461F4666
:101D60000190B8F1000F07D0D8F80010C1B9D8F829
:101D700004E0BEF1000F1CD1204601A9FFF78EFF41
:101D800098B13B46D0F80C80324629460198C047AE
:101D9000034650B1224645210C481CF048F904E0A6
:101DA00001AA1CF094F90028E1D1002002B0BDE89E
:101DB000F081D8F808303246089329463B46F4466D
:101DC000019802B0BDE8F041604700BFD3A704000E
:101DD0002DE9F04780464FF000470026DFF8C89015
:101DE000DFF8C8A03D462D4C4C452CD92C492D4838
:101DF0004FF489721BF0F9FD4FF4897128481BF0EC
:101E0000EBFD2F46EEE7B8F1000F03D122694AB986
:101E10001834E9E70022414620681CF058F90028F0
:101E2000F4D1F5E76368BB4205DDAF4209D09D42BE
:101E3000A8BF1D46ECE7EBD19047002E08BF064631
:101E4000E6E71D46E4E7DED3DAF8004004B3183CC9
:101E5000B8F1000F03D122694AB9A469F6E700225C
:101E6000414620681CF033F90028F4D1F5E7636897
:101E7000BB4205DDBD4209D09D42A8BF1D46ECE72F
:101E8000EBD19047002E08BF0646E6E71D46E4E783
:101E9000AF42B6D13046BDE8F08700BFA04F040086
:101EA000A1A7040072950400305004007C5000206B
:101EB0004FF0FF324FF0FF33014814F051B800BF2C
:101EC000C4080020014814F001B900BFC408002074
:101ED00038B5094DFFF7ECFF2B783BB9FFF7D6FE7D
:101EE00000F06AF8044610B901232B700024FFF7B4
:101EF000E9FF204638BD00BF287000202DE9F047DB
:101F000006468946048FDFF8ACA0013498B0A4B22D
:101F100000F10807651EADB2B5F5004F47D04A2362
:101F2000294605AA38461CF07BF804F57F543F3457
:101F3000A4B280462146012338460DF10B021CF065
:101F40006FF8B8F1000F014610DC002810DC338F69
:101F5000AB4209D132466B1E22F8383F4FF40041A4
:101F600002233846FFF746FC2C46D3E7002808DC5E
:101F7000294638461CF050F8214638461CF04CF8EB
:101F8000E5E708F160030DEB03080023524608F86B
:101F90004C3C05A8CDF8009003AB0397ADF810407A
:101FA000FFF7D6FE0028DFD018B0BDE8F08700208C
:101FB000FAE700BF3FE103007FB501236946032034
:101FC0000193FFF7B3FD044660BB032002AA01A9F9
:101FD0001CF05DF8044610B110F10C0F22D10399EA
:101FE000B1F5803F23D200231846009A9468084434
:101FF00084421AD30133082BF9D10E4D69612B832A
:1020000053682846AB60D368EB631CF030F9044694
:1020100040B9094E28466E60FFF7E6FD28466E601F
:10202000FFF7F0FD204604B070BD9BB2E5E76FF00E
:102030002004F7E784500020CC0300202DE9F04F66
:10204000D0F808A01E4689B0DAF80C309046074652
:102050000D4698470268202A09D945211D481BF0E2
:10206000E6FF6FF01505284609B0BDE8F08FB8F11E
:10207000000F02DA45211848F1E748EA0604531E2A
:102080001C4004D0452115481BF0D1FFE9E7294643
:102090002022684621F01AFD2546A642E3D9A6EB88
:1020A0000409B9F1200F28BF4FF0200908EB040BF9
:1020B000DAF804504B466A4659463846A847051E8A
:1020C00006DA5B463A46452105481BF0B0FFCAE7F1
:1020D0004C44E2E7FDA7040028A804004AA8040035
:1020E00081A8040008B504481BF069FC03481BF0F4
:1020F00066FC002008BD00BFB3A80400DCA80400F3
:1021000030B500240A4D0B4B87B028460393CDE928
:10211000044414F08DFE03AB284600934FF4A362F1
:102120000A23054914F09AFE204607B030BD00BFCF
:1021300018200020FEA804008876002038B5C51CB1
:1021400025F00305782D08D91749184870221BF08F
:102150004CFC702114481BF03FFC154CD4F8503156
:1021600023B1D4F858312B44782B19D97C21012084
:1021700020F05CF878B100230360D4F854215AB9F8
:10218000C4E95400C4F85831D4F858311A1D1D441C
:102190001044C4F8585138BD1060C4F85401F1E738
:1021A000D4F85401F0E700BF0CA9040072950400B4
:1021B000C45000200848D0E8EF3F43F00203C0E8D5
:1021C000E23F002AF7D1436AA0F59C701B680BB16F
:1021D00041681847704700BFFC510020022808B52D
:1021E00002D8044B185C08BD034845211BF01FFFB3
:1021F0000020F8E7F6AA040037A904002DE9F04111
:10220000184C0546D4F834310E46222B08D9452106
:1022100015481BF00CFF4FF000084046BDE8F08168
:1022200003681878FFF7DAFF07463044FFF786FFA8
:1022300010B945210D48ECE7D4F8343130445A1C2C
:102240000333C4F83421DB002A8A03F10408A044D4
:102250001C4422816B8A6060A3723A46296821F08F
:1022600028FCDAE7C450002053A9040074A9040034
:1022700070B5054630B945210A481BF0D8FE002448
:10228000204670BD0078FFF7A9FF0646FFF756FF0E
:10229000044610B945210448EFE73246294621F0AB
:1022A00008FCEDE796A90400AFA9040010B5A0F161
:1022B0002C03D3E8AF3FDB0705D4BDE8104057211E
:1022C0000B481BF0B4BEA0F5B274A0F5AE71206847
:1022D0000AF098FC024650B1452106481BF0A7FEC3
:1022E0002046BDE810406FF00B011CF03CB810BD5B
:1022F000C9A90400E4A904002DE9F341794C0D4675
:10230000236883420CD0452177481BF090FE6FF084
:102310000D0120461CF027F8002002B0BDE8F08136
:10232000137C032B00F0A6800AD8022B18D16F492A
:102330004FF4F9726E481BF058FB4FF4F9713AE014
:10234000052BF4D1002970D1D4F83431012B5DD99B
:10235000238C04F5B271013323820323237660E0DA
:1023600019B920461CF015F8D6E7CF682846082191
:10237000FFF744FF4FF000084FF42053064669462C
:1023800028688DF80080ADF802301CF011FBA8B170
:1023900042F60103286801A98DF80480ADF80630E3
:1023A0001CF006FB50B1514940F24B1250481BF053
:1023B0001CFB40F24B114D481BF00EFB3EB9452172
:1023C0004C481BF034FE6FF00B014648A2E7304644
:1023D0001BF0F3FF054640B9444940F25F12444800
:1023E0001BF003FB40F25F11E5E73B6803607B688D
:1023F00043600068FFF73CFF286010B945213E4864
:10240000DFE7AB88E382B2889A4202D1FFF7D2FEBF
:1024100082E70023A36005232376B388374901337D
:10242000238237481FF0DCFD76E7002642F60303DF
:10243000286801A98DF80460ADF806301CF0B8FAE0
:1024400050B908212846FFF7D9FE04461BF0D5FFF6
:1024500023680360012060E731462846FFF7CEFE7F
:102460000028F7D145212A8A26481BF0E0FD6FF0AD
:102470000B014EE70029C9D000238DF8043042F645
:102480000303286801A9ADF806301CF091FA40B1A9
:1024900016494FF4DE7216481BF0A7FA4FF4DE71AE
:1024A00089E72046298A1BF01EFF10B96FF0020150
:1024B0002FE7EE681BF0A1FF054640B90B494FF42A
:1024C000E4720B481BF091FA4FF4E47173E7336840
:1024D0000360736843600068FFF7CAFE2860002845
:1024E000B8D1C4E7C45000200AAA04000CA9040013
:1024F0007295040031AA04005FAA0400285200204B
:102500001820002092AA040070B505460E4600244B
:10251000214628461BF089FF044698B11BF06DFF49
:1025200050B9094909484FF40F721BF05EFA4FF495
:102530000F7105481BF050FA016830461CF038FA5C
:102540000028E5D1204670BD0CA904007295040056
:10255000F8B506460D4619B1097811F0FD0F4BD1BB
:10256000002A49D0274CD4E8EF1F41F00100C4E80D
:10257000E70F002FF7D111F0010140D1A4F59C74B1
:10258000002DC4E9006314BF01230023C4E95411E2
:1025900084F86031C4F85C21C4F83411C4F85811CF
:1025A0000AD02878FFF71AFE2946024604F59E70E5
:1025B00021F07FFA04F59E75134B1449E360012363
:1025C00023824FF6FF73E382002311482376A56030
:1025D00014F074FA30460F490AF014FB044648B16F
:1025E000024645210C481BF022FD6FF00101054811
:1025F0001BF0AEFE2046F8BD6FF01504FAE76FF051
:102600007704F7E7FC510020F9220200AD22020016
:1026100028520020CC500020D5AA04001FB5094A3A
:1026200001AB1068516803C39068074A044601ABC8
:1026300003CBC2F83640C2F82E00C2F8321004B004
:1026400010BD00BF9C500400405200201822044BD3
:102650005A872822DA634FF4C872A3F840207047E3
:10266000405200202DE9F04F2B4E8BB096F82130D0
:1026700004468846039213B300273D464B7896F8EC
:1026800028B096F820A00193574505D384F83C5014
:10269000BBF1000F11D131E04FF00009D8F8043040
:1026A000039A02931D4B9B5C0093019B994509D3B0
:1026B000BBF1000F2CD084F83C50AA4520D00BB0C1
:1026C000BDE8F08F029B009A03EB090105A81CF0FE
:1026D0009DF90028ECD0B16805A81CF069F910B18B
:1026E000009B9944E1E7B16804EB850201359163F1
:1026F000EDB2BBF1000F0BD184F83C50002DDED0C1
:10270000637801336370012384F83430A370D6E713
:1027100001371836B8E700BF4052002004AB040070
:10272000F8B505460E461746074B1C6854B154F8D9
:10273000043C043C1B681BB13A4631462846984786
:102740006468F3E7F8BD00BF3852002050B10023A1
:102750004360054B021D596811B9C3E90022704757
:102760000A605A60704700BF3852002070B50546B5
:102770000C46002945D04FF0FF324FF0FF3322487E
:1027800013F0EEFB032D0CD035D9043D012D8CBF89
:102790006FF015046FF00B041B4813F097FC2046F4
:1027A00070BD1A4A92F820302BBB2378012B0BD036
:1027B000022B10D013BB2068D060154B002493600F
:1027C000012382F82030E7E702F10C0394E80300CC
:1027D00083E80300F1E7234602F10C0403F110063D
:1027E000254618685968083303C5B3422C46F7D10B
:1027F0001B782B70E1E76FF00B04CDE76FF0150449
:10280000CAE76FF01504CAE7B00800204052002064
:102810004C5200200022054B5A70DA705A7183F82E
:10282000212083F8252083F827207047405200207C
:1028300008B5830625D0FFF7EDFF10F0020F18BF93
:102840000122114B18BF5A71C20744BF01225A70AE
:10285000C20644BF0122DA70420744BF012283F856
:102860002120020744BF012283F82520820648BFA9
:1028700001224FF0000048BF83F8272083F828107A
:1028800008BD6FF01500FBE740520020F0B51D4F6A
:10289000054697F82C300E4687B0002B2FD00379D1
:1028A0006BB3002301931BF054FE174B02AC0FCB0C
:1028B00084E80F0001AB2146304607F13A0206F0EA
:1028C00045FD0835114B50B11C68C4B154F8043CA7
:1028D000043C9B680BB1284698476468F5E7019E65
:1028E0001C684CB154F8043C043CDB6813B131461D
:1028F000284698476468F4E7019805F05FFD07B043
:10290000F0BD00BF40520020A85004003852002003
:102910002DE9F04397B0542205460C4601A800214A
:1029200021F0D4F8434B93F828208DF8072093F832
:10293000212012B101228DF804202A8902F001061B
:1029400012078DF8086044D5002E40D1D5F80090CC
:1029500093F87B80384F464530D3002303F00103C2
:102960008DF8083020461BF0A4FF06463349204668
:1029700001AAA78802F00CFFA368A78013FA86F6C5
:102980002F4B2660CDE904349DF807302C68039561
:102990009DF80850002B3BD09DF805209DF8043091
:1029A0009A4239D106A903A82A46FFF7B9FE214663
:1029B00001A8FFF76BFF17B0BDE8F0833846072288
:1029C000494621F020FA073708B10136C3E7012351
:1029D000C4E7002EC6D04221072293F87A0012FBEA
:1029E0000012296898180E689E508A8882808A7919
:1029F000827193F87A20013202F0070283F87A207C
:102A000093F87B20072A9CBF013283F87B20A9E73B
:102A10009DF80630002BC5D10A4B1C68002CCAD08B
:102A200054F8043C043C5B6813B1294603A898475A
:102A30006468F3E7405200208252002021E5030041
:102A40007A5200203852002038B50546174C1848F5
:102A500004F0E2FF2C220021204621F037F8EDB1EE
:102A60002B7984F82C302A688AB11368C4F82E3088
:102A70005368C4F832309368C4F83630AA684AB153
:102A80001368C4F83A3053680A4A536038BDFFF7F8
:102A9000C5FDF3E7BDE83840FFF7D8BDFFF7BEFD41
:102AA000FFF7D4FD84F82C50F0E700BF405200201F
:102AB000E80300207A520020034608B1012805D11E
:102AC0000448002100F82E3F04F04EBF6FF01500BF
:102AD000704700BF4052002007EE900AB1B1F6EEF9
:102AE000006A07EE101AF8EEE77AB8EEC77A67EEDA
:102AF000A67A87EE870ADFED077A20EE260A20EE17
:102B0000270ADFED057A80FE270A70479FED030A4A
:102B1000704700BF657E993E000000000000C07F46
:102B20009FED170AF0EE400A08B500F51473D0EDDA
:102B3000035AD0ED016A90ED026AD0ED007A25EEDD
:102B4000A67A06EE277A67EEA57A46EE667A083010
:102B5000834270EE870A30EE270AE8D11AF0C4FBF0
:102B6000DFED087A9FED087A67EEC07A87EE870A74
:102B7000B5EEC00AF1EE10FA48BF9FED040A08BD99
:102B800000000000C2F38E4D63BF3F4B0000C07FCA
:102B9000F7B503460446054600F51672D3ED017AF3
:102BA000F1EE677A083343ED017A9A42F6D10123B8
:102BB00000222146794810F02BFE2346DFED786A8B
:102BC000002104F58052D5ED017A95ED007A67EE8B
:102BD000A67A27EE267A67EEA77A47EE077AF5EE11
:102BE000C07AF1EE10FAC0F2A280F1EEE77AC3EDFE
:102BF000007A0835AA4203F10403E4D16B464FF48E
:102C00000071204601AA10F0E3FA0020009E9DED1D
:102C1000017A3246054640F2FF134FF4FF71F0EEA1
:102C2000046A8E4202D0002D00F0838004EB820102
:102C3000B2F5FF7F134691ED007A3CD211469FED2D
:102C4000596AF2EE045A002900F09480481E04EB01
:102C50008105D5ED007A77EEA76AF4EEC76AF1EE4A
:102C600010FA0ADC04EB8005D5ED006A66EE866A90
:102C7000F4EEE67AF1EE10FA08DD67EEA57AF4EEEE
:102C8000C77AF1EE10FA01DD904271D18A423ABF63
:102C900002F50070401A501A07286FD991426CDD76
:102CA000B1F5FD7F6ADB6FF4FC73CB1804EB830195
:102CB0001A4691ED007A04EB820151ED016A40F26F
:102CC000FF118B422FD0B4EEE67AF1EE10FA04EB4E
:102CD0008204D4ED017A5DDBF4EEC77AF1EE10FAEE
:102CE00058D837EEE66A77EEA67AF1EE006A77EE0C
:102CF000A77A57EE267A86EE277AB3F5FF7F12DAA7
:102D000007EE903AF8EEE77A77EE877A9FED267A2B
:102D100067EE877A9FED257A87EE870AB5EEC00ABF
:102D2000F1EE10FA01D59FED220A03B0F0BD196053
:102D30005FE704EB8107D7ED007A04EB830797ED9B
:102D4000006AB4EEE76AF1EE10FA0FD567EEA67AE4
:102D5000F4EEC77AF1EE10FA03DD00281CBF0A4634
:102D600005465F1C1946C7F308035AE70120F8E738
:102D7000014668E740F2FF1069E7CB1D04EB8301D1
:102D80001A4691ED007A002B95D104F2FC71D1ED39
:102D9000006A98E79FED077AAFE700BFF47304007D
:102DA0000000003BCDCC8C3FC2F38E4D0024744E0E
:102DB0000000C07F000000002DE9F0472DED028BE0
:102DC000064690F8CC14D0F8C804FFF785FE9FEDB6
:102DD0003A8AF0EEC07AF4EE487AF1EE10FA9DBF2E
:102DE00006F5986383ED000A4FF000094FF00109E2
:102DF0004FF00008314F73785FFA88F4A34204D88B
:102E0000BDEC028B4846BDE8F087331993F8B43423
:102E1000012B2BD04FF480520021384620F056FE73
:102E20004FF4966000FB0460394604301BF093FBBE
:102E30003846FFF775FE06EB041505F2BC4A8AED2D
:102E4000000A3846FFF7A4FEF0EEC07AF4EE487AA6
:102E5000F1EE10FA05F5976383ED000A09D84C34BA
:102E600006EB041484ED010A4FF0000908F1010893
:102E7000C1E7DAED007AB0EEE77AB4EE487AF1EE27
:102E800010FA05D84C3406EB0414C4ED017AEBE7D4
:102E900005F59863D3ED007AB0EEE77AB4EE487AA0
:102EA000F1EE10FA05F2C44502D8C5ED007ADBE771
:102EB00000232B60DAE700BFFFFF7F7FBC520020BA
:102EC00038B5D0F8BC30044653B990F8BB303BB9A4
:102ED000572110481BF0ABF86FF03C03C4F8BC302E
:102EE00094F8C0502068B4F8B810D4F8BC2065B18C
:102EF000A36C98470022636C9A809A681A6000233A
:102F0000A4F8BA30C4F8BC3038BD636A984784F876
:102F10004050F4E719AB04002DE9FF41044601A835
:102F20001BF09BFC01A81BF0ACFCC2070646C0F3DB
:102F300087050AD5BDB12A4657212D481BF077F8E1
:102F40006FF01503C4F8BC304EE094F8BA2094F842
:102F5000C030AA422ED02B46572126481BF067F8D6
:102F60006FF03C03EEE794F8C03094F8BA20D3B188
:102F700001990B78497801F00F0143EA0123A4F885
:102F8000B830002AE7D1BDF80870D4F84480404634
:102F90001BF093FCB84212D2572117481BF047F898
:102FA0006FF00B03CEE7002AD5D1BDF80870D4F836
:102FB0002080ECE7BDF80870002BF8D0E5E7394633
:102FC00001A801F0E7FF3A46014640461BF07DFCB0
:102FD000B30748BF012305F1010505F03F0548BFD0
:102FE00084F8BB3084F8BA5004B0BDE8F08100BF6B
:102FF0004BAB040096AB0400F4AB040028B1034BC8
:103000001A6890420CBF184600207047BC6200202E
:103010002DE9F04107461646FFF7F0FF0D4604463E
:1030200008B37289C9B9B0F8563093420DD1B3894B
:1030300073B1012380F8C030D4F8B4309BB132466C
:1030400029463846BDE8F0411847438E9342F3D1F4
:10305000C4E9115584F8C050EEE70B4603485721E8
:103060001AF0E5FFE8E7BDE8F08100BF33AC0400EB
:1030700038B511461D46BAB1FFF7C0FF044628B95E
:10308000572117481AF0D3FF002038BD436A0BB10F
:10309000036A13B957211348F4E790F840302BB96D
:1030A000572111481AF0C3FF0120EEE790F8BB301A
:1030B00013B157210D48F5E7D0F8BC30002BF3D100
:1030C000012D08D857210A481AF0B1FF6FF01503F7
:1030D000C4F8BC30E8E72A46FFF71EFFE4E700BF6C
:1030E00062AC0400C3AC04001EAD04005BAD040080
:1030F000A0AD040038B511461D46EAB1FFF77EFFCA
:10310000044628B9572114481AF091FF002038BD11
:10311000836C0BB1436C13B957211048F4E7D0F816
:10312000BC304BB9012D09D857210D481AF07FFF4B
:103130006FF01503C4F8BC300120E8E72A46FFF71A
:10314000EBFE94F8BB301BB9D4F8BC30002BF3D0A5
:103150002046FFF7B5FEEFE7E1AD0400C3AC040085
:1031600042AE04007FB506461D4611467AB1022BD9
:1031700005D0572110481AF05AFF012008E0FFF748
:103180003DFF044630B957210C481AF050FF00208B
:1031900004B070BD90F8C030002BEED12A4601A8D3
:1031A0001BF05BFB01A81BF074FBE36F0146002BD7
:1031B000E3D030469847E0E783AE0400C1AE040098
:1031C0007FB506461D4611467AB1022B05D0572120
:1031D0001A481AF02CFF012008E0FFF70FFF044601
:1031E00030B9572116481AF022FF002004B070BDF4
:1031F00090F8C030002BEED12A4601A81BF02DFB21
:1032000001A81BF046FB94F84030014673B1B4F8B6
:10321000B83083420AD1237F002BDCD16FF00C033E
:103220002046C4F8BC30FFF74BFED4E7D4F8983002
:10323000002BD0D030469847CDE700BF1EAF04002A
:1032400052AF0400F0B585B006460D461946FFF7AB
:10325000D5FEBDF82870044630B1D0F8B03033B98F
:10326000452114481AF0E3FE002005B0F0BD5DB121
:103270002A46452110481AF0DAFE2A46D4F8B03022
:10328000002130469847EFE709B1042F02D06FF0D4
:103290007902F5E73A4601A81BF0DFFA01A81BF016
:1032A00000FB2A4681B2D4F8B03030469847C4F8C3
:1032B000B050D9E7B5AF0400D3AF040070B51146E4
:1032C0001E468CB03AB1FFF799FE044630B957213B
:1032D0004F481AF0ACFE00200CB070BD324606A874
:1032E0001BF0BBFA06A81BF0CCFA054628B1022851
:1032F00041D002465721474806E0BDF81C30022B5A
:1033000006D03246572144481AF091FE0120E3E7E7
:1033100006A81BF0BEFA94F8403002461BB1B4F880
:10332000B830834202D057213C48EDE74FF4403299
:1033300005AB012109A8CDE90A2309931BF0D1FAB5
:10334000B4F8B81009A81BF0D3FAA189CDE901554A
:103350000095099ABDF8283020680AF0EFF9024676
:1033600030B12F4857211AF062FE2046FFF7A8FD22
:1033700002232377CAE7BDF81C30012B03D0324665
:1033800057212848C0E706A81BF07BFA237F024696
:10339000012B0FD0022B22D0B3BB94F840309BB34B
:1033A000062831D16FF00C03C4F8BC302046FFF77B
:1033B00087FDABE794F8403053B91B4940F2251222
:1033C0001A481AF012FB40F2251117481AF004FBB4
:1033D00000230128237799D06FF00103E4E794F8E4
:1033E000403043B910494FF49A7210481AF0FDFA70
:1033F0004FF49A71E9E7002301282377D6D05721AB
:103400000B481AF014FED1E757210A487CE700BFA9
:10341000EDAF04003DB204003EB0040083B00400F0
:10342000D3B004004AB10400AAB1040072950400AC
:10343000E8B1040080B1040030B58BB00546FFF759
:10344000DDFD044648B1284601A905F065FD30B10F
:10345000206804F0B3FF002323600BB030BD9DF85B
:103460002430022BF4D12846211D0AF013FB02461A
:1034700030B110F1160F03D057211E481AF0D7FDB6
:10348000284604F128010AF005FB024630B110F18C
:10349000160F03D0572118481AF0C9FD284604F129
:1034A0004C010AF0F7FA024630B110F1160F03D0C2
:1034B000572112481AF0BBFD284604F164010AF0B6
:1034C000E9FA024630B110F1160F03D057210C482B
:1034D0001AF0ADFD284604F180010AF0DBFA02463D
:1034E0000028B5D010F1160FB2D0572105481AF0B8
:1034F0009EFDADE765B204008EB20400C6B20400C2
:10350000FFB2040034B304002DE9F04F0F46054626
:1035100085B0002838D0002936D00846FFF76EFD68
:10352000002840F0B481B94C2668002E40F0B281EA
:10353000C4223146204620F0C9FA384604F016FF6E
:1035400020603846FFF75AFD044650B9B049B148EB
:1035500040F239421AF049FA40F23941AC481AF0C7
:103560003BFA42F61649284603A98DF80C60ADF8DF
:103570000E90FEF7C9FF804658B95721A6481AF0A9
:1035800056FD3846FFF758FF6FF0150005B0BDE84F
:10359000F08F014602AA28468DF80860ADF80A901F
:1035A0001AF090FF10B957219C48E8E742F6021B39
:1035B000838841462386284601AA8DF80460ADF829
:1035C00006B01AF07FFF10B957219548D7E78388D6
:1035D00042F615496386934BDFF89482A362032376
:1035E00004F13800A386C4F82C801AF0D7FF03A991
:1035F0002846ADF80E908DF80C60FEF785FF02AA04
:10360000824601462846ADF80A908DF808601AF007
:1036100059FF5146814601AA28468DF80460ADF84D
:1036200006B01AF04FFFBAF1000F06D1B9F1000F42
:1036300000D1F0B157217C48A1E7B9F1000F02D1C8
:1036400057217A489BE710B95721794897E7B9F88D
:103650000430A4F854308388C4F85080A4F856305D
:10366000744B04F15C00E3640323A4F858301AF0AF
:1036700095FF002642F6184A284603A98DF80C60EB
:10368000ADF80EA0FEF740FF814610B957216A48F9
:1036900075E7014602AA28468DF80860ADF80AA031
:1036A0001AF010FF10B95721644868E742F6021A71
:1036B00083884946A4F86C30284601AA8DF8046036
:1036C000ADF806A01AF0FEFE10B957215C4856E787
:1036D0004FF0030B838804F17400A4F86E30594B4B
:1036E000A4F870B06366C4F868801AF057FF42F619
:1036F0001943284603A9ADF80E308DF80C60FEF78B
:1037000003FF42F61943814610B957214E4836E768
:10371000014602AA28468DF80860ADF80A301AF072
:10372000D1FE10B95721494829E783884946A4F8B2
:103730008830284601AA8DF80460ADF806A01AF07A
:10374000C1FE10B95721424819E78388A4F88CB00C
:1037500042F6174BA4F88A303E4B04F19000C4F8AF
:103760008030C4F884801AF019FF03A928468DF828
:103770000C60ADF80EB0FEF7C7FE814610B95721B8
:103780003548FCE6014602AA28468DF80860ADF8E7
:103790000AB01AF097FE10B957213048EFE6838837
:1037A0004946A381284601AA8DF80460ADF806A019
:1037B0001AF088FE10B957212948E0E68388C4F83A
:1037C0000880E381274B42F614486360022304F12A
:1037D000140023821AF0E2FE03A928468DF80C603B
:1037E000ADF80E80FEF790FE014610B957211E4835
:1037F000C5E60026284602AA8DF80860ADF80A80C2
:103800001AF060FEB0BB57211848B8E6BC62002031
:10381000AAB10400729504006FB30400B5B30400AC
:10382000F7B304007130020032B404006EB4040037
:10383000A6B40400F5300200D7B4040019B50400A2
:1038400057B50400653102008EB50400D6B50400FA
:103850001AB60400C131020057B604008DB6040048
:10386000BFB60400BD320200EAB6040026B7040069
:103870001130020083883046A4F8A430074BA4F826
:10388000A660C4F89C300123C4F8A0307EE66FF037
:1038900077007BE66FF00B0078E600BF4532020050
:1038A0002DE9F04F85B00C46DDE90E9A90461E4694
:1038B0000546109F48B945215B481AF0B8FBDCB1BA
:1038C000A388B3B94521594818E0838813B9452125
:1038D0005748F2E781B18B88002BF3D0042101F027
:1038E00059FB002E00F098803946B047002840F080
:1038F000938005B0BDE8F08F45214E4805B0BDE886
:10390000F04F1AF094BB0821284601F043FB06460D
:10391000B9F1000F08D1F379002B69D0AB88002BE7
:1039200077D157214448E9E73946C8470028F2D102
:10393000DFE7A388022B04D8572140481AF077FB11
:10394000D7E7AB8813B957213D48F7E720461AF06F
:1039500098FF8DF8000020461AF093FF8DF80100C3
:1039600020461AF08EFF8DF8020028461AF089FFD3
:103970009DF8013002468DF809309DF800308DF831
:103980000800984204D057212E481AF050FBB0E7A7
:103990009DF8023013B957212B48CFE729688DF8DD
:1039A0000A30039121680191010602D54921274877
:1039B000C4E708B98DF80AB0A2889A42BCD39DF832
:1039C0000A20AB889A42BED8BAF1000F1AD19DF8EE
:1039D0000A10284601F0C4FA20469DF8021001F0B2
:1039E000BFFA08F10108F2795FFA88F39A42A0D889
:1039F000AB88072B87D8A28813433FF47AAF5721AF
:103A000013487BE73A46684602A9D0470028DED132
:103A10006FE74FF00008E6E7B8F1000F0CBF4FF07A
:103A2000030B4FF0050BE3E75EB70400CBB70400D0
:103A30007FB70400A9B70400F6B704002FB804004C
:103A400057B804007EB80400B1B80400D9B8040027
:103A5000F0B8040008B50348034A0021121A1AF00E
:103A600094FE08BD800C002084760020074808B52D
:103A7000074A0849121A1AF08AFEBDE808400648AB
:103A8000064A0749121A1AF082BE00BF60000020E1
:103A9000800C002044010500600000206000002030
:103AA000440105002DE9F04107460C4686B0002987
:103AB00039D08B6824480093D1E9002345211AF0BE
:103AC000B6FA636945210093D4E903231F481AF02D
:103AD000AEFA4521E2691E481AF0A9FA26460025E9
:103AE000DFF87C80F36A2A460593EB1C0493B36AE3
:103AF00045210393AB1C0293736A404601936B1CF0
:103B00000093336A04351AF092FA102D06F110066C
:103B1000E8D14521226E0F481AF089FA4521A269A1
:103B20000D481AF084FA012F06D1EFF305824521E2
:103B30000A48103A1AF07BFA2146384606B0BDE82A
:103B4000F04111F0C5BE00BF3DB9040071B90400D9
:103B5000A5B9040001BA040015BA040048BA04006B
:103B6000B9B9040030BFFFF7FDBF00BF2DE9F04138
:103B700005460B4EDFF83080324606EB0807CC1BBB
:103B8000204608491FF095FFA01942460021083C35
:103B90001FF09CFFC5F8844007F10800BDE8F081E4
:103BA000000000003050040008000000054B9A6936
:103BB0009B689A421FBF044A536843F08053536086
:103BC000704700BFC867002000ED00E010B5244C2E
:103BD000452124481AF02BFAA36A99013ED52248C0
:103BE00045211AF024FA1E20A36ADA0104D51F48E1
:103BF00045211AF01CFA1F20194CA36ADB0204D5D8
:103C00001B4845211AF013FA0220A36A1C0304D5AD
:103C1000184845211AF00BFA2120114CA36A5903C8
:103C200004D5154845211AF002FA2220A36A9A0306
:103C300004D5124845211AF0FAF92320084CA36A4A
:103C4000DB0304D50E4845211AF0F1F92420A36ABC
:103C50006FEA03436FEA1343A36210BD1D20C3E75D
:103C600000ED00E060BA04007DBA040095BA0400DB
:103C7000B4BA0400E3BA040006BB040030BB04007D
:103C80004FBB040070B5284C06460D462748452119
:103C90001AF0CDF9A36AD9043BD5254845211AF07D
:103CA000C6F91720A36A1A0504D5224845211AF03F
:103CB000BEF918201C4CA36A9B0511D51E4845214E
:103CC0001AF0B5F9A26BA36A180408D545211B4860
:103CD0001AF0ADF91EB1A36A23F40043A3621920C0
:103CE000114CA36A590504D5154845211AF09FF9CE
:103CF0001A20A36ADA050ED5124845211AF097F961
:103D00001B20094A936A43F47F43936200232B707C
:103D100070BD1620C6E7A36A9B04F2D50A48452168
:103D20001AF085F91C20ECE700ED00E07FBB0400F1
:103D30009ABB0400B0BB0400C8BB0400E6BB04008F
:103D400000BC040020BC04003DBC040070B5324C33
:103D500006460D46314845211AF069F9A36AD9068D
:103D600048D52F4845211AF062F91120A36A1A0795
:103D700004D52C4845211AF05AF91220264CA36A82
:103D80009B0711D5452128481AF051F9626BA36AA7
:103D9000190608D5452125481AF049F91EB1A36A2C
:103DA00023F08003A36213201B4CA36ADA0704D517
:103DB0001F4845211AF03BF91420A36A9B0604D53D
:103DC0001C4845211AF033F91520134B9A6AD60680
:103DD00002D49A6A94070FD59B6AD9060CD5164966
:103DE000164840F22D1219F000FE40F22D11124833
:103DF00019F0F2FD1020B9E7074B9A6A920642BF0C
:103E00005A6A22F400525A629A6A42F0FF029A6297
:103E100000232B7070BD00BF00ED00E071BC0400FA
:103E20008CBC0400B0BB0400C4BC0400E1BC0400B2
:103E3000FCBC04003DBC040020BD040072950400DD
:103E400070B5694B0546586800269CB0C0F308035E
:103E500086F31188BFF36F8F02F07F44B4F17F4F78
:103E600007D102F00C04082C0ED145215F481AF04E
:103E7000DEF85F4940F214425E4819F0B6FD40F2A8
:103E800014415B4819F0A8FD14074CBF0D460126EC
:103E9000002DEED00024DA1E8DF80740092A00F22A
:103EA0009280DFE802F00585897090909090908D67
:103EB000452151481AF0BBF88DF807404A4CE36A97
:103EC0009A0705D545214D481AF0B1F8002429E09C
:103ED000E36A002B02DA45214948F5E7E36A5B0013
:103EE0005DD5452147481AF0A2F86369AA6943F4F1
:103EF00080736361BFF34F8FBFF36F8F636932F8D5
:103F0000022C23F480736361BFF34F8FBFF36F8F75
:103F10004DF602739A421ED145212A683A481AF09A
:103F200086F82C689DF807309BB96822294602A8BC
:103F30001FF0BFFD099B002E51D0C3F3080222B928
:103F40006FEA53236FEA43230993204602A9FFF740
:103F5000A9FD1CB070BDA36ADBB233B101200DF125
:103F60000701FFF7F3FE0446DCE7A36A13F47F4F73
:103F700005D001200DF10701FFF784FEF3E7A36AE6
:103F8000B3F5803F02D3FFF721FEECE7184940F27A
:103F9000ED22184819F029FD40F2ED2171E714498E
:103FA0004FF43C72134819F020FD4FF43C7168E760
:103FB00000200DF10701D4E700200DF10701DBE738
:103FC0004521124880E7124910F4F87F114A12483F
:103FD00008BF0A46103B45211AF029F876E723F47A
:103FE000FF7323F00103AFE700ED00E080BD0400A4
:103FF00020BD040072950400B0BD0400CCBD0400D7
:10400000F2BD040005BE040029BE04004ABE04003F
:1040100052BD040067BD040073BE0400064B5A691C
:1040200042F010025A615A6942F480625A615A6938
:1040300022F008025A61704700ED00E0EFF30880BB
:10404000EFF3098101B57246FFF7FAFE01BD00BF2B
:10405000002080F31488BFF36F8F002080F30A885C
:1040600080F30B880F4880F308880FF097FF00203B
:104070000D490860BFF34F8F00F02CF8402080F30B
:1040800011880A484FF40061401880F30988EFF363
:1040900014800221084380F31488BFF36F8F00F06F
:1040A00011F90000F0AB002094ED00E0B094002086
:1040B000002318460649D1F89020C2F30722934204
:1040C00000DB7047C1F89830C1F8A0000133F6E773
:1040D00000ED00E010B572B6002484F31388FFF7FA
:1040E000E7FF23464FF0FF300C4A03F12001013374
:1040F000102B42F82100F8D100234FF0FF30074A7F
:1041000003F160010133102B42F82100F8D162B6AF
:10411000BFF34F8FBFF36F8F10BD00BF00E100E012
:10412000084B9B6883420BD1EFF3058343B1064BE9
:104130005A6842F080525A605A6A22F400425A6227
:1041400013F0E6BFC867002000ED00E025498A684B
:1041500082F8D1E04FF030001044EFF3098C80E892
:10416000F01F1EF0100F03D102F1900080EC108AB6
:10417000402080F31288BFF36F8F1B4F4FF0006613
:104180008A698A603E60D2F88400184C206092F9F7
:10419000D1E0D2F888000023C2F8883080F311887B
:1041A0001EF0100F03D00023E1EE103A03E002F1FD
:1041B000900090EC108AEFF3148323F0040383F350
:1041C0001488BFF36F8F02F1300090E8F01F8CF37A
:1041D000098802F1000004B51AF0EAFABDE80440CB
:1041E00070470000C867002004ED00E080630020F5
:1041F0001EF0040F0CBFEFF30880EFF30980816914
:1042000011F8021C0229FFD001B572461AF0C1FA5A
:1042100001BD00BF00B2002807DB01234109034AAA
:1042200000F01F00834042F82130704700E100E0B9
:1042300000B200280CDB01220649430900F01F00F0
:104240008240203341F82320BFF34F8FBFF36F8F9D
:10425000704700BF00E100E008B5D3070BD402317E
:10426000072909D90D490E486B2219F0BEFB6B21B5
:104270000A4819F0B1FB002100B20028ACBF00F1E0
:104280006040084B4FEA4111C9B2ABBF00F5614035
:1042900000F00F0080F80013195408BD8BBE040015
:1042A0007295040014ED00E0044B054A23F07F03EF
:1042B0009360BFF34F8FBFF36F8F70470000000014
:1042C00000ED00E008B5FFF7EFFF104BD3F88820B2
:1042D00022F47002C3F88820D3F8882042F4A002A8
:1042E000C3F888204FF04042C3F83422BFF34F8F09
:1042F000BFF36F8F0023E1EE103AFFF7ABFBFFF740
:10430000B5FB00F07DF811F003FC00BF00ED00E00C
:104310004FF47D41C0F8D01042F8203C009B0B497F
:1043200042F81C3C019B21F0010142F8183C029B21
:1043300042F8081C42F8143C4FF0807342F8043CE9
:104340000023203A0265C0F888307047C90D02008A
:10435000104B9B6883421AD1EFF30580B8B9EFF395
:104360001181402282F31288BFF36F8F1A7B22F0F3
:1043700002021A73EFF3148323F0040383F3148807
:10438000BFF36F8F81F31188BFF36F8F70476FF0AA
:1043900015007047C86700200E461546002300B57B
:1043A000E1EE103AEFF3148323F0040383F314884F
:1043B000BFF36F8FBFF36F8F0C4BD0F884209860E2
:1043C0000B4B1A60436F83F30B882C4686F30988E6
:1043D0000020044B98472046002100220023024C75
:1043E00020470000BDE70300C90D0200C867002098
:1043F000806300201022014B1A61704700ED00E03D
:104400000023402040F20F1210B5044CE118013394
:10441000934281F80003F9D110BD00BF00E100E034
:1044200008B5EFF30583064A103B02EBC30152F8CF
:10443000330049688847BDE80840FFF7B7BB00BFB5
:10444000044404001FB5094C094A234601210948C8
:1044500000F00EF900230393074B0121E41A01A891
:104460000193029400F01EF904B010BD00F0022088
:10447000000000205C590400800C002010B50C7A6C
:104480000B6804F01F0223F01F031A43CB68640972
:1044900023F01F03054943EA440343F00103C1F835
:1044A0009800C1F89C20C1F8A03010BD00ED00E0DC
:1044B00010B50A4B0446D3F89030C3F30723013BF1
:1044C000984208D902464521054819F0B0FD6FF021
:1044D0001504204610BDFFF7D1FFFAE700ED00E01C
:1044E000C6BE04002DE9F04F8946144606464FF03B
:1044F0000008514D85B0C84527DAD6F804A0BAF1B6
:10450000000F44D0BAF11F0F18D91AF01F0F15D1A0
:10451000D6F800B01BF01F0F10D158461AF071F9F1
:1045200007460AEB0B0001381AF06BF9874210D0EE
:104530006FF015073A464521404802E042464521C2
:104540003F4819F074FD6FF01504204605B0BDE832
:10455000F08F17F1160FEDD0BC42EBDDC5F8987067
:10456000D5F89C10C5F89870D5F8A03021F01F013F
:1045700043F01F0BD6E900321A44994202F1FF3A88
:104580001DD1D34507D13146F8B21AF043F908F1ED
:1045900001080C36AFE73146C5F89870D5F89C3065
:1045A00022F01F0203F01F031343C5F89C30E0B252
:1045B0001AF030F910F1160FC5D0441CE7E7C5F822
:1045C0009870D5F8A020013B23F01F0302F01F02D2
:1045D0001343D3453146E0B2C5F8A030E8D01AF015
:1045E00019F910F1160FAED0C5F89870D5F89C20C7
:1045F0009DF808300BF1FF3B62F304038DF808309F
:10460000D5F8A0309DF808205B0863F347128DF8B9
:104610000820D6E900321344009323F01F035B44C3
:10462000A3EB0A03013023F01F036946C0B20393D2
:10463000FFF73EFFBEE700BF00ED00E019BF04003A
:10464000F1BE04000522044BC3F89420BFF34F8F42
:10465000BFF36F8F704700BF00ED00E0BFF35F8FC7
:104660000022024BC3F89420704700BF00ED00E029
:1046700010B5094C2278FFF735FF207016300AD1AB
:10468000064907484FF4C47219F0AFF94FF4C471EA
:10469000024819F0A1F910BD2970002041BF0400A3
:1046A000729504002DE9F74F2E4D8A4606464FF0CD
:1046B0000008AB462C4FD04502DB03B0BDE8F08FBD
:1046C000D6F80490B9F1000F47D03168084601913F
:1046D0001AF097F80199044609EB010001381AF025
:1046E00090F884424FF01402204B10D002FB08F3E4
:1046F0006FF015024BF803201D491E484FF4CC7291
:1047000019F073F94FF4CC71194819F065F914F1E7
:10471000160F2C60F0D01978A142EDDD02FB08B035
:10472000C7F89840C7F89840D7F89C4000F10801B6
:10473000007B64F304000871D7F8A0000C794008EE
:1047400060F347140C71D7F89C1021F01F016960C9
:10475000D7F8A01021F01F01296108F101081435D4
:104760000C36A8E78463002000ED00E029700020EB
:1047700041BF0400729504002DE9F0416149624C8B
:10478000D1F890302568C3F307239D4286B00AD93B
:104790005E4940F201225E4819F027F940F20121FA
:1047A0005A4819F019F90020FFF758FF594BC1F882
:1047B000C03085421BD1584C01A82570FDF7B0F9D7
:1047C000002506464FF00208544FAE4216D1002095
:1047D00023784C49D1F89020C2F307229342C0F2CB
:1047E0008A800020FFF72EFF06B0BDE8F0816168E7
:1047F00001EB0011FFF742FE0130DAE7019A2901CF
:1048000002EB0513D3F80CC00CEA0700B0F5800FDB
:1048100043D007D8B0F5801F17D0B0F5001F23D0C4
:104820000135D2E7B0F1006F54D0B0F1805FF7D11D
:1048300058689B685258013B20F01F010B44CDE99A
:10484000020223F01F0301220BE0586852589B68B4
:10485000CDE902022122013B20F01F010B4423F08D
:104860001F038DF8102025E0586852589B68CDE949
:1048700002024122013B20F01F010B4423F01F03E1
:104880001CF0010F8DF81020059314D01F498322CE
:104890001F4819F0AAF8832182E7586852589B688C
:1048A00020F01F01013BCDE902020B4423F01F035E
:1048B0008DF810800593207802A9FFF7F9FD0028F4
:1048C00015DA124940F22B22114819F08EF840F205
:1048D0002B2165E758689B685258013B20F01F0167
:1048E0000B44CDE9020223F01F036122B9E72378CC
:1048F0000133237094E7C1F89830C1F8A000013368
:1049000068E700BF00ED00E06859040041BF040003
:1049100072950400AAFF4400297000200000F0FFF7
:10492000054C064821461B2208B519F05EF81B21EC
:10493000204619F051F800BF7FBF040072950400B3
:1049400008B5024817F02AFBFEE700BFADBF040020
:1049500008B5024B1B689847002008BD98630020EB
:10496000034B044A1860937843F002039370704736
:1049700098630020F403002008B50649064821F09A
:104980000701C1F1005202F53C32FCF787F9002023
:1049900008BD00BFAB0D01209C63002070B54169CC
:1049A0000446867A0A4D59B1437ADB0706D434238C
:1049B00003FB0653DB6A1B689B689847002363610F
:1049C0003420214606FB0050BDE870401DF095BA2A
:1049D000AC0A00203422024B02FB0030704700BFBB
:1049E000AC0A00203421827A064B01FB02331A6B99
:1049F00093F82430801A1B3323F00303B0FBF3F049
:104A0000704700BFAC0A002038B53424827A064BC8
:104A100004FB0233DB6AD3E901240C601568FFF75D
:104A2000E1FF04FB005038BDAC0A002008B5436824
:104A300043B1064906485A2218F0D7FF5A210348C5
:104A400018F0CAFF03824369C36008BDB2BF040007
:104A5000729504002DE9FF470546684691461C46BD
:104A600003911DF053FBDDE900674DB9574940F252
:104A70000112574818F0B9FF40F20111534813E0F2
:104A800005F11C08EFF3118A402383F31288BFF36A
:104A90006F8F404613F0A8FD40B94E4988224C481C
:104AA00018F0A3FF88214B4818F096FF404613F0FA
:104AB000BFFD6B8C002B56D02A8C9A4233D9002232
:104AC0000023284611F076FC044660B3404613F0FC
:104AD00099FD40B93F494FF49A723D4818F085FF5F
:104AE0004FF49A71DFE78AF31188BFF36F8F039D4C
:104AF000002D5AD032463B4668461DF02CFB34212F
:104B0000A27A354B204601FB0233DB6A03A91B68FE
:104B10001E68DDE90023B0476061002839D12046D6
:104B2000FFF73CFF30E06C8C4046631E6B8413F053
:104B300069FD0028CED08AF31188BFF36F8F95F8F6
:104B400024302A8C1B33121B2C6B23F0030302FB33
:104B50000344214B214AEB1A9B105343A37295F84F
:104B60002430E372C3E7404613F04CFD0028B1D077
:104B70008AF31188BFF36F8F23464A46284611F007
:104B800019FC04460028B2D10024204604B0BDE838
:104B9000F087039B9D4209D90C494FF4AB720C4836
:104BA00018F023FF4FF4AB7168E765610123002122
:104BB0002381039BE27A6160638204F118001EF096
:104BC00085FF2046FFF732FFDFE700BFB2BF0400DA
:104BD00072950400B2A50400AC0A0020C54EECC4D6
:104BE00070B50C46054650B9224940F29D12224844
:104BF00018F0FBFE40F29D111E4818F0EDFE41B981
:104C00001C494FF4CF721C4818F0EFFE4FF4CF71DF
:104C1000F2E7EFF31186402383F31288BFF36F8F1F
:104C2000164813F0E1FC38B915498822124818F0EB
:104C3000DCFE88211248E0E7104813F0F9FC00235D
:104C400023606B6873B9C5E900440C4813F0DAFCC3
:104C500058B90B494FF49A72074818F0C6FE4FF442
:104C60009A71E7E71C606C60EFE786F31188BFF389
:104C70006F8F70BDB2BF040072950400A86300205E
:104C8000B2A5040070B5044650B91E491E484FF441
:104C9000D57218F0AAFE4FF4D5711A4818F09CFE90
:104CA000EFF31186402383F31288BFF36F8F174809
:104CB00013F09AFC38B916498822134818F095FE6B
:104CC00088211348EAE7114813F0B2FC25682DB19A
:104CD00062682B689542236008BF63600B4813F03D
:104CE00091FC40B90A494FF49A72074818F07DFECA
:104CF0004FF49A71E5E786F31188BFF36F8F28466A
:104D000070BD00BFB2BF040072950400A86300200C
:104D1000B2A5040070B5044670B13426154D204686
:104D2000037A64689BB9144940F2C112134818F021
:104D30005CFE40F2C11107E00F4940F2BB120F4880
:104D400018F053FE40F2BB110B4818F045FE013B32
:104D5000DBB203724BB9C3604360837A06FB035333
:104D60009B6A1BB19847002CD9D170BDFFF716FE86
:104D7000F9E700BFAC0A0020B2BF0400729504003E
:104D800008B550B9074908484FF4F37218F02DFEE2
:104D90004FF4F371034818F01FFE027A01320272D9
:104DA00008BD00BFB2BF04007295040008B50346F9
:104DB00050B90849084840F2312218F016FE40F276
:104DC0003121044818F008FE18465B68002BFBD11F
:104DD00008BD00BFB2BF04007295040070B50D4657
:104DE000044650B90E494FF40F720E4818F0FDFDFD
:104DF0004FF40F710A4818F0EFFD41B9084940F22D
:104E00003D22084818F0F1FD40F23D21F2E74668E6
:104E10001EB10846FFF7CAFF4660656070BD00BF5F
:104E2000B2BF04007295040038B505460C4651B96E
:104E30000B490C484FF4127218F0D7FD4FF4127161
:104E4000074818F0C9FD20B9BDE838400846FFF70B
:104E500097BFFFF7ABFF2146FFF7C0FF284638BDDD
:104E6000B2BF0400729504002DE9F84F06460C46C7
:104E70001546FFF79BFF002783464FF03409DFF804
:104E80006CA00BF10C0B584619F017FDA04228BF7F
:104E900020461FFA80F829464246584619F015FD6B
:104EA000B4EB0804474445441DD00C9B53B1DDE9E5
:104EB0000A010D9A98478346A8B101463046FFF78C
:104EC000B3FFDEE7B37A03FB09A0C36A9B6843B173
:104ED000A34228BF23461946DDE90A23FFF7BAFD9E
:104EE000E9E72146F8E73846BDE8F88FAC0A00202C
:104EF00008B540B90A492B220A4818F076FD2B2143
:104F0000074818F069FD838833B105492C2205480C
:104F100018F06BFD2C21F3E783680B44036008BD98
:104F2000DFBF04007295040008B5034600689A6864
:104F3000821A91420AD90849084840F2551218F0DD
:104F400054FD40F25511044818F046FD9A88401A65
:104F500011441860998008BDDFBF040072950400F9
:104F600008B5828803468A420AD20849084840F2B6
:104F7000C31218F03AFD40F2C311044818F02CFD9A
:104F8000521A828000680844186008BDDFBF040020
:104F90007295040008B503469A8800688A420AD2CE
:104FA0000749084840F2CF1218F01FFD40F2CF1118
:104FB000034818F011FD521A01449A80196008BD87
:104FC000DFBF040072950400F8B5858803680E46BB
:104FD00004465F1919F071FCB04208D2064907482F
:104FE0003E2218F002FD3E21034818F0F5FC35443E
:104FF000A5803846F8BD00BFDFBF040072950400ED
:1050000008B5244A244B1A600BF00CFA4FF47A616D
:105010002248D0F82436C3F30802C3F309434B43B4
:1050200082F480721E49883201FB02334FF4FA2168
:105030005B00B3FBF1F201FB12331A49B3F57A3F7F
:1050400028BF0132C1F80429D0F820364FF47A6025
:10505000C3F30802C3F30943434342F21C5082F4F2
:10506000807202F2172200FB02334FF47A701B0A9F
:10507000B3FBF0F200FB12330020B3F5FA7F4FF0E0
:10508000010328BF0132C1F81C27C1F80009C1F88B
:10509000003608BD0020A107D806002000C0FF0090
:1050A000F82A00800000125048B1054B054A1B68E1
:1050B000B3FBF2F35843044B43F001031847704726
:1050C000D806002040420F0050560400BFF34F8F17
:1050D0000549064BCA6802F4E0621343CB60BFF394
:1050E0004F8F00BFFDE700BF00ED00E00400FA05B0
:1050F0000E4B402928BF402170B51D460C4C461868
:10510000B04203F1020304D1002305F8113007482F
:1051100070BD02781209A25C03F8022C10F8012B72
:1051200002F00F02A25C03F8012CE9E748700020AE
:1051300031C0040030B503788BB0044607AD032BB3
:1051400021D8DFE803F0021A1C1E12492846F9F79D
:10515000E0FB059563781E210493A3780E4A039320
:10516000E3780E4802932379019363790093A3793E
:1051700016F034FF09480BB030BD0949E6E709498C
:10518000E4E70949E2E70A212846084A16F026FF23
:10519000DFE700BFEC9004000E9104002A700020AD
:1051A000EAA00400F3900400FD90040007910400BD
:1051B0002DE9F3410446174698461E4DD5E8AF3F0A
:1051C000DA071BD530B945211B4818F030FF6FF0C6
:1051D000010014E001A918F09EFF1849024620467C
:1051E0001EF021FE0028F2D1D5E8AF3FC3F3C00680
:1051F0001B0707D55721124818F019FF002002B0ED
:10520000BDE8F081A5F1D404072221464046B84705
:10521000062809D845210B4818F009FF45F8D46C39
:10522000E671C4F80360E9E70723B0FBF3F0E0712F
:10523000E4E700BF1C02002049C00400FA9004000B
:105240006FC0040098C004002DE9F04188B0DDF87B
:1052500038809C795D791E79DF7893F802C093F8E5
:1052600001E01B78B8F1000F0ED0CDE90638CDE98A
:1052700004CE1346CDE90267CDE90045084A16F091
:10528000ADFE08B0BDE8F081CDE905E3CDE9037CD2
:105290001346CDE90156034A009416F09FFEF0E74D
:1052A000C2C00400E6C0040010B5FCF711FE0446BD
:1052B00020B102464521024818F0B9FE204610BD33
:1052C00007C1040070B504461E4615468CB0A2B155
:1052D00029B10A4602A8042118F094FB02A9009102
:1052E0002B462246242103A8FFF7AEFF3146109A31
:1052F00003A8FCF75BFC0CB070BD03462421044AF4
:1053000003A816F06BFE0028F0DA6FF01500F2E744
:1053100031C1040007B50B4B0B48DA79C2EBC2026E
:10532000009200221146FFF7CDFF024630B1452121
:10533000064803B05DF804EB18F079BE03B05DF8E1
:1053400004FB00BF48010020FA90040037C10400AC
:1053500030B5044615468DB092B129B10A4602A86F
:10536000042118F04FFB02A900912B46224624216C
:1053700003A8FFF769FF03A818F0A5FE0DB030BD24
:1053800003462421044A03A816F028FE0028F2DA76
:105390006FF01500F2E700BF31C1040007B50093BC
:1053A00013460A4601460348FFF78CFF03B05DF839
:1053B00004FB00BF69E204000A4601460148FFF70A
:1053C000C7BF00BF69E2040007B5009313460A4651
:1053D00001460348FFF776FF03B05DF804FB00BF0A
:1053E00063E2040007B5009313460A4601460348EA
:1053F000FFF768FF03B05DF804FB00BF0CDF04009B
:1054000007B500220346009103481146FFF75AFFF3
:1054100003B05DF804FB00BF5BE2040008B502487E
:1054200011F040FC002008BDF4040020F8B5184D30
:10543000D5E8AF3F13F0010F2E4627D015F8CD3C2D
:10544000A5F1D40783B901F065FF044628B14521D1
:10545000104818F0ECFD2046F8BDFB7923B901F0A7
:1054600069FF04460028F2D1D5E8AF3F5A0701D4BE
:1054700000F016FFD6E8EF3F23F40062C6E8E12F04
:105480000029F7D11B0501D5FFF7C8FF0024E2E78B
:105490001C02002057C1040007B5009313460A46BA
:1054A00001460348FFF70EFF03B05DF804FB00BFA1
:1054B00024E904000A4601460148FFF749BF00BF3E
:1054C00024E9040030B500240A4D0B4B87B0284670
:1054D0000393CDE9044411F0ABFC03AB28460093E1
:1054E00040F638020A23054911F0B8FC204607B0FF
:1054F00030BD00BF102100208FC10400A07B002020
:105500000146014811F078BD1021002001460148F4
:105510001CF066BD10210020037830B5012B13D09C
:10552000022B27D07BB90A46184B03F1100453F81D
:10553000045BA34242F8045BF9D11B7813704388E3
:105540004B731B0A8B7330BD0A46104B03F11004DA
:1055500053F8045BA34242F8045BF9D11B78137043
:105560004368C3F307224B731B0CCB731B0A8A736C
:105570000B74E8E700F1100350F8042B984241F84F
:10558000042BF9D103780B70DDE700BF98C104004C
:1055900010B519F078FA1CF033FD0B4C18B1D4E8B3
:1055A000AF3F63B910BD12F083FBD4E8AF3F1BB926
:1055B000BDE8104012F0CEBB0A209847F8E70A2059
:1055C000BDE81040184700BFAC630020811EC9B27F
:1055D0001E2938B5044604D8184820FA01F1C90735
:1055E00008D4174917487A2218F0FFF97A2114488D
:1055F00018F0F2F9144819F02CF90546C8B1082C36
:1056000019D00BD8022C0FD0042C14D00F490D4800
:10561000522218F0EAF952210C48E9E7102C01D087
:10562000202CF3D1052100E0042105F10C0019F034
:1056300058F9284638BD0221F7E700BF4100004075
:10564000A9C1040072950400B00B0020D8C1040069
:10565000034BD3E8EF2FC3E8E10F0029F9D17047DE
:10566000AC6300200F2810B50CD80D280CD90A48BF
:1056700019F0EFF8044618B104210C3019F031F993
:10568000204610BD1328F2D009B10448F0E70220EB
:10569000BDE81040FFF79ABF4C0C0020140B00200F
:1056A00038B50B6805460C4643B90D490D48FA223A
:1056B00018F09BF9FA210A4818F08EF94A68DA6066
:1056C0000B684A895A820868FFF724FB204610229B
:1056D00000211EF0FBF92846BDE8384019F0D3B987
:1056E000A9C10400729504002DE9F84305460C4653
:1056F0001F46164642B92449D622244818F075F9A7
:10570000D621214818F068F930B91F49D7221F481F
:1057100018F06BF9D721F4E701F10C09484619F0AC
:10572000C8F830B91849DB22184818F05EF9DB21B7
:10573000E7E7204619F0BFF9804630B11249DD2273
:10574000124818F052F9DD21DBE705F10C0148465B
:1057500019F089F8484619F0ACF8012310FA86F0E0
:1057600068826B72314648462E82FFF7F9FBE36888
:1057700028467B60638AC4F80C807B81A4F8128081
:105780003C60BDE8F88300BFA9C104007295040025
:10579000F7B505460E461746AB88012B01D803B076
:1057A000F0BD284619F06DF804460028F7D0AB8804
:1057B000984207D9024657210C4803B0BDE8F04093
:1057C00018F035BC284619F05CF82B688DF80000FD
:1057D000013C394668468DF801400193B0470028E6
:1057E000DDD021462846FFF7BBFBD5E711C20400F8
:1057F000C36857211A78014818F019BC41C2040047
:1058000038B505461446084602EBC3039C4202D154
:105810006FF05E000FE0224612F8081BA9420FD17C
:10582000028A6378934207D906482B46452118F02F
:10583000FEFB6FF0150038BD636898470020FAE75B
:105840001446E3E76EC2040070B5C6683378B6F854
:10585000014083B90F21204602F0F2FEF37805469D
:1058600050B90A4A118831B96FEA04506FEA1050F2
:105870001080074A137070BD0373012102F004FE0B
:105880002846BDE8704002F099BD00BFC46F0020FB
:10589000C970002070B5C3681D786DBBB3F8016096
:1058A0000F21304602F0CCFE044630B93246BDE846
:1058B00070404521114818F0BABB294602F0E4FDBA
:1058C000A378012B04D02046BDE8704002F076BDDD
:1058D000231DD3E8AF3FDB07F5D50321204602F0B7
:1058E000D3FD032019F0CDFA02460028EBD0572152
:1058F000034818F09CFBE6E770BD00BF95C20400AA
:10590000C0C2040010B5C3680121B3F801402046AD
:1059100002F096FE30B92246BDE81040452103480A
:1059200018F085BBBDE8104002F048BDEBC2040092
:1059300010B5C36801211C88204602F081FE30B9F1
:105940002246BDE810404521034818F070BBBDE871
:10595000104002F033BD00BFEBC2040037B5082190
:105960000C30FFF717FB01210446B0F8010002F0EC
:1059700067FE054640B94521B4F801200F4803B041
:10598000BDE8304018F053BBE3788DF80030237940
:105990008DF8013063798DF80230A3798DF80330EA
:1059A000E3798DF8043002AB13E9060003F024FB21
:1059B000284603B0BDE8304002F000BD14C3040027
:1059C000012108B50C30FFF7E5FABDE80840027880
:1059D0004521014818F02BBB4EC30400014608B511
:1059E0000748FFF7FDF8074907481CF0F9FA021EBF
:1059F00005DABDE808404521044818F018BB08BD89
:105A000094020020140500200023002075C3040028
:105A100073B5C5680121B5F80160304602F010FE8B
:105A2000044638B9324645212B4802B0BDE87040E3
:105A300018F0FDBA2B781A2B19D1C378012B47D156
:105A40004FF48041043019F071F843040FD4D4F8B6
:105A50008C3069460093D4F894302046019304F0CA
:105A60008DF8204602B0BDE8704002F0A7BC2B784C
:105A700073BB40F2E243B5F8032018495A43C4F817
:105A80008820B5F80530A4F89030B5F80730A4F8B0
:105A90009230A2F5EA530C3B8B4203D957211048B0
:105AA00018F0C5FAB4F89020B2F5FA7F03D3572165
:105AB0000C4818F0BCFA40F67641B4F89220A2F1F6
:105AC0000A039BB28B4203D95721074818F0AFFA5B
:105AD000204603F049F8C4E7EBC2040095F03C000F
:105AE00097C30400C3C30400EFC3040010B500242F
:105AF00086B003AB00934FF462724FF0FF33054959
:105B00000548CDE90344059411F0A8F9204606B0F4
:105B100010BD00BFD88300200822002073B50546C1
:105B20000C46FFF76DFE5F300BD1268AE0683146E8
:105B3000FFF7DEFA334600902A465721024818F054
:105B400076FA02B070BD00BF20C4040010B5012178
:105B500004460C30FFF71EFA2146BDE81040022330
:105B6000014A0078FFF7DABF485A040010B5012156
:105B700004460C30FFF70EFA2146BDE81040122310
:105B8000014A0078FFF7CABF885A040073B504467B
:105B900001210C30FFF7FEF9057800232146284645
:105BA000094AFFF72DFE5F300BD1268AE0683146A7
:105BB000FFF79EFA334600902A465721034818F013
:105BC00036FA02B070BD00BF185B040047C4040081
:105BD00070B5C5680121B5F80160304602F030FDAE
:105BE000044630B93246BDE8704045210B4818F0F4
:105BF0001EBA2B783BB9D5F80330C0F89830D5F8E9
:105C00000730C0F89C30201D4FF4003118F08EFF93
:105C10002046BDE8704002F0D1BB00BFEBC20400DB
:105C20002DE9F8430C4612F043F8E168228A0B781C
:105C3000022B6FD0042B0AD01A4645213A4818F09F
:105C4000F6F92046FFF766F86FF0150409E0022A1E
:105C50000CD84521354818F0EAF92046FFF75AF8E4
:105C6000002412F077F82046BDE8F88348783E28F3
:105C70000BD1032A02D145212D48ECE7CB78012B2B
:105C800001D00A2B46D1032604E018F035FF064662
:105C9000F0073DD504F10C05284618F00AFE012155
:105CA00007462846B4F81090FFF75AF90221284613
:105CB000FFF770F9804600783E2815D1E3681B781D
:105CC000012B2BD00A2B29D0022541F27B12194936
:105CD000194817F08AFE002383F31188BFF36F8FF2
:105CE0000323184602DF04E018F006FFC10705464B
:105CF000EBD5124A0623214698F80000FFF70EFF65
:105D0000AA070DD56369A4F8109013FA87F7E76026
:105D1000B307A5D52046FFF761FEA1E70325E8E715
:105D20002046FEF7F7FFF3E7F8C404007EC4040042
:105D30009FC40400C4C4040072950400185A0400EF
:105D400070B53B48FEF79EFF044600286FD000F177
:105D50000C05284618F095FD0228024604D00428B8
:105D600044D04521334804E0228A032A04D845213F
:105D7000314818F05CF911E004212846FFF70AF9D0
:105D8000FF22438806882276228AC6F30B009342BC
:105D9000608307D04521294818F049F92046FEF7CD
:105DA000B9FF13E00F2102F04BFC054618B945215D
:105DB000628B2348DDE702F067FC21462076320B38
:105DC000284602F065FA284602F0F8FA1D4BD3F88F
:105DD0004C3163B31C491D481CF002F9021E26DA3F
:105DE000BDE8704045211A4818F021B92846022123
:105DF000FFF7D0F8054600783E2811D018F07CFE59
:105E000010F002060CD140F6B2421249124817F0C7
:105E1000ECFD86F31188BFF36F8F0323184602DF72
:105E2000062321460D4A2878FFF778FEB6E770BDB5
:105E30009402002087C5040011C5040037C5040082
:105E400060C5040048010020140500200023002044
:105E500075C30400C4C4040072950400585A0400B9
:105E60002DE9F047884617460646002800F0848052
:105E70000023DFF81C91D9E8EF4FC9E8E23F002A80
:105E8000F9D134B93246BDE8F04745213B4818F016
:105E9000CEB82046FEF7A6FD4FF00C0A384D0AFB9F
:105EA00000504388B3421DD02046FEF79BFD0AFBFD
:105EB0000050324643884521324818F0B8F8D9E8F6
:105EC000EF3FC9E8E24F002AF9D1002B54D02E4908
:105ED0002E4840F6062217F088FD40F606212A4893
:105EE00017F07AFDA74208D02046FEF79FFD3A8AB8
:105EF000F96804F10C0018F0E8FC2046FEF772FD8A
:105F00000C2606FB00504368ABB1B8F1000F12D16C
:105F10002046FEF767FD012106FB00504268D2E9EA
:105F20000003127A03F01F06B1405B09F2B100EBE7
:105F3000830018F0FBFD2046FEF754FD0C2606FBFF
:105F4000005083686BB12046FEF74CFD704305F8A6
:105F500000802046FEF746FD06FB0055A86810F0BD
:105F6000A1FA2046BDE8F047FEF7D4BEC94300EBD6
:105F7000830018F0E6FDDEE7BDE8F087A0C5040069
:105F8000B0630020CDC50400C4C4040072950400B1
:105F90009002002001232DE9F74FD0F80C80018AF0
:105FA00098F8002003EB82038B4264D900913448B7
:105FB000452118F03CF803B0BDE8F08F2A46452192
:105FC000584618F034F8013698F800309E42F2DA5C
:105FD00008EB8603B3F801500F212846B3F803708D
:105FE00002F02EFB04460028E8D000F1BC091FB9DE
:105FF000204602F0E3F9E6E7656975B945212148D5
:1060000018F015F8204940F29F22204817F0EDFCC7
:1060100040F29F211C4817F0DFFCA2692B689542D3
:106020002046636108BFA36102F0C8F810F03AFA95
:10603000C5F800A0236A7BB9C4E90755D9E8AF3F8A
:10604000013FBFB25BB910494FF42A720F4817F0F5
:10605000CCFC4FF42A71DDE71D602562EEE7D9E83C
:10606000EF3F013BC9E8E23F002AF8D1002120467A
:1060700002F0B0F8BBE70026DFF814B0B246A3E7A1
:1060800005C6040056C60400C4C40400729504008A
:1060900035C6040008B501F0F5FA064BD3E8AF2F7A
:1060A00002F00B02D3E8EF1FC3E8E02F0028F9D17C
:1060B00008BD00BF1C02002010B5C1E900239DF8F7
:1060C00008300C460B72FEF78DFC0C22024B02FBD3
:1060D00000335C6010BD00BFB0630020F8B502461D
:1060E0000B46104818F0B5FB0446C0B104210C3033
:1060F000FEF7FEFE2046FEF775FC0C2700260A4D33
:1061000007FB005046802046FEF76CFC07FB005062
:1061100086602046FEF766FC07FB00556E60204651
:10612000F8BD00BF7C0B0020B063002029289ABF77
:10613000014B185C09207047B4CB040070B5C368EC
:106140000F21B3F801601D78304602F079FA044659
:1061500030B93246BDE870404521164817F067BF98
:1061600065B12846FFF7E2FF29460246204602F0C5
:10617000E3FD2046BDE8704002F020B98378012B92
:10618000EFD109F05BF8204618F09EFC0028E8D11A
:106190000520FFF7CBFF05210246204602F0CCFD8B
:1061A0004521054817F043FF0521204602F0E6FA95
:1061B000DFE700BF95C2040072C60400F8B5C668E8
:1061C0000F21B6F801703578384602F039FA0446E6
:1061D00030B93A46BDE8F84045211E4817F027BFC0
:1061E00045B12846FFF7A2FF29460246204602F0A5
:1061F000A3FD07E0F378C27A9A4208D157211648E6
:1062000017F015FF2046BDE8F84002F0D7B88278B5
:10621000C372012A05D00020FFF788FF0021024643
:10622000E4E70BB109F00AF8204618F04DFC00280D
:10623000F1D10520FFF77AFF05210246204602F042
:106240007BFD4521054817F0F2FE0521204602F0AE
:1062500095FAD7E795C204009DC6040072C60400F3
:1062600010B5044692B04822684606491DF021FC4C
:10627000112C9DBF12AB03EB840454F8480C024868
:1062800012B010BDB8500400D1C60400034B014643
:10629000D3F8700182689268104700BF480100205F
:1062A000F7B50421264C274818F040FC01F0EAF924
:1062B0004921254A254817F0BAFE254DE279254B9C
:1062C0002046012A88BF1D46FEF734FF2A460346B2
:1062D0004921214817F0ABFE264601251F4FE379DF
:1062E00007369D4220DB94F870502846FFF7B8FF30
:1062F000B4F8763002460193B4F872304921009325
:1063000017482B4617F093FE94F871502846FFF774
:10631000A7FFB4F874300246009349212B46114878
:1063200017F085FE03B0F0BD3046FEF703FF2A46A6
:1063300003464921384617F07AFE0135CFE700BF02
:10634000480100201C020020DDC60400E1C6040054
:1063500031940400D9C60400F8C604000CC7040038
:1063600022C7040065C704000048704791C70400B5
:1063700008B5094909481BF033FE00280ADA084924
:10638000084841F26A4217F030FB41F26A41044882
:1063900017F022FB08BD00BF0405002008220020E2
:1063A000C4C404007295040070B505460C4659B982
:1063B0004FF0FF304FF0FF31FFF790FE044618B961
:1063C0006FF06805284670BD2046FEF70BFB0C22D7
:1063D000174BA61802FB003330465D8018F069FAAF
:1063E00003280BD903213046FEF79EFD0580238A42
:1063F0000121033B8370304618F03CFA40F63543E8
:106400009D420DD12046FFF741FF054670B102467F
:106410004521084817F00BFE2046FEF77BFCD1E72C
:10642000214605481BF05EFDFFF7A2FF0025C9E7E6
:10643000B063002098C704009C0200202DE9F043BF
:10644000804617460C4689B069B94FF0FF304FF0CF
:10645000FF31FFF743FE0446B0B96FF068052846E8
:1064600009B0BDE8F083887AFEF7B4FA2E4B834278
:106470000AD02E492E484FF4E37217F0B6FA4FF4C3
:10648000E3712A4817F0A8FA02AE01220021304633
:106490001BF041FD2046FEF7A5FA0C23DFF8A4907F
:1064A00003FB009086602046FEF76AFC01464046EA
:1064B000FFF77AFF054618B12046FEF72BFCCEE722
:1064C000002330461B4A10F057F860B14FF4FD72BC
:1064D0001649174817F089FA85F31188BFF36F8FB3
:1064E0000323184602DF2046FEF77CFA0C235843AC
:1064F00019F800608EB1104B424657210F480093A7
:106500003346093E17F093FDF6B22046FEF702FC33
:10651000092E06D80A4B9D57A1E7002FCCD03C602E
:106520009DE76FF004059AE77C0B0020C4C40400CB
:1065300072950400B4C4040031940400BFC7040081
:10654000AACB0400B063002073B506460D4642F2A4
:106550002F00002101AAFFF771FF044630B1452149
:10656000124817F064FD204602B070BD0198C36860
:10657000B3F801203280B3F803302B80FEF7CAFB5A
:106580003288A2F11B03E02B03D95721084817F0EA
:106590004EFD44F248112A88A2F5A4739BB28B42A7
:1065A000E1D95721034817F042FDDCE7E3C70400B7
:1065B00008C8040032C80400F0B587B006460DF1E3
:1065C0000B01002000F020FF0546002845D14FF0C8
:1065D000FF304FF0FF31FFF781FD074600283FD025
:1065E00019210C30FEF7F0FC0446294619221DF053
:1065F0006DFA9DF80B301C4A237392F8211192F822
:106600002031601D994294BF06F1700106F17E01B0
:1066100018F085FA938938462380D38903A96380CB
:10662000B6F88C30114AA4F80D30B6F88E30A4F8C4
:106630000F30B6F89030A4F81130B6F89230A4F8C4
:106640001330012300930723FFF736FD002239465C
:1066500042F20D00FFF7F2FE0546284607B0F0BDF6
:106660006FF06805F9E700BF480100201C02002018
:10667000022870B5054639D100210246084602F0CD
:1066800029FC044670B945211D4817F0D0FC0320B1
:1066900018F0F7FB024688B3BDE87040572119484F
:1066A00017F0C5BC031DD3E8AF3FDB0706D50321B8
:1066B00001F0EAFE204601F081FEE8E7403010F0EC
:1066C00059FC10F00C0607D157210F4817F0AFFC0A
:1066D000314620462573EBE72046FFF76DFF002883
:1066E000E8D04521094817F0A2FCE3E70246BDE8DF
:1066F00070405721064B074817F099BC70BD00BF8A
:106700005AC80400C0C204007DC80400A8C8040020
:1067100031940400C9C8040030B54FF0FF304FF089
:10672000FF3187B0FFF7DAFC044670B10025084A54
:1067300003A907230095FFF7BFFC2A46214642F232
:106740000E00FFF77BFE07B030BD6FF06800FAE780
:106750001C0200202DE9FF410478054654B153493D
:10676000534840F2995217F040F940F299514F487E
:1067700017F032F94F4BB0F80180198848F4704295
:10678000914205BF1C804C4B27461F7800F0B6FB9A
:10679000EB782E1D012B08BF484B304608BF93F8FD
:1067A0006F4018F06CF93146F0B102A818F05CF9AE
:1067B000D5F81130CDF80130B5F81530ADF8053009
:1067C00001238DF80030E878D0B13046FEF7B2FCF6
:1067D000452102463A4817F02AFC1321404618F09A
:1067E000FAF904B0BDE8F081204618F004FB014638
:1067F00002A818F094F93146684618F090F9E2E7DB
:10680000022202A902F066FBEB78044623B96FF07E
:1068100080012C4818F095F9002CD6D0204640F283
:10682000E242B5F8013002A920F8703B18F077F980
:10683000B5F8173053430022C4F88830B5F8193042
:10684000A4F89030B5F81B30A4F89230EB7822739E
:10685000E3706BB9694604F17E0018F060F9217AA3
:10686000164BC1EBC101194404F1770018F057F938
:106870000721204601F008FE27B101212046277399
:1068800001F002FE204601F069FF204601F096FD6E
:10689000E378002BA5D1032018F0F3FA0246002874
:1068A0009FD05721084817F0C2FB9AE7C4C40400E0
:1068B00072950400C46F0020C970002048010020B8
:1068C000EAC804001C020020C0C2040000B5C16870
:1068D00089B0087820B109B05DF804EBFFF7C8BEB5
:1068E000B1F801308DF80000ADF80130CB7801A887
:1068F0008DF80330B1F80B300431ADF81730B1F832
:106900000930ADF81930B1F80B30ADF81B304B7BC6
:106910008DF81D3018F003F9084B68461A689B88FB
:10692000CDF80B20ADF80F30CDF81120ADF81530B3
:10693000FFF710FF09B05DF804FB00BF2BC0040097
:1069400010B5F8F771F9034B1B6813B1BDE810409F
:10695000184710BDD463002073B52C4D0646D5F8FA
:1069600070011BF067FA40B94521294817F05FFB19
:106970006FF01204204602B070BD6FF0020105F105
:10698000D40018F0DEF8012118F0D0F8C30739D48C
:10699000FEF78AFC04460028ECD11E4B1E60012243
:1069A00005F5987011461BF0B6FA05F5AA701BF0B4
:1069B0008CFA194810F03CFA6FF0070340F6980281
:1069C00016491548009410F049FA154912481BF071
:1069D0001DFBD5F87001134983681B68984704466E
:1069E00028B102464521104817F021FBC2E726B91D
:1069F00002B0BDE87040F8F717B905F1C40010F017
:106A000051F9B7E76FF07704B4E700BF4801002001
:106A1000CBCA0400D463002000230020608700203C
:106A2000E8CA0400215C0200F1CA0400F0B5C568A0
:106A300001212F8887B0BCB2204601F001FE064636
:106A400038B922464521264807B0BDE8F04017F086
:106A5000EEBA02ACD5F80220D5F806300194698967
:106A6000009119F049FF40B34FF0FF304FF0FF3174
:106A7000FFF734FB054640B945211A4817F0D7FA0D
:106A8000304601F09BFC07B0F0BD12210C30FEF740
:106A90009BFA0346224623F8027B06AF144603CC3A
:106AA000BC4218605960224603F10803F6D129461A
:106AB00042F21A00FFF778FCE2E74FF0FF304FF0A8
:106AC000FF31FFF70BFB04460028D5D002210C3024
:106AD000FEF77AFA2146078042F21B00EAE700BF80
:106AE000EBC2040012CB040070B506460D464FF011
:106AF000FF304FF0FF31FFF7F1FA044628B9BDE847
:106B000070404521074817F092BA03210C30FEF778
:106B10005BFA068085702146BDE8704042F2210094
:106B2000FFF742BC2ECB040073B5C368D9789A78BE
:106B30001E8842EA0122ADF8002059791A79B4B2D0
:106B400042EA0122ADF80220D9799A79204642EA38
:106B50000122ADF804201A7A5B7A012142EA03236C
:106B6000ADF8063001F06CFD054650B945211C48D2
:106B7000224617F05CFA02212046FFF7B5FF02B06B
:106B800070BD694602F04CF838B91E212046FFF767
:106B9000ABFF284601F012FCF1E74FF0FF304FF059
:106BA000FF31FFF79BFA04460028F2D00E210C308B
:106BB000FEF70AFA00230680C0F80A30BDF800305C
:106BC00021464380BDF802308380BDF80430C38085
:106BD000BDF80630038142F22000FFF7E5FBD8E75D
:106BE000EBC2040070B5044603210C30FEF7D2F965
:106BF000E3680578197840F63543B0F8010098420B
:106C000007D1BDE870400A46084B5721084817F0E5
:106C10000EBA2246FFF724F935B106480FF042FCC0
:106C2000BDE87040FFF7A4BB70BD00BF3194040005
:106C30004DCB04007802002038B511F039F82D4D05
:106C4000D5F85431002B52D00022002305F598705E
:106C50000FF092FC00284AD10022002305F5AA700B
:106C60000FF0A8FB044660B940F6C242224923480F
:106C700016F0BBFE84F31188BFF36F8F0323184611
:106C800002DFD5F8483153B145211D4817F0CFF93F
:106C9000D5F84801FEF73EF80023C5F848312046F4
:106CA000FEF76EF8C5F848012046FFF7EFFA0246F6
:106CB000B8B14521134817F0BAF913480FF0F2FBA9
:106CC0002046FDF78FFE0C22104B1F2102FB0030E7
:106CD00022464088FFF7C4F82046FEF71BF8FFF76E
:106CE00047FBFFF745FBBDE8384011F033B801F032
:106CF00083FDF8E748010020C4C404007295040035
:106D00008ACB040098C7040078020020B0630020FA
:106D100038B5042104460C30FEF73CF9457801787B
:106D200022464088FFF79CF835B104480FF0BAFBC3
:106D3000BDE83840FFF71CBB38BD00BF780200201B
:106D4000F8B506460024094DEF79E3B29F4202D818
:106D50006FF0010007E02946304617F0C3FF073502
:106D6000631C08B12046F8BD1C46EEE74801002030
:106D700037B504460D46B9B12846164917F0B2FF9B
:106D800090B929461448C4EBC404204417F0B2FF5C
:106D9000124817F0B6FF430703D5FEF73FFB17F085
:106DA00005FE002003B030BD684617F04FFE0028F6
:106DB000F8D16846FFF7C4FF0028F5DA064BC4EBAC
:106DC000C4006946184417F095FF002DE0D0014635
:106DD0002846DBE71EC00400480100201C020020FA
:106DE00070B5194E0622314605461DF00CF830B339
:106DF0004FF0FF304FF0FF31FFF770F9044600B35A
:106E0000062229460C3017F060FD2146002242F28E
:106E10000500FFF713FB044640B110F10D0F03D13D
:106E200057210A4817F003F9204670BD33462A68F7
:106E300043F86929AA88B280012283F868200024D7
:106E4000F2E76FF06804EFE7B101002003CD040022
:106E500038B505460C4651B91E4940F2DE321E488F
:106E600016F0C3FD40F2DE311A4816F0B5FD086891
:106E700040B9184940F2DF32174816F0B6FD40F22B
:106E8000DF31F1E745B913494FF47872124816F033
:106E9000ACFD4FF47871E7E7037A5A0708D50D493E
:106EA00040F2E2320C4816F0A0FD40F2E231DBE79E
:106EB0004B686BB90B7A13B92B7A5B0708D52A7824
:106EC00003789A4204D0294617F074FF00B1656038
:106ED00038BD00BF17CD040072950400064BD3E8FF
:106EE000EFCF4CF4806CC3E8E2CF002AF7D1037AED
:106EF00019430172704700BF1C020020084BD3E801
:106F0000EF2F22F48061C3E8E01F0028F7D153057A
:106F100004D500220220034908F090BA704700BF50
:106F20001C0200203FEE03001FB500230190CDE9B5
:106F3000023302208DF80C1001AA034908F07EFAF2
:106F4000029805B05DF804FB516E02002DE9F34193
:106F5000054670B14F4C94F8202194F821310AB1C4
:106F60009A4209D2013384F821312B7A43F0040389
:106F70002B7202B0BDE8F08100210222084601F028
:106F8000A9FF064648B128460121FFF7A7FF304672
:106F900002B0BDE8F04101F011BA04F1D40017F0DD
:106FA000B0FE8206C0F3401702D5304600F082FBE7
:106FB00094F821317BB1002017F0E3FE58B157213E
:106FC000354817F034F8002FD3D0012002B0BDE8C7
:106FD000F04100F06FBB94F8212194F820319A42DF
:106FE00017D157212D4817F022F8002242F229002C
:106FF0001146FFF723FA10B145212948E1E794F83B
:107000002131013384F821312B7A43F004032B72B0
:10701000D9E72A4605F10108414612F82E0B17F070
:1070200073FE064638B145211E4817F000F80120CE
:1070300017F0A7FEC7E794F82131013384F8213116
:107040002B7A43F004032B7294F8A7305B0702D429
:1070500057211548E9E74146684617F04BFE0123E2
:107060004FF0FF304FF0FF318DF80730FFF736F863
:10707000044660B1082269460C3017F026FC3246FF
:10708000214642F24E00FFF7D9F90028CFD0452122
:107090000648CAE74801002045CD04006FCD040032
:1070A000A5CD0400CACD0400EFCD04001ECE04001F
:1070B0002DE9F843044658B3454D95F8202195F83D
:1070C000213192B1013293421BDC00210222084699
:1070D00001F000FF0646E8B120460221FFF7FEFE60
:1070E0003046BDE8F84301F069B953B939493A4827
:1070F00040F2E64216F079FC40F2E641354816F0DF
:107100006BFC013B85F82131237A23F004032372C1
:10711000BDE8F88305F1D40017F0F3FD8306C0F352
:10712000401802D5304600F0C5FA002017F029FEBD
:10713000064690B102464521284816F078FF95F89A
:10714000213113B1012017F01CFEB8F1000FDFD080
:10715000BDE8F843012000F0ADBA95F8213195F86B
:1071600020219A420CD2013B85F82131237A024634
:1071700023F0040302201A49237208F05FF9DEE7C6
:107180004FF0FF304FF0FF31FEF7A8FF04F1010987
:10719000074668B107210C30FDF716FF494617F086
:1071A000A9FD3246394642F22800FFF747F920B1DF
:1071B00045210C4816F03BFFC1E795F82131013B12
:1071C00085F82131237A23F004032372B7E700BF47
:1071D0004801002017CD0400729504003ECE040043
:1071E0006DED030070CE040070B5044609BB18B302
:1071F000244917F077FDF8B92046FFF7A1FD0028D4
:107200003ADA237853B92048C279002A34D121468A
:1072100017F070FD0123C371104670BD012B04D11E
:10722000A37903F0C003C02B06D04521174816F000
:10723000FEFE6FF01500F0E7134DEB79012B1ED029
:1072400005F1D40017F05DFDC30707D4002CF0D082
:1072500020460C4917F046FD0028EAD1EE79214678
:10726000731C3046EB71FFF783FD08B93046D4E755
:10727000EB79013BEB71D0E76FF07700CDE76FF072
:107280000B00CAE71EC00400480100209ACE04008B
:107290002DE9F341044638B957211A4816F0C7FEC4
:1072A000002002B0BDE8F081002141F2090001AAEE
:1072B000FFF7C4F8054610B157211348EEE7019EC9
:1072C0000622D6F80C80114908F1010738461CF057
:1072D0009AFD28B1062238460D491CF094FD18B9D4
:1072E0003046FDF717FDDBE7D8F801303046C4F82B
:1072F0000130BB882570A4F80530FDF70BFD012097
:10730000CFE700BFCDCE0400EBCE04002BC00400BD
:1073100025C0040007B56846FFF7BAFF044BD871D3
:1073200018B169460020FFF723FD03B05DF804FBA8
:1073300048010020F0B5304D89B0EC79002C54D1D3
:1073400095F8C26016F001060FD157212B4816F0B0
:107350006EFEEC71162600240127EB79E0B2834221
:107360002ED8002B41D000203DE06A4621464FF642
:107370000940FFF763F810B157212148E7E7DDF82E
:1073800000C0DCF80C104B782BB96046FDF7C2FC4E
:1073900057211C48DBE78B1C02AA01F11204174697
:1073A00018685968083303C7A3423A46F7D11868EA
:1073B000344638609B886046BB80FDF7ABFCC8E76D
:1073C00008AB06FB003353F8182C33F8143C69461D
:1073D000CDF80120ADF805308DF80070FFF7C8FC3E
:1073E00001340028B9D009B0F0BD0021084609B029
:1073F000BDE8F040FFF7F8BE480100200ECF0400C2
:107400003FCF040064CF040038B50C4661B1084892
:107410000578012D04D10130FFF7E2FC08B138BD39
:10742000002500202570FAE76FF01500F7E700BF90
:107430004801002070B505460E464FF0FF304FF072
:10744000FF3186B0FEF74AFE0446A0B102210C309F
:10745000FDF7BAFD094A4670057003A920460523C9
:107460000095FEF729FE0022214642F20C00FEF7AD
:10747000E5FF06B070BD6FF06800FAE71C0200205F
:1074800008B50C4B0246400903EB800017F0F6FCF0
:1074900002F01F0340FA03F313F0010006D122B9F2
:1074A000054817F0EBFC40F3C01008BD6FF0770003
:1074B000FBE700BFD86300201C020020084A4309F4
:1074C00002EB8302012300F01F008340DB43D2E87C
:1074D000EF0F1840C2E8E10F0029F8D1704700BF54
:1074E000D863002030B587B0002200235F480EF03B
:1074F00037FD002840F098805D4817F0BFFC10F081
:1075000001035B4D4CD02B1D93E8070006AB03E94C
:107510000700584817F0B2FCC0F34013544817F066
:10752000ADFC0146002871D073B10C2252490DEB1D
:1075300002001CF068FC002871D000210846FFF70B
:1075400079FF044600286BD14A4817F097FC4205A2
:1075500001D5FFF7D3FC0023ADF80930BDF80E309C
:107560009DF80C00ADF80530BDF810308DF8040022
:10757000ADF80730431E58420DF10901584117F08C
:107580006EFC044600284BD14FF0FF304FF0FF3126
:10759000FEF7A4FD0546002848D16FF068043FE0DF
:1075A000344817F06BFC10F0800F344A0ED04FF4C3
:1075B00080749089D1891269ADF80C40ADF80E0045
:1075C000ADF81010ADF812300592A2E72C4C03ABC9
:1075D0002068616803C3A068186092F8D930244815
:1075E0001C0744BF05238DF80D3017F047FC8007BA
:1075F00006D53023ADF810306023ADF80E3088E7A3
:107600001B4817F03BFC4107F3D482E73BB1FFF77F
:1076100011FF044620B9184B2861C3E9010000247A
:1076200012480EF053FD204607B030BD072201A9D5
:107630000C3017F04AF92246294642F20B00FEF7B9
:10764000FDFE04460028EBD19DF80D10012001F04D
:107650000101FFF7EFFE04460028E1D1064B06AA20
:1076600012E9070083E80700D9E700BFF4630020B0
:10767000D86300201C020020E8630020480100209D
:107680000C56040010B5094C4422002120461CF081
:107690001DFA04F11C001AF005FC04F130001AF088
:1076A00001FC0022024B1A6010BD00BFD86300200D
:1076B00024640020044B0038597C18BF012001F0DD
:1076C0000101FFF7B7BE00BFD8630020032838B51B
:1076D000054603D1BDE83840FFF704BFFFF7D0FEF1
:1076E0000446A8B90B4B6A0903EB8203012205F09B
:1076F0001F018A40D3E8EF0F1043C3E8E10F0029D0
:10770000F8D1FFF7EFFE044610B12846FFF7D6FE8A
:10771000204638BDD86300202DE9F04F00F10C065B
:107720008DB00446304617F0ACF80190874817F04A
:10773000A5FB00F001038548039317F09FFBDFF8DA
:1077400024A2C0F380030493019B13B90DB0BDE8DC
:10775000F08F039B13B9049B002BF7D0238A082BCF
:1077600006D845217A480DB0BDE8F04F16F05FBC51
:1077700009213046FDF70EFC037A228A01339A4232
:107780000546EED30123ADF82C307F238DF826304B
:10779000037A00F1010803445B7A8DF82530FF235A
:1077A0008DF824300023ADF82A300278042A98BFDF
:1077B000684B8DF8272098BF9B5CADF82830037A82
:1077C0006248029317F05AFB00F001075F4817F078
:1077D00055FB81466FB1BDF828305A0709D5297A83
:1077E00030460131FDF7BCFB019B013BDBB201934D
:1077F000AAE7404617F043F900284ED0414606A8B4
:1078000017F032F917B919F0040F5CD1DAF800302B
:10781000B3B1304617F04DF88146029BB4F810B072
:10782000DAF8007023829DF8272033469DF9251051
:1078300006A8B8476369A4F810B013FA89F3E360A7
:1078400006AB0893444B1A68002A3AD0136803B178
:10785000083B52F8081CB9B11F46A2F10803304694
:10786000059317F026F88146029BB4F810B02382E6
:10787000059B31461B6808A898476369A4F810B0B7
:1078800013FA89F3E3603B46DBB19F681A68B7B12E
:10789000083F002AE3D13B46F7E76B78FF2B09D17D
:1078A0002E4B186806909A889B79ADF81C208DF8AD
:1078B0001E30A7E7414617F09EFA0346F1E7002A7B
:1078C000CDD1002308932148BDF8283017F0D6FA0F
:1078D00010F0010783D1DB0781D50322384606A9C2
:1078E00001F0F8FA814600283FF479AF022017F042
:1078F000C8FAD5F801304846C9F87E30B8F80430E7
:10790000A9F8823098F8063089F8843017F061F9C8
:10791000A0B11F23394689F80C30484600F0B4FD69
:10792000484600F04BFDFFF7DDFD024600283FF41E
:1079300056AF57210A4816F07AFB50E74846022115
:1079400000F0A2FD484600F039FD48E7D86300206A
:1079500098CF0400B6CF04001C6400201EC00400B1
:10796000C0C2040024640020F8B50546224817F080
:1079700085FA43070F463CD52A78012A03D96FF0D0
:1079800015042046F8BD6B780F2BF8D843F6FC742D
:107990006888031F9BB2A342F1D8A9880B1F9BB232
:1079A000A342ECD88842EAD37AB9002200231348D4
:1079B0000EF0D6FA04460028E3D1FFF761FD044635
:1079C00040B10E480EF082FBDBE717F036FA0028D4
:1079D000EBD1D4E728686968094E0A4B03C6A8684A
:1079E0001F6030602046FFF771FE044606F1240058
:1079F000E8E76FF00A04C4E71C02002008640020D6
:107A0000DC630020246400200020024B186017F083
:107A100038BA00BF246400200A4B00F1080219683C
:107A200031B98160596839B9C3E900220020704733
:107A30008A4204D00968F3E70A605A60F6E76FF0FB
:107A4000100070471C64002008B5034817F016FAB0
:107A500000F0010008BD00BFD8630020884208B5CF
:107A600001F120030CD998420FD20C490C4840F286
:107A7000B32215F0BAFF40F2B321084815F0ACFF6D
:107A8000F3D000F120029142EEE7013813F8012D06
:107A90008B4200F8012FF9D108BD00BFBBCF040015
:107AA0007295040070B53E4B9AB01822002103A8CD
:107AB00002931CF00BF844F2010309A8099317F094
:107AC000E9F9099B69460493364B02A805931AF01D
:107AD0006AFE024608B34521334816F0A8FA1F256E
:107AE000324BD3E8EF1F21F00101C3E8E21F002A67
:107AF000F7D12F4E10F0DCF83468002C49D0002D5F
:107B00002C4D18BF0025043C23680BB1284698472C
:107B10006468002C3DD0043CF6E74122009801AB9C
:107B200009A91AF012FD024610B145212248D4E7F6
:107B3000224A0DF125030DF1650153F8040B8B4228
:107B400042F8040BF9D120221D49009801AB1AF02C
:107B5000DCFC024610B145211A48BEE7009811F03E
:107B600077FD054618B1024645211748B5E7134988
:107B70001048FFF773FF15491548FFF76FFF154BC6
:107B8000D3E8EF1F41F01001C3E8E21F002AA7D09D
:107B9000F6E70023C6E9003310F0DCF81AB070BD38
:107BA0001271000100000209EDCF040028640020DA
:107BB000306400202A71002010D00400EA700020F8
:107BC000CA70002038D0040061D004000A7100207F
:107BD0004A7100201C020020042330B5A7B03D22CA
:107BE000002116A815931BF071FF304B18220021BD
:107BF00007A806931BF06AFF44F201030DA80D933A
:107C000017F048F90D9B20220893294B2949099325
:107C100006A804AB11F06CFD0246D8B145212648F8
:107C200016F005FA6FF0040410F042F8234B1D68BB
:107C300065B100201860224BD3E8EF1F21F002014C
:107C4000C3E8E21F002AF7D154B3A84710F082F826
:107C500027B030BD1B4B0DF15502194603F1400012
:107C600053F8044B834242F8044BF9D105AB02931D
:107C7000202315AACDE900130D48412304991AF0D9
:107C800044FD024610B145210F48C9E7049811F0A0
:107C9000DFFC04460028C7D0024645210B48BFE759
:107CA0000DA80849FFF7DAFE0DA8CEE71271000112
:107CB00000000209CA70002086D004002C64002055
:107CC00028640020EA700020C1D00400E2D0040043
:107CD000402208B503491CF096F8B0FA80F040093C
:107CE00008BD00BF59D1040010B51C4B9AB0182232
:107CF0000446002103A802931BF0E8FE4FF48043E2
:107D000009A8099317F0C6F8099B21460493144B60
:107D10000DF12500059304238DF82430FFF79EFE16
:107D200004F120010DF14500FFF798FE412201AB5F
:107D300009A902A811F0DCFC044602A81AF0ABFD68
:107D40002CB9019811F084FC01201AB010BD05482F
:107D50002246452116F06BF90020F6E7124100019A
:107D60000000020904D1040010B5002833D01D4AD8
:107D7000136823B1043B984230D05B68F9E71A4B93
:107D8000D3E8AF1F890706D51848572116F04FF9D9
:107D90006FF00F0010BD1468011D44605068116041
:107DA00000B95160D3E8EF2F42F00101C3E8E01FB2
:107DB0000028F7D1D30701D50020EBE70C4BD3E81F
:107DC000EF1F21F01001C3E8E21F002AF7D1094894
:107DD000FDF79CFBF0E76FF01500DBE76FF0770035
:107DE000D8E700BF30640020286400202DD10400B3
:107DF0001C02002034050020044BD3E8AF3F13F0F1
:107E0000100F034808BF0020704700BF1C0200206D
:107E10002A71002070B50546194803688B4228D0A6
:107E2000184BD3E8AF3FDA0626D5036813B16FF0DD
:107E30000F0070BD144AD2E8AF3FDB07F7D4D2E899
:107E4000EF3F43F00204C2E8E64F002EF7D113F0F3
:107E50000204ECD1016029460C48FFF7FFFD0C48F5
:107E600005F12001FFF7FAFD0A48FDF74FFB204618
:107E7000DFE76FF07700DCE76FF07C00D9E700BF49
:107E80002C6400201C02002028640020EA700020DE
:107E90000A7100202405002010B50446FCF7A2FD5D
:107EA000044901EB00112046FDF7FAFBBDE8104044
:107EB000FEF75EBA3864002070B50546114B1C68A9
:107EC00044B154F83C3C3C3C13B12846297B9847CC
:107ED000E46BF5E70C4C0D4EB44211D90C490D483A
:107EE00040F2B57215F081FD40F2B571084815F009
:107EF00073FD236813B12846297B98474034EBE78C
:107F0000F7D370BD6C640020204D0400204E0400A7
:107F1000A0D104007295040008B5094B1B7853B931
:107F20000849094840F2463215F05FFD40F24631FB
:107F3000044815F051FD1CF063F9044B185808BDB6
:107F40007F7600202EA50400729504000800000032
:107F500070B5044641B90D490D484E2215F045FD56
:107F60004E210A4815F038FD0022D1E90156094892
:107F7000C1E9012219F0B6FF3DB1314620462B463A
:107F8000BDE870406FF06D02184770BDA0D10400CD
:107F900072950400900A002010B50C4681780129E2
:107FA0000AD00B490B4840F2F23215F01EFD40F2A8
:107FB000F231074815F010FDA16904F118001160B5
:107FC000E26900211A60E27ABDE810401BF07EBD34
:107FD000A0D104007295040070B50546002200236C
:107FE00014480EF0C9FA18BB134B1C6834B154F88E
:107FF000343C3C3C03B19847E46BF7E70F4C104E20
:10800000B4420FD90F49104840F27B6215F0EDFCE5
:1080100040F27B610B4815F0DFFCA36803B1984781
:108020004034EDE7F9D32846BDE870400EF03ABE83
:1080300070BD00BF080900206C640020204D0400C2
:10804000204E0400A0D10400729504002DE9F843ED
:108050000446FFF761FF1D4BD3F8D830834211D19E
:1080600040270025DFF87080EFF3118387F3128833
:10807000BFF36F8FE16981B983F31188BFF36F8F0D
:10808000BDE8F8831249134840F2271215F0ADFC01
:1080900040F227110E4815F09FFC206A0A688142C1
:1080A00008BF2262E26183F31188BFF36F8FD1E9C9
:1080B00001694046C1E9015519F014FF1EB10022C3
:1080C00049462046B047FEF753F9CDE7184800204F
:1080D000A0D1040072950400900A00201FB5437BD4
:1080E0000446072B45D10430D0E8EF3F43F48062CB
:1080F000C0E8E12F0029F7D15B053AD416F0E7FE7E
:10810000800323D5E178002935D001293ED0637B57
:10811000072B2ED1244B93F8D8309B0629D516F087
:108120002AFD30B30DF10E0103A8FEF70DFA00BBD6
:10813000BDF80E202046BDF80C1016F08BFD02464F
:10814000B8B14521194815F072FF12E0E37823B168
:10815000154B93F8D8301907D4D5204616F05FFD9B
:10816000024618B14521124815F061FF637B072BC9
:10817000C8D004B010BD0C4B93F8D930DA0707D43F
:10818000022257210B4815F052FFC0E70022F8E702
:10819000022320461A46009116F07BFD0246002875
:1081A000B5D045210448EEE74801002030D2040054
:1081B000D0D10400F6D1040014D204000448B0F871
:1081C000043100F58470002B08BF0020704700BF09
:1081D0004801002030B58BB004460D46FFF79CFEE9
:1081E000114BD3F8D820824205D120460BB0BDE810
:1081F0003040FFF72BBF24342146184619F0F0FE1B
:1082000000280ADA09490A4840F25F1215F0EDFB2E
:1082100040F25F11054815F0DFFB1DB169462046AD
:108220000EF046FD0BB030BD18480020A0D1040070
:108230007295040038B5002204468A4202D1002417
:10824000204638BD012004F1C403D3E8EF5F002DC0
:1082500004D1C3E8EC0FBCF1000FF6D102D0C83452
:108260000244EAE7002CEAD0C422002120461BF099
:108270002DFC04F1400004490EF056FE034904F1C0
:1082800024000EF01BFCDBE7BD940200D5EE0300DA
:1082900070B516460D4601210446FFF79BFF012EDF
:1082A0001FD0022E49D1236933B12B48452115F047
:1082B000BEFE204616F02CFE256121690A8A012A9D
:1082C00049D9CB681B8804339BB29A4243D33AD92D
:1082D0002248452115F0ABFE2046BDE8704016F05F
:1082E00017BE206938B945211D4815F0A0FE20466B
:1082F00016F00EFE01E02E8A26B92846BDE8704031
:10830000FCF708BD0C3016F0D8FA86420BD945218F
:10831000144815F08CFE00222046216901F006FC6D
:1083200000232361E9E720692A8AE9680C3016F006
:10833000CCFA2846FCF7EEFCBFE7324645210A4856
:1083400015F075FED3E7002323612046BDE8704099
:10835000012201F0EBBB70BD51D20400E5D2040054
:1083600073D2040096D20400C2D20400034610B5B2
:1083700090B100F1C402104616F0A9FDB8B1411C3D
:10838000D2E8EF4F844204D1C2E8EC1FBCF1000FE9
:10839000F6D1F0D1184610BD0649074840F2BA524E
:1083A00015F023FB40F2BA51024815F015FB0346C5
:1083B000F0E700BFA0D104007295040010B5044698
:1083C00050B91B4940F2E2521A4815F00EFB40F238
:1083D000E251174815F000FB24300EF0DBFBC434EB
:1083E000D4E8EF3F5A1EC4E8E12F0029F8D1002B52
:1083F00008DC0F4940F2F3520E4815F0F6FA40F24D
:10840000F351E6E7012B11D140B1094940F2FC528A
:10841000084815F0EAFA40F2FC51DAE706480EF097
:1084200041F8BDE8104005480EF03CBC10BD00BF4F
:10843000A0D1040072950400080900205405002012
:1084400010B50446FFF792FF0FF032FC0C4B04F11D
:10845000B801D3F824312BB90A4816F028FD0FF0E3
:1084600079FC06E0994208D10FF074FC2046FFF732
:10847000A5FFBDE81040FDF77BBF1B68EBE700BF21
:10848000480100206C02002070B5457B04468D42F7
:108490000E460BD15721082D96BF504B504A53F82A
:1084A00025205048BDE8704015F0C1BD417365B14D
:1084B000022D0DD0637B082B00F28C80DFE803F0E7
:1084C00017674A161616160F1600FFF74FFFF1E74B
:1084D0008378012BEED140300EF070FEEAE70021E8
:1084E000414810F0FDFA0023C4E90D3370BD082D9A
:1084F000FCD8DFE805F02B0521182626212B2B00C0
:1085000004F1400528460EF059FE20460121FFF7F0
:1085100061FE204616F0FCFC2846BDE870400022B3
:1085200000230EF045BE022016F0ABFC024618B147
:1085300057212E4815F07BFD237B13B12046FFF712
:10854000BBFC2046BDE87040FFF738BF32465721DC
:108550002748A7E7A378012BC8D1264B9D8A002D79
:10856000C4D00A2347F6122640F2E73000215D43CB
:108570004FF47A720023C5FB0601EDF749FE02466F
:108580000B4604F14000BDE870400EF0A1BD237B16
:108590003E2B04D122465721174815F048FD154DB2
:1085A00005F58476616919B9BDE87040FDF7E0BE54
:1085B000A2690B68914208BFA36120466361FFF77F
:1085C000C7FCB5F80431002B14BF304600200DF075
:1085D00069FFE7E732465721084863E72C5B040050
:1085E00005D304000FD304006405002025D3040044
:1085F0005BD304004801002077D30400A3D3040018
:10860000F8B5074609480D461646FFF7AFFE044683
:1086100050B183781F4203D1BDE8F840FFF7CEBECA
:108620003146A8472046F7E7F8BD00BFF8230020F1
:10863000002201200149FFF7E3BF00BFDD800200F7
:1086400070B505460E480E46FFF790FE044698B1F9
:10865000437B012B02D0073B012B0BD82388AB4275
:1086600007D1A3781E4208D12A465721054815F0A4
:10867000DEFC2046FFF7A2FE0024204670BD00BFAE
:10868000F8230020C4D3040008B50F4B98420AD346
:1086900003F1C802904206D2C822C01AB0FBF2F31E
:1086A00002FB130353B10949094840F21A6215F05D
:1086B0009CF940F21A61054815F08EF9054BC0107F
:1086C0005843C0B208BD00BFF8230020A0D1040069
:1086D00072950400295C8FC22DE9F84305460F46C8
:1086E00016461C469046994619F08AFC50B1164928
:1086F000164840F2366215F078F940F236611248B9
:1087000015F06AF934430AD0FFF706FC104BD3F892
:10871000D830834206D157210E4815F088FC4FF01F
:108720000008C1460C4942464B46002D14BF28465E
:10873000084616F08EF8044618B1791D0C30FCF787
:10874000D7FB2046BDE8F883A0D104007295040051
:1087500018480020E0D30400AC0A002010B50446FD
:1087600005480EF09FFA204601F0C0F82046BDE80B
:108770001040FFF7A1BB00BF4405002010B5437BAC
:108780000446023B062B30D8DFE803F00D042F2F00
:108790002F222D0001730021FFF776FEBDE8104067
:1087A0000220FEF793BF8378012B06D140300EF0F4
:1087B00005FDBDE81040FDF7AFBF0D490D4840F283
:1087C0009F7215F012F940F29F71094815F004F9F3
:1087D000008816F000FA38B9637B072B03D1082113
:1087E0002046FFF751FE002010BD6FF07F00FBE731
:1087F000A0D104007295040000232DE9F04F85B04C
:1088000001930393914B5A8C32B1914DD5F8244189
:1088100034B905B0BDE8F08F1B68002BF5D1F8E73F
:1088200054F8B83903B1B83B00268A4913E013461F
:10883000B5F80421002A00F08A81D5F81021BAB9D0
:1088400004F1B806002BE4D0D3F8B8201C46002A67
:10885000EDD0A2F1B8039C42EAD17F4940F2BD328B
:108860007E4815F0C2F840F2BD317B4815F0B4F8EF
:108870000A68002AE4D0D4F8A420002AE0D0D4F872
:10888000A820002ADCD0D4F8AC20002AD8D0637B02
:10889000072B3AD120469047002836D004F1BC007F
:1088A00016F015FB022830DC2046FFF75FFD04467A
:1088B0000028AED0637B072B40F046812046D4F8D9
:1088C000A430B5F8041102AA98470646002800F023
:1088D0002E81B5F80421029B9A4206D30146D4F8B2
:1088E000A870204603AB01AAB847DDE9019A338A94
:1088F000DDF80C80002B39D1574940F291225748BE
:1089000015F073F840F29121AFE704F1B803B342D8
:1089100008D1514940F2DA32504815F066F840F279
:10892000DA31A2E7D4F8B820C6B9D5F82811C5F8CD
:1089300024218B4201D1C5F8282100232046C4F808
:10894000B830D4F8AC3098470028B3D0637B072BFD
:1089500040F0FA802046FFF773FDABE73260D5F8B0
:108960002821934208BFC5F82861E6E7304616F093
:10897000A2F840B138494FF42672384815F035F85E
:108980004FF4267171E7B5F804313548002B08BF64
:108990000020002200230DF0EFFD40B12E494FF4DE
:1089A0002A722E4815F021F84FF42A715DE7002253
:1089B000002328480DF0FEFC074640B9264940F246
:1089C000B322264815F011F840F2B3214DE7C0E973
:1089D0000198B5F804B1337ADA4503F1FF3398BF53
:1089E0001FFA8AFB012B08D91B4940F2D3221B48EE
:1089F00014F0FBFF40F2D32137E7304616F05BF866
:108A0000814630B11449AD22144814F0EEFFAD2177
:108A10002BE70146002200230C48FCF71BF8804698
:108A200058B1FBF7DFFF0F4B314603EB00135A46FB
:108A30004046FCF759FE0646B0B907494FF4377275
:108A4000064814F0D2FF4FF437710EE7480B0020B0
:108A500048010020900A0020A0D104007295040073
:108A60005002002038640020B5F8043194F8C0802A
:108A70009A458CBF4FF0010908F1020884F8C090B4
:108A800098BF5FFA88F804F1BC09D9E8EF3F0133D9
:108A9000C9E8E23F002AF8D104F1140A39465046E9
:108AA00016F005FAA378012B45D106F10C0B042131
:108AB0005846FCF739FA238808F0FD0843EA0833E2
:108AC0000380338A0221043B4380584615F0D2FECE
:108AD0003046FDF7DBFB8046B0B3D9E8EF3F013B02
:108AE000C9E8E23F002AF8D13946504616F0F5F9B8
:108AF00042464521174815F09AFA3046FCF70AF924
:108B000020463946FFF724FAB5F804311248002B05
:108B100008BF00200DF0C6FC4521104823466FF029
:108B2000040215F084FA13212046FFF727FE2046A1
:108B3000FFF744FC6DE60A494FF44072094814F00F
:108B400054FF4FF4407190E6FDF712FCEFE7936895
:108B5000FFDE00BF98C70400500200200ED40400BE
:108B6000A0D104007295040040F2E2432DE9F041E7
:108B7000D0F888600446B6FBF3F6031D184616F0DD
:108B8000A6F98204B6B213D5B4F88C20B2420FD83D
:108B9000B4F88E20B2420BD3D4E92412914207D10B
:108BA000D3E8EF1F21F40051C3E8E21F002AF7D1F8
:108BB000164B1D6865B155F82C7C3C3D37B13146EC
:108BC0002046B4F89230B4F89020B847ED6BF1E746
:108BD0000F4DDFF84880454515D90E490E4840F243
:108BE000FB7214F002FF40F2FB710A4814F0F4FE2D
:108BF0002F6937B131462046B4F89230B4F890204E
:108C0000B8474035E7E7F3D3BDE8F0816C64002056
:108C1000204D0400A0D1040072950400204E0400F1
:108C20002DE9F041074608460D4615F0A6FF064619
:108C300018B900263046BDE8F0811A4B1C6884B193
:108C400054F8303C3C3C0BB9E46BF8E72946384615
:108C500098470028EDD0284615F08FFF0028F3D163
:108C6000E7E7114CDFF84C80444514D90F49104810
:108C700040F63C0214F0B9FE40F63C010B4814F0FB
:108C8000ABFE2946384698470028D2D0284615F032
:108C900074FF20B9CDE7CDD2E368002BF1D1403489
:108CA000E2E700BF6C640020204D0400A0D1040066
:108CB00072950400204E04002DE9F041C37804466B
:108CC0008BB900F17E06174B1D687DB13C3D04F168
:108CD00070076B691BB13A46314620469847ED6BE9
:108CE00025B13C3DF5E700F17706ECE70E4D0F4F5F
:108CF00004F17008BD4212D90D490E4840F6C41265
:108D000014F073FE40F6C411094814F065FE6B6957
:108D10001BB142463146204698474035EAE7F6D334
:108D2000BDE8F0816C640020204D0400204E04005A
:108D3000A0D1040072950400F8B5437A0546837209
:108D4000164616F083FA134B1C684CB154F8243CB9
:108D50003C3C1BB132462846697A9847E46BF4E7FD
:108D60000D4C0E4FBC4212D90D490E484FF42262F1
:108D700014F03BFE4FF42261094814F02DFEA36964
:108D80001BB132462846697A98474034EAE7F6D361
:108D9000F8BD00BF6C640020204D0400204E04008C
:108DA000A0D104007295040038B505460C460F4862
:108DB0000121FFF73FFAC0B1057223680367A3885A
:108DC000A0F87430A37980F876300123437283725F
:108DD0008370074BC0F8A430064BC0F8A830064B90
:108DE000C0F8AC30054BC0F88C3038BDF8230020FB
:108DF000CD970200997F0200C3EE030018002800FF
:108E000070B505460A480E46FFF7B0FA044620B191
:108E10008378012B04D0FFF7D1FA0024204670BDDF
:108E20003246294616F045F90028F7D12046F2E7E8
:108E3000F823002037B50D46FFF7E2FF0446A0B146
:108E40002846FCF777F9627B0346082A96BF084953
:108E5000084A51F82220084857210092224615F06E
:108E6000E6F82046FFF7AAFA012003B030BD00BFA4
:108E70002C5B040005D3040036D4040038B5044646
:108E8000134816F024F8420702D46FF00A0038BDE8
:108E9000084615F072FE10B96FF01500F7E7FEF7FF
:108EA000D3FD0028F1D10A4816F011F80306C0F3EB
:108EB000C0150AD415F0C1FF0028EDD02146284680
:108EC000FFF7B8FF0028E2D0E6E76FF07700DEE7B3
:108ED0001C020020F8B505460E480E461746FFF75F
:108EE00045FA044620B18378012B03D0FFF766FAD8
:108EF00000240DE036B13246294616F0DAF808B9FA
:108F00002046F3E7637BBB42FAD1237AAB42F7D129
:108F10002046F8BDF823002010B5837804460B7076
:108F2000C3784B70037A8B70437B082B47D82E4A4B
:108F3000D35C81F82030002381F823308278012A25
:108F400000D1437A81F82130204616F041F881F8AB
:108F50002200A378012B44D104F170038B60237AA3
:108F6000224AC3EBC30313444B60E07804F17E0351
:108F700004F1770210B1184613460246C1E90323F3
:108F800040F2E242D4F888304B61B3FBF2F30B833A
:108F9000B4F890304B83B4F892308B83D4F8A0307F
:108FA0002BB15B7CDA0644BF012381F82330D4F86F
:108FB000A03013B15B7C9B060CD4002010BD0C4983
:108FC0000C4840F6323214F010FD40F632310848B9
:108FD00014F002FD91F8233043F0020381F82330AE
:108FE000EBE76FF01500E9E710D504004801002019
:108FF000A0D1040072950400F7B56E460546134BE8
:1090000086E806001C6844B154F8203C3C3C13B18F
:10901000314628469847E46BF5E70D4C0D4FBC42AE
:1090200011D90D490D4840F6DD3214F0DEFC40F652
:10903000DD31094814F0D0FCE36913B1314628460C
:1090400098474034EBE7F7D303B0F0BD6C640020E1
:10905000204D0400204E0400A0D1040072950400AD
:109060002DE9F04105460E461746144B1C684CB1DD
:1090700054F81C3C3C3C1BB13A46314628469847C4
:10908000E46BF4E70E4CDFF84480444512D90D49F7
:109090000D4840F6536214F0A8FC40F653610948AD
:1090A00014F09AFC236A1BB13A4631462846984789
:1090B0004034EAE7F6D3BDE8F08100BF6C640020DD
:1090C000204D0400A0D1040072950400204E04003D
:1090D0002DE9F04105460E461746144B1C684CB16D
:1090E00054F8183C3C3C1BB13A4631462846984758
:1090F000E46BF4E70E4CDFF84480444512D90D4987
:109100000D4840F6646214F070FC40F66461094852
:1091100014F062FC636A1BB13A4631462846984710
:109120004034EAE7F6D3BDE8F08100BF6C6400206C
:10913000204D0400A0D1040072950400204E0400CC
:109140002DE9F04105460E461746144B1C684CB1FC
:1091500054F8143C3C3C1BB13A46314628469847EB
:10916000E46BF4E70E4CDFF84480444512D90D4916
:109170000D4840F6746214F038FC40F674610948FA
:1091800014F02AFCA36A1BB13A4631462846984798
:109190004034EAE7F6D3BDE8F08100BF6C640020FC
:1091A000204D0400A0D1040072950400204E04005C
:1091B000F8B505460E46124B1C6844B154F8103CF5
:1091C0003C3C13B1314628469847E46BF5E70D4C1B
:1091D0000D4FBC4211D90D490D4840F6836214F081
:1091E00004FC40F68361094814F0F6FBE36A13B10E
:1091F0003146284698474034EBE7F7D3F8BD00BF27
:109200006C640020204D0400204E0400A0D1040016
:1092100072950400F8B505460E46124B1C6844B121
:1092200054F8083C3C3C13B1314628469847E46B5F
:10923000F5E70D4C0D4FBC4211D90D490D4840F6D4
:10924000926214F0D2FB40F69261094814F0C4FB1C
:10925000636B13B13146284698474034EBE7F7D3A8
:10926000F8BD00BF6C640020204D0400204E0400B7
:10927000A0D10400729504002DE9F04105460E4688
:109280001746144B1C684CB154F8043C3C3C1BB1D1
:109290003A46314628469847E46BF4E70E4CDFF82F
:1092A0004480444512D90D490D4840F6A26214F09D
:1092B0009CFB40F6A261094814F08EFBA36B1BB126
:1092C0003A463146284698474034EAE7F6D3BDE8A7
:1092D000F08100BF6C640020204D0400A0D1040088
:1092E00072950400204E0400F8B505460E46124B58
:1092F0001C6844B154F80C3C3C3C13B13146284640
:109300009847E46BF5E70D4C0D4FBC4211D90D4960
:109310000D4840F6B26214F068FB40F6B2610948AD
:1093200014F05AFB236B13B131462846984740345A
:10933000EBE7F7D3F8BD00BF6C640020204D0400BC
:10934000204E0400A0D10400729504002DE9F041E4
:1093500004460F4615469846002B6CD01B681BB17F
:109360005721384814F063FE29462046FFF786FD52
:10937000064600283FD12046294615F071FE0446D6
:1093800000285BD097E80F002F4D05F1080C8CE802
:109390000F00AB8A002B08BF4FF49673AB822B8A69
:1093A00003B9AB892B826B8A03B9EB8927486B829F
:1093B00015F08DFD430501D5FDF7A0FD95F82121A0
:1093C00095F820319A4219D903212046FFF75CF81D
:1093D0000220FEF77BF9054658B1022015F051FD39
:1093E00020460021FFF750F82046FEF7E7FF2E4603
:1093F00001E0C8F800403046BDE8F0810221204677
:10940000FFF742F8204615F0E4FB05460028F0D0AF
:10941000002120462173FFF737F82046FEF7CEFFE4
:109420000320FEF753F902460028E0D057210848F0
:1094300014F0FDFDDBE76FF01506DCE76FF00B06BF
:10944000D9E700BF74D40400480100201C020020AA
:10945000C0C2040038B5044608460D4615F08DFB21
:1094600038B3154B93F8D830990707D4E37873B124
:1094700029462046BDE8384000F080BB94F898307B
:109480009A07F3D5201D15F022FD4304EED429469A
:10949000204615F034FE58B92B88A4F88C306B8820
:1094A000A4F88E30AB88A4F89430EB88A4F89630FA
:1094B00038BD6FF01500FBE748010020F7B510F844
:1094C000333C0446A0F140066BBB304615F061FE0C
:1094D000374B1D684DB155F8383C3C3D1BB130460B
:1094E00014F8341C9847ED6BF4E7324D324FBD420F
:1094F00012D93249324840F2C47214F076FA40F27E
:10950000C4712E4814F068FA6B681BB1304614F829
:10951000341C98474035EAE7F6D3304603B0BDE83F
:10952000F040FEF74BBF10F83E3C012B39D110F84C
:109530003D3C83B9FDF7F0F8693032D1572121481D
:1095400014F075FD40F239120023204603B0BDE847
:10955000F0400DF02DBEA0F13C05D5E8EF3F23F41F
:109560000052C5E8E12F0029F7D19B0411D5E36C27
:1095700069460093636D30460193FFF76BFF024627
:1095800088B9D5E8EF3F23F48053C5E8E23F002ACD
:10959000F7D1D5E8EF3F43F40063C5E8E23F002A86
:1095A000F7D103B0F0BD5721074814F040FDF0E7B4
:1095B0006C640020204D0400204E0400A0D1040063
:1095C00072950400AED40400E6D4040008B568B176
:1095D000094B00F10C011A6822B9074815F067FC25
:1095E000104608BD914204D01268F5E76FF01500EF
:1095F000F7E76FF07700F4E77464002038B515489A
:1096000018F063FC1449134818F06CFC1349114816
:1096100018F068FC12490F4818F064FC16F006FABE
:1096200005F09EFE054698B915F05DFE0D48FEF763
:109630009DFE044660B1043015F049FCC30704D513
:10964000032120462572FEF71FFF2046FEF7B6FED7
:10965000284638BD900A0020486400205464002049
:1096600060640020F823002010B50268D2F8B03002
:1096700053B90C490C4840F2F12214F0B6F940F20B
:10968000F121084814F0A8F9D2F8B4401968A342AF
:1096900000F14C0008BFC2F8B4108342C2F8B01009
:1096A000E7D110BDA2D504007295040008B50246AA
:1096B0000748036823B9074A42600860184608BD96
:1096C0000548452114F0B3FC6FF00B00F7E700BF2D
:1096D00080640020785B0400D3D5040070B5044694
:1096E00052EA030007D1002213462046BDE870402D
:1096F0000431FEF7F1BF0C48007850B90B490C4813
:1097000040F2463214F071F940F24631074814F045
:1097100063F91AF075FD074D074ED5F8D85030584B
:109720008542E2D1DFE700BF7F7600202EA504004E
:10973000729504001848002008000000F8B50F4694
:1097400000210546164600234FF224420846FFF743
:10975000C5FF044630B92A464521064814F067FC87
:109760002046F8BD04210C30FBF72EFC0570477035
:109770004680F5E7FFD5040070B505461E462B6808
:109780001046F3B15B7B072B1BD1002A14BF0222CA
:1097900001220B7A934206DD45210B4814F047FC69
:1097A0006FF0150070BDCB7A072BF9D98861CE61B7
:1097B00005F1300018F096FB284615F0CAFC002091
:1097C000F0E76FF07F00EDE72CD604002DE9F843B9
:1097D00007460E469046D0F8B0404CB14C3C236B47
:1097E00063B104F13009484618F091FB054650B9C1
:1097F000FCF7BEFD00252846BDE8F8832046FFF7AC
:1098000033FFE46CE9E77B7B072B0AD0334940F256
:10981000D732334814F0E9F840F2D7312F4814F02A
:10982000DBF815F048F928B12A4645212D4814F0F7
:10983000FEFBDFE72846FBF7A3FA236D05469BB93D
:10984000A38C078A403B9BB23F2B03D8238D9F42BA
:1098500028BF1F46042105F10C00FBF765FB0780BC
:10986000A38C043743802765236D2A8AB3420ED820
:10987000934215D0A38C403B9BB23F2B2BD9204663
:10988000FFF7F2FE236B13B1204615F062FC236D47
:109890009E422CBF00269E1BC8F800302665AAE712
:1098A0000022002348460CF085FD854208D00B4974
:1098B00040F209420A4814F098F840F20941ADE735
:1098C000FBF728FAA38CA3F140023F2AD7D8064A17
:1098D000AA61EB61D3E700221346F9E7A2D50400A1
:1098E0007295040051D6040099F203002DE9F3416A
:1098F00004464FF00008364E364FBE4263D9364913
:1099000040F2A712354814F070F840F2A7110BE0AE
:1099100031884B1E3E2B0AD92F494FF4D5722F4860
:1099200014F063F84FF4D5712B4814F055F8204625
:1099300015F0A9FC0546019040B127494FF4D772B4
:10994000264814F052F84FF4D771EDE720467368BB
:1099500001A99847002831DB019B32889A829A84BA
:1099600003F11002D2E8EF1FC2E8E05F0028F9D14E
:10997000DD641D659D60A16B03F1080201BBC4E9B4
:109980000D221C60C3F80C8003F1300018F09DFA22
:10999000019843681B6803B19847019B1033D3E8D3
:1099A000EF1F41F00101C3E8E21F002AF7D101983F
:1099B0004368DB6913B100F11001984708369CE752
:1099C0000A60A263DDE7A3D302B0BDE8F08100BF67
:1099D000084D0400204D0400A2D504007295040037
:1099E000F7B50B8A0646032B0D4606D84521484895
:1099F00014F01DFB002003B0F0BD042105F10C00A4
:109A0000FBF7C8FA298A428804468A4206D01346E0
:109A10000A4645213F4814F00AFBEBE7417811B9AB
:109A200045213D48E4E70378122B21D0132B19D0B0
:109A3000012BDFD01A465721384814F0F8FA617824
:109A4000022201203568FFF779FE04460028D1D0B4
:109A500002210C30FBF7B8FA002321460370437053
:109A6000284625E0022AC5D0022345212C48D2E70A
:109A7000082A3468EB6803D0082345212948CAE73F
:109A8000627B072A02D057212748B1E7E77897B1D0
:109A900002220120FFF752FE05460028AAD002212B
:109AA0000C30FBF791FA00230370437029462046DF
:109AB00015F0FFFB9EE71A881320ADF800205A88A6
:109AC000ADF802209A88ADF80420DB880222ADF8B8
:109AD0000630FFF733FE054600288BD06946204646
:109AE000FFF79EF80646022105F10C00FBF76CFA21
:109AF00056B1294607704770204615F0DAFB6946D3
:109B0000204615F0FCFA75E7012346700370CDE797
:109B10006ED6040091D60400B7D6040057D70400CF
:109B2000DDD604000DD7040044D7040038B50B8AF5
:109B30000546032B0C4608D845210E4814F077FA49
:109B40002046BDE83840FBF7E5B8042104F10C00DD
:109B5000FBF720FA42882846114615F0BBFB20B9D6
:109B60005721054814F063FAEAE7436821465B6928
:109B70009847E5E784D70400A6D7040070B5124BD8
:109B80000C46197805460131C9B2012938BF0121B7
:109B9000082212201970FFF7D1FD064688B108216E
:109BA0000C30FBF711FA228831460280628842802D
:109BB000A2888280E288C2802846BDE8704015F005
:109BC00078BB6FF00B0070BD6A71002023281FD88E
:109BD0001A2804D8431E182B0ED906207047A0F16E
:109BE0001B03082B1ED8DFE803F0051D1B231D19DE
:109BF000251D05000320704701230F4A83401A40AA
:109C0000C2B90E4A1A40002A14BF0120062070472C
:109C100000F07F03522B05D10020704701207047D0
:109C20000520704710F0400F0CBF06200020704741
:109C30000420704702207047AAAA8A0254554501A1
:109C400038B50446EFF31185402383F31288BFF340
:109C50006F8F1E480EF0C8FC40B91D4988221D4870
:109C600013F0C3FE88211A4813F0B6FE17480EF011
:109C7000DFFC00232360184B5A6872B9C3E9004423
:109C800012480EF0BFFC58B911494FF49A721148AE
:109C900013F0ABFE4FF49A71E5E714605C60EFE7F8
:109CA00085F31188BFF36F8F0C480CF0FBFF021E89
:109CB0000BDA45210A4814F0BAF9002383F311881E
:109CC000BFF36F8F0323184602DF38BDDC6400202A
:109CD000B2A5040072950400D4640020A8050020F9
:109CE000E7D70400011F01480CF086B89007002058
:109CF0002DE9F04F42F60103002591B01668804629
:109D00000F4600680BA9D6F8049014468DF82C5025
:109D1000ADF82E3014F04CFE00286FD04FF42053D5
:109D2000D8F800000BA98DF82C50ADF82E3014F0A7
:109D30003FFE38B1A3681BB15A88BA4200D25F8097
:109D400001200EE06168084615F0D8FA728B738D19
:109D50009A4294BFC0EB0200C0EB0300032803D873
:109D6000002011B0BDE8F08F0846FBF71FF805464C
:109D7000606815F0C3FA728D738B05F10C0B9A4273
:109D800094BFC0EB020AC0EB030A584614F095FDDD
:109D9000824536D2606815F0B1FA728D738B9A42A3
:109DA00094BFC0EB0200C0EB030070B96368987AFF
:109DB000FAF710FE0022002314F04BFD05460028A0
:109DC000CED001466068FBF72FF800230093D8F847
:109DD000046010234146484602AAB047061E0DDB28
:109DE000227CE068B2422BD001460BA814F00EFE94
:109DF00058B95721227C144814F019F90023A360A4
:109E00009EE7584614F059FDCFE7F2B202A906A822
:109E100014F0FCFD18B9324657210C48ECE706A9AE
:109E20000BA814F0C5FD0028E8D1002304216374B9
:109E300005F10C00FBF7C8F8A0600780A3687EE777
:109E400002A919F0E0FFEEE715D8040039D80400A4
:109E500008B5094B1B7853B90849094840F2463206
:109E600013F0C3FD40F24631044813F0B5FD1AF07B
:109E7000C7F9044B185808BD7F7600202EA50400B2
:109E8000729504000800000010B50446807AFAF7C5
:109E9000A1FD0B4B83420AD00A490B484FF4B5721F
:109EA00013F0A3FD4FF4B571064813F095FD20465D
:109EB000FAF798FD1822054B02FB003010BD00BFD9
:109EC000E00A00205DD8040072950400E0640020E0
:109ED00070B5531C0E46428D418B05468A4228BF01
:109EE0000A46934206D95721184814F0A0F80024D6
:109EF000204670BD3046FFF769FE022810D00428C6
:109F00000ED0FFF7A5FF124BD3F8D83083421AD0FA
:109F1000104B1B681A1A18BF4FF0FF32134601E0AE
:109F200000230D4A00210D48FFF7D8FB0446002806
:109F3000DDD0FFF7A9FF0121856004F10C00FBF7DC
:109F400043F80670D4E70022E8E700BF8CD804008D
:109F500018480020286500201C4E0E00E00A002052
:109F6000F8B5104A074600230F480D4614F071FC5F
:109F7000044630B92A4645210C4814F058F82046CA
:109F8000F8BD00F10C0609213046FAF7B1FF204672
:109F9000FFF77AFF012187603046FBF715F805705F
:109FA000EDE700BF1C4E0E00E00A0020FFD50400C4
:109FB00070B503788AB004460E4607AD032B20D84F
:109FC000DFE803F002191B1D11492846F4F7A1FC34
:109FD000059563781E210493A37830460393E378B4
:109FE0000C4A02932379019363790093A37911F0CA
:109FF000F5FF0AB070BD0849E7E70849E5E70849F9
:10A00000E3E70A212846074A11F0E8FFE0E700BF2E
:10A01000EC9004000E910400EAA00400F390040008
:10A02000FD9004000791040010B5044600F15403AC
:10A03000D3E8EF1F41F00101C3E8E21F002AF7D186
:10A04000201F15F08CF904F17C0004490CF06CFF22
:10A050002068BDE8104003F0FDBD00BFA9B20200BA
:10A060002DE9FF414FF000084FF4205305460E46FE
:10A07000006802A9144617688DF80880ADF80A3008
:10A0800014F096FCA0B142F60103286803A98DF8EC
:10A090000C80ADF80E3014F08BFC48B123691BB175
:10A0A0005A88B24200D25E80012004B0BDE8F0813F
:10A0B0006168286814F07CFC10B100232361F3E789
:10A0C000E368A0681A786AB1B7F81AC0798D038A74
:10A0D0008C4594BFC3EB0C03C3EB0103934201DA3D
:10A0E0000020E2E704210C30FAF76EFF20610680C1
:10A0F000236929465E80074B01940093384600236C
:10A10000A26815F033FA0028EADB2069003818BF8E
:10A110000120CAE705F503002DE9F3471768054656
:10A120008946006851681446D7F804A014F040FC32
:10A13000804600284BD195222946504616F0A1F9B9
:10A140000646207540B1E3681B780BB184F8148093
:10A15000002002B0BDE8F0872946504616F0D7FA35
:10A1600010B908232375F3E7A0682675FAF71EFED9
:10A1700002210C30FAF728FF164B2061A0F800905E
:10A1800000930194334629463846A26815F0EEF94B
:10A19000002807DA10F1FF0F32BF0E204042C0B294
:10A1A0002075D5E72369002BD2D0A06815F0A6F85A
:10A1B0007B8D7A8B9A4294BFC0EB0200C0EB030008
:10A1C000E3681B78984294BF00200120C1E701207A
:10A1D000BFE700BF0DF30300F7B5144605460E4672
:10A1E0004FF495720146206816F04BF9207430B98F
:10A1F0002946206816F08DFA20B908232374002020
:10A2000003B0F0BD6B8A5B0612D501230193E3898D
:10A2100029460093AF68A389A2682068B84738B17F
:10A2200010F1FF0F32BF0E204042C0B22074E6E7AB
:10A2300000220023094814F00CFB606008B90923D0
:10A24000DCE70683E38943836068A289A1680C3058
:10A2500014F03BFB002301202374D1E7E40B002022
:10A26000F7B5002304460E46002269462C480BF041
:10A2700051FD054648B1224645212A4813F0D7FE34
:10A280006FF00B05284603B0F0BDFFF7E1FD264B4C
:10A29000009F294618603422381D19F017FC3C60D5
:10A2A000009C0022C4E90155C4E90C5500231F4855
:10A2B00001A901950BF02EFD054618B15721226822
:10A2C0001B48DBE7019B0146B822184619F0FEFB4C
:10A2D000184A8260603017F0F8FD019B5833D3E8CC
:10A2E000EF2FC3E8E15F0029F9D1019B1C60236BCC
:10A2F000019F2BB904F10C0017F0E7FDC4E90A55E2
:10A30000226B07F1B003C7F8B020626B236302B978
:10A3100063631722019B5A855A8304333360B1E784
:10A3200070070020B6D804002865002090070020A0
:10A33000E0D804008005002008B5437B072B05D03A
:10A3400057210C4813F073FE002008BD042114F0BF
:10A35000C1FF10B945210848F4E700F15403D3E8E0
:10A36000AF3FDB0702D445210448EBE750F8040C6B
:10A37000EBE700BF44D704000AD904002AD904003F
:10A380002DE9F047074608460C46FFF77DFDE368D8
:10A390000646D0F8089007F15802D2E8AF2FD2074E
:10A3A00008D44521264813F042FE6FF015052846D3
:10A3B000BDE8F087228A52B9224923484FF4DB7264
:10A3C00013F013FB4FF4DB711E4813F005FBE2683A
:10A3D00012780271002202601B78D22B0ED13B68EA
:10A3E0002146186816F0FAFA054638B14521174893
:10A3F00013F01DFE2046FAF78DFCD8E704F10C009F
:10A4000014F057FA0023B4F810A080461A462146EB
:10A41000B760381DFFF7B0F905460028C7D010F126
:10A42000690F03D145210A4813F001FE6369A4F8BE
:10A4300010A013FA88F3E360C6F808903560B6E719
:10A440002AD904005DD804007295040049D904009B
:10A4500061D904002DE9F74F0646EFF31187402339
:10A4600083F31288BFF36F8F5D480EF0BDF840B9DB
:10A470005C4988225C4813F0B8FA8821594813F0E7
:10A48000ABFA5A4D56480EF0D3F8284614F02CFF7C
:10A490002B680446524800930EF0B4F840B9514975
:10A4A0004FF49A72504813F0A0FA4FF49A71E5E70E
:10A4B00087F31188BFF36F8F002C4AD02046FFF737
:10A4C000E3FC03690021D0E9025718220193D0F878
:10A4D000009090F80480B0F806B019F0F7FAA07A6E
:10A4E000FAF778FA6169824651B1627AD00705D4E9
:10A4F000DAF82C20204612689268904700226261A8
:10A500002146504617F0F9FCB8F1000F0CD05DB1B0
:10A510002B684BB11B683BB1B9F1000F1CD04A4608
:10A520004521334813F083FD009B93B13146002051
:10A5300017F056FD031E0CDA45212E4A2E4813F063
:10A5400076FD002383F31188BFF36F8F0323184632
:10A5500002DF03B0BDE8F08F281D15F0B4F94046C6
:10A56000FFF734FB052830D8012303FA00F010F080
:10A570001404D9D110F0090F05F1580315D110F0CA
:10A58000220F22D0D3E8AF3FDA0704D445211B487D
:10A5900013F04DFDC8E7EB6D002BC5D00023184A22
:10A5A00005F180000CF004FEBEE72A681568D3E8C8
:10A5B000AF3FDB07EAD5002FB6D0A3B25B45B3D2DD
:10A5C00028460199B8470134F7E70E4906484FF489
:10A5D000467213F00AFA4FF446710A484FE700BF7B
:10A5E000DC640020B2A5040072950400D46400204D
:10A5F00089D9040047DB0400ADD904002AD904003E
:10A600001C4E0E005DD8040070B5044601F10C002C
:10A610000D4614F03EF9266801462B8AEA68306838
:10A6200016F02BF81E2100222046FFF751FC0146B0
:10A6300028B94521044813F0FAFC002070BD2046DB
:10A6400015F072F9F9E700BFCDD904002DE9F0410A
:10A65000064690461F460D46C9B104220121FFF768
:10A6600037FC044628B9BDE8F0414521094813F0FC
:10A67000DEBC04210C30FAF7A7FC0570A0F80180BD
:10A68000C77021463046BDE8F04115F04DB9BDE830
:10A69000F08100BFEFD90400F8B50B8A04460D46DF
:10A6A00007682BB94521254813F0C1FC0020F8BDEF
:10A6B000012105F10C00FAF76DFC7B7B0646072BA8
:10A6C000F4D154F8043C002BF0D0002103781C4A4C
:10A6D000043C12F8317002EBC1009F420CD12A8A6F
:10A6E0004178877891421DD94521164813F09FFC87
:10A6F000012FDBD104231EE001311E29E9D15721AE
:10A7000011481A4613F093FC31780846FFF75EFAB9
:10A710000028CBD00528C9D0062300222046FFF709
:10A7200095FFC3E74368294620469847012F034613
:10A73000BCD10028BAD000223178EFE711DA04004A
:10A74000A05B040050DA040031DA0400F0B51E46C4
:10A7500003680D460039044618BF012187B0186808
:10A76000174615F09BFF38B904F1580014F0F3FEBA
:10A77000002847D1122013E0002E45D018220021D6
:10A78000684619F0A3F96FB1002239462046FFF759
:10A790009FFB019030B91D48452113F048FC112062
:10A7A00007B0F0BD236831461B6830460093BDF802
:10A7B0003030174AADF812300D9B8DF808500393D6
:10A7C000BDF83830ADF8103001238DF814306B46E9
:10A7D00014F031FE9DF814307BB14FB10198FAF7B7
:10A7E00099FA3246294620469DF81430FFF72EFF8D
:10A7F000182D07D19DF81400D2E7019911B1204618
:10A8000015F092F80020CBE70120C9E774DA0400C4
:10A81000C5F303002DE9F04F06460024CB6887B04E
:10A820001B78514F04933068836A73B9002C40F051
:10A83000908019213046FFF793FB0146002800F075
:10A840009080304615F070F883E02830FAF71AFA55
:10A850004FF000030546BB80BB68B0F818A0028A21
:10A86000C16841483B6014F030F8D6F800806B8B2B
:10A87000D8F828400593FCB1D4F800904FF0000BB5
:10A88000E4B9049B012B6AD1BB88002202933B6888
:10A89000182101936B8B304600935346FFF756FF08
:10A8A000044628B10346182130462A8BFFF7CEFE16
:10A8B0002846FAF72FFAB6E7A146DFE7228B524582
:10A8C00032D1628B002ADCD0B988059B58188242AD
:10A8D0002ED1228AF888114481423EDC3846E16854
:10A8E00013F0F3FF2268BBF1000F14D1D8F82C103D
:10A8F000C8F828208C4201D1C8F82C20002320461B
:10A900002360FAF707FAB9F1000F0FD0D9F8002049
:10A910004C469146B4E7CBF80020D8F82C2094425E
:10A9200008BFC8F82CB0E9E7A346ECE74A46EFE7D2
:10A9300007242846FAF7EEF930682830FAF7A2F92A
:10A9400005460028F5D12346524618213046FFF728
:10A950007DFE002007B0BDE8F08F0D24E9E700245C
:10A96000A6E70E20F6E700BF740500202DE9F041B0
:10A970000E8A0446043EF6B2022E08468CB001D080
:10A98000102E64D104210C30FAF704FB0DF10808F5
:10A9900005884788011D3246404614F037F80028E4
:10A9A00057D09DB3002687B3AF422FD34FF4205327
:10A9B000404601A98DF80460ADF8063013F0F8FFA9
:10A9C00040BB1422002107A819F080F8112120466D
:10A9D000FFF7C6FA0990002837D001210C30CDE9E5
:10A9E0000748FAF7F1FA00230A90394603701A4A29
:10A9F0000B93284607AB14F01EFD0A9B1B78FBB98E
:10AA00000998FAF787F90A2301E03D4601232A460F
:10AA100010210EE042F60103404607A98DF81C60A4
:10AA2000ADF81E3013F0C4FF0028CAD010232A4608
:10AA300019462046FFF70AFE00200CB0BDE8F08161
:10AA40002046099914F070FFF6E71120F5E704207D
:10AA5000F3E70E20F1E700BF61A002002DE9F0430B
:10AA6000036804460D4685B00121186815F016FEEE
:10AA700040B904F1580014F06EFDB0BB122005B0CF
:10AA8000BDE8F08310220021684619F01FF821214B
:10AA90002046FFF765FA029048B34FF00108DFF84F
:10AAA0005490009405F10C072B8A012B04D8204602
:10AAB000029914F039FF18E0384613F0EAFE6B46AD
:10AAC0004A46014606468DF80C8014F0B4FC9DF809
:10AAD0000C30002BE8D00298FAF71CF932462021FE
:10AAE00020469DF80C30FFF7B1FD0020C7E711208C
:10AAF000C5E700BF1BF703002DE9F04303680446D8
:10AB00000D4685B00121186815F0C8FD40B904F163
:10AB1000580014F020FDB0BB122005B0BDE8F08352
:10AB200010220021684618F0D1FF0F212046FFF7C0
:10AB300017FA029048B34FF00108DFF854900094E0
:10AB400005F10C072B8A012B04D82046029914F03A
:10AB5000EBFE18E0384613F09CFE6B464A46014671
:10AB600006468DF80C8014F066FC9DF80C30002B26
:10AB7000E8D00298FAF7CEF832460E2120469DF82A
:10AB80000C30FFF763FD0020C7E71120C5E700BFC9
:10AB9000BBF60300F0B51D46036804460E4685B0BB
:10ABA00001211868174615F079FD38B904F15800ED
:10ABB00014F0D1FC48BB122005B0F0BD65B31022E3
:10ABC0000021684618F082FF39462046FFF7C8F991
:10ABD000029018B3BDF828302946ADF8043001239F
:10ABE00028468DF80C300E4A6B46009414F023FC76
:10ABF0009DF80C305BB10298FAF78CF82A46314682
:10AC000020469DF80C30FFF721FD0020D4E72046B8
:10AC1000029914F089FEF8E70120CDE71120CBE777
:10AC2000BBF603002DE9F0410E8A0446043EF6B25D
:10AC3000022E08468CB001D0102E76D104210C30A3
:10AC4000FAF7A8F90DF1040805884788011D324676
:10AC5000404613F0DBFE002869D085B377B3BD42D0
:10AC60002DD80121606815F019FD064678BB42F623
:10AC700002038DF8000069464046ADF8023013F03B
:10AC800097FE20B342F60303404606A98DF81860EC
:10AC9000ADF81A3013F08CFEC8B1012D03D14FF678
:10ACA000FF739F4213D004F1580014F054FC0028A5
:10ACB00014BF002012200CB0BDE8F0813D460123F6
:10ACC0002A4608212046FFF7C1FC0020F3E718229E
:10ACD00000210DEB020018F0F9FE09212046FFF7D4
:10ACE0003FF90890F8B101210C30CDE90648FAF798
:10ACF0006BF90023099003700A2339468DF82C3034
:10AD0000284606AB0B4A14F096FB9DF82C302BB16D
:10AD10000898F9F7FFFF9DF82C30D1E720460899F5
:10AD200014F002FED1E71120C5E70420C3E70E208E
:10AD3000C1E700BF19A102002DE9F0430F46044608
:10AD4000062187B007F10C00FAF724F90588B0F85E
:10AD500002808288D7F80C90C5B10023B8F1000FAB
:10AD600013D0454512D88DF800308DF804304FF4DB
:10AD70002053684601A9ADF80220ADF8063013F063
:10AD800017FE064660B10A2301E0454601232A4624
:10AD900006212046FFF75AFC002007B0BDE8F083EB
:10ADA0000146142201A83F7C18F090FE072120469E
:10ADB000FFF7D6F80290D8B10A2341468DF8153036
:10ADC000284601AB0B4ACDE9036901948DF8147054
:10ADD00014F031FB9DF815302BB10298F9F79AFF6A
:10ADE0009DF81530D3E72046029914F09DFDD3E776
:10ADF0001120D2E7F19C02007FB5CB6804461D8884
:10AE00005E8885B176B1B5420DD810220021684622
:10AE100018F05CFE05212046FFF7A2F8019058B912
:10AE2000112007E0354601232A4604212046FFF77A
:10AE30000DFC002004B070BD6B4631462846084A20
:10AE4000009414F0F8FA029B23B90198F9F762FF15
:10AE50000A23E9E72046019914F066FDE9E700BFFF
:10AE60004DF403002DE9F0470D460446042186B059
:10AE700005F10C00FAF78EF82368B0F80090B0F8EE
:10AE8000028001211868EF682E8A1FFA89FA15F0EE
:10AE900005FC40B904F1580014F05DFB28BB1220FA
:10AEA00006B0BDE8F087BAF1000F43D014220021AC
:10AEB00001A818F00BFE236851461B685046019309
:10AEC00001231E4A8DF81430F6B201ABADF81280A2
:10AED0000397ADF8106014F0AEFA9DF8143033B15A
:10AEE000524616212046FFF7B1FB0020D8E7206824
:10AEF00002992830F9F774FE17212046FFF730F841
:10AF00000290C8B104210C30FAF75EF80546A0F8AB
:10AF10000090A0F80280029831460C30FAF754F8FD
:10AF200039463246281D18F0C4FD2046029914F017
:10AF3000FBFCDAE70120B3E71120B1E7D9A1020059
:10AF4000F8B50F461646FFF7F7F9B0B1036B184690
:10AF50001BB150F8B03903B1B03B741C214638B175
:10AF6000428B458DAA4228BF2A46A24207D263B926
:10AF700022465721094813F05AF80020F8BD3246FE
:10AF80003946BDE8F840FEF7A3BFD3F8B05005B18D
:10AF9000B03D18460C462B46E2E700BF92DA0400AB
:10AFA000002337B5054601930C46FEF751FF0F4BC2
:10AFB0001B68834204D00E4BD3F8D830834201D1B2
:10AFC00000252C4601A92A4623460A480AF0A2FE7B
:10AFD000014640B9019B1C22184618F077FD034634
:10AFE000184603B030BD0023FAE700BF28650020F3
:10AFF00018480020B007002010B50446806818B13A
:10B00000F9F788FE0023A3602146BDE810400148FF
:10B010000AF0F2BEB00700202DE9F3470446803065
:10B020000E4617461D460CF0C9F8E06D50B9184899
:10B03000572112F0FCFF204600F018F9002002B062
:10B04000BDE8F087134B4FF00008984205D1206807
:10B05000C4F85C8014F0F0FBF0E7D0F80490C0F87E
:10B060000480E06DD0F818A0FFF7C6FF2068C4F890
:10B070005C8014F0E1FBB9F1000FDFD02068CDF85F
:10B0800000A03B46324629460068C847D6E700BFC5
:10B09000B2DA04002C65002070B5C36D0446CA689E
:10B0A00043B319498B4225D0D5781DB3052D40688F
:10B0B00006D00F2D1FD1437A012B1CD8022107E0A7
:10B0C000437A012BFAD9022B12D0032B13D104217E
:10B0D00013F08BFF08B110300DD104F180000CF09B
:10B0E0006DF8E26D0020137C43F00103137470BD12
:10B0F0000321EDE70E2500222B462046BDE87040D7
:10B100001146FFF789BF00BF2C65002070B50546CA
:10B1100050F8043C044655F80469002B39D039B185
:10B12000836D002B35D01B7CDA0732D505231AE05E
:10B13000304602F0F3FD737A012B2AD0A46D44B39C
:10B14000237CDB0725D5E368002BEFD02846626916
:10B15000617CFEF7BDFE064660B94521627C0D4864
:10B1600012F065FF0E2300222846BDE8704011460C
:10B17000FFF752BFE368D4E90512984718B130468B
:10B18000F9F7C8FDEEE731462846FFF7F9F8002841
:10B19000F5D170BDCEDA0400F7B550F8044C054681
:10B1A000002C5FD000F1AC0104F1300014F0BAF9CA
:10B1B0002E1F05F15C070022002338460BF0FAF839
:10B1C000024690BBAB6D2BB101466FF06703304672
:10B1D000FFF722FF002345F8043C05F15403D3E8B0
:10B1E000EF1F21F00101C3E8E21F002AF7D1236B12
:10B1F000002B37D104F128063046F9F743FDB8B9E2
:10B2000004F10C060022002330460BF0D3F890B96D
:10B2100066689EB92146144826600AF0EDFD28684C
:10B2200003B0BDE8F04002F0C5BDF9F773FDC2E719
:10B23000F9F770FDE0E7F9F76DFDE3E7A268336821
:10B240009642636008BFA36077683FB1B3696FF04F
:10B2500067010093002320681A46B8473046FFF77D
:10B26000CBFED5E703B0F0BD7007002030B5054632
:10B27000044655F8043B89B0186813F03AFF694654
:10B28000FEF796FE2846FFF787FF13216068FDF75B
:10B2900075FA024618B14521024812F0C8FE09B0FD
:10B2A00030BD00BFF3DA040010B5044654F8803D09
:10B2B00088B0186813F01DFF6946FEF779FE6A46EC
:10B2C0004521044812F0B3FE2046FFF7CFFF08B037
:10B2D00010BD00BF16DB040070B50E4650B9204902
:10B2E00040F6CE721F4812F080FB40F6CE711C482B
:10B2F00012F072FB41B91A4940F6CF72194812F0A8
:10B3000074FB40F6CF71F2E7FFF716F8044628B950
:10B310003046F9F7FFFC6FF07F0070BD00F10C05BF
:10B320002846314616F0DEFD206B38B150F8B049A2
:10B3300004B1B03C294614F0ADFA20B90020ECE786
:10B340001C466FF00100002CF8D0D4F8B03023B9BF
:10B350000230F5D020461C46ECE7B03BF8E700BFD2
:10B360005DD804007295040038B50C46054650B906
:10B37000174940F6E372174812F037FB40F6E371C5
:10B38000134812F029FB41B9114940F6E472114803
:10B3900012F02BFB40F6E471F2E70CF089FC284632
:10B3A000FEF7CAFF20B90CF0D5FC6FF07F0038BD66
:10B3B0000023236083683BB9C0E9014414F03CFAE0
:10B3C0000CF0C8FC0020F2E71C608460F6E700BFC8
:10B3D0005DD804007295040010B50C4618B311B383
:10B3E000FEF7AAFFF8B1036BBBB153F8B02902B165
:10B3F000B03AD96D8C4209D07AB11346D2F8B02058
:10B40000002AF6D0D96DB03A8C42F6D12046064AD1
:10B41000DA65BDE81040FFF7EFBD0430214614F0B7
:10B4200081F82046F5E710BD2C65002008B517F01F
:10B4300014F930B102464521024812F0F8FD6FF0D0
:10B44000040008BD6ADB040010B51846144607491D
:10B450001022A047041E06DA22464521044812F0B5
:10B46000E6FD204610BD0024FBE700BF18250020A4
:10B4700085DB040070B50D4C064623780D468342EB
:10B4800004D12846611C14F0F8FB58B9237CB34260
:10B490000AD12846064914F0F0FB10B1012004EB54
:10B4A000001070BD0020FAE70020FAE76065002078
:10B4B0007165002070B50D4C064623780D46834219
:10B4C00004D12846611C14F0D8FB58B9237BB34241
:10B4D0000AD12846064914F0D0FB0028054808BFC9
:10B4E000002070BD2046FCE70020FAE7C0240020C1
:10B4F000CD240020CC24002070B50D4C05462378C7
:10B500000E46834203D1601C14F0B7FB60B9237B65
:10B51000AB420BD13146074814F0AFFB18B1012004
:10B520000C2303FB004070BD0020F9E70020FAE780
:10B53000CA6F0020D76F002070B5204B1446826878
:10B540009A420FD1A568C66875B92279304621683C
:10B5500014F09BFB024628B11949013014F0BAFBE4
:10B5600015701581012070BDE0680028FBD02B8884
:10B570008B420AD0F6D2E068A36801380433E06059
:10B58000003818BF0120A360EDE72568227929461D
:10B59000304614F07AFB024660B93046084914F090
:10B5A00074FB02460028E6D02946013014F092FBD5
:10B5B00023791370A3685B881381DCE77DBD0200EB
:10B5C0001EC00400102108B50548F9F719FF02460E
:10B5D00028B1BDE808404521024812F028BD08BD49
:10B5E00008250020ABDB040070B50646134D40B1C2
:10B5F0002A4615F8011C6C1E13F05BFD98B120461D
:10B600000CE028460E4914F038FB40B90C4905F10E
:10B61000100014F032FB20B105F10F0070BD681E60
:10B62000FCE70020FAE73046217C04F1110213F018
:10B6300040FD0028F5D004F11000EFE7616500201F
:10B640001EC0040010B54A1C0C4638B1097813F02E
:10B6500030FD08B1204610BD0020FCE7104602492D
:10B6600014F00BFBF5E700BF1EC0040070B50646E2
:10B67000134D40B12A4615F8011C6C1E13F019FD3C
:10B6800098B120460CE028460E4914F0F6FA40B96D
:10B690000C4905F1100014F0F0FA20B105F10F008B
:10B6A00070BD681EFCE70020FAE73046217C04F1FB
:10B6B000110213F0FEFC0028F5D004F11000EFE7B2
:10B6C000956500201EC004002DE9F04106460F4696
:10B6D000904613F075FA394604463046FFF7EAFE05
:10B6E000054694B3A8B91A4814F0FBFA194A04465F
:10B6F000F0B102F1140014F0F4FAD8B9012402F107
:10B700000C050C235C43601C3946104414F0E2FA2B
:10B710001655012105F1080001FA08F114F0C4FAE8
:10B72000BDE8F04147F6122200230B480BF040BD64
:10B730001546E6E709490A4840F2C65212F055F9A3
:10B7400040F2C651054812F047F9BDE8F08100BF4C
:10B75000C8240020C0240020D8240020D6DB040008
:10B76000729504000246014608B50832042311F818
:10B77000010BF9F713FE024628B1BDE80840452148
:10B78000014812F054BC08BD06DC04002DE9F0416C
:10B7900080460F4616461D46FFF7AEFE044678B9B2
:10B7A0001549FFF7A9FE044628B9BDE8F041452137
:10B7B000124812F03CBC394600F8018B14F08AFAAA
:10B7C000228963896AB973B926816581214611F896
:10B7D000010B13F0F5F940B12046BDE8F041FFF749
:10B7E000C1BF964203D39D42EFD8BDE8F0819D4290
:10B7F0002681EBD9E9E700BF1EC0040027DC040066
:10B800002DE9FF410E4617469846044648B94521A2
:10B81000284812F00CFC6FF01505284604B0BDE86E
:10B82000F08102A913F09EF8054628B12246452171
:10B83000214812F0FCFBEEE7204601A912F06BFC58
:10B84000019840B10A22294610F0F4FB024610B1DB
:10B8500045211A48EDE7002002A9FFF74DFE0446F6
:10B8600008BB002ED9D01649FFF746FE044630B972
:10B870004521144812F0DBFB6FF00B05CDE70023E8
:10B8800002A900F8013B14F025FA04F10801042292
:10B890004046B847041EC0DA224645210A4812F045
:10B8A000C6FB2546B9E7002EEFD1066046608660EC
:10B8B000B3E700BF49C004004BDC04006CDC0400AB
:10B8C0001EC004008CDC040085DB040038B514467F
:10B8D0000F4B82680D469A4217D122792168C068C1
:10B8E00014F0D3F988B1D4F8C8302F2B05D9094802
:10B8F000452112F09CFB002038BD04EB830215812A
:10B90000018901335181C4F8C8300120F4E700BF38
:10B910007DBD0200B3DC040008B5836853B108495B
:10B92000084840F6036212F060F840F603610448EC
:10B9300012F052F804490130BDE8084014F0CAB9C9
:10B94000D6DB0400729504001EC004002DE9F0410E
:10B950001F46BDF818300646012B904634D83B44AC
:10B96000012B3D4633DCFFF73FFE044660B9FFF78D
:10B970003BFE044640B95721184812F058FB6FF0BF
:10B9800010052846BDE8F08197B10023217A98F888
:10B99000002021FA03F0C70703D522FA03F0C007FD
:10B9A00018D50133032BF4D102F0070211432172A1
:10B9B00006F17001601C14F08DF9337A01212046E4
:10B9C000237014F036FBDCE76FF00605D9E76FF063
:10B9D0000C05D6E76FF01205D3E700BF0CDD0400BD
:10B9E00010B56FF0020104460E4814F068F90D48D6
:10B9F00014F077F9C20704D5002200230A480BF09F
:10BA0000D7FB204614F08BF858B12046FFF7ECFD29
:10BA100038B1037ADB0704D5BDE81040012114F0EA
:10BA200008BB10BDD0250020A025002038B5154644
:10BA3000084B82689A420AD1C468296801342046BA
:10BA400014F01BF918B12046696814F043F901207D
:10BA500038BD00BF7DBD020008B513468168074AA6
:10BA6000914209D11A791968C06814F00EF918B119
:10BA70000023036043600381012008BD7DBD0200F7
:10BA800040F23912002301480BF092BBA0250020A0
:10BA900008B50421084814F007F96FF002010648C0
:10BAA00014F00DF9044814F01CF9C30701D5FFF791
:10BAB000E7FF002008BD00BFD0250020024608B5E2
:10BAC0000749013014F006F900230C3202F8043C57
:10BAD000D2E8EF1FC2E8E03F0028F9D108BD00BF5F
:10BAE0001EC004002DE9FF41884616461F46044645
:10BAF00048B94521354812F09AFA6FF015052846E5
:10BB000004B0BDE8F08102A912F02CFF054628B16F
:10BB1000224645212E4812F08AFAEEE7204601A976
:10BB200012F0F9FA019840B10A22294610F082FA7F
:10BB3000024610B145212748EDE7002002A9FFF792
:10BB400099FC044680B9FFF74FFD044630B9452102
:10BB5000214812F06CFA6FF00B05D0E7002302A920
:10BB600000F8013B14F0B6F8B8F1000F29D002221A
:10BB700069463846B047061E06DA32464521174860
:10BB800012F055FA3546BAE79DF80030022E2372BE
:10BB900008D05721124812F04AFA0021204614F02A
:10BBA00048FAACE79DF80120012A04D957210D4835
:10BBB00012F03DFAF1E7204602F0010114F0C6F957
:10BBC0009DE72046FFF77AFF99E700BF49C00400D0
:10BBD0004BDC04006CDC04003DDD040085DB04006C
:10BBE00064DD0400BDDD040010B5FFF785FC0446EC
:10BBF00070B1014611F8010BF9F7DEFB024618B1EE
:10BC00004521044812F013FA002323606360A36007
:10BC1000002010BD13DE040070B500F1700605466B
:10BC20003146007A12F0CCFF04463146287A4CB1F6
:10BC3000FFF7DAFF024658B1BDE8704045210548DC
:10BC400012F0F5B9FFF758FC10B10460446084604D
:10BC500070BD00BF35DE04002DE9F04706460D46F5
:10BC60001D48002190461F469DF820A0DDF8249035
:10BC7000FFF796F9044688B1456080F811A0C0F836
:10BC80001490C760C0F818804A4651463046FFF706
:10BC900057F9054638B92046FFF7AEF96FF00B05A6
:10BCA0002846BDE8F08700220123114613F059FF12
:10BCB0002846A56042464946B847054618B1204681
:10BCC000FFF79AF9ECE721463046FFF74DFB0546B2
:10BCD0000028E5D0F3E700BF1C4E0E002DE9F0412F
:10BCE000234B1546826807469A4202D1C46863898D
:10BCF00033BB0120BDE8F081FCF760FB0021E36865
:10BD00006181002BF5D038469847F2E705F17008BD
:10BD10004146287A12F054FF68B9164B9C4202D172
:10BD20002846FFF779FF3046134913F0D3FF00236D
:10BD300023702381E2E74146304613F0CBFFDDE775
:10BD40002389002BDAD0264616F8011B28463246F6
:10BD500013F0AFF90028D9D131462078FDF750F81B
:10BD60000028CBD0437B072BC6D1FCF727FBC0E7CD
:10BD70007DBD0200E00500201EC004002DE9F04753
:10BD80001F46BDF8203006468846D1F80C90002B9F
:10BD90004DD17B1E012B4DD8012F4946157818BF78
:10BDA0001588FFF74FFC0446B0B915B93846BDE811
:10BDB000F0874946FFF746FC044630B91F48572133
:10BDC00012F035F96FF01000F1E706F17001013063
:10BDD00013F080FF337A2370D9F81030DBB9B4F850
:10BDE00008A02581B9F80A30AB4203D04946404645
:10BDF00013F0A0FFAA4505D00022307A06F17001A9
:10BE0000FFF762FC002DD1D10D49601C13F062FFD9
:10BE100025702581CAE72A464146304698470028C2
:10BE2000C5DB01380128DAD96FF00D00BFE76FF0EC
:10BE30000600BCE76FF00C00B9E700BF50DE04005D
:10BE40001EC0040073B50C460546082104F110001D
:10BE5000164613F029FF122304223146CDE90032A1
:10BE600028462246024BFFF7F7FE02B070BD00BF26
:10BE70000103040038B505460C460F48012113F0B4
:10BE800013FF10F0010F0D4B0AD11D835C830A488C
:10BE900013F027FF830709D4BDE83840FFF7F0BD52
:10BEA000198B5A8BA94202D89442EFD838BD9442DC
:10BEB0001D83ECD9EAE700BFD025002080250020B3
:10BEC000022110B5104813F0EFFE08401BD10F49B6
:10BED0000F4A0B880F4CA24212D900B10B800E49B9
:10BEE0000E4840F2076211F080FD40F207610A48F7
:10BEF00011F072FD5068083203449BB20120EAE75A
:10BF0000F8D300B10B8010BD80650020E26F0020E7
:10BF1000204E0400304E0400D6DB0400729504006D
:10BF200037B504460D46FFF7A5FA0246B8B1037AC5
:10BF30000C308DF8043013F0D4FE022300F0010021
:10BF40008DF8050001AA29462046F9F73DFA024678
:10BF500018B14521034812F06AF803B030BD03461A
:10BF6000F1E700BF6FDE040010B5104C1049204609
:10BF700013F083FE014638B9601E13F0E7FF214637
:10BF800014F8010CFFF7CCFF09490A4813F075FEBD
:10BF9000014650B9084813F0D9FFBDE81040074BDF
:10BFA000187C03F11101FFF7BBBF10BD61650020D4
:10BFB0001EC00400716500207065002060650020CF
:10BFC00008B50121114813F06FFEC3071CD4FFF719
:10BFD00077FF0F490F480AF0A7FF002340F23912FC
:10BFE0000C48F9F78DFA0C490C480AF09DFF022124
:10BFF0000B4813F059FE0B480B490AF095FFBDE8BA
:10C0000008400A48FDF7E2BA08BD00BF806500207D
:10C01000CF03040028250020D5C80200A025002059
:10C02000D0250020D82400205F040400B80500209B
:10C0300003462DE9F04178B3008A68BB01244FF034
:10C04000140C1749DFF864E0714524D915491648E6
:10C0500040F2837211F0C9FC40F28371114811F073
:10C06000BBFCD1E90076BB4204D30CFB0672143A48
:10C0700093420ED93444A2B214460831E4E70CFBD3
:10C08000057843450AD001356219B54292B2F6D11E
:10C09000F2E70025F8E7E4D3BDE8F0811046FBE7BE
:10C0A000204E0400D6DB040072950400304E0400DC
:10C0B0002DE9F04F89B09946BDF8483004460F4647
:10C0C00090461BB94FF6FF73ADF84830374B1B88CD
:10C0D000A34226D2BDF84830ADF81E30344B1D685F
:10C0E000002D3AD109B0BDE8F08F149B2868049365
:10C0F000139B2246039312ABCDE901930BFB060081
:10C100003B46CDF8008013F0EFFD0028EAD0013661
:10C110006B680AEB0601B34289B2E6D80DE000264F
:10C12000F6E74FF0010A4FF0140B224D07E0D1D291
:10C1300069685144A142F2D289B28A4608351E4B41
:10C140009D42F4D91D491E4840F64B0211F04DFCAA
:10C1500040F64B01194811F03FFC4FF0140A083D1E
:10C160000DF11E0BAE68BEB96B689E4219D22868ED
:10C17000149B0AFB0600018A0493139B2246CDE917
:10C1800002B3CDE900893B4613F0AEFD0028A9D0EB
:10C190000136E9E70026E7E756F8083C1B8AA34288
:10C1A000F8D8AD68002D9DD0083DDBE7E26F002098
:10C1B00084650020204E0400304E0400D6DB0400CD
:10C1C00072950400002110B5E4B0182205A8CDE94D
:10C1D0000011CDE9021117F079FC4FF41053ADF8BE
:10C1E000103080231022ADF812304FF48063244CBD
:10C1F0006946CDE906340DEB020062AB0DF078FA2A
:10C20000014630B1452102461E4811F010FF64B0CE
:10C2100010BD4FF4AE720BA817F058FC224662997D
:10C220000BA816F017FA024610B145211648ECE7A4
:10C230004FF6FF710120154A0BAB14F0BDF8102228
:10C24000134904AB0BA816F01CFA044662980DF0D3
:10C25000FFF91CB1224645210E48D6E721460C4B7A
:10C2600003F11002187812F8014D0131082903F882
:10C27000014B1070F6D1084813F016FDC7E700BF58
:10C280000002C0039DDE0400CBDE0400D5FB0300EA
:10C2900008250020EEDE0400D02500202DE9F04125
:10C2A00018490446A1F1300015461E46BDF8187025
:10C2B0000AF0CAFF144813F014FD010705D4FFF774
:10C2C00081FFFFF751FEFFF77DF92046FFF78CF95C
:10C2D00068B1037ADA070AD500F10C04204613F09E
:10C2E00000FDC30703D40221204613F0DDFC102318
:10C2F0003A46069331462846BDE8F041034B13F019
:10C3000004BF00BF58250020D025002008250020AC
:10C3100010B51B4813F0E5FCC0F3C00080F0010429
:10C3200008B9FFF74FFF164813F0DBFC034614482B
:10C3300013F0D7FCDA0622D5830606D5FCB1FFF749
:10C3400013FEBDE81040FFF73DB920210C4813F063
:10C35000ABFC10220B49881817F055FD48B90A4864
:10C360000AF02CFFBDE810406FF00101044813F003
:10C37000A6BC4FF6FF710120FFF77CFDDFE710BD83
:10C38000D025002008250020A025002008B5102178
:10C39000034813F089FCFFF7BBFF002008BD00BF76
:10C3A000D02500202DE9F043B9B00C4617462C49A2
:10C3B0006A464098984611F08AFE48B945212948B6
:10C3C00011F035FE6FF01505284639B0BDE8F08351
:10C3D000009E01A9304611F09EFE36B94521224843
:10C3E00011F025FE6FF015042AE0019870B90023C2
:10C3F0000DF10809494630468DF8143012F0B2FAB2
:10C40000054678B132464521184808E00A22002145
:10C410000FF010FE02460028E9D04521144811F023
:10C4200006FEDFE7CDF81090C4B1C022404608A94F
:10C43000B847041E06DA224645210E4811F0F7FDE2
:10C440002546C1E7A40808ABCDE906344FF6FF71D5
:10C450000120094A04AB13F0AFFFB5E72346F3E729
:10C4600009DF040010DF040049C004004BDC0400B5
:10C470006CDC040085DB040039B50200002330B514
:10C48000B5B001918DF808003393044601AB0D4619
:10C4900001204FF6FF710A4A13F08EFF339B6BB1F8
:10C4A0009B0003AA29462046F8F79CFF024618B1D4
:10C4B0004521044811F0BBFD35B030BD1A46F1E707
:10C4C000CDB8020021DF04002DE9F34100F170082E
:10C4D000CDE9001204460F46007A4146164612F096
:10C4E0006FFB05466B464FF6FF7101200C4A13F0B7
:10C4F00063FF1DB14146207AFFF7C0FF3946207A1D
:10C50000FEF7B8FF40B13146013013F0E3FB1DB137
:10C510004146207AFFF704FD02B0BDE8F08100BF7C
:10C520002DBA0200002307B50193FFF781FD411CDE
:10C5300089B20846034A01AB13F03EFF019803B0ED
:10C540005DF804FB710204002DE9F0410C4616462B
:10C55000054686B050B9644940F6AA52634811F0C6
:10C5600044FA40F6AA51604811F036FA41B95E49E2
:10C5700040F6AB525D4811F038FA40F6AB51F2E7A5
:10C58000437B072B40F0AC8000238DF8143042F63B
:10C590000303206805A9ADF8163012F009FA70BB44
:10C5A000676827B94521524811F041FD98E0012301
:10C5B0002146009004AAB847031E05DA2246452109
:10C5C0004C4811F034FD8BE0012B05D01A46452173
:10C5D000494811F02CFD83E09DF8103013F0300F26
:10C5E0007ED02046FFF79EFF044640B93E4940F604
:10C5F000C9523E4811F0F9F940F6C951B3E700239A
:10C6000020688DF8143042F6021305A9ADF81630F3
:10C6100012F0CEF968B12046FFF784FF044640B916
:10C62000314940F6CF52314811F0DFF940F6CF5191
:10C6300099E7002742F60218206802A98DF80870D1
:10C64000ADF80A8012F0B4F900BB002320688DF821
:10C65000143042F6021305A9ADF8163012F0A8F90D
:10C6600000283DD16768002F9CD00223009021460E
:10C67000284605AAB847031EA0DB022BA6D1BDF8A9
:10C6800014301E4214BF012000202AE042F60303AA
:10C69000206803A98DF80C70ADF80E3012F088F9FF
:10C6A0000028D2D04FF42053206804A98DF81070D0
:10C6B000ADF8123012F07CF90028C6D042F6010322
:10C6C000206805A98DF81470ADF8163012F070F9D5
:10C6D0000028BAD02046FFF725FF04460028ABD13A
:10C6E000002006B0BDE8F081D6DB0400729504009E
:10C6F00044DF04005DDF040088DF04002DE9F84317
:10C700001546894694226968064613F0BAFE8046AB
:10C71000002841D1022230466968FFF715FF002842
:10C720003DD000211F48AF8AFEF73AFC023704468D
:10C7300080B11D211C4B47613A464174C0F80C8002
:10C74000436085613046FEF7FBFB074638B920465B
:10C75000FEF752FC6FF00B052846BDE8F883012375
:10C760004246414613F0FDF9A98A07F10C00023157
:10C77000F8F72AFC20F8029BAA8A296917F099F990
:10C7800021463046A760FEF7EFFD05460028E3D0BE
:10C790002046FEF731FCDFE74FF0FF35DCE76FF0B6
:10C7A0001505D9E71C4E0E007BFB030030B505468E
:10C7B0000C468BB051B9424940F64F42414811F006
:10C7C00014F940F64F413E4811F006F94B6853B951
:10C7D0000B6843B93A494FF445623A4811F005F9FC
:10C7E0004FF44561EFE7384813F07BFA420761D513
:10C7F00015B16B7B072B60D160680590FFF718FCC3
:10C800002268ADF818003AB305A902912F49002318
:10C810000191012100914FF6FF710593FFF748FC4C
:10C82000059B1BB96FF001000BB030BD6360059B29
:10C8300004A9186800238DF8103042F60303ADF800
:10C84000123012F0B5F870B90598C3689B799B0651
:10C8500005D46FF01500E7E70028E8D1E2E713F010
:10C8600064FDADF81800BDF818003DB10123014684
:10C8700022462846A375FFF741FFD5E76FF07F03F7
:10C8800007930223ADF8203042F60213ADF81230C0
:10C8900005ABA57502930E4B4FF6FF710193012373
:10C8A00004AA00932B4609948DF81050FFF700FC62
:10C8B0000798B9E76FF00A00B6E76FF07F00B3E7BB
:10C8C000D6DB0400729504001C020020A9FB0300C3
:10C8D0005DCA0200F7B500F130050446A0F120075B
:10C8E000284613F0FEF98307C0F340060AD517491E
:10C8F000174840F2565211F078F840F2565113485A
:10C9000011F06AF854F8083C6FF0010128460193D1
:10C9100013F0D5F90F4B394644F81C3C0E4B30460A
:10C9200044F8183C01AB44F8103C042324F8086C8C
:10C9300024F8066C24F80C3CFFF738FF18B90221E4
:10C94000284613F0B1F903B0F0BD00BFD6DB0400F8
:10C9500072950400E05C0400E1B902002DE9F041A9
:10C96000364B17461468826805469A4216D1C66847
:10C970003389721C93B12046317812F09AFB68B16A
:10C980004FF495722946204613F07BFDD0B1032861
:10C9900007D12A4657212A4811F049FB0120BDE85A
:10C9A000F081052820460CBF4FF003084FF0020825
:10C9B00012F050FB804505D93B794345EED287F80C
:10C9C0000480EBE73146284613F0B4F91D4B9E4234
:10C9D000E4D1207A04F17001FEF78EFD05460028AF
:10C9E000DCD0038913B94389002BD7D02046FBF74D
:10C9F0004BFE2B89144A698922F8203002EB800310
:10CA0000598018231149124D03FB001300B202EBA9
:10CA100080021A61042200EB40005D600D4D01EBC5
:10CA2000C00120469D609A82FFF7C0FE0028B5D065
:10CA30004521094811F0FBFAB0E700BF7DBD0200B7
:10CA4000A6DF0400E0050020C66F00204865002036
:10CA5000E05C04004F000400BFDF04002DE9F84350
:10CA60001446404B826807469A4203D00127384655
:10CA7000BDE8F883C6683C4B9E4210D03289A3893A
:10CA8000711C9A42F2D13078FCF7BAF905460028B9
:10CA9000ECD0437B072B26D0FBF790FCE6E74FF06A
:10CAA0000008324DDFF8C8904946284613F0E5F8F3
:10CAB00078B90722294615F8010CFCF70BFA78B96A
:10CAC000236929461A6915F8010C53881288FEF764
:10CAD0005DFE0C35B8F1000FD0D14FF00108E3E74F
:10CAE000FBF76CFCF5E7736923B13946984708B941
:10CAF0002846D1E739469422284613F0C2FC07465F
:10CB00000028F5D1A389022B14D1338913F0020632
:10CB100004D12846FBF752FCA660A7E72846226905
:10CB2000A188FFF7EBFD0646A8B92269937D013382
:10CB30009375EEE7012B04D02846FBF73FFCA76076
:10CB400094E7338913F00106E3D028462269A188CF
:10CB500013F0D2FC06462846FBF730FC002EA660F8
:10CB600085DB83E77DBD0200E0050020CB6F002060
:10CB70001EC0040073B50D46044650B91D4940F669
:10CB8000EE621D4810F031FF40F6EE61194810F0DA
:10CB900023FF09B10B6843B9164940F6EF62164806
:10CBA00010F023FF40F6EF61F0E7437B072B1AD12B
:10CBB000061D4FF48031304613F076F8C30315D4C8
:10CBC00002232046CDE900332A460C4B0C49FFF7DF
:10CBD00043F8044620B16FF48031304613F06FF80B
:10CBE000204602B070BD6FF07F04F9E76FF0770464
:10CBF000F6E700BFD6DB04007295040065FD030074
:10CC0000B1FB030070B50C46054686B050B96B49C0
:10CC100041F273226A4810F0E8FE41F2732167483E
:10CC200010F0DAFE09B14B6843B9644941F274224D
:10CC3000634810F0DAFE41F27421F0E70A890AB184
:10CC4000CB8943B95D4941F275225D4810F0CDFEB4
:10CC500041F27521E3E79A4208D9584941F2772217
:10CC6000574810F0C2FE41F27721D8E7437B072BEB
:10CC700040F0A0800B7C062B0FD8DFE803F0040403
:10CC80005959619427000B68C3B11A7842B1022A3E
:10CC900012D045214B4811F0CAF96FF0150009E098
:10CCA000082301930623224600934749474B284611
:10CCB000FEF7D2FF06B070BD1623F2E71023042161
:10CCC0002246CDE90031424B4249F0E7086800288E
:10CCD000E3D00678002EE0D14FF4245302A98DF85A
:10CCE0000860ADF80A3011F063FE08B342F6021393
:10CCF000206803A98DF80C60ADF80E3011F058FED5
:10CD0000B0B142F60313206804A98DF81060ADF8A5
:10CD1000123011F04DFE58B142F60413206805A9F7
:10CD20008DF81460ADF8163011F042FE0028B4D131
:10CD3000082304222849CDE900322246274BB6E7D2
:10CD4000086880B300264FF4205302A98DF80860CC
:10CD5000ADF80A3011F02CFE00289ED042F60103F7
:10CD6000206803A98DF80C60ADF80E3011F020FE9C
:10CD7000002892D042F60203206804A98DF81060C2
:10CD8000ADF8123011F014FE002886D042F60303ED
:10CD9000206805A98DF81460ADF8163011F008FE72
:10CDA00000283FF47AAF04232246CDE900330C4932
:10CDB0000C4B7CE76FF07F007CE700BFD6DB040004
:10CDC00072950400E1DF0400A305040025020400BD
:10CDD000F9FD0300E9CD020005CF020029FE0300A2
:10CDE000C5D3020091FD03002DE9F0478EB0074640
:10CDF0001646169D31B12A4600216B680EB0BDE87B
:10CE0000F04718475BB957213C4811F010F92A4602
:10CE1000002138466B6898470EB0BDE8F08712785D
:10CE2000062A07D0142A04D04521354811F0FFF80E
:10CE3000EDE702214FF00008C246013B8DF81010CB
:10CE40009CB206F101093378A3420CD9002CDED143
:10CE5000B8F1000FDBD02A46414638460EB0BDE897
:10CE6000F04713F080BB1422002109A816F02EFE13
:10CE7000B9F8002093B2002BC9D0B9F802101FFAFC
:10CE800081F8B8F1000FC2D04345C0D89DF81030EA
:10CE900013B3022B25D02B7CADF80C10002B42F6DF
:10CEA000010308BF4FF42053ADF8063004AB0293E2
:10CEB00001AB099302ABADF834200C932A463846F7
:10CEC0006B688DF804A009A998470028A4D033788E
:10CED000E41AA4B29944B6E7B9F80430ADF81230B8
:10CEE000D9E709F104030DF1110009F1140C53F80D
:10CEF00004EB634540F804EBF9D1CCE7FBDF040019
:10CF00000AE004002DE9F04F91B0814617461A9EC1
:10CF100031B132460021736811B0BDE8F04F1847B7
:10CF2000307C022840F083804BB95721A24811F091
:10CF30007EF8324600214846736898475BE01278D5
:10CF4000062A07D0082A04D045219C4811F06FF822
:10CF5000EFE70846002542F6020A5C1E8DF818002D
:10CF6000A4B207F1010B3B78A3420BD9002CE0D10E
:10CF7000002DDED032462946484611B0BDE8F04FBC
:10CF800013F0F1BABBF800801FFA88F5002DD0D05D
:10CF9000BBF802009DF81820ADF81400BBF804108F
:10CFA000ADF8161062B1022A15D0316831B306A867
:10CFB00011F0FEFC10B33A78A41AA4B29344D2E75D
:10CFC00006AA04929BF806209BF8071042EA012269
:10CFD000ADF81A20E9E70A237081B181A6F808802C
:10CFE0004846019200933246754B7649FEF734FE6F
:10CFF00085B2002DBED111B0BDE8F08F4FF0000317
:10D00000102200210CA88DF80C30ADF80EA016F0FF
:10D010005DFD03AA0B9204AA0E924846324673683D
:10D02000ADF83C800BA998470028C4D1E3E703285A
:10D0300066D1002B3FF479AF1278072A02D0152A67
:10D0400082D1022100255C1E8DF81810A4B207F1D0
:10D0500001080DF1180A3B78A34287D8B8F800B050
:10D060001FFA8BF5002D3FF464AF9DF8183063B1C3
:10D07000022B13D03168F1B1504611F099FCD0B1B8
:10D080003B78E41AA4B29844E5E798F8053098F89C
:10D09000062043EA0223ADF81A30EBE708F1050356
:10D0A0000DF1190208F1150153F8040B8B4242F8F7
:10D0B000040BF9D1DEE798F80230B8F803208DF8B8
:10D0C00016304FF000038DF80C3042F603030021B8
:10D0D000ADF814200CA81022ADF80E30CDF810A039
:10D0E00016F0F4FC03AB0B9304AB0E9332464846A8
:10D0F0007368ADF83CB00BA998470028C0D17AE717
:10D10000326815782DB9528843B957212A4810F052
:10D110008EFF3246002148467368FDE6B8465C1E25
:10D1200018F8013BA4B2A34200F2ED80012C02D812
:10D1300057212548EBE7B7F80150002DE9D0A2F5BB
:10D140002453042BE5D801A252F823F0ADD10200FC
:10D1500013D102001DD2020075D20200FDD20200DE
:10D16000B8F8023010220021D6F800A00CA8ADF8C3
:10D17000183016F0ABFC06AB0E9332464846736887
:10D18000CDF82CA0ADF83C500BA9984700283FF4EF
:10D1900032AF3B78E41AA4B2A342984400F2B380C1
:10D1A000012CC5D9B8F80050002DB2D0032CD7D827
:10D1B00057210648ABE700BFFBDF04000AE004008C
:10D1C0007DFD030021D3020023E0040036E00400CB
:10D1D000B8F8023010220021D6F800A00CA8ADF853
:10D1E000183016F073FC06AB0E933246484673684F
:10D1F000CDF82CA0ADF83C500BA9984700283FF47F
:10D20000FAAE3B78E41AA4B2A34298447BD8012C2E
:10D210008ED9B8F80050002D3FF47BAF032CD7D83F
:10D2200057213C4873E7B8F8023010220021D6F8A5
:10D2300000A00CA8ADF8183016F048FC06AB0E9311
:10D24000324648467368CDF82CA0ADF83C500BA987
:10D25000984700283FF4CFAE3B78E41AA4B2A3422B
:10D26000984450D8012C7FF663AFB8F80050002DD9
:10D270003FF44FAF032CD6D85721274847E798F8FB
:10D28000023000218DF8183098F80330D6F800A04D
:10D290008DF8193098F8052098F804300CA843EA66
:10D2A0000223ADF81A3098F806308DF81C3098F843
:10D2B000082098F8073043EA02231022ADF81E3008
:10D2C00016F004FC06AB0E93324648467368CDF860
:10D2D0002CA0ADF83C500BA9984700283FF48BAE2A
:10D2E0003B78E41AA4B2A34298440CD8012C7FF6F0
:10D2F0001FAFB8F80050002D3FF40BAF082CBED87C
:10D300005721064803E7002C7FF403AF002D3FF4BC
:10D3100000AF2FE649E004005CE004006FE0040089
:10D32000F0B5102B8FB0114605461A46149C0BD051
:10D330004521234810F07BFE2246002128466368E1
:10D340000FB0BDE8F0401847638904A8ADF80C3071
:10D35000A3892689ADF80E3002230A468DF81030D5
:10D3600002900DF11103103152F8047B8A4243F808
:10D37000047BF9D12168C1B9002142F602031022D1
:10D380000AA88DF80410ADF8063016F09FFB01AB2B
:10D39000099302AB0C93224628466368ADF83460CB
:10D3A00009A9984728B90FB0F0BD11F001FB00287A
:10D3B000E2D022462846218913F0D5F8F3E700BFD2
:10D3C0000AE004002DE9F04F8FB007461446189D7F
:10D3D00021B94BB95721534810F029FE2A460021A4
:10D3E00038466B6898479AE01278012A06D0022ADC
:10D3F0001FD045214C4810F01AFEEFE70A464FF0C7
:10D400000409013B9BB24B458DF81020E6D34FF049
:10D410000008B3FBF9FBC2460134CDF8008004AE2E
:10D42000BBF1000F08D12A463846009913F09BF84B
:10D4300075E04FF01209E4E723880193BDF804304A
:10D440000093B8F1000F53D19DF81030002B37D066
:10D45000022B3CD02968002945D12B7C042B4DD1CF
:10D460004FF42053304602A98DF808A0ADF80A30D9
:10D4700011F09EFA00283BD042F60103304603A982
:10D480008DF80CA0ADF80E3011F092FA80B342F690
:10D490000203304609A98DF824A0ADF8263011F01A
:10D4A00087FA28B342F60303304609A98DF824A071
:10D4B000ADF8263011F07CFA00BB4FF0010819E0FE
:10D4C000A378E27843EA0223ADF81230C2E7A31C46
:10D4D0000DF1110204F1120153F8040B8B4242F8D2
:10D4E000040BF9D1B6E7304611F062FA0028B4D047
:10D4F0004FF000080BF1FF3B4C4491E71022002154
:10D500000AA816F0E3FABDF804302A46ADF8343024
:10D5100038466B68099609A998470028EAD10FB0E8
:10D52000BDE8F08FFBDF040082E0040007B50A4687
:10D5300050B9254941F2D932244810F056FA41F247
:10D54000D931214810F048FA09B1096841B91E499A
:10D5500041F2DA321D4810F048FA41F2DA31F0E7D0
:10D56000437B072B2CD153683BB908234FF0040EA3
:10D57000CDE9003E164B174909E0012B11D0117B74
:10D580005B00019341B1202313490093134BFEF735
:10D5900063FB03B05DF804FB0E2311490093114BAC
:10D5A000F5E7538933B10C234FF0040CCDE9003C6F
:10D5B0000D4BE0E70A230221CDE900310B4BDAE7FE
:10D5C0006FF07F00E5E700BFD6DB04007295040032
:10D5D00077020400F1D50200890004008DFE0300EB
:10D5E0000DFF030065FE0300BDFD0300A9FD030060
:10D5F0002DE9F74F0C9C804691461E460D4641B9D9
:10D600006BB92668002322460C93E9B24046B44623
:10D6100023E0B1F5807F28BF0E252668F2E7636816
:10D62000002B65D1013E2789B4F80AA0B6B202F1F9
:10D63000010B002E41D099F80020B24228BF32469B
:10D64000012A0ED857213A4810F0F1FC0023224657
:10D6500004210C9325684046AC4603B0BDE8F04F6A
:10D660006047BBF80010023A93B28AB232B9452142
:10D67000304803B0BDE8F04F10F0D9BC974201D854
:10D6800092450CD23B4657212B48CDF800A010F014
:10D69000CEFC00230C9322460E212568DBE7218176
:10D6A000009322460021404625680BF10203A8475B
:10D6B00048B199F80030B34208D921464046FFF7F7
:10D6C00035FF0028E5DB03B0BDE8F08F23896289D0
:10D6D0009A4205D100230C93224619462568BAE7E1
:10D6E0000133238199F80030F61AB6B29B44A0E7C3
:10D6F0000096134627682246B8470028E3D0238ABD
:10D70000013B9E4205DA0C952B46224629462668A7
:10D710007CE7638921461E4440466681FFF706FF89
:10D720000028D0DA0C952B4622460E2126686DE79C
:10D7300099E00400D6E00400EAE004002DE9FF4788
:10D740001E46DDE90D9A0F46904605469DF830309D
:10D7500050B92B4941F20A422A4810F046F941F2E9
:10D760000A41274810F038F941B9254941F20B42E6
:10D77000244810F03AF941F20B41F2E7427B072AC4
:10D7800036D1C27A1ABB13B3D22106F10E02FDF7CD
:10D79000D7FB044688B302210C30F7F715FC0022B2
:10D7A000078000230027CDE900233146424620466A
:10D7B000CDE90277F7F758FBB0420CD0104941F29F
:10D7C0002742104810F011F941F22741C9E75221D0
:10D7D0002846B21CDBE7494620463B46524612F03B
:10D7E000C0F92146284604B0BDE8F047FDF774BDF6
:10D7F0006FF07F0004B0BDE8F0876FF00B00F9E731
:10D80000D6DB04007295040073B50C46054650B98A
:10D81000274941F2E342274810F0E7F841F2E3419B
:10D82000234810F0D9F809B10B6843B9204941F2F7
:10D83000E442204810F0D9F841F2E441F0E78B8847
:10D8400043B91B4941F2E5421A4810F0CEF841F2C3
:10D85000E541E5E7437B072B03D06FF07F0002B083
:10D8600070BDCB888E89B3B1284612F0E1F800284C
:10D87000F3D0A289431F9BB2934228BF13460433BF
:10D880009BB201931623224600930B490B4B28466B
:10D89000FEF7E2F9E3E712F0CBF802360138B042C6
:10D8A000E2D31223224600930549064B0196EEE788
:10D8B000D6DB040072950400C9D80200CDFE030037
:10D8C000C1FB030091FE03002DE9F7430A9C0646C5
:10D8D000174651B1B1F5807F28BF0E21224623683B
:10D8E000C9B203B0BDE8F0431847032B08D857214D
:10D8F000224810F09CFB22460E2130462368F0E7B8
:10D90000B4F80C801D1F454512D945211C4810F064
:10D910008EFB18230121CDE900311A4B22463046F7
:10D920001949FEF799F90028E5D103B0BDE8F08365
:10D93000D4F808902A464846391D16F064FAE38860
:10D940007A889A4200D110B145211048DFE7A8EB50
:10D95000050312FA85F209EB05009BB2E280A06094
:10D96000A3812BB918230122CDE90032084BD5E75A
:10D9700021463046FFF748FFD5E700BFFBDF040034
:10D9800056E10400D5FD0300C1FB03007DE1040066
:10D99000E7FD030070B50D46064650B93A4941F21D
:10D9A00085523A4810F021F841F28551364810F07E
:10D9B00013F809B10B6843B9334941F28652334831
:10D9C00010F013F841F28651F0E78B8943B92E49E4
:10D9D00041F287522D4810F008F841F28751E5E7EF
:10D9E0004B8943B9284941F28D5228480FF0FDFF79
:10D9F00041F28D51DAE7437B072B3BD1FDF736FE31
:10DA0000044658B9FDF732FE0446002835D006F129
:10DA10007001013012F05EF9337A2370A3687BB194
:10DA20000022143B9D422BD018892989884204D1B9
:10DA30009889A989884228BF01225B6973B97AB99C
:10DA400030462946124AFEF7FDF9064640B1A36862
:10DA500013B92046FDF760FF304670BD143BE1E787
:10DA6000A26805F114036A61E268A36002B9E36089
:10DA70000026F1E76FF07F06EEE76FF00B06EBE7AD
:10DA80006FF07706E8E700BFD6DB0400729504006C
:10DA9000ADFF0300F8B50C46064650B9354941F2D2
:10DAA000EB5235480FF0A1FF41F2EB5131480FF036
:10DAB00093FF41B92F4941F2EC522F480FF095FFE7
:10DAC00041F2EC51F2E7437B072B4DD1FDF7CEFD40
:10DAD000054600284BD08368002B48D0002217460B
:10DAE000143B9C4208D018892189884208BF01272D
:10DAF0005B691BB1143BF4E70122F9E7002A36D039
:10DB000004F1100012F0EDF8430703D5214630462A
:10DB100012F094FD9FB104F1140105F1080012F018
:10DB2000C5FBAB683BB1002321461A463046256849
:10DB3000A8470020F8BD2846FDF7EEFEF3E7214692
:10DB400030460E4AA781FEF77DF90028F2D104F194
:10DB5000140105F1080012F0A9FBAB68002BE8D115
:10DB60002846FDF7D9FEE4E76FF07F00E2E76FF0AB
:10DB70001500DFE7D6DB040072950400ADFF03005B
:10DB80002DE9F8438C680646904699464CB32568C3
:10DB900005B1143D34F80C3C43451FD1143C07E05B
:10DBA0002C466D692389F5B14345A5F11405F7D1DC
:10DBB000727AA37B9A4211D34A462146304627689F
:10DBC000BDF82030B84748B921463046FFF762FF1C
:10DBD000024618B15721054810F029FA2C46002DAD
:10DBE000DFD1BDE8F8834345E2D0FAE7B8E10400AD
:10DBF000F0B587B007460E461546FDF737FD0446DB
:10DC0000C0B12A46314603A810F027FEBDF81030F7
:10DC1000042B0FD9042103A8F7F7BCF9BDF81010A5
:10DC200046880288B14207D22B4632464521084831
:10DC300010F0FDF907B0F0BD2146031D00963846EF
:10DC4000FFF79EFF314603A8F7F7A4F9DEE700BF10
:10DC5000DCE10400012370B500F170058EB00446CC
:10DC600003902946007A8DF8103010F0A9FF90B18A
:10DC7000227A4AB302AE042130460FF0C3FE00966A
:10DC80002421124A05A82B46F7F7DEFA05AA10460A
:10DC90000F49F3F7DBFF4FF6FF7101200D4A03AB8D
:10DCA00012F08AFB204611F0D5F99DF81010884239
:10DCB00008D2204611F099F9024618B157210648BA
:10DCC00010F0B5F90EB070BD0092D9E70CDF04007A
:10DCD000A5C302005DC90200FAE10400F8B50E4BCD
:10DCE00005461B680E461746A3B11C6804B1043CE8
:10DCF00053F8043C1BB13A463146284698474CB18C
:10DD0000234664681B681CB1043C002BF3D1F7E781
:10DD1000002BF0D1F8BD00BF8C650020012330B589
:10DD200085B00546029000F17001007A8DF80C3044
:10DD300010F046FF90B94FF6FF7101201A4A02AB6E
:10DD400012F03AFB0021284612F0A8FC20B94FF649
:10DD5000FF710120FEF78EF805B030BD2846FDF7B3
:10DD600085FC0028E7D08468002CE4D0143C04F142
:10DD70001003184611F0B5FF020712D4184611F02F
:10DD8000B0FF83070DD421462846084AFEF75AF80B
:10DD9000002806DA009023462A465721044810F04E
:10DDA00046F96469E0E700BF5DC90200270004008E
:10DDB0002BE204002DE9F74F044603464FF6FF71AE
:10DDC00001203A4A04F1700612F0F6FA3146207A40
:10DDD00012F00FFB3146207A10F0F2FE50B1237A98
:10DDE0004FF6FF718DF8043001206B46304A0096E3
:10DDF00012F0E2FA2046FDF739FC074640B920460A
:10DE0000FDF7F2FB054600283DD103B0BDE8F08FD9
:10DE10008568002DF3D055F81489B8F1000F01D0B2
:10DE2000A8F114084FF00009CA4601E0454698469B
:10DE300005F1100B6FF00801584611F040FF314614
:10DE4000207A10F0BDFE80B92B464A46394620465E
:10DE5000A5F80CA012F08AF8B8F1000FCFD0D8F8CE
:10DE60001430002BE2D0143BE0E7584611F039FFA4
:10DE7000C307E9D47B781BB13146781C11F02AFF27
:10DE800005F11409E8E73146207A10F099FE28B927
:10DE9000284603B0BDE8F04FFDF710BE3146681CC0
:10DEA00003B0BDE8F04F11F015BF00BFDDBC0200AC
:10DEB00059BA020008B5094B42689A420DD18369EC
:10DEC00053B90749074841F6BF120FF08EFD41F6DE
:10DED000BF1103480FF080FD198208BDF1D5020083
:10DEE000D6DB04007295040008B5054B01461846C0
:10DEF00012F013FC043B002814BF1846002008BD94
:10DF0000DC250020084B00F5B8701A68074BD0E8F4
:10DF1000EF1F994204D1C0E8EC2FBCF1000FF6D1FD
:10DF2000D0E8AF0F704700BF7C640020D8250020E8
:10DF300008B5FFF7E7FF0346C8B1D0E9001221B9E1
:10DF4000002A0CBF0320022010E032B1836813B90D
:10DF5000094B1B7833B9042008E00749087828B139
:10DF60009B6833B9003A18BF0122500008BD032056
:10DF7000FCE70120FAE700BF6B71002010B5062115
:10DF800011F0A8F9044628B94521044810F04FF8CB
:10DF9000204610BDA0F1EC04FAE700BF74E20400D3
:10DFA00010B5084C0246D4F8EC0020B9064AEC340F
:10DFB00062600C6010BD0548452110F038F86FF024
:10DFC0000B00F7E7D8250020BC5D040094E20400B4
:10DFD000002370B51A460446EC300D46FBF7CCFB27
:10DFE00050B1693003D14521074810F020F8284688
:10DFF000BDE87040F6F78EBE04F5A0700023BDE8C2
:10E000007040024A09F0D4B861D904001C4E0E00D9
:10E0100008B5D0F8A0304BB97030F7F78BF8452130
:10E020000246034810F003F8082008BD0020FCE772
:10E03000BEE204002DE9F041D0F8EC600446F5782A
:10E0400090B0002D68D11022CF680CA8294615F099
:10E050003DFD227A052A4FD8DFE802F006030306C9
:10E060004E3DD4F8D8300C9306F177030DF120081B
:10E0700002937E3604F111030093CDF80C800196D3
:10E080000CAB04F1270204F1370104F1C70012F0D0
:10E0900093FF002834D110223946404615F0B3FED4
:10E0A000002837D1627B237DCDE906009A4294BFD8
:10E0B00000920093ADF8140004F14703D4F8EC008B
:10E0C00005AA06A910F044FF00281EDA45211348CE
:10E0D0000FF0ADFF14E0D4F8E030002BC4D00DF108
:10E0E000300C03F1100E624618685968083303C2F9
:10E0F00073459446F7D1B7E7452109480FF097FFDC
:10E100000825284610B0BDE8F0810121201D12F03D
:10E1100062FBF6E70B25F4E70025F2E7F9E20400DD
:10E12000D8E2040038B50446051D0821284612F03F
:10E1300052FB084904F15700F9F76CFE40B1082181
:10E14000284612F025FB044845210FF070FF0820F7
:10E1500038BD00BFB90A040019E3040070B50B46CE
:10E1600005460D21043012F0D8FAF8B1DC68D5F874
:10E17000EC30022003F170063246197A01F034FACD
:10E1800048B93046F6F7D6FF452102460A480FF057
:10E190004EFF082070BD224600F12E0304F110014D
:10E1A00052F8040B8A4243F8040BF9D1284609219E
:10E1B00012F011FB0020EDE737E3040070B5051DF8
:10E1C0000E462846042112F0A8FA68B10022002168
:10E1D00000230846FBF782FA044638B90421284692
:10E1E00012F0F9FA204670BD034AF0E701210C3025
:10E1F000F6F7EAFE0670F5E71C4E0E0070B50C212E
:10E200000546FFF7DBFF0446F0B140210C30F6F77E
:10E21000DBFE0E4B02461B68014603F1200053F85B
:10E22000046B834241F8046BF9D1203203F12001E1
:10E2300053F8040B8B4242F8040BF9D128462146CF
:10E24000FFF7C6FE002070BD0820FCE7B465002083
:10E2500070B5CD680446EB78D0F8EC60102B01D097
:10E26000062070BD2A7990F8E830134080F8E83035
:10E270006A7990F8E930134080F8E930022303749A
:10E280002B68C0F81130AB88A0F81530AB781A07AE
:10E2900006D5037B1B0703D50521043012F09BFA3A
:10E2A000AB78980606D5237B990603D51421201D4B
:10E2B00012F091FAAA78237BD20728D5DB0726D55E
:10E2C0000D21201D12F087FA237BE17C2D7803EAD3
:10E2D0000102100704D5E27AA07C0243D2071AD4C7
:10E2E000042D1AD80B4313F0040307D02046FFF780
:10E2F0001FFE314B05EB85052B441B5C237220462A
:10E30000D6F8A01012F00FFA48B90320A9E70023AD
:10E31000A4F8E830D8E70523F0E70023EEE7D4F8C7
:10E32000EC309B7A032B14D004D8013B012B1CD971
:10E33000082096E7042BFBD1237D627B934228BF04
:10E340001346102B8CD10521201D12F0E6F9002870
:10E35000DBD0237A002BD8D00521201D12F0DDF967
:10E3600018B9237A013B012BCFD9261D0521304650
:10E3700012F0D3F90028C8D02046FFF7C3FD0023D0
:10E3800084F8E83094F8E93003F0020384F8E930C7
:10E390000A4B1D682DB93046062112F01CFA28469A
:10E3A0005FE720460C2112F016FA0B2112F0F0F96B
:10E3B000BDE87040FFF722BF48E70400B4650020C5
:10E3C0002DE9F04304468DB008AE102200213046FE
:10E3D00015F07CFB227A052A33D8DFE802F0060329
:10E3E00003063222D4F8D8300893D4F8EC3004F184
:10E3F000470204F1C707CDE9017204F1270803F1D0
:10E400007E0204F13709009241464A46773304F10F
:10E41000970001F015FFE0B1452128480FF007FEF5
:10E4200013E0D4F8E430002BDFD0354603F11007B9
:10E430002A4618685968083303C2BB421546F7D10B
:10E44000D3E745211E480FF0F2FD08200DB0BDE8CE
:10E45000F083D4F8EC3004AD03F17E0277330193FE
:10E4600004F10A03029200934A4633464146384675
:10E47000039512F0A1FD10B145211248CEE70D2100
:10E48000204612F0A8F90D21FFF798FE0746002854
:10E49000DBD010210C30F6F797FD2A4603461546CF
:10E4A00003CDB542186059602A4603F10803F6D13E
:10E4B00020463946FFF78CFD0020C7E756E30400ED
:10E4C000D8E2040070E3040073B5047A0546022C18
:10E4D00023D844B190F8DC30D0F8D840DC4004F0C8
:10E4E000010444F0800403212846FFF767FE064636
:10E4F000D0B110210C30F6F767FD0090124823468A
:10E50000006805F1270205F1570112F030FD0446BD
:10E5100078B13046F6F7FEFB06E0032C07D0224622
:10E5200045210A480FF083FD082002B070BD002489
:10E53000D9E731462846FFF74BFD281D214612F04A
:10E5400027F92046F1E700BFB4650020D8E20400B7
:10E55000F7B504460E46FFF7D5FC04F1570705460C
:10E560003A46F36803F1200153F8040B8B4242F85A
:10E57000040BF9D104F1770203F1200153F8040BE5
:10E580008B4242F8040BF9D13846F9F7A1FB00B3EE
:10E59000492168480FF04BFD0E21201D12F01BF998
:10E5A000D4F8EC60D6F8A03033B9307A06F17001B7
:10E5B00000F030FFC6F8A000D6F8A0309BB15A8A10
:10E5C00002F024027AB15B7C99070CD4032003B0DB
:10E5D000F0BD3846F9F788FB28B9574857210FF0A6
:10E5E00026FD0B20F3E7D4F8EC30DB780BB10020EC
:10E5F000EDE7261D0E21304612F08FF860B94F4B23
:10E6000020223846196815F0FEFB28B957214C48DE
:10E610000FF00DFD0820DAE7227A052A00F2838048
:10E62000DFE802F00349080381530321204612F07A
:10E63000D2F831E02046D4F8EC70FFF763FC0421F7
:10E640004FF0FF3305460DEB0100019304F06CFB26
:10E650000028DFD1019B3B4A84F8DC00B3FBF2F1D8
:10E6600002FB11330193C4F8D83055B12B6843B184
:10E670000B21304612F0AFF838462B68D4F8D8108A
:10E6800098470321204612F0A6F80E2112F0A3F8B5
:10E69000FFF71AFF00289AD13046072112F09BF8A5
:10E6A0000820FFF721FC0028A1D1204603B0BDE8D7
:10E6B000F040FFF737BD0A21304612F08CF86B6846
:10E6C000D4F8EC0098470E21B0E7102104F12700A0
:10E6D00004F02AFB00289DD155B3EB6843B31A4BD5
:10E6E000D4F8EC101B88E27AADF80430C978A37C2A
:10E6F000B9B9D20703F0010311D4002B08BF0320DE
:10E7000000238DF80500C4E9383330460C2112F09F
:10E7100062F8EB68D4F8EC0001A99847BCE7581CF4
:10E72000EEE70320ECE7452108480FF080FC71E795
:10E7300002204CE798E30400BEE30400B465002027
:10E74000DFE3040040420F0018560400D8E2040042
:10E750002DE9F041044686B00D46FFF7D3FB04F1E6
:10E76000370706463A46EB6803F1100153F8040BED
:10E770008B4242F8040BF9D1D4F8EC30DD78002D4F
:10E7800040F08180227A052A67D8DFE802F0210371
:10E790000321662C94F8DC20D4F8D830D34003F061
:10E7A000010343F0800339490DF10808CDF80080DA
:10E7B0003A46096804F1570012F0D9FB50B14521DF
:10E7C00033480FF034FC0825284606B0BDE8F08138
:10E7D0000023E8E71022414604F1170015F013FB6F
:10E7E00008B10425F0E7227A052A36D8DFE802F0DE
:10E7F0003A1D1D03353A02AB2448009300683B469E
:10E8000004F1270204F1570101F082FD0028DAD15A
:10E81000201D0A2111F0DFFF092111F0DCFFB36890
:10E820000299D4F8EC009847CEE794F8DC30013335
:10E83000DBB2142B84F8DC3014D0102104F1270053
:10E8400004F072FA0028BED10321204611F0C3FF64
:10E8500006B0BDE8F041FFF737BE45210D480FF087
:10E86000E6FBB0E7231D0721184611F056FF20B143
:10E870000921184611F0AFFFA6E7204606B0BDE813
:10E88000F041FFF79DBD05259EE700BFB465002060
:10E89000FFE30400D8E2040038B504460D49A0F1B6
:10E8A000EC05543008F040FB284611F0E1FF0A4A1D
:10E8B00004F18403D3E8EF1FC3E8E02F0028F9D167
:10E8C0004FF0FF338834D4E8EF2FC4E8E13F00294C
:10E8D000F9D138BD09F20200D82500202DE9F04118
:10E8E0000546FFF74BFB0446002800F0CD80071DCE
:10E8F0000421384611F011FF002840F0C8800221A1
:10E90000384611F00AFF002840F0B780032138464E
:10E9100011F003FF18B16FF00F00BDE8F081012185
:10E92000384611F0FAFE0028F5D12046FFF7EAFA42
:10E93000D4F8EC3006469B7A032B15D005D8013B62
:10E94000012B1BD96FF01500E7E7042BFAD1204605
:10E95000FFF7EEFA032804D1002EF3D0F368002B62
:10E96000F0D04C4B1B7807E02046FFF7E1FA032874
:10E9700004D1002EE6D0F368002BE3D0D5F8A03008
:10E980006BB10021EC22204615F0A0F8102104F113
:10E99000270004F0C9F970B16FF06800BDE7287A6C
:10E9A00005F1700100F036FDC5F8A0000028E8D19F
:10E9B0006FF00B00B1E70521204611F00CFFF9F7CD
:10E9C0001BFA354B012118602046FFF7F7FB804604
:10E9D0000028E1D006210C30F6F7F6FA2D4B05465B
:10E9E0001B782046002B14BF09260126FFF7A0FA4A
:10E9F0002A4A0328127818BF46F0040604F5BA73B1
:10EA0000D3E8EF1F013103D1C3E8E02F0028F7D18D
:10EA1000D3E8AF3F9BB346F001062046AE70FFF748
:10EA200087FA1F4B28701B7863BB1E4B1B786B70DB
:10EA30001023EB70AB78414613F0010314BF03229F
:10EA400000222B716A7184F8E8306B79204684F8D3
:10EA5000E930012363722B68C4F80A30AB88E38184
:10EA6000FFF7B6FA2046022111F0B5FE0B2111F096
:10EA7000B2FE0321384611F0AEFE00204DE706F04D
:10EA80000C06CAE70123D2E76FF07F0045E76FF07D
:10EA9000040042E76B710020B46500205B07002092
:10EAA0006C7100206D7100202DE9F743051D0646AD
:10EAB000D0F8EC40CB682846022111F02EFE002849
:10EAC0006AD10321284611F028FE002864D10121D3
:10EAD000284611F022FE00285ED1314A1278002A21
:10EAE0005CD093F8008018F0080F08F00F0755D09D
:10EAF000D4F8A03053B15B8A03F02403BBB920469D
:10EB0000FFF7ECFE00283FDB0F2142E004F1700923
:10EB10004A462020217A00F0B7FCC4F8A00030B9A2
:10EB20004A460420217A00F0AFFCC4F8A000D4F8D3
:10EB3000A0100029E3D018F0040F10D04B7CDA07A6
:10EB40000DD43046FFF7F4F903283A4602D04921A4
:10EB5000144801E0572114480FF069FACFE74B8AB7
:10EB60009B0601D43A46F2E70B7C01F11C020093AC
:10EB7000204601F11E03143110F0EAF9002807DAEB
:10EB800045210A480FF053FA082003B0BDE8F0838E
:10EB90000121284611F01FFE0020F6E70320F4E7CC
:10EBA0006B7100201DE4040049E40400F9E2040054
:10EBB000F8B5D0F8EC400646D4F8A030051D002B7F
:10EBC00032D1572140480FF032FA07213F4B5F5CAA
:10EBD000D4F8A0304BB11B7C002B5DD1D4F8A00041
:10EBE00000F024FD0023C4F8A0300221284611F0D3
:10EBF00094FD48B9072F94BF354B1F213A46204654
:10EC000098BFD95DFAF798F80321284611F085FDE1
:10EC100068B3304B1B6853B31D6805B10C3D53F806
:10EC2000083C002B41D143E081BB0D21284611F067
:10EC300074FD074620B1D4F8A00008B100F000FE32
:10EC4000244B1B689BB11D6805B10C3D53F80C3C6F
:10EC500013B13946204698474DB12B46ED681B68E5
:10EC60001DB10C3D002BF4D1F7E7002BF1D130465C
:10EC700011F0FEFD637B072B24D1627AA37A9A42BE
:10EC800020D02046BDE8F84011F0ABBE0139C9B232
:10EC90000E299BD909279BE70221284611F03DFD4B
:10ECA00000289BD1A1E70C3D23B139462046984767
:10ECB000002DDCD02B46ED685B68002DF3D1002BD6
:10ECC000F3D1D4E7F8BD00BF01E5040039E7040043
:10ECD00028E7040074640020F8B5031D06460F46BB
:10ECE0001846022111F019FD044620B1B6F8E8409B
:10ECF000B4FA84F464090321184611F00EFD78B1CA
:10ED000039463046FFF754FFBCB1572118480FF081
:10ED10008EF90521D6F8EC00F9F730FD0020F8BD9A
:10ED20000121184611F0F9FC0028E9D10F211846FD
:10ED300011F0F3FC0028E3D1E6E705213046FFF7A8
:10ED40003DFA054688B101210C30F6F73DF923461E
:10ED500007702246294606F1EC00FAF70DFD00285F
:10ED6000DCD02846F5F7D6FFD8E76FF06800D6E785
:10ED700030E50400244B10B5044618604FF0FF3214
:10ED80004FF0FF33214807F0EBF850B1204941F232
:10ED90003C3220480EF029FE41F23C311C480EF076
:10EDA0001BFE1D4808F0ECFA184807F08FF940B137
:10EDB000174941F2413217480EF017FE41F2413136
:10EDC000ECE72CB95721BDE8104014480FF02FB9DB
:10EDD000134CD4E8AF3F5B0614D5D4F8E830043CBC
:10EDE000DB787BB92046FFF709FA014610B12046CF
:10EDF000FFF772FFD4E8EF3F43F48053C4E8E23FEB
:10EE0000002AF7D110BD00BFB4650020080600201D
:10EE10007DE40400729504001C0600208DE50400CA
:10EE2000DC2500202DE9F0410B8A04460E4633B95B
:10EE300045212A480FF0FBF80020BDE8F0810121B0
:10EE400006F10C00F6F7A6F8A4F1EC05E83C07463D
:10EE50000421204611F061FC3A7820B15721204866
:10EE60000FF0E5F8E8E70E2A02D957211D48F7E729
:10EE7000DFF8808058F8323043B957211A480FF034
:10EE8000D6F807212846FFF727FFD5E71146284681
:10EE900011F08FFC3B7860B9572114481A460FF0E7
:10EEA000C6F80321204611F038FC0028C4D0082100
:10EEB000E8E708EBC301328A0979914205D0452180
:10EEC0000B480FF0B4F80A21DCE73146284658F821
:10EED0003330984701460028AED0D3E7ABE50400B5
:10EEE000CBE5040001E6040028E6040047E6040040
:10EEF00050DA0400E45D04002DE9FF4190F8E930A8
:10EF0000CF6823F0020380F8E930D0F8EC603B785A
:10EF1000044606F17008C3B1BB7903F0C003C02BEF
:10EF200013D03846F6F706F9452102465A480FF045
:10EF30007EF84046F6F7FEF84521024657480FF0A6
:10EF400076F80A2004B0BDE8F08107223946404631
:10EF500014F059FF68B13946307A00F00DFB0546D0
:10EF600038B10146204611F0DEFBB8B1284600F06A
:10EF70005DFB0D21201D11F0D0FB00286ED0424614
:10EF80000220317A00F030FB054648B94046F6F7DA
:10EF9000D1F84521024642480FF049F80820D1E750
:10EFA000F378002B3CD106F17E031878012827D195
:10EFB0009A7902F0C002402A22D1D3F80120C5F884
:10EFC0003E20B3F80530A5F8423096F87030BBB15A
:10EFD00096F8763003F0C003C02B11D0314901AA56
:10EFE000CDE901870395F9F70BFB3B683046C5F87F
:10EFF0000130BB88A5F80530BB79EB71F9F75CFEF1
:10F0000094F8E91011F002010DD0274941F22902CC
:10F0100026480EF0EAFC41F2290123480EF0DCFC00
:10F0200006F17703C1E72846F7F77EFF014628B1CE
:10F030001F4857210EF0FBFF032083E72846F7F710
:10F0400073FF40B1184941F24D0218480EF0CDFC53
:10F0500041F24D01E1E72846F7F778FF94F8E930EF
:10F060005B0703D50A21204611F0B5FBF37823B1E5
:10F07000B4F8E81061B1002064E794F8E930002B9F
:10F08000F6D1D4F8EC00FEF7C3FF0028F0D059E722
:10F090002046FFF78DFDEEE767E6040080E60400FA
:10F0A00037E30400B10804007DE404007295040015
:10F0B0008DE604002DE9F0410E460446D0F8EC80C0
:10F0C000FEF720FFF6684521054632780E48271DD9
:10F0D0000EF0ADFF0A21384611F06BFB38B16DB967
:10F0E00020463178FFF764FD0020BDE8F0810B2158
:10F0F000384611F05EFB0028F1D1F1E72B69002BB7
:10F10000EED040469847EBE7CDE604002DE9F0410C
:10F110000546A0F1E80604460F463046012155F8A1
:10F12000EC8911F046FB002861D0DFB103213046A5
:10F1300011F0F3FA00285AD03846F6F7F7FF0138F5
:10F14000C0B208288CBF00242E4B4FF0020198BF9C
:10F150001C5C304611F03FFB21462846BDE8F041DB
:10F16000FFF726BD98F80B30002B40D00321304626
:10F1700011F0D3FA20B92846BDE8F04111F078BB70
:10F180000521304611F0C9FAB8B114F8043C1F0744
:10F1900007D514F8033C180703D51121304611F0A8
:10F1A0001AFB14F8043C23F0080304F8043C14F898
:10F1B000033C23F0080304F8033C14F8033CD9078C
:10F1C00017D50621284611F006FB0221304611F022
:10F1D00002FB98F8033013B914F8033C3BB92068DC
:10F1E000FEF716FF18B934F8041C0029B5D0BDE8A5
:10F1F000F0819A0701D50821E4E75B07E5D50A21EC
:10F20000E0E700BF30E7040038B5A0F5A075A0F531
:10F210009E74D4E8AF2FD5E8AF3F452106480EF0E5
:10F2200006FF28460821FFF7C3FC2046BDE838400A
:10F23000042111F0D0BA00BFF4E60400F8B504468A
:10F24000FEF79CFE0546002800F08380061D032182
:10F25000304611F062FA00287BD0D4F8A00008B143
:10F2600000F0E4F904F170073946207A00F0D2F892
:10F27000C4F8A00068B93846F5F75CFF452102469E
:10F2800036480EF0D4FE2846BDE8F8400821FFF7C6
:10F2900023BD0E21304611F040FA28B1D4F8A02049
:10F2A000537C43F0020353742B7A032B11D823B100
:10F2B0000521304611F031FAA0B9D4F8A020537CD2
:10F2C00023F020035374D4F8A020537C23F00103CF
:10F2D0000DE0053B012BF0D8D4F8A020537C43F07F
:10F2E00020035374D4F8A020537C43F001035374DB
:10F2F0002B7D697BD4F8A0208B4228BF0B4630467B
:10F300001374052111F009FAD4F8A0305A7C08B31F
:10F3100042F010020D2130465A7411F0FEF9C0B1CE
:10F320002021D4F8A00000F049F9D4F8A03005F16C
:10F3300047021E33573552F8041BAA4243F8041BF8
:10F34000F9D10023D4F8A02053619361D4F8A02010
:10F350009383F8BD22F010025A74FAE737E30400F1
:10F36000012208B5034B04481A70F8F7FDFC002091
:10F3700008BD00BF6B7100202406002008B550B9FD
:10F3800009490A4840F24A220EF02FFB40F24A2176
:10F3900005480EF021FB437C5B0604D4BDE8084021
:10F3A0000121F7F79BBD08BD68E7040072950400D2
:10F3B0002DE9F041144D06462F4617F8013B0C4647
:10F3C00083424FF0010804D10722384614F01BFD98
:10F3D000A0B1B8F1000F05D0072238460B4914F050
:10F3E00012FD70B92E702268094BC5F80120A28861
:10F3F0009A80A2799A7140F21123EB600248BDE82D
:10F40000F0810020FBE700BFB86500201EC00400AB
:10F41000B965002008B541B90649074871220EF0C8
:10F42000E4FA712103480EF0D7FABDE80840FFF76F
:10F43000BFBF00BF68E70400729504000B4610B51B
:10F44000114604465BB908490848CD220EF0CDFAB2
:10F45000CD2105480EF0C0FABDE810401847044819
:10F46000428A2242F8D110BD68E704007295040078
:10F47000B865002008B5002202200249FFF7DEFF30
:10F48000002008BD7DF30200F8B50E460546114682
:10F490004AB10E4C00272046638A10F8012B2B40FE
:10F4A0000AD11846F8BD0A490A48DA220EF09DFA38
:10F4B000DA2107480EF090FA964203D1072214F0A1
:10F4C000A2FC08B13846EDE72046EBE7B86500201E
:10F4D00068E7040072950400F8B506460C4651B979
:10F4E0002049214840F203120EF07FFA40F2031146
:10F4F0001C480EF071FA0B78012B01D00020F8BDEA
:10F500008B7903F0C003402BF8D1184D0023294616
:10F510006F8A11F83E2BBF0704F1010006D5B242F5
:10F5200004D1062214F06FFCD0B100236A8A297836
:10F5300002F00202002BE1D1002ADFD0B142DDD17E
:10F54000671C39460A480FF0FAF901230028EDD06C
:10F55000D4F80130C5F83E30B4F80520054B9A8048
:10F560000248CCE768E7040072950400B865002003
:10F57000E6650020F665002010B529B10C4C237813
:10F5800083420CD0002010BD0A490B484FF49A72F8
:10F590000EF02BFA4FF49A7106480EF01DFA07226E
:10F5A000601C14F030FC00280CBF20460020EAE765
:10F5B000B865002068E704007295040008B550B9EA
:10F5C000074908484FF4A2720EF00FFA4FF4A271E7
:10F5D00003480EF001FA438A1943418208BD00BF77
:10F5E00068E7040072950400F8B506460F46154614
:10F5F00042B90C490C48EC220EF0F7F9EC2109480D
:10F600000EF0EAF9FFF740FF044640B929463846B4
:10F61000FFF700FF044610B13146FFF7CFFF204649
:10F62000F8BD00BF68E704007295040010B50446F9
:10F6300050B90E490E484FF4AA720EF0D6F94FF4A5
:10F64000AA710A480EF0C8F9037A5B0701D5F7F7EB
:10F650002FFD214611F8010BF5F72CFF2046BDE8E0
:10F6600010404422002114F031BA00BF68E70400C2
:10F6700072950400F0B504461546184693B034B9A7
:10F68000452165480EF0D3FC6FF015062EE03822B8
:10F6900004A9A847051E05DA2A4645215F480EF051
:10F6A000C6FCF1E7204602A90FF05CF9064618B146
:10F6B000224645215A48F2E7204601A90EF02BFDCB
:10F6C000019840B10A2231460CF0B4FC024610B158
:10F6D00045215448E3E7ADB929463F2002AAFFF788
:10F6E000D3FE30B14422294614F0F0F9304613B06D
:10F6F000F0BD02A8F5F71EFD572102464A480EF05C
:10F7000096FCF3E7002002A9FFF752FE044650B929
:10F7100002A8F5F70FFD4521024644480EF087FC8C
:10F720006FF00B06E2E7382D9DF8103039D0102B22
:10F730002DD8342D2BD140F2112304ADC36010AF6E
:10F7400000F110032A4603CABA42186059601546F0
:10F7500003F10803F6D110681860E27BB4F80D30AD
:10F7600043EA0243022B4FD1637CDA07BED513F084
:10F77000300FBBD102A8F5F7DDFC572102462C481B
:10F780000EF055FC637C23F001036374AEE738236D
:10F790002A46452127480EF04AFC2046FFF746FF3F
:10F7A00072E7102B20D840F2112304ADC36010AFD4
:10F7B00000F110032A4603CABA4218605960154680
:10F7C00003F10803F6D110681860638A03F022027F
:10F7D00099066282C1D402A8F5F7ACFC5721024613
:10F7E00015480EF024FCD8E704AB00F10C0512AF6D
:10F7F0001A4603CABA4228606960134605F1080533
:10F80000F6D1237B112BA8D002A8F5F793FC452154
:10F8100002460A48E5E700BF49C0040098E7040033
:10F820004BDC04006CDC0400BCE70400E4E70400EB
:10F8300095E8040008E804002BE8040050E8040000
:10F84000024610B550B90D490D4840F289120EF02C
:10F85000CCF840F2891109480EF0BEF80146382371
:10F8600011F8010B0C32F5F717FE044620B10246E1
:10F87000452104480EF0DBFB204610BD68E704007C
:10F8800072950400FFE8040070B506460E4B1C6834
:10F890006CB951B1002200230C480EF0DAFF054686
:10F8A00050B945210A480EF0C2FB204670BD238B9B
:10F8B000B342FAD02468EBE7014606830248F5F725
:10F8C0008FF92C46F1E700BF10660020180C0020CD
:10F8D00031E9040010B5036804462BB9BDE81040B7
:10F8E000572113480EF0A3BB0020124A116821B91A
:10F8F000572111480EF09BFB0AE08B4214D1196886
:10F9000060B950681160834200D1516000221A60D2
:10F910002068F5F7FFF90023236010BD01605168EE
:10F920008B4208BF5060F1E708460968DFE700BF77
:10F930005FE90400106600208FE9040030B5038AF7
:10F940008BB01E2B06D8452156480BB0BDE8304081
:10F950000EF06DBB1F210C30F5F71CFB027804463E
:10F960001AB1572150480EF062FB0121B4F8010092
:10F97000F8F766FE054610B945214C48E5E72178C1
:10F98000002940F08C80E3788DF804306279237987
:10F9900043EA0223ADF80630A3798DF80830E37905
:10F9A0008DF80930237A03F00102C3F340038DF888
:10F9B0000B30637A8DF80A2003F001038DF80C30C8
:10F9C000E37A8DF81030237B8DF81130627B8DF84F
:10F9D0001220E37A2BB1A37A03F00103C3F10203EF
:10F9E000DBB28DF80D30237B2BB1A37A13F0020F1D
:10F9F00014BF012302238DF80E302AB1A37A13F02D
:10FA0000040F14BF012202228DF80F20E389002188
:10FA100003F001038DF81330238A284603F0010315
:10FA20008DF81430A37CC3F34002C3F380038DF838
:10FA300015208DF81630B4F8133001AAC3F3400333
:10FA40008DF81730B4F81330C3F380038DF81830F5
:10FA5000B4F81330C3F3C0038DF81930B4F815307F
:10FA6000ADF81A30B4F81730ADF81C30B4F81930CE
:10FA7000ADF81E30B4F81B30ADF82030637F8DF840
:10FA80002230A37FADF824108DF823308DF8261096
:10FA9000F9F7E6FA2846F8F791FC0BB030BD0022E2
:10FAA000F6E700BF98CF0400B3E90400F2E90400D0
:10FAB00030B5038A8BB0212B06D8452157480BB0AF
:10FAC000BDE830400EF0B3BA22210C30F5F762FAEF
:10FAD000027804461AB1572151480EF0A8FA0121C4
:10FAE000B4F80100F8F7ACFD054610B945214D48C2
:10FAF000E5E7217839B10022F9F7B2FA2846F8F79C
:10FB00005DFC0BB030BDE3788DF804306279237969
:10FB100043EA0223ADF80630A3798DF80830E37983
:10FB20008DF80930237A03F00102C3F340038DF806
:10FB30000B30637A8DF80A2003F001038DF80C3046
:10FB4000E37A8DF81030237B8DF81130627B8DF8CD
:10FB50001220E37A2BB1A37A03F00103C3F102036D
:10FB6000DBB28DF80D30237B2BB1A37A13F0020F9B
:10FB700014BF012302238DF80E302AB1A37A13F0AB
:10FB8000040F14BF012202228DF80F20E389002107
:10FB900003F001038DF81330238A284603F0010394
:10FBA0008DF81430A37CC3F34002C3F380038DF8B7
:10FBB00015208DF81630B4F8133001AAC3F34003B2
:10FBC0008DF81730B4F81330C3F380038DF8183074
:10FBD000B4F81330C3F3C0038DF81930B4F81530FE
:10FBE000ADF81A30B4F81730ADF81C30B4F819304D
:10FBF000ADF81E30B4F81B30ADF82030637F8DF8BF
:10FC00002230A37F8DF82330B4F81F30ADF82430B4
:10FC100094F821308DF826306EE700BF98CF0400AD
:10FC2000B3E90400F2E9040037B5038A4A2B06D889
:10FC30004521144803B0BDE830400EF0F8B94B211F
:10FC40000C30F5F7A7F9027804461AB157210E488F
:10FC50000EF0EDF90121B4F80100F8F7F1FC0546CA
:10FC600010B945210948E5E7217849B903340194E1
:10FC700001AAF9F72DFA2846F8F7A0FB03B030BD2A
:10FC80000022F6E798CF04003EEA040073EA04007D
:10FC90002DE9F0474FF00008038A8AB00E2B054685
:10FCA000CDF8048006D8452150480AB0BDE8F04799
:10FCB0000EF0BDB90F210C30F5F76CF9078804463A
:10FCC00001213846F8F7BCFC064610B945214848E2
:10FCD000EBE7E37A012B45D0CDF82480A37B002B02
:10FCE00035D105A9B4F805308B80B4F80730CB8046
:10FCF000A37A4B72E37A8B72237BC3F30303CB7239
:10FD0000237BC3F303130B73637A0B72637B4B7315
:10FD1000A37B8B73E37A0F3B18BF4FF0FF33CB739A
:10FD200000230B704B80A3780B70B4F803304B802A
:10FD3000E37A012B02D03046F9F7D6FAA37A012BE9
:10FD400017D13046F8F73AFB0AB0BDE8F0870DF15D
:10FD5000080840462A8A04F10F010EF07EFDCDF816
:10FD60002480BEE7A17A012911D0572121480EF045
:10FD70005EF93046F8F722FB00213846FFF784FD94
:10FD800001900028E0D001A8FFF7A4FDDCE7A37BE9
:10FD900013B957211848EAE73846B5F81090FFF72D
:10FDA00073FD04F10F0A054610B945211348DEE73B
:10FDB000038A1BB1572112480EF039F9284605F184
:10FDC0000C08F4F733FE40460EF077FD814502D96A
:10FDD00045210C48CBE751464A4640460EF075FD9A
:10FDE00009490195C1F810807CE700BF98CF040055
:10FDF000B9EA0400F9EA040051EB040083EB0400C3
:10FE0000B6EB0400E7EB0400FC65002000232DE9BD
:10FE1000F3410193038A0746072B06D8452143483F
:10FE200002B0BDE8F0410EF002B908210C30F5F740
:10FE3000B1F8B0F80080044601214046F8F700FC14
:10FE4000064610B945213A48EAE7E57905B13D8A09
:10FE500000214046FFF718FD074648B945213548BF
:10FE60000EF0E5F8304602B0BDE8F041F8F7A6BA6A
:10FE7000038A13B957213048F2E77DB100F10C082D
:10FE800040460EF01AFD854202D945212B48E7E78E
:10FE90002A46404604F108010EF017FDE378284D8C
:10FEA00001976B722379AB726379C3F30303EB722F
:10FEB0006379C3F303132B73A2796B7B9A4203D04C
:10FEC000572120480EF0B3F82279AB7B0F2A03D1DB
:10FED000EA7B9A4288BFEB73E2791344AB732379D0
:10FEE000012B0BD016493046F9F7FEF93846F4F7E6
:10FEF0009DFD14220021124813F0E8FDE378012B48
:10FF0000B0D02379012B0CD157210F480EF08FF878
:10FF10003046F8F753FA01A8FFF7DCFC02B0BDE861
:10FF2000F08101A8FFF7D6FC9CE700BF98CF040042
:10FF3000B9EA040023EC0400A1EC0400E7EB0400A0
:10FF4000FC650020D9EC0400F9EA040030B5038A0E
:10FF500089B0202B06D845213D4809B0BDE8304086
:10FF60000EF065B821210C30F5F714F8027804463C
:10FF70001AB1572137480EF05AF80121B4F80100A0
:10FF8000F8F75EFB054610B945213348E5E72178CF
:10FF900000295AD12379E1783BB9F9F709F92846C4
:10FFA00009B0BDE83040F8F709BAA2796379FF2AB1
:10FFB0001CBF43EA0213DBB28DF80530E3798DF8FC
:10FFC00004108DF80630237A00218DF80730637A0B
:10FFD00001AA8DF80830A37A8DF80930E37A8DF8FC
:10FFE0000A30237B8DF80B30637B8DF80C30237E39
:10FFF0008DF80D30637E8DF80E30A37E8DF80F30B6
:020000023000CC
:10000000E37E8DF81030237F8DF81130637F8DF8FB
:100010001230A37F8DF81330E37F8DF8143094F8FD
:1000200020308DF81530D4F80E30CDF81630D4F8D5
:100030001230CDF81A30E38AADF81E30F9F780F8A7
:100040002846F8F7BBF909B030BD0022F6E700BF3B
:1000500098CF04003DED040063ED040038B5038A39
:10006000022B05D845211148BDE838400DF0DFBF0F
:1000700003210C30F4F78EFF027804461AB15721A1
:100080000B480DF0D4FF0121B4F80100F8F7D8FABD
:10009000054610B945210748E6E72178F9F7BAF88F
:1000A0002846BDE83840F8F789B900BF98CF04006A
:1000B000A9ED0400D8ED040030B5038A87B0142BF5
:1000C00006D845212F4807B0BDE830400DF0AFBF3E
:1000D00015210C30F4F75EFF027804461AB157215F
:1000E00029480DF0A4FF0121B4F80100F8F7A8FA9F
:1000F000054610B945212548E5E7217959B9008819
:10010000FFF7C2FB019030B1214857210DF08FFF5E
:1001100001A8FFF7DFFB217889BBE3788DF8043075
:1001200023798DF8053063798DF80630A3798DF841
:100130000730627AB4F8073043EA02430293A37AA5
:1001400001AA8DF80C30B4F80B30ADF80E30B4F8CD
:100150000D30ADF81030B4F80F30ADF81230B4F8FF
:100160001130ADF81430B4F81330ADF8163028461D
:10017000F9F782F82846F8F721F907B030BD0022D8
:10018000F5E700BF98CF040022EE040052EE040011
:100190009DEE04000138032824D8DFE800F00209AE
:1001A000121BF9B9022A34BF00206FF01500704706
:1001B000012917D8022A15D80C4B01EB41010B4439
:1001C00006E005290ED8032A0CD8094B03EB81035E
:1001D000985C7047172905D8042A03D8054B01EB12
:1001E0008101ECE76FF01500704700BF5DEF040080
:1001F00045EF0400CDEE0400884210B500EB020389
:100200000DD98C18A0420DD20B490C4840F2B322F4
:100210000DF0EBFB40F2B32107480DF0DDFBF3D00E
:100220009942F0E7013A114411F8012900F8012B35
:100230008342F9D110BD00BFBBCF0400729504000A
:100240002DE9F0479AB01646DDE923970CAA8446BB
:100250008A4690461D462C4B03F1300E1446186812
:100260005968083303C473452246F7D118681B79CF
:10027000614620602371202204A8FFF7BDFF6B4672
:100280002022224804A900F071F80446C0BB1022C5
:1002900051460DF13500FFF7AFFF102231460DF149
:1002A0004500FFF7A9FF294611F8013B06220DF191
:1002B00056008DF85530FFF79FFF2299062211F85E
:1002C000013B0DF15D008DF85C30FFF795FF4B466B
:1002D00035224146684600F049F8044680B9484650
:1002E00010F037FE012335228DF8303041463B4671
:1002F000684600F03BF8044610B9384610F029FE75
:1003000020461AB0BDE8F0871A56040069EF0400D1
:1003100070B50E461D46144698B00146202204A82A
:10032000FFF76AFF202231460CA8FFF765FF102275
:10033000294614A8FFF760FF102221466846FFF700
:100340005BFF6B465022184604A900F00FF840B935
:10035000039B054A1BBAB3FBF2F102FB11331C9A53
:10036000136018B070BD00BF40420F002DE9F0418E
:100370008EB007460C4615460021182208A81E46D6
:1003800013F0A4FB4FF41053ADF81C308023ADF8EC
:100390001E304FF44063DFF85C801022CDE909384D
:1003A000394605AB07A809F0A3F9024640B145213B
:1003B0000E480DF03CFE6FF004000EB0BDE8F08179
:1003C00006AB0293102322464146CDE9006305980F
:1003D0002B4612F08DF90446059809F039F92043AF
:1003E000EBD0224645210248E3E700BF83EF04003B
:1003F000A4EF04000002C00310B5094C0A44914266
:1004000000D110BD11F8013B58400309E35C000125
:10041000C0B243401809205C1B01DBB25840EEE734
:10042000C2EF04000122024BC3F80424704700BF4E
:10043000002008E037B540230C460A490093411AD2
:10044000491105462346084A084810F005FE011EDA
:1004500005DA2846234603B0BDE83040184703B00C
:1004600030BD00BF2C660020C1100400EC42040027
:1004700010B5EFF31184402383F31288BFF36F8F1D
:10048000074A136823F00201DB07116002D4012040
:1004900002F070FD84F31188BFF36F8F10BD00BFB1
:1004A00084660020C9B2012908B508D9084909485D
:1004B0007E220DF09AFA7E2105480DF08DFA0C226D
:1004C000036901FB0233986C00F0070008BD00BF10
:1004D000DDEF04007295040070B5C9B2012903690B
:1004E0000AD9184918484FF4E8720DF07EFA4FF413
:1004F000E87114480DF070FAEFF31185402484F38D
:100500001288BFF36F8F0C2606FB0134A46C14F025
:10051000C00408D0A24206D085F31188BFF36F8FC4
:100520004FF0FF3070BD012271430B449A6485F394
:100530001188BFF36F8F43680B445B6898470020B6
:10054000F0E700BFDDEF04007295040070B50D46C2
:1005500006490446411A491140220548FFF7BCFFED
:100560002B4601462046BDE8704018472C66002007
:10057000EC420400F8B500220121054640F20510C6
:10058000F3F76AFE0F4802F00DFD0446B8B911F00A
:1005900075FA2F690C4938460DF0EFFA031E09DB96
:1005A0000126BE642D69084905F120000DF0E5FA29
:1005B000031E02DA1C462046F8BD6E65FBE76FF0AD
:1005C0000404F8E755060300705E04007FB50022BE
:1005D0000123CDE9022304ABCDE90433094A6B467C
:1005E000CDF800D0CDF804D010F063FD002805DB75
:1005F00043F609520023684605F0BEFF07B05DF8D8
:1006000004FB00BFCD1004000C22104B014602FB7E
:100610000033002030B4D3E910521864EFF3118096
:10062000402484F31288BFF36F8F9C6C04F0C004E5
:1006300044F002049C6480F31188BFF36F8F1DB1F6
:100640002B4630BC0248184730BC70472C6600204F
:10065000EC42040008B506281BD8DFE800F023238D
:100660000D0F04232300104B986C10F0070019D1D4
:10067000BDE80840FFF7C8BF0120F9E70B4940F289
:10068000FA220B480DF0B1F940F2FA2107480DF0BB
:10069000A3F906494FF4417205480DF0A6F94FF44D
:1006A0004171F3E708BD00BF2C660020DDEF0400B8
:1006B0007295040010B4EFF31182402383F3128883
:1006C000BFF36F8F1748016841F002040460C80748
:1006D00008D482F31188BFF36F8F01205DF8044BBB
:1006E00002F026BC1049D1F80C14C903F1D5EFF380
:1006F000118083F31288BFF36F8F0C498B6C03F06A
:10070000C00343F002038B6480F31188BFF36F8F43
:1007100082F31188BFF36F8F00205DF8044BFFF761
:1007200073BF00BF8466002000E010502C660020DC
:10073000024BC0B203EB4010704700BF2C66002094
:100740002DE9F041012206463F49D1E8EF3FC1E8DB
:10075000E02F0028F9D19BB93C493D484B60CB6064
:100760008A60F0F73DFD00280ADA3A4940F2A322F8
:1007700039480DF03AF940F2A32136480DF02CF932
:100780005EB3731E012B56D8012E06D1334BD3F81E
:10079000503403F00303012B1FD011F031FC054648
:1007A000E8B92F4B1B78D3B1042207462B4BC3F873
:1007B00008232A4CDFF8AC80D4F84C24D4F84C340D
:1007C000D20315D503F00303012B01D0012E0FD165
:1007D00065B387F31188BFF36F8FBDE8F081EFF346
:1007E0001187402383F31288BFF36F8F0125E0E761
:1007F000BDB138460DF0F6FFD4F8403413F0FF03D6
:10080000DAD1D4F80821002AD6D0C4F80831D4F8B7
:10081000083120220123C4F84034C8F8A021236104
:10082000CAE70021202007F0F3FBE5E704220B4B89
:10083000C3F80423D1E7074940F2B52206480DF07A
:10084000D4F840F2B52198E7286600201866002009
:100850004C660020DDEF04007295040000E01050AB
:100860007F76002000E100E008B5074811F0E2FAC9
:1008700038B10648F4F774F80448F0F787FA002016
:1008800008BD6FF01200FBE77843040091080300F5
:100890000A2838B50446074D04D1AB680D21284617
:1008A0005B689847AB6803485B68E1B298472046AD
:1008B00038BD00BF784304000023024A0020C1E98C
:1008C000002370470050160000487047945E0400F3
:1008D000024B0B6001231360704700BF9C5E040055
:1008E00008B501220548114611F015FB02F0C2FBC4
:1008F000034B044A0020C3F80C2508BD886600207D
:1009000000B004508000008010461A46084B10B515
:10091000994209D8C1F5B21404F58054A24203D813
:1009200013F0C7F8002010BD6FF01500FBE700BF03
:10093000FF4F160038B542F201030F4D1446C5F8BB
:100940000035A1B113F0B5F8BFF35F8FD5F81834B7
:10095000DB0706D4C4F308041CB10123AB60BFF36A
:100960005F8F4FF40052044BC3F8002538BDFF21C0
:1009700013F0ACF8E8E700BF00B00450F0B51D4B31
:10098000054698420F46144687B030D8C0F5B213DA
:1009900003F580539A422AD8FAB14FF0FF324FF054
:1009A000FF33154805F0E8FD11F06BF80646B8B1C5
:1009B00001238DF81430114B4FF4FA50009302AB21
:1009C00004940193CDE9027502F05CFB684602F0E5
:1009D0005FFB0446084805F065FD204607B0F0BD02
:1009E000224639462846FFF7A5FF3446F2E76FF066
:1009F0001504F2E7FF4F160088660020D1110400AD
:100A000000487047E85E04002DE9F34743680F1E75
:100A100006461546D3F828806CDBBB18434569D8D9
:100A200042EA0704C4F30B04002C63D1006910F000
:100A300016FC4FF0FF39002D55D0002C53D1234622
:100A4000CDE9004480220621304610F00EFC044619
:100A5000002848D1A84513D10346CDE900008022E3
:100A6000C721304610F001FC00250446002C3AD185
:100A700040F21B620023304610F058FC0446DAE7CF
:100A800082461E4B5A7882B109FA02F137EA010117
:100A90000BD101219140A94207D8BAF1000F1ED015
:100AA0009AF80110914238BF9A460134042C03F1A0
:100AB0000203E7D1BAF1000F13D0002381229AF884
:100AC00000103046CDE900333B4610F0CEFB012349
:100AD0009AF80120044693401F44ED1AC6E79A464F
:100AE000E3E76FF01504306910F0B7FB204602B061
:100AF000BDE8F0876FF01504F8E700BF00F20400CE
:100B00002DE9F041044686B000694FF0FF32012123
:100B100011F001FA6668306811F08CF9D8B1337EB3
:100B2000A3B996F84030D9061BD4206910F097FB82
:100B3000204610F093FC021E80F28C804521B448C0
:100B40000DF075FA206910F088FB04E0F06811F0F0
:100B500071F90028E5D16FF01205284606B0BDE80E
:100B6000F081306A11F066F920B94521A9480DF0ED
:100B70005EFAF0E7306A96F82410F38C03F0300246
:100B8000302AD0F810C0D0E9015E0AD1A24940F263
:100B9000F732A2480CF029FF40F2F7319E480CF0E2
:100BA0001BFF03F00602042A08D19B4940F2FE32E3
:100BB0009A480CF01AFF40F2FE31EFE701272D684A
:100BC000DA0707FA01F754BF43F4D01383F4B013E4
:100BD0002F4223F4801208D18F4940F211428F48EE
:100BE0000CF003FF40F21141D8E7DCF80050DB07BE
:100BF0004CBF3D43BD43CCF80050DEF80030984771
:100C000010B145218648B2E70121306A96F82420C8
:100C10000369914042681268114208D17E4940F24E
:100C2000A2627E480CF0E1FE40F2A261B6E71B68CA
:100C30001942836814BFDB681B6998470546002882
:100C40003FF473AF002D80F20C8115F1860F00F098
:100C5000088182E7204610F058FB051E26DDE807D4
:100C60001AD4206910F0F9FA206910F0F8FA4FF060
:100C70000308002305AF1A469F212046CDF80480C3
:100C8000009710F0F2FA0546206910F0E6FAC5B1B7
:100C90002A464521634811E0572163480DF0C7F902
:100CA00000220023204610F041FB0546206910F089
:100CB000D4FA002DD8DA2A4645215C480DF0B7F960
:100CC00049E73846424606F1340113F09CF80746DE
:100CD000B0B196F836304521039396F835309DF83B
:100CE0001420029396F83430514801939DF8163041
:100CF0006FF0150500939DF815300DF098F92CE76D
:100D000096F83830002B36D0206910F0A8FA20462B
:100D100010F0FBFA051E29DD96F83830802225EA0E
:100D2000030506213B462046CDE900778DF8135098
:100D300010F09BFA054630B1206910F08EFA2A4671
:100D400045213C48BAE701210DF1130300938022AD
:100D500003460191204610F088FA05460028EBD1A1
:100D600000220023204610F0E1FA0546206910F029
:100D700074FA002DE3D196F837506B1EDBB2FD2BD1
:100D80001FD815F00B0F3FD0206910F068FA15F04E
:100D9000080320D00123802201930DF11303009357
:100DA000172100238DF81320204610F05EFA054627
:100DB00020691DBB037F43F001030377206910F016
:100DC0004CFA206910F04BFA636893F840309A07A8
:100DD00034D4206943E0A90705D400238022B72139
:100DE000CDE90033E0E7802206212046CDE900333B
:100DF00010F03BFA05460028EFD0206910F02DFADC
:100E00002A4645210C4859E76FF08505F8E700BFF1
:100E1000DDF0040071F004008AF004007295040013
:100E2000BBF004004AF10400FAF004001CF10400D5
:100E300068F10400ABF10400C5F104000023802236
:100E4000B9212046CDE9003310F00FFA054620BB4A
:100E50006368266993F840309B070FD4304610F042
:100E6000FCF9206910F0FBF9204610F0F7FA05466E
:100E7000206910F0F2F905EAE5756EE611F044F923
:100E80004FF47A75A0FB050747F61222002305FBF5
:100E90000171E5F7BDF9B0619BE7206910F0DDF95C
:100EA000D0E600BF10B5036941B91C494F221C4868
:100EB0000CF09BFD4F2119480CF08EFD486830B9AD
:100EC0001649502216480CF090FD5021F3E758685F
:100ED000F8B1884219D19C680868A142586000D1D5
:100EE0009860002008602AB15A680A609A685960C0
:100EF00002B99960002010E0814206D108682060A4
:100F000098688142EDD19C60EBE7044600680028B8
:100F1000F2D1002AE8D16FF0150010BD08F20400EC
:100F20007295040008B503685F2B4FEA531107D888
:100F30000B4A03F01F0352F82120DA40D2070AD4EB
:100F4000084909484FF474720CF04FFD4FF4747166
:100F500004480CF041FD0360044B53F8210008BD28
:100F6000FC5E040044F2040072950400F05E04008C
:100F700070B5446801F01F05207C86B045EA401535
:100F8000A068002870D0B2F5001F04D1294603F0F4
:100F900095FC00204DE06068667CB2F5800F4662EB
:100FA0004FF0000601A80196466031D1B3F1007FF1
:100FB00014BF052304238DF804300023CDE9040376
:100FC0000393E368CB40D90735D4B2F1A07F32D187
:100FD00068460095FFF7A6FF009B203350F82330AA
:100FE000DB0728D46A462946A06803F009FB1630BF
:100FF00019D0CDF808D02946A06803AA03F0A0F9BB
:10100000002816DB01222946A06803F0DDFBC0E7BB
:10101000B3F1C06F05D0B3F1007F14BF01230223E9
:10102000C9E70323C7E76946A06803F0ADFB0028C2
:10103000DFDA06B070BD6A462946A06803F0E0FA20
:101040000028D8D19DF80010A06803F081FB00288B
:10105000D1D00749074840F2F1120CF0C6FC40F22B
:10106000F11103480CF0B8FC6FF08500E1E700BF18
:1010700077F20400729504002DE9F043466840F2CF
:101080000635337CD00601F01F0747EA431748BFF7
:10109000032302EA050558BFC2F3401387B0B5F534
:1010A000837F14468DF8033044D00DD8062D43D0ED
:1010B00005D8A5B1022D12D06FF0150037E0B5F5B7
:1010C000807FF9D101250AE040F20222954235D015
:1010D000B5F5407F34D0B5F5007FEDD1042501236F
:1010E000220303FA01F12DD573685960B06870BB13
:1010F00003A80397FFF716FF039B00EB830084F41C
:101100008033C3F30043C4F34044D0F8802044EA62
:1011100043049DF8033022F4706244EA830422F011
:101120000F0244EA05231343C0F88030002007B0C3
:10113000BDE8F0830925D2E70825D0E70625CEE7EC
:101140000525CCE7630344BF73689960CEE7394651
:101150000DF1020203F054FA14F4403F804616D118
:101160003946B06803F0DEFAB8F1000FDED19DF821
:101170000210B06803F0ECFA0028D7D01D491E48D1
:10118000FC220CF032FCFC211A480CF025FC4FF03C
:10119000000901ABCDE90199CDE90439CDF80C90F6
:1011A0003946B06803AA03F0CBF84845BEDB14F417
:1011B000003314D09DF8033084F48034C4F3004429
:1011C0008DF80E308DF80C508DF80D404B46394699
:1011D000B06803AA03F078F90028C5DAA6E7CDE9DC
:1011E00004330DF1030303933946B06803AA03F0F7
:1011F000A7F8F1E777F20400729504004209022A89
:10120000034670B503D0012A1BD0E2B170BD134E66
:10121000326951680029F9D0012503F01F030C68D9
:101220009D400029F2D08A682A4010D04B6863B9EB
:101230000B490C4874220CF0D8FB742108480CF0C0
:10124000CBFB094EE4E7094EE2E7304698471CB174
:10125000236821461C46E4E72346FAE7404304009E
:1012600008F20400729504002443040008430400BB
:1012700038B54568A868C0B103F03CFA0146A0B98A
:10128000A86803F0EBF9044688B902460949A86842
:1012900003F0A2F922460121DB20F2F7DDFF22460E
:1012A000012140F20D10F2F7D7FF002038BD6FF09A
:1012B0000400FBE7FD11030008B503685F2B4FEA4C
:1012C000531107D80B4A03F01F0352F82120DA40CC
:1012D000D2070AD4084909484FF474720CF085FB10
:1012E0004FF4747104480CF077FB0360044B53F81F
:1012F000210008BD505F040044F204007295040010
:10130000445F04002DE9F04F1546824640F2FF1974
:10131000DFF870B185B000EB8108D04503D1002023
:1013200005B0BDE8F08FDAF80010C1F3C322082A37
:10133000C1F3080400F2A080514B4C4508BF4FF0A8
:10134000FF34B1F1D05F9F5C4FEA116210D2192ACD
:1013500012D8DFE802F014226562293062111111FF
:1013600011111111111111111111111168737679E7
:10137000382A6CD04E2A53D06FF08500D0E7C5F8DC
:101380000446601C14D0012603A80394FFF794FFC1
:10139000039A06FA02F2426004E0C5F80C46621CA9
:1013A00006D00026314614E0631CC5F8004661D122
:1013B0000AF1040AB1E7661CC5F80446F8D0012614
:1013C00003A80394FFF778FF0121039A01FA02F2C0
:1013D0008260DAF80020039402F40040002818BF6D
:1013E000002103A818BF012601920091FFF764FFB6
:1013F000039C019A00EB8400D0F88040C2F3412C9A
:1014000000993A0242EA8C020A4304EA0B0422439E
:1014100042EA4602C0F88020CAE7C5F80846BEE79F
:10142000C5F81046ADE7C5F86045611CDAF8002044
:10143000BED0C2F30042002AC1D0A4E7C5F864457B
:10144000F3E7C5F86845F0E7C5F86C45EDE703A894
:101450000394FFF731FF039A631C00EB8200D0F87E
:10146000802022F0E04242F08042C0F880209FD0ED
:10147000012697E70026A3E76FF0150050E700BFAD
:10148000C5F20400F0F0FCFF2DE9F04104460D46E2
:10149000476810F0B5FD88B14021EFF311831A467B
:1014A00081F31288BFF36F8F60680068D0F8300155
:1014B000D0B983F31188BFF36F8FEEE71E4B1B7813
:1014C000002BE9D04FF04008642663681B68D3F80E
:1014D0003031FBB9012010F0E6FA013EF5D10021D0
:1014E000202006F095FDEFE77B6A00201D70636801
:1014F000796A1B68C3F83C170121C3F84017C3F889
:101500003001D3F83001196582F31188BFF36F8F72
:10151000BDE8F081EFF311831A4688F31288BFF318
:101520006F8F61680968D1F830110029DCD183F32D
:101530001188BFF36F8FD2E77F76002008B503686C
:101540005F2B4FEA531107D80B4A03F01F0352F8E1
:101550002120DA40D2070AD4084909484FF47472AE
:101560000CF043FA4FF4747104480CF035FA036040
:10157000044B53F8210008BDB85F040044F2040096
:1015800072950400AC5F0400034610B50A46197951
:101590000123006803FA01F1436804691B681942DA
:1015A0000AD10C490C4840F2A2620CF01EFA40F23B
:1015B000A26108480CF010FA2368194218BF82F0A3
:1015C000010222B18368DB68BDE8104018478368D8
:1015D0001B69F9E78AF00400729504002DE9F843CD
:1015E0004568012107690646686B10F05CF8E96BF5
:1015F000481C16D0A86B10F028F910F1130F044600
:1016000008D145213D480CF012FD6FF01204204630
:10161000BDE8F883411D04D1452139480CF007FD90
:10162000F5E74FF00108EB6A98473D6BD7E90C32BC
:1016300003EBC2039D420AD307F1280010F062F8C1
:1016400073680021586B10F02EF80024DFE728683B
:1016500010F0F0FB38B92A6845212B791268294827
:101660000CF0E5FCD1E728682979EB8803F030021B
:10167000302AD0F810E0D0E901490AD1224940F2DD
:10168000F73222480CF0B1F940F2F7311E480CF065
:10169000A3F903F00602042A08D11B4940F2FE32E6
:1016A0001A480CF0A2F940F2FE31EFE72468DA079D
:1016B00008FA01FC54BF43F4B01383F4D0131CEABE
:1016C000040F23F4801208D10F4940F211420F4851
:1016D0000CF08BF940F21141D8E7DEF80040DB074F
:1016E0004CBF4CEA040424EA0C04CEF80040D9F8BC
:1016F00000309847041E8ADB083597E7E9F20400BA
:1017000019F304003BF304008AF00400729504000E
:1017100010B502780346002A6CD10C69D4F89020E9
:101720003AB9D4F88C006FF07301BDE8104010F0A6
:1017300012B8D4F8840050B1D4F8881039B1DB68FD
:101740002BB1834203D0D4F89C1012F0B2F9D4F834
:101750008030D4F890202BB19A4214D945212648E4
:101760000CF065FCD4F88830D4F890202BB19A4264
:1017700023D9452120480CF05AFCD4F88C00BDE850
:1017800010400FF0FABF9B1AC4F880307BB9E36EAB
:1017900004F180020833E366236F04F17001013B1A
:1017A000236704F16C000FF06BFFE067DAE7E36F8B
:1017B000002BD7D01344E367D4E79B1AC4F88830D2
:1017C00083B9636F04F1880208336367A36F04F180
:1017D0007801013BA36704F174000FF051FFC4F8D6
:1017E0008400CAE7D4F88430002BC6D01344C4F870
:1017F0008430C2E710BD00BF64F304002DE9F04F50
:101800009A4643688FB000938B8807460469980412
:101810008946934630D44FF0FF324FF0FF3304F146
:10182000380004F0A9FEC4F82C907D68D7F8108029
:101830002B68019398F8953023B1D8F82830994552
:1018400000F09A80B9F804C01CF4006F1BD0452149
:101850009F480CF0ECFB6FF08505A36A13B19B88E1
:101860009B0405D40023E36204F1380004F01AFE5F
:1018700028460FB0BDE8F08F236C002BCBD1E36A74
:101880009942C8D1D1E71CF0010F07D045213A6831
:1018900090480CF0CCFB6FF01505DEE71CF0080F4C
:1018A00004D045218C480CF0C2FBF4E7CCF345137F
:1018B000082B02D045218948F5E7D9F800E0884B8C
:1018C0009E4502D845218748EDE704AE04350FCD8B
:1018D0000FC60FCD0FC6019B95E80300734594BF5B
:1018E0000993CDF824E01CF0020F86E803000CF009
:1018F000040331D0002B14BF032302238DF82830BA
:10190000CCF300138DF82930D8F80030D3F8003626
:10191000591C0AD01CF0020F039303A820D1FFF733
:101920000DFE0123039A9340836098F895302BB104
:10193000404603F00BFE002388F895303B464046B6
:10194000694A04A903F0D0FD051E10DA2A46452194
:1019500066480CF06CFB80E7003B18BF0123CDE725
:10196000FFF7ECFD0123039A93404360DDE7012379
:10197000C8F8289088F89530012384F89430009BAB
:10198000D96B4A1C08D0986B00F0DCF8743003D196
:10199000572157480CF04BFBBBF1000F6CD1C4F83A
:1019A0006CB00023236704F1800204F1700104F19C
:1019B0006C000FF065FEE067BAF1000F64D1C4F867
:1019C00074A00023A36704F1880204F1780104F1F4
:1019D00074000FF055FE002504F128062A46012167
:1019E000C4F88400A56630460FF06CFE38460FF050
:1019F000C4FE2A462B46206F83424DD10023194650
:101A0000A56FA9424FD19A4238BF1A464FF4FA53F4
:101A10004FF0000803FB02F5A36A47F6122C1B687F
:101A20004146B5FBF3F540F2E730C8354FF47A7222
:101A30000023E5FB0C01E4F7EBFB04F15006024642
:101A40000B46304604F098FD024698B345212948DC
:101A50000CF0EDFA2046C4F8908003F077FD6FF0AB
:101A60007301384684F895800FF075FE304604F017
:101A7000E3FD6FF07305F0E6DBF80030E366002B62
:101A80008FD0DBF804308DE7DAF800306367002B85
:101A900097D0DAF8043095E7E16E01EBC3014968AD
:101AA00001330A44A8E7606F00EBC10040680131D0
:101AB0000344A6E7A56E15F1740FCBD0002D3FF4BB
:101AC000CCAE3869114628300FF0FCFDC5E600BFEA
:101AD00087F30400A6F30400CDF30400F1F304003F
:101AE00047E8010025F40400111703005BF404002B
:101AF00085F40400B4F4040008B503685F2B4FEAD2
:101B0000531107D80B4A03F01F0352F82120DA4083
:101B1000D2070AD4084909484FF474720BF065FFE4
:101B20004FF4747104480BF057FF0360044B53F8F3
:101B3000210008BD3C60040044F2040072950400DA
:101B400030600400F7B50C46054610F0E3F80022BB
:101B500021460646284602F037FE01A80194FFF709
:101B6000CBFF019B00EB8302D2F88010154B0B409A
:101B700043F00C03C2F880300FF095FE07462B6847
:101B80009B59B3B100262146284602F097FE01A8D2
:101B90000194FFF7B1FF019B00EB8300D0F8802098
:101BA000084B134043F00403C0F88030304603B0C4
:101BB000F0BD0FF078FEC01BC728E0D96FF07306A8
:101BC000E1E700BFF0F0FCFF70B40D4CD4E9006514
:101BD000901B63EB0501400940EAC160410189198E
:101BE00045EBD065C4E90015002400250549C1E98D
:101BF0000023054BC3E9004570BC06F05DBE00BF85
:101C000070270020582700206827002008B50022F0
:101C10000121E420F2F720FB164A0020D2F8183701
:101C200023F44033C2F8183703F076F8002820DB9D
:101C30000120114903F020F900281ADB03F032F8E3
:101C40000E4B20F01F00C3E900010D4B0022C3E939
:101C500000014FF0FF304FF0FF310A4BC3E90001A4
:101C6000094B0A49187A03F041F867220020084B13
:101C70001A6008BD00200E50D406002070270020F6
:101C80005027002058270020CC060020C91B030045
:101C9000EC66002008B503F005F8064AD2E90032E8
:101CA000C01A054B61EB0201C3E90001400940EA9B
:101CB000C16008BD702700206827002010B503F020
:101CC00041F90120FEF734FDEFF70EFB00280ADA98
:101CD0000C490D4840F207220BF087FE40F2072125
:101CE00008480BF079FE094B094A1B684FF47A70DB
:101CF000BDE81040B3FBF2F35843064B43F0010339
:101D0000184700BFF7F4040072950400D8060020BD
:101D100040420F0060560400F7B5224B0146224FA7
:101D2000187A224BD7E90056D3E900239E4208BF18
:101D3000954211D1B1F1806F0ED24901012938BF0E
:101D4000012101224D1946F10006C7E9005603B0F2
:101D5000BDE8F04003F094B9154BDFF858C0D3E963
:101D60000043DCE9002CA41843EB0C0C4FF0200ED0
:101D700022466346C1FB0E23954276EB0301C7E979
:101D800000230DD2291B66EB0C04C82974F1000452
:101D9000B4BF01210021009103F034F903B0F0BD7C
:101DA0000021F8E7CC0600206027002058270020FB
:101DB00070270020682700202DE9F04112F0FC6F09
:101DC0001346D0E9014706690AD036494FF47D72BF
:101DD00035480BF00AFE4FF47D7132480BF0FCFDE4
:101DE00002F03002302A08D12E4940F2F7322E4854
:101DF0000BF0FBFD40F2F731EFE72C4A2C4D1A4077
:101E0000AA4208D1274940F2FB3227480BF0EDFDEA
:101E100040F2FB31E1E703F00602042A08D1214930
:101E200040F2FE3220480BF0E0FD40F2FE31D4E7F4
:101E300013F4402212D09D0308D41A4940F2014203
:101E400019480BF0D2FD40F20141C6E7B2F5402F30
:101E500014D0184A9A4301D183F440230125246801
:101E60008D40254223F4801211D10E4940F21142D7
:101E70000D480BF0BAFD40F21141AEE7094940F2BE
:101E8000054209480BF0B1FD40F20541A5E7346871
:101E9000DB074CBF2C43AC4334603B68BDE8F041EA
:101EA000184700BF8AF00400729504000200030086
:101EB0000200010001001000012310B503FA01F136
:101EC000436804691B6819420AD10C490C4840F266
:101ED000A2620BF08AFD40F2A26108480BF07CFD83
:101EE0002368194203D022B183681B6903E0002AEA
:101EF000FAD08368DB68BDE8104018478AF0040018
:101F0000729504002DE9F041074688460025104EE1
:101F100027FA05F212F0010210D128FA05F3DB07C7
:101F20000ED531793068FFF7C7FF044640B145212F
:101F300008480CF07CF82046BDE8F0810122F0E76B
:101F40000135042D06F10806E2D10024F3E700BFB5
:101F50004860040029F5040070B500260C4CE288A6
:101F60002068217942F40032FFF726FF054648B980
:101F70000136042E04F10804F1D1BDE870400F21B0
:101F8000FFF7C0BF452103480CF051F8284670BD4B
:101F90004860040044F5040003280A4610B507D938
:101FA00045210B480CF043F86FF01504204610BD96
:101FB000084B03EBC001097953F83000FFF77CFFB1
:101FC00004460028F2D0452103480CF030F8EDE734
:101FD00063F504004860040029F5040002460B463E
:101FE000014803F0BDBF00BF9C080020014804F079
:101FF0006DB800BF9C0800200348452108B50CF0CF
:1020000016F80020F3F762F897F504001FB50024D6
:102010000A2201940294CDF80B400091014601A8D8
:1020200011F013FF4521009B064801AA0BF0FFFFAA
:1020300084F31188BFF36F8F0323184602DF04B0C7
:1020400010BD00BFB9F5040070B5064690B00D464E
:102050004348444904F032FD0BA8CEF70BFE49215A
:10206000414A42480BF0E3FF142203200BA9EFF78B
:10207000F9FC3F480FF0DEFE40B945213D480BF02A
:10208000D6FF6FF01204204610B070BD3A4B02A884
:102090000293CEF741FE024630B1452137480BF09E
:1020A000C6FF6FF01504EEE74FF0FF304FF0FF3141
:1020B000FFF794FF04460028E5D131493148CEF7B7
:1020C00097FD044610B1FFF791FFDCE76FF077034F
:1020D0008DF8153013238DF814008DF817008DF846
:1020E000180005A88DF81630D6F7C0FA20B1FFF712
:1020F0007DFF6FF08504C6E740F6012307A807932C
:102100008DF82040D6F7B2FA0028F0D1022309A8B2
:10211000CDF825408DF82430D6F7A8FA0028E6D16E
:1021200041F64C5303A80393D5F7C4FE0028DED133
:10213000012301A88DF80430E8F71AFC0028D6D155
:10214000114B04A80493D5F7BDFE0028CFD1FFF7AB
:102150004DFF33690D481D60F3F77AFA93E700BF2E
:10216000F46600205F190400E3F5040064A1040094
:102170005C4304000AF60400912103002FF60400DA
:102180007827002059230300905F01002D230300CE
:1021900003460A4610B50D4881680C6844B90C49DD
:1021A0000C485D220BF021FC5D2109480BF014FC6A
:1021B0001946A04748B1084906484FF436720BF05B
:1021C00014FC4FF436710448F0E710BD5C43040082
:1021D00058F60400729504008CF6040030B54448AB
:1021E00085B0CEF7A5FB044600287CD10125CEF7AB
:1021F00053FDE4F730F8E4F730F8E4F730F8CEF7C1
:1022000065FDCEF771FDE4F72CF82946204601AABA
:102210008DF80450CEF7EEFB031E63DB022120464F
:1022200001AA8DF80440CEF7E5FB031E5ADB082314
:102230000721204601AAADF80430CEF7DBFB031ED0
:1022400050DB4FF0FB13019340F2032303212046A0
:1022500001AAADF80830CEF7CDFB031E42DB042106
:10226000204601AA8DF80440CEF7C4FB031E39DBDB
:102270001F230621204601AAADF80430CEF7BAFB91
:10228000031E2FDB03230521204601AA8DF804300D
:10229000CEF7B0FB031E25DB1621204601AA8DF8E0
:1022A0000450CEF7A7FB031E1CDB40F201131721DD
:1022B000204601AAADF80430CEF79CFB031E11DBCB
:1022C00041F6F352934211DD45210A480BF0AFFE6F
:1022D000002383F31188BFF36F8F0423184602DFB6
:1022E0006FF00B031C46204605B030BD0023F9E714
:1022F0000D200300C5F6040008B5084908480FF092
:102300006FFE002808DA074907482F220BF06DFB03
:102310002F2104480BF060FB08BD00BFF4660020CD
:1023200070450020EDF6040072950400094B93F807
:10233000FB31042B02D1810709D47047022B02D153
:10234000020704D47047082B03D1830601D5FFF799
:10235000D3BF70478071002070B53A4C94F8FB31C0
:10236000CBB194F8FB21042A36D120783E2824D121
:10237000A678B31E5E425E41002200233146F3F789
:1023800071F90546D8B9BEB1002384F8FB31BDE828
:102390007040FFF7B1BF4FF0FF304FF0FF31FFF754
:1023A0001DFE48B9204604F2FB1100F0A7FC0546CB
:1023B000FFF71CFE002DD4D070BD0026DCE762784C
:1023C0000232204905F10C000CF07FFA1E4B294621
:1023D0001B681E489847D7E7022A21D10022002314
:1023E0000820F3F7F3F805460028E5D062880432A8
:1023F000B2F5FE7FE5D340F2FB13452114480BF004
:1024000016FE6FF00B02452112480BF010FE002360
:1024100083F31188BFF36F8F0423184602DFB3E7FD
:10242000082A09D1002200232020F3F7CFF8628880
:1024300005460028DBD1BFE7452107480BF0F7FD33
:10244000A2E700BF80710020F066002094430400E2
:1024500016F704007AF704003CF70400F7B58A4D3C
:1024600006462B78002B40F0418404238DF807307A
:10247000864B04881F68B7B10DF106030DF1070202
:10248000691CB84701280ED09DF80630002B40F09B
:10249000BA839DF807300E22AB7001236A70EB708F
:1024A000AC80A871B8E3B4F5105F4FEA94230BD267
:1024B000002B00F01584013B072B08D8DFE803F060
:1024C00009073D7F070707C63F2B00F03D8301202A
:1024D00099E3304640F2064230F9033B93420ED076
:1024E00040F21D42934217D0012040F206439C4225
:1024F00000F0898340F21D439C4234D183E3D4F73A
:102500005FFF42F20C039C42EFD9A4F500530D3B50
:1025100041F241229BB2DBE3D5F710F842F21903F6
:102520009C42EED942F232039C4200F06C83A4F547
:102530000153033B012B16D865E3304640F6634256
:1025400030F9033B93422ED010DC40F60342934215
:102550001DD040F62D4293421CD040F601429342DA
:10256000B5D1CEF721FC012893D1B0E740F67B42EC
:1025700093421BD040F67C429342A8D19DF807308D
:10258000434902338DF80730E8F705F9EBE7E3F745
:1025900059FEE8E79DF807303D4903338DF80730D1
:1025A000E7F7F1FDDFE7CEF711FCDCE79DF8073038
:1025B000374904338DF80730E8F7C9F8D3E7338893
:1025C000A3F58053013B082B81D801A252F823F0D8
:1025D000F5250300072603001B260300CF24030074
:1025E000CF240300CF240300CF240300CF24030013
:1025F0003B2603009DF80730254808338DF8073047
:10260000E7F7AFFDAFE79DF80730214840338DF87D
:1026100007300FF0A6F900203BE700229DF80730B5
:1026200008338DF807301A4B1A605A60EB7A23F0A2
:10263000600343F06003EB72EDE79DF80730144848
:1026400006338DF80730E7F7FBFD8CE7304642F2A2
:102650004E0130F8033B1AB28A4200F3BF80B2F554
:10266000005F42F26D0215DC944240F2378342F281
:1026700094039C4200F2388342F276039C427FF638
:1026800026AF01201FE300BF7C73002004670020F9
:1026900083730020A3F50053013B4D2BE4D801A127
:1026A00051F823F0C9280300EB280300FD2803009C
:1026B000692603000F290300692603006926030029
:1026C0006926030069260300692603001529030013
:1026D0001B29030021290300272903006926030081
:1026E0006926030069260300692603002D290300DB
:1026F00033290300392903004B2903005129030022
:102700006329030075290300692603006926030075
:102710007B2903006926030069260300692603005C
:102720006926030069260300B1290300C3290300B9
:10273000D52903006926030069260300DB2903006D
:10274000E1290300E7290300ED29030069260300BE
:1027500069260300FF290300052A03000B2A030052
:102760001D2A03002F2A0300352A030069260300CF
:102770006926030069260300692603006926030011
:102780006926030069260300692603006926030001
:1027900069260300692603006926030069260300F1
:1027A00069260300692603006926030069260300E1
:1027B00069260300692603006926030069260300D1
:1027C0006926030069260300692603003B2A0300EB
:1027D0007D2A03008F2A03004D2A0300A3F501532D
:1027E000343B9AB2322A42F26D023FF63DAF322BB1
:1027F0003FF63AAF01A151F823F000BF952A03003C
:1028000069260300532A0300652A03006926030092
:10281000692603006B2A030069260300692603006A
:102820006926030069260300692603006926030060
:102830006926030069260300692603006926030050
:102840006926030069260300692603006926030040
:10285000A12A0300B32A0300B92A0300CB2A0300EC
:10286000D12A0300E32A0300E92A0300FB2A03001C
:10287000012B0300072B03000D2B03001F2B03006C
:1028800069260300692603009B2A030069260300CA
:1028900069260300692603006926030069260300F0
:1028A00069260300692603006926030069260300E0
:1028B00069260300692603006926030069260300D0
:1028C000252B0300372B0300CEF78AFA42F26D0363
:1028D0009C4261D942F294039C4200F2758142F21B
:1028E00076039C4200F2EF813DE69DF80730B14847
:1028F00003338DF80730D4F759FDE7E79DF807302B
:10290000AC4808338DF80730E7F7A4FEDEE7E7F7B9
:10291000B4FCDBE7D4F7F8FED8E7E7F79AFDD5E794
:10292000D5F7D8F9D2E7D5F73BFACFE7E7F7B4FD0B
:10293000CCE7E7F729FEC9E79DF807309D49073343
:102940008DF80730E7F7A7FCC0E7E7F773FEBDE7B0
:102950009DF80730974910338DF80730E7F74FFCA3
:10296000B4E79DF80730934808338DF80730E7F750
:1029700004FCABE7E7F7BCFEA8E79DF80730083397
:102980008DF807307023EB714023EB7242F26D0338
:102990009C4200F28E81002042F263039C427FF64B
:1029A000BDADA4F50153243B40F2F5229BB28FE16B
:1029B0009DF807307F4902338DF80730E7F78CFC2C
:1029C00084E79DF807307B4804338DF80730D4F74F
:1029D0007FFD7BE7D4F764FD78E7E7F75AFB75E7FF
:1029E000E7F77AFB72E7E7F7AAFB6FE79DF8073096
:1029F000704801338DF80730E7F7AFFB66E7E7F77C
:102A00008EFB63E7E7F782FB60E79DF807306948D4
:102A100008338DF80730E7F793FC57E79DF8073048
:102A2000644904338DF80730E7F7B2FC4EE7D4F77A
:102A300059FD4BE7E7F7E2FC48E79DF807305D48B2
:102A400002338DF80730E7F7B9FB3FE7E7F789FC7A
:102A50003CE79DF80730574905338DF80730E7F715
:102A6000DAFE33E7E7F7FEFE30E79DF8073051491D
:102A700002338DF80730E7F712FF27E79DF807309C
:102A80004C4804338DF80730E7F7A9FB1EE7D4F76D
:102A900043FC1BE7E7F7C8FF18E7E7F779FF15E7FF
:102AA0009DF8073043481C338DF80730E7F7E2FF05
:102AB0000CE7E8F79FF809E79DF807303D49023336
:102AC0008DF80730E8F74DFA00E7E8F7D8F8FDE6AB
:102AD0009DF80730374902338DF80730E8F705F9DC
:102AE000F4E6D5F763FAF1E69DF807303149023391
:102AF0008DF80730E8F743F9E8E6D5F7A3FAE5E6FD
:102B0000E8F754FAE2E6D5F73DFCDFE69DF807303A
:102B1000284902338DF80730D5F7A2FCD6E6E8F74E
:102B200079FAD3E69DF80730224822338DF8073032
:102B3000E7F7F4FFCAE69DF807301E4902338DF827
:102B40000730E8F7C9F9C1E630464FF60B4230F8D6
:102B5000033B934224F0080211D8B3F57C4F7FF673
:102B6000B6ACA3F57C43013B0A2B00F2BD80DFE845
:102B700003F02331BBBBBB6ABBBB58616D0003F2E2
:102B8000FD2189B218293FF6A2ACA3F57D43033B92
:102B9000182B00F2A980DFE803F062A765A7A7A7BA
:102BA000A768A7A77AA7A76B6E77A77DA786A7A711
:102BB000A7A78900837300209DF807304D480C3388
:102BC0008DF80730E3F74FFB4FF6025224F008036D
:102BD000934292E400209DF8073040338DF807308F
:102BE000444B1880EB7923F0230343F02303EB716C
:102BF0002B7A23F0070343F007032B724FF602539F
:102C00009A427FF408AD0F236B700423AB7001234D
:102C1000E8702B71A5F80540012300202B7003B04C
:102C2000F0BD9DF80730334817338DF80730E3F7D0
:102C300035FBC9E79DF807302E4820338DF8073063
:102C4000E3F750FBC0E7E3F727FBBDE79DF807304C
:102C5000284801338DF80730E3F761FBB4E7E7F765
:102C600087FEB1E7D5F726F9AEE7E7F747FEABE712
:102C7000E7F762FEA8E79DF807301E4903338DF899
:102C80000730E7F765FE9FE7D5F71CF99CE7E3F708
:102C90005CFB99E79DF80730164904338DF807303F
:102CA000E3F759FB90E7D5F715F98DE7D5F71EF94E
:102CB0008AE742F294039C4214D842F276039C4283
:102CC0007FF6A9AC0020A4F50153373B0A4A9BB21A
:102CD00022FA03F3DB077FF546AC94E701205BE6BD
:102CE000012040E400206FE701206DE74FF0FF3046
:102CF00095E700BF837300208140A82638B5094CB2
:102D00000D4623781BB9BDE83840E3F76CBDA278C7
:102D1000611C023210F0CDFE0020042320702B70C5
:102D200038BD00BF7C73002070B506460C460D4DC3
:102D300028460FF07FF888B1A2B2AB681B6843B990
:102D400009490A485D220AF050FE5D2106480AF052
:102D500043FE31462846BDE8704018476FF0120028
:102D600070BD00BF5C43040058F604007295040077
:102D70004FF40071014806F0F1B800BF7F740020E5
:102D80001FB500240A2201940294CDF80B40009153
:102D9000014601A811F059F84521009B064801AAF7
:102DA0000BF045F984F31188BFF36F8F03231846A6
:102DB00002DF04B010BD00BFD7F70400322337B5DF
:102DC0000125ADF8043000231C216846134A8DF814
:102DD0000630ADF800508DF80230E2F7EDFD044604
:102DE000C8B90EF07DF980B2E1F7FAF929460C482E
:102DF000EBF79EFB044670B901462A468520F1F7A1
:102E00002BFA2A462146E520F1F726FA2A462146E2
:102E10008A20F1F721FA204603B030BD812D03004E
:102E20000C67002008B54FF0FF304FF0FF31FFF77F
:102E3000D5F840B107490848E6220AF0D6FDE62158
:102E400004480AF0C9FDEBF7AFFCBDE80840FFF706
:102E5000CDB800BFF0F7040072950400024608B533
:102E600008480B46084904F0C7F8002808DA074963
:102E7000074847220AF0B9FD472104480AF0ACFD93
:102E800008BD00BF70450020C0020020EDF6040020
:102E90007295040008B5084908480FF0A1F8002809
:102EA00008DA074907482F220AF09FFD2F2104481E
:102EB0000AF092FD08BD00BF706700207045002039
:102EC000EDF60400729504000122054B05491A63D2
:102ED000A3F54323D3F818050860C3F818257047F5
:102EE00000E010506C6700200122044B5A63044B31
:102EF0001A68044BC3F81825704700BF00E0105053
:102F00006C67002000B00450024628B1022806D1A8
:102F10000420054B1B681847034B1B68FBE7572130
:102F200002480BF084B800BF8067002031F804002D
:102F300010B538B101280BD1BDE810400020094977
:102F4000E1F75EB8084B0220BDE810401B68184747
:102F5000064907484C220AF048FD4C2103480AF074
:102F60003BFD00BF092F03008067002052F80400DA
:102F70007295040008B578B1012804D1BDE8084075
:102F80000020E1F759B8054905485F220AF02DFDF8
:102F90005F2102480AF020FD08BD00BF52F804007E
:102FA00072950400014B1860002070478067002074
:102FB00010B5294C237E834208D028496022284836
:102FC0000AF013FD602125480AF006FD04F14003D4
:102FD000D3E8AF3F2BBB092937D8DFE801F005362E
:102FE00036363624241F3622236AD3E90020904740
:102FF000012808D01B4B984203D00223E06384F8D9
:10300000343019480EE042F210732363032384F82E
:103010003430164B84F82900A363F2E70E4803F01E
:1030200041FA002010BD002384F82930104B0F49CD
:10303000207E2363EBF7BDFA0028F2D0074958221F
:1030400007480AF0D2FC5821BDE7044993220448FE
:103050000AF0CBFC9321B6E7846700209FF80400B8
:10306000729504001F646602B8670020A8670020FC
:10307000FF3F420F0122002101480EF04CBF00BF6C
:1030800084670020014BD861704700BF846700202F
:1030900070B54FF0FF3106464FF0FF30FEF79EFF50
:1030A000054640B14249BF2242480AF09EFCBF217A
:1030B0003F480AF091FC40494048E2F7BFFB044614
:1030C000FEF794FF002C07DA3D48224645210AF01E
:1030D000AEFF6FF00B0070BD40F20113394C238539
:1030E000E36926626433E36242F2107323636FF094
:1030F000730384F82450E36304F14006D6E8EF3FFD
:10310000C6E8E25F002AF9D1A368354633B1284901
:10311000D52228480AF069FCD521C9E74FF0FF30D5
:103120004FF0FF31FEF75AFF30B12149D822214834
:103130000AF05BFCD821BBE7207E04F12401EBF709
:1031400038FA30B11A49DA221A480AF04EFCDA216C
:10315000AEE7FEF74BFF002320461B4A03F00CFAB4
:1031600000280ADA452119480AF061FF0123D5E851
:10317000EF2FC5E8E13F0029F9D14FF0FF304FF0C4
:10318000FF31FEF72BFF30B10949E52209480AF06B
:103190002CFCE5218CE7207EEBF7EDF9FEF726FF0E
:1031A000D6E8AF3F13B1074803F046FAE06B92E769
:1031B0009FF80400729504009C670020B12F030063
:1031C000D9F80400846700200E720B0004F9040093
:1031D0000129F0EC017A10B417D04FF0010C002453
:1031E000B0EC017AF4EEC77AF1EE10FA48BF64460B
:1031F0000CF1010C48BFF0EE477A6145F0D1C2ED09
:10320000007A1C605DF8044B70470024C2ED007A20
:103210001C605DF8044B704731B32DE9F0414FF06D
:10322000000E02F1020832F81EC038F81E304FEAD4
:103230009C0C9B0850F82C7050F823604FEA8C05CA
:103240009C0040F82C6040F8237005F1040C231D0D
:1032500050F80C50C4580EF1020E8E4540F80C4048
:10326000C550E0D3BDE8F081704700BF2DE9F04FB5
:103270002DED108B93B00E930346DFEDC4BA8A4652
:103280008B46CDE90F20043311934FF0000E4FEA27
:10329000DB0707EB87014FEACB000090C800C7EBC4
:1032A000C701109B4FEAC7094FEA07180290C800F0
:1032B000059008F1040109F1040007EB470603EB50
:1032C0004712184419447B0102EB07150D9701932F
:1032D0003301A5EBC6040393F3000D9E0493DDF8C0
:1032E00044C0009B02EBC70704EB4616D5ED006A0D
:1032F000D4ED004A96ED004A11ED016AD2ED003A94
:1033000097ED005A1CED017A50ED017A74EE840AB3
:1033100037EE850A76EE265A36EE663A36EEC66AFD
:1033200077EE236A77EEC57A37EE637A36EEA55AE2
:1033300070EE203A76EEE56A75EE232A77EEE45ACF
:1033400035EE635A77EEC47A4CED012A77EEA47A13
:1033500082ED005A75EE845AB0EE478AD0ED004AED
:10336000A5EEEB8AA5EEAB7AA7EEAB6AD7ED015AD4
:10337000D2ED012A94ED019A91ED005A96ED01AA41
:10338000DCED003A95ED014AB0EE462A34EEE56AEE
:1033900074EEA54A75EE04AA73EEA25A36EE491AE7
:1033A00073EEE23A76EEE49A79EE0A2A75EE448AF2
:1033B00031EE0A1A34EE454A36EE4A6A35EEEA5ADA
:1033C00076EEE26A75EEAA5A79EEA29A74EEA2AA95
:1033D000F0EE632A36EE096AE1EE6B2A35EE409A8A
:1033E00035EE605A76EEA46AE1EE2B3AF0EE431A1F
:1033F000F0EE444A35EE005AB0EE68AAB0EE620A2A
:10340000B0EE481AE7EEAB1AA6EE2BAA35EEAABA32
:10341000A6EE6B1A75EEEA5AE6EE2B4AA7EEEB0A19
:103420008CED00BA39EE206AC2ED015A77EE0A0A35
:1034300041ED016A33EEE14A37EE4A7A71EE286ACD
:1034400074EE887A71EEA35A72EE822A33EE003A55
:10345000DE44F245C5ED009A9C4481ED006A1A44B1
:1034600085ED015A194440ED010A1D4486ED007AAC
:10347000C7ED006AC4ED007A80ED004AC6ED015A3E
:103480001844C7ED012A1E4484ED013A1F441C4430
:103490003FF62CAF1F460D9B072B40F2B381019DD9
:1034A000109E029C083509F10809731903980499C4
:1034B00008340C9306EB0903059A08300B93331973
:1034C00008310A93331808320993731808F10C086D
:1034D0000893B318079306EB0803059306F10C0352
:1034E00006934FF001094FF000083B46DDE905C7A0
:1034F000DDE90765DDE909400E9ACE4690440F9A52
:1035000008EB480102EBC802D2ED00EA02EBC80268
:1035100092ED00EA02EBC802D2ED00DA02EBC8023B
:1035200092ED00DA02EBC802D2ED00CA02EBC8024B
:1035300092ED00CA02EBC80292ED00BAD2ED01AAE8
:10354000A2EB011292ED01AA02EBC802D2ED017AC0
:1035500002EBC802CDED017AD2ED017A02EBC8028E
:10356000CDED027AD2ED017A02EBC802CDED007A00
:10357000D2ED017A02EBC802CDED037AD2ED017AE9
:10358000DDE90B12CDED047A02E000BFF304353F14
:1035900095ED006A96ED007A5CED017A90ED003AC7
:1035A000D4ED003AD2ED002A57ED014A91ED005AD0
:1035B00076EE070A35EE030A37EEA34A74EEA26AE6
:1035C00035EE435A36EE843A76EEC46A30EE204A3F
:1035D00077EEE38A74EEE24A73EEE73A73EE042A7A
:1035E00075EE467A47ED012A77EE877A35EE475A2F
:1035F000F0EE649AD0ED012A35EE065A33EE443AE5
:1036000091ED016AE7EEEB9AE7EEAB4ADDED007A69
:1036100096ED01FADCED001AD7ED005A94ED017A2F
:1036200092ED019A36EE624A23EE671AD5ED017AE1
:1036300036EE226A31EE872A77EE8FFA75EE892A06
:1036400075EEC95A31EEC79A37EE617A74EE671A91
:1036500034EE4F4A71EE8F1A36EEEFFA76EEC66A06
:1036600034EE274A7FEEA66A72EEC27A3FEE06FA81
:1036700072EE822A36EE2F2AF0EE65FAB0EE656A17
:10368000E1EEEBFAA1EEAB6AF0EE495AF0EE691A00
:10369000E4EE2B5AB0EE688AA4EE2B7AE4EE6B1AB5
:1036A000B0EE6F4AA5EE2B8AE5EE2B3AA5EE6B4AFB
:1036B00037EEE05A37EE297A30EE055ADDED049AFE
:1036C0007FEEA3FA77EEC07A34EEA50A74EEE55ADF
:1036D000DDED034A71EE891A38EE844A64EEAF3AA2
:1036E00076EE488A38EE066A26EEE98A9DED019A62
:1036F00077EEA07A61EEE44A72EEC20AECEEA13AED
:10370000ACEE058ADDED001A29EE855A32EE822AEA
:10371000ADEE201A6FEE492A61EEA01AACEE265AE1
:10372000DDED026A87ED002AEEEE272A82ED011A0E
:1037300069EE277AEDEE031A2AEE282A26EE843A5D
:1037400020EE4A9A6AEE860A25EEEA1A67EE666A63
:10375000ECEEAF4AEEEE0F7AADEE873AEDEE846A0C
:10376000AEEE802AAEEEA89AEBEE250AABEE061A74
:10377000DE44F245C2ED001A1F444CED017ACCED57
:10378000002A1A4484ED005A84ED018A9C4481ED9C
:10379000002A81ED019A1C44C6ED000A194486ED09
:1037A000011AC0ED003AC0ED014A1E4485ED003A11
:1037B000C5ED016A18441D443FF6EAAE0C9A09F1C2
:1037C000010908320C920B9A08320B920A9A0832BD
:1037D0000A92099A08320992089A08320892079ABE
:1037E00008320792069A08320692059A0832059224
:1037F0000D9A4A457FF47AAE0E9B9346DB009BB24E
:103800000E9342E513B0BDEC108BBDE8F08F00BF06
:103810002DE9F04F2DED088B012A91B006468B461D
:1038200004880192009300F06A83B4F5807F00F071
:1038300018811CD9B4F5006F00F0138140F2DA80D2
:10384000B4F5805F40F0DE8001232146584672685F
:10385000FFF70CFD009B002B40F04783019B012BE1
:1038600000F0668311B0BDEC088BBDE8F08F402CF2
:10387000EAD040F2F080802C40F0C480B6F800E03E
:1038800072684FEA5E010BEB8E055FEADE0E4FEACF
:10389000810000F0A28010300BF110030BEB000C44
:1038A000103203EB0E1E284405F1100710ED043A08
:1038B00050ED036A57ED024A17ED015A50ED027AB6
:1038C00010ED017A17ED040A17ED031A53ED040AFF
:1038D00053ED031A13ED022A53ED012A5CED043A6D
:1038E0001CED034A5CED025A1CED016A72EE24AA3B
:1038F00032EE85AA73EE839A34EE269A75EEA78A85
:1039000036EE078A70EE80BA31EE81BA0CF1100CF7
:1039100043ED04BA03ED03BA43ED02AA03ED01AA95
:103920004CED089A0CED079A4CED068A0CED058AD1
:10393000103276EEC46A33EE633A77EEE57A52EDF2
:10394000085A37EE467A32EE642A12ED076A72EEB2
:10395000C52A65EEE64A70EEC00A71EEC11A23EE82
:10396000255A61EE863AA6EE865A26EE604AF0EEB9
:10397000646AA1EEA54AE3EE066AE0EEA53A1030CD
:1039800007ED034A47ED043A00ED075A40ED086A97
:1039900012ED066A52ED056A67EE865A26EE475A20
:1039A000E7EE265A22EEA64A66EEC24AB0EE457A05
:1039B000A2EE064AE2EE864AA7EEA67A10339E45AC
:1039C00007F1100707ED064A47ED054A00ED067AB4
:1039D00040ED055A7FF46AAF72688FB23946584697
:1039E0000223FFF743FC3946284602237268FFF79B
:1039F0003DFC2FE7B4F5007F3FF426AFB4F5806FB0
:103A00003FF43CAF009B002B40F06F82019B012BE9
:103A10007FF428AF07EE904AB7EE007AF8EE677AA7
:103A2000C7EE276A00220BF1080313ED027A53ED6B
:103A3000017A27EE267A67EEE67A0132944203F1A4
:103A4000080303ED047A43ED037AEED111B0BDEC27
:103A5000088BBDE8F08F102C3FF410AF202C7FF4C2
:103A6000F9AE33889BED007A5B080BEBC30797ED4B
:103A7000006A07EB8305D5ED005A77EE066A0BEB7B
:103A8000830191ED005AD7ED014ADBED017A36EE64
:103A9000A53AD1ED012A37EE467A33EE053A37EEF4
:103AA000A46A77EEE47A726895ED012A37EEA54AAA
:103AB0008BED003A76EE624A0A914FEA8309590883
:103AC0005B4676EEC56A77EE857A34EE454A34EE8B
:103AD000C25AD5ED014A083305930A9B77EE223A84
:103AE00076EEE56A77EEE57A36EE246AD3ED015A92
:103AF0000C91A1F10208194673EEC23A36EE256A1E
:103B000037EE027A083128468BED016A0291C3ED47
:103B1000003A83ED014A19463B4637EE627A02F1DC
:103B2000080CCDF820C0083002F1100CCDF810C000
:103B3000069002F1180C08335FEA5800C7ED006ADE
:103B400087ED015A079585ED007AC5ED017ACDF82C
:103B500024C003930B970D9000F03381A9F10C035F
:103B60000E902B4402F120090B9D02F13008079AB8
:103B70000F94DDF810A00E9CA1F10C0001F1100CC7
:103B8000A2F10C0EA5F10C010BF11007103510324B
:103B900012ED026A5CED026A15ED024A17ED027A37
:103BA00055ED013A57ED017A37EE042A76EE864A52
:103BB00052ED015A37EE447A74EE824A37EEA34A48
:103BC00077EEE37A08371CED015A77EE652A47ED68
:103BD000044A37EEE63A77EEC67A0CF1080C083262
:103BE00072EE852A74EE451A32EE662A37EE457A71
:103BF00037EEA65A52ED036A5CED037A77EEA67AA9
:103C000077EE847A47ED037A37EE257ADEED028A85
:103C100090ED02AA33EE063A32EE462A71EEE51A2C
:103C200091ED026AD3ED025A7AEE283A36EE254A31
:103C3000DEED017A90ED018A76EE654A73EE84AA94
:103C4000D3ED010A91ED010A33EEC66AC0ED02AA76
:103C500034EEE79A74EEC84A78EE279A74EEA74AD3
:103C600076EE655AD3ED017A91ED016A36EE276A58
:103C700036EE296A80ED016A7AEE206A5AED017A01
:103C80001AED026A38EEA01A39EE089A76EEE86A62
:103C900027EEE28A63EE278A76EEC06A34EE634A44
:103CA000E2EE868A79EEC03A31EE401AF0EE482A0A
:103CB00026EE490A73EEE03AE3EE062A66EE860A3D
:103CC000B0EE406AE9EE270AA6EEA76A4CED032A99
:103CD0004CED048A81ED026AC1ED010A59ED037AC7
:103CE00027EEC23A19ED046A65EEA76A61EEA72ACB
:103CF000F0EE435A67EEE37AE3EEC66AE6EE047A44
:103D0000E1EE865AE2EE062A45ED022A45ED015A19
:103D1000CEED016ACEED027A31EE4A1A58ED066A0E
:103D200058ED057A66EEE45A27EEC74A21EE266A78
:103D300065EE273AA4EEA76AE7EE263AF0EE444A8B
:103D4000B0EE657AE5EE264AA1EE277A013CA1F1B4
:103D50000801A3F10803A0F10800AEF1080E42ED3E
:103D6000043A42ED034A0AF1080A09F1100905F183
:103D7000080508F1180883ED047A83ED036A7FF4DF
:103D800007AF0D9B059A0F9C02EBC3020592089AA0
:103D900002EBC3020892029A02EBC3020292049A57
:103DA00002EB03120492039A02EBC3020392069AF7
:103DB00002EBC3020692099A03EB430302EBC3032F
:103DC0000993029A069F059B039997ED004AD2ED4D
:103DD000006AD1ED005A93ED007A91ED016AD3EDBE
:103DE000017A77EE251A76EE843A37EE862A73EE5C
:103DF000A13A1D4677EEC67AD2ED012A97ED013A37
:103E000037EE657AC5ED003A71EEE65A37EEE65ABE
:103E100077EEC47A75EEC45A77EEA67A35EE045A78
:103E2000D2ED016A97ED014A76EE846A76EE826AF7
:103E300077EE434AC5ED016A089D74EEA24AD5EDBE
:103E4000016AD5ED003A25EE264A66EEE46AA4EE54
:103E5000A34AE5EE236A82ED004AC2ED016A32EE22
:103E6000626A049D36EE436AD5ED016AD5ED004ADB
:103E700026EE265A66EEE56AE6EE246AA5EEA45A18
:103E8000039A37EE627AC2ED016A82ED005A099A0E
:103E900037EE037AD2ED016AD2ED005A27EEA66A18
:103EA00066EEC76AA7EE256AE7EEA56ABDF8308020
:103EB00087ED006A4146C7ED016A584672680423DF
:103EC000FFF7D4F941460A9872680423FFF7CEF948
:103ED00041460B9872680423FFF7C8F94146042352
:103EE00007987268FFF7C2F9B4E45846B268B1891E
:103EF000FFF792F9019B012B7FF4B4AC18E074B189
:103F0000002201F10C0353ED027AF1EE677A0132DF
:103F1000944203F1080343ED047AF4D185E4009B55
:103F2000002B3FF49FAC826881895846FFF774F9F3
:103F300007EE904AB7EE007AF8EE677AC7EE276A86
:103F4000002C7FF46FAD8DE4064BD3F840231C2A80
:103F500005D1D3F84403431E58425841704700200E
:103F6000704700BF00C0FF0003689A070CD50368C4
:103F7000DB070DD50922074BC3F80C250F22C3F828
:103F8000042501221A60FEE7034B0360EF3B036048
:103F9000704700BF00801050F000FA5008B50123B0
:103FA000454A4648C2F80038454AD2F840231C2A00
:103FB00004BF444AC2F80C34FFF7D6FF0830FFF7BD
:103FC000D3FF0830FFF7D0FF0830FFF7CDFF00F533
:103FD000F470FFF7C9FF3C4AD2F88C3043F44063D9
:103FE000C2F88C300022D30003F57F0303F5404371
:103FF000D3F8001401310AD0D3F8001439B1D3F842
:1040000000140132D3F80434402A0B60EBD12A4B60
:10401000D3F84024002A4BD0FFF796FF48B1284B35
:10402000D3F83423294B9A429EBF234B284AC3F826
:104030004026FFF789FF18B1264B274AC3F8AC2763
:10404000FFF782FF48B134221B4BC3F82426D3F874
:104050003C2622F40022C3F83C26204BD3F800264D
:10406000D20744BF6FF00102C3F800261C4BD3F8FF
:10407000182522F00302C3F81825D3F8182542F0BA
:104080000302C3F81825104AD2F88C1041F440619D
:10409000C2F88C10D2F8881041F47001C2F8881070
:1040A000BFF34F8FBFF36F8F0022C3F8A02508BD69
:1040B000C822C3F84024AFE70000125000C50D50DD
:1040C00000C0FF000030055000ED00E0001D0A18A0
:1040D00040E0A91E00A0085078000A0400E010503B
:1040E00000B004505F2898BF074B4FEA50129FBFA3
:1040F00053F8223000F01F0023FA00F000F0010016
:1041000088BF0020704700BF10740400034A4309B1
:10411000D35C00F01F001844C0B2704794F904004B
:1041200010B504460846FFF7F1FF00B204EB40006B
:10413000838ADA051CD5C3F3432123F4F853838221
:1041400004F1120204F1580032F8023F13F4807FA8
:1041500003D0C3F3432399420AD09042F4D1002202
:1041600004EBC1035A6004F160000DF0B8FC00B923
:1041700010BD054905484FF4DB7209F036FC4FF4D9
:10418000DB71014809F028FC56F90400729504001F
:1041900010B5016804460846FFF7A4FF50B90F495F
:1041A0004FF474720E4809F020FC4FF474710B4800
:1041B00009F012FC01F01F035F2923604FEA51123E
:1041C00008D9064940F2D932054809F00EFC40F200
:1041D000D931ECE7034B53F8220010BD44F2040040
:1041E0007295040004740400072808B50AD9074929
:1041F000074840F2A73209F0F8FB40F2A731034824
:1042000009F0EAFB800000F5807008BD21F9040088
:1042100072950400F0B50646002487B0114F019155
:1042200017F8012B06AB03EBD20313F8143C02F092
:104230000702D34013F0010306D10134032CEFD160
:104240000023184607B0F0BD074A03AD07CA85E84A
:10425000070055F824100A6A46F824200A62002A4A
:10426000EBD0EEE7A4F904000051040010B50446B9
:104270000846FFF737FF38B120460DF061FC18B94A
:1042800020460DF050FC50B90C490D4840F2E9129F
:1042900009F0ABFB40F2E911084809F09DFB20460C
:1042A0000DF036FC30B120460DF060FCBDE810404A
:1042B000FFF79ABF4FF4A27010BD00BF56F904007B
:1042C00072950400F7B504460846FFF71FFF06B2D3
:1042D00004EB4606B38A0D46DB072BD520460DF0CE
:1042E000F6FC294620460DF013FC58B120460DF08F
:1042F0003DFC0022276800B207EB8003C3F81025BD
:10430000C3F81025204600242946FFF709FFB48290
:1043100001A80195FFF73CFF019B00EB8300D0F85B
:104320008020064B134043F00203C0F88030204643
:1043300003B0F0BD6FF01500FAE700BFF0F0FCFF2E
:104340002DE9F0430E461746044685B050B95C4946
:104350005C4840F25E4209F048FB40F25E4158483A
:1043600009F03AFB0846FFF7D1FED7F80080054672
:10437000B8F1000F1AD020460DF0EDFB28BB4346E4
:10438000CDE900008DF80E008DF80F000DF10F0241
:1043900030460DF10E010DF012FC2AB204EB420280
:1043A000938A23F0020343F0010393827B68002B7E
:1043B00034D03146204693F80080D3F804900DF0B5
:1043C000BFFB28B1B9F1000F1FD06FF0150028E036
:1043D00028B204EB4000838A23F4604323F02003D7
:1043E0008382B9F1000F10D0B8F1030FEDD87B68CC
:1043F00021685B6893F800C001EB8C01B8F1000FF5
:1044000012D1C1F81085C1F810852AB204EB42021E
:10441000938A23F01C0343EA88039382BB6853BB4F
:10442000002005B0BDE8F083D1F8102522F003028A
:10443000C1F81025226802EB8C03D3F8102522F472
:10444000473222F47C72C3F8102541F6F072D3F89B
:10445000101502EA061242EA08420A43C3F8102580
:1044600004EB4C03A3F86460838A43EA4C3343F0C3
:1044700020038382C9E73146D3E900782046FFF75D
:104480004FFE002FCCD063689F4206D004F160003D
:104490000DF00BFB002804DAC3E7A3689845F5D1BB
:1044A000002004EBC003C3E901782DB204EB4505FD
:1044B000AB8AC0B243EA402343F48073AB82AFE7D8
:1044C00056F90400729504002DE9FF410D46174688
:1044D0001E46044650B93D493D484FF48D6209F0EF
:1044E00084FA4FF48D61394809F076FA0846FFF7EF
:1044F0000DFE804627B320460DF022FB18B920465A
:104500000DF006FB18BB294620460DF00CFB10B140
:104510007B78012B1BD001238DF80F3000237A1CF0
:10452000CDE900732846BB1C0DF10F010DF047FBD0
:104530000FFA88F304EB43039A8A42F003029A824B
:10454000002E40D0294620460DF0FAFA20B96FF02F
:10455000150004B0BDE8F0810022377823684FEAE7
:10456000870C03EB8703C3F81025C3F810250FFA57
:1045700088F204EB4202938A23F4604323F0200381
:1045800093827078F8B12168124B6144D1F81045DC
:10459000B6782340C1F8103541F6F073000400F4FA
:1045A000403003EA051303433005D1F8104500F409
:1045B000801003432343C1F81035938A43EA4733FD
:1045C00043F0200393820020C3E700BF56F90400A4
:1045D000729504000FE0ECFF08B550B90649074892
:1045E00040F2714209F001FA40F27141024809F0CB
:1045F000F3F9C0E9031208BD56F9040072950400EE
:1046000070B51546044650B9124940F27A42124834
:1046100009F0EBF940F27A410E4809F0DDF942B9B0
:104620000C4940F223320C4809F0DFF940F2233103
:10463000F2E70DF06DFA48B10846FFF767FD04EBAD
:1046400040040020A38A5B0B2B7070BD6FF0150037
:10465000FBE700BF56F90400729504002DE9F04114
:10466000044650B91F4920484FF4916209F0BDF942
:104670004FF491611B4809F0AFF990F8745090F82D
:10468000757065BBA8464622294614300FF01EFA05
:10469000164B266853F83770AF4213D1002540F20D
:1046A0000D10C6F84451D6F84431114B9E4208BF54
:1046B000DB20EFF7AFFD0123284684F87430236632
:1046C000BDE8F081E8B2FFF78FFDA0F580739B088D
:1046D000112B04BF46F8008033580135DCE76FF03A
:1046E0007700EDE756F90400729504001C7404008D
:1046F00000A00D5008B550B90849094840F28F4252
:1047000009F073F940F28F41044809F065F990F817
:104710007400003818BF012008BD00BF56F904001E
:104720007295040008B550B90749084840F29D4207
:1047300009F05BF940F29D41034809F04DF9BDE8ED
:104740000840FFF7BFBD00BF56F904007295040092
:1047500008B550B909490A4840F2A44209F045F9A0
:1047600040F2A441054809F037F9064B90F875006E
:1047700003EB8000BDE808400DF0B1B956F9040024
:1047800072950400DC06002010B50C4650B90B49A8
:104790000B4840F2AB4209F028F940F2AB41074820
:1047A00009F01AF9074B90F8750003EB80000DF043
:1047B0007CF90028A4BF2070002010BD56F9040029
:1047C00072950400DC0600202DE9F3410D461646E3
:1047D000044650B937494FF4A562374809F005F946
:1047E0004FF4A561334809F0F7F80DF09CF940B992
:1047F000304940F23542304809F0F7F840F235418F
:10480000F0E720460DF084F9276800B320460DF04C
:1048100097F98046D8B920460DF0A8F90546FFF76C
:10482000E3FC47F800803B5823682AB203EB82037D
:10483000D3F8102542F00102C3F8102526B1012358
:104840002268AB40C2F8143302B0BDE8F081D7F85B
:1048500014339B035CBF4FF40033C7F8143346B9DD
:10486000144940F24F42144809F0BFF840F24F415A
:10487000B8E72846FFF74AFC04EB4004A38AC3F3D9
:104880008203042B11D0052B11D001A80195FFF74D
:104890007FFC019BC168D94001F00101023128462B
:1048A00002B0BDE8F0410DF0D7B90321F7E70221CE
:1048B000F5E700BF56F904007295040008B550B939
:1048C0000749084840F22F5209F08FF840F22F5163
:1048D000034809F081F8BDE808400DF0F8B900BFC1
:1048E00056F90400729504002DE9F04F07468BB08D
:1048F00050B97649764840F25C6209F076F840F2A9
:104900005C61724809F068F8814659F8043B90F8F8
:104910007540D3F8141300936E4BC9B241F40031C3
:1049200053F8342000980DF0A6F9810305463AD5D6
:104930000023CDE907330993664B07A803EBC403B3
:104940005B6819460193FFF765FC042303EBC4037E
:1049500003934FF0000B604B0DF11C0A0293029A77
:104960005C4912F8013B0292039A02EBD3028A5C83
:1049700003F0070322FA03F3DA071AD40BF1010B51
:10498000BBF1030F0AF1040AE9D14FF40031002210
:1049900000980DF070F9019907A8FFF73BFC00287B
:1049A000D7D125F400350124002D77D10BB0BDE817
:1049B000F08F4A4B5B440493DAF800100029DDD0F5
:1049C00091FAA1F1B1FA81F1049B1C7841EA4414F7
:1049D0002046FFF79BFB07EB4000B0F81480C808A7
:1049E0004FEA9803059301231AF8002001F007010C
:1049F00003FA01F122EA01020AF8002006A806944F
:104A0000FFF7C6FB069A059B203250F82220C8F318
:104A100082065B07B046C2F3014223D521464846D1
:104A2000D6B242460DF0ACF806A80694FFF7B0FBEC
:104A3000069B203350F82330C3F301439E4207D135
:104A4000002120460DF008F9314620460DF004F90A
:104A500006A80694FFF79CFB0122069B02FA03F3CB
:104A60000362A9E7022A0DD1032120460DF0F4F8D4
:104A700006F00503012BEBD14246214648460DF0D6
:104A80007FF8E5E70221204605920DF0E5F8032EB8
:104A9000F2D0059A032ADBD1022EECE795FAA5F3B2
:104AA000B3FA83F3009904FA03F225EA020503F549
:104AB000A27251F8222007EB43034846B3F8641072
:104AC000C2F301420DF05CF86EE700BF56F9040036
:104AD000729504001C740400A4F90400A4F90400F5
:104AE0000123034A03FA00F093680343936070477D
:104AF000F00200200123044A03FA00F0936823EA3D
:104B000000039360704700BFF002002073B50446B5
:104B10000191EFF31186402383F31288BFF36F8F67
:104B20000B4D019B6A6801A8134001930CF0BDFF77
:104B3000002807DB01226B68824023EA02036B60D6
:104B40002070002086F31188BFF36F8F02B070BD14
:104B5000F002002008B5144B027AD3F8101521F0AA
:104B600001010A43C3F810250268B2F5803F0AD359
:104B70000E4940F2B9720E4808F037FF40F2B971A1
:104B80000A4808F029FFC3F8A4264268FF2A08D97A
:104B9000064940F2C472064808F027FF40F2C4718B
:104BA000EEE7C3F8AC2608BD00200E50A7F90400BC
:104BB000729504000B2808B50AD90A490A4840F240
:104BC000447208F012FF40F24471064808F004FFF6
:104BD0000023000100F1A04000F56220C0F82C3550
:104BE00008BD00BFA7F90400729504000B2808B5A2
:104BF00001D800290ADA0A490A4840F2165208F098
:104C0000F4FE40F21651064808F0E6FE000100F1FD
:104C1000A04041EAC27100F56220C0F8281508BD25
:104C2000A7F90400729504000B2808B50AD91049A9
:104C30004FF4A0620F4808F0D8FE4FF4A0610C4872
:104C400008F0CAFEB3F5801F08D3094940F20252AA
:104C5000084808F0CAFE40F20251F0E7000100F1F6
:104C6000A04000F56220C0F82025C0F8243508BD1A
:104C7000A7F9040072950400012303FA00F010F074
:104C8000670F0AD0064B5B68DB4303F06703034200
:104C90000CBF6FF01500002070474FF0FF307047D9
:104CA000F002002038B50D4B1B78012B0BD14FF0D3
:104CB000FF326FF040430A4CD4E90001824273EBAB
:104CC0000105F9D338BD0749074840F2191208F029
:104CD0008CFE40F21911034808F07EFEF00200201D
:104CE00040270E50DAF904007295040030B50C2507
:104CF000074B1C1894F8544005FB0433C3E9031216
:104D000018750123034A8340C2F8243330BD00BF25
:104D1000F002002000200E50F0B5504D85B02C78E8
:104D2000002C40F095804E4A01AB07CA83E807008B
:104D30004C491846D1F8102522F00202C1F810257E
:104D4000FFF708FF0723672202F001012144013B1E
:104D5000CCB24FEA5202F7D1052C7CD119464FF064
:104D6000010C3E4E00246720CFB204E00CFA02F2A0
:104D700020EA0200013490FAA0F25FFA84FEBE45F8
:104D8000B2FA82F2F2D30131327505292A4482F84F
:104D9000547006F10C06E5D10121002432489A082E
:104DA00001FA02F212F0670F18BF1C500433302BC7
:104DB000F5D1E420EFF72EFA2A4B0024D3F8102582
:104DC000012622F00202C3F8102540F6FF72C3F854
:104DD0002823C3F88041C3F88040C3F88441C3F856
:104DE0008440C3F88841C3F88840C3F88C41C3F8B5
:104DF0008C40C3F89041C3F89040C3F89441C3F885
:104E00009440C3F89841C3F89840C3F89C41C3F854
:104E10009C40C3F8A041C3F8A040C3F8A441C3F824
:104E2000A440C3F8A841C3F8A840C3F8AC41C3F8F4
:104E3000AC401E660D4B0E4A1B685D20B3FBF2F3BF
:104E400058430C4B3343984720462E7005B0F0BDB5
:104E50006FF07700FAE76FF08B00F7E7F0020020C1
:104E60000C51040000200E5000210E50D8060020E6
:104E700040420F007056040038B52C4B0C461B788E
:104E8000012B0AD02A492B4840F2062208F0ADFD3A
:104E900040F20621264808F09FFD274BD3F8102545
:104EA00095073DD4D3F8102542F00202C3F810252F
:104EB000C0B1D3F8482712F0010202BFD3F8481757
:104EC00041F00101C3F848171B4BD3F84017D3F842
:104ED00044174900F9D42AB9D3F8482722F001022F
:104EE000C3F84827154B164A1B681349B3FBF2F366
:104EF00003EB4313BBB1D1F84027D1F8445715F069
:104F000080450BD14FF0FF312046FFF7FFFD002811
:104F100003DB2078FFF7E4FD284638BD013BE9E7D5
:104F20006FF07700F9E76FF07300F6E7F00200200A
:104F3000DAF904007295040000200E50D806002013
:104F400040420F002DE9F041294D6C682B78E44375
:104F500004F0670453B9274927484FF4117208F049
:104F600044FD4FF41171234808F036FD67220027F5
:104F70004FF00108214BC3F82823FEB2DCB9E4202E
:104F8000EFF756F91D4BD3F8482722F00102C3F87A
:104F90004827D3F8102522F00102C3F81025D3F8D2
:104FA000102522F00202C3F8102501225A669A66E3
:104FB0002C70BDE8F081AB6808FA06F10B4013F0E5
:104FC000670F02D03046FFF795FD6B68DB4303F0B7
:104FD00067030B4208D03046FFF7ECFDE30703D52B
:104FE000314607480CF07BFD64080137C5E700BF78
:104FF000F0020020DAF904007295040000200E503F
:10500000F40200202DE9F04104461D46FFF734FE6E
:10501000904607469DF8186050B11549154840F272
:10502000BB2208F0E2FC40F2BB21114808F0D4FC9E
:1050300011490B1993F854300C3301EBC30041F8BC
:10504000332045602B4620466EB10C4EA400FFF77E
:10505000EBFD33592BB1FFF725FE4045A94100D2A6
:105060003751BDE8F081BDE8F041FFF7DDBD00BF7D
:10507000DAF9040072950400F002002000210E50BD
:10508000F8B50546FFF7F8FD50B11149114840F257
:10509000193208F0AAFC40F219310D4808F09CFCC6
:1050A0000D48431993F854300C3350F8334000EB5B
:1050B000C30CDCF80460641846F1000640F8334085
:1050C000CCF804602846BDE8F840FFF78FBD00BF6C
:1050D000DAF9040072950400F0020020F7B5374BAE
:1050E000374CD3F82C5304F188060DB903B0F0BD4A
:1050F00095FAA5F00123B0FA80F08340DF4325EA5A
:105100000305231893F854100C2303FB01431A7D65
:1051100082420AD02B492C4840F2B73208F065FC95
:1051200040F2B731274808F057FCDA684FEA800CA4
:10513000002A3BD0D6E8EF3F03EA0702C6E8EE2F8D
:10514000BEF1000FF6D1C340DB0727D50B2809DDE0
:105150001E491D4840F20B5208F047FC40F20B512B
:105160001A48E0E7020102F1A04202F56222D2F8F9
:105170002435D2F82025164F6744D7F800C0BCF17B
:10518000000FB2D04FF0000CC7F800C00C2707FB8F
:1051900001410F690097C9688847A6E701F10C0330
:1051A00004EBC30754F833207B68E4E7084B53F85B
:1051B0000C10002999D043F80C2096E700200E50DF
:1051C000F0020020DAF9040072950400A7F9040047
:1051D00000210E50064C0748214640F2D62208B561
:1051E00008F003FC40F2D621204608F0F5FB00BF92
:1051F00016FA040072950400202908B501D9FFF7BA
:10520000E9FF054B40EA0120C3F80005D3F800246C
:10521000D207FBD508BD00BF00B0045010B50C4B41
:1052200004680C4A0C48844208BF1A46B2FBF1F3EA
:1052300001FB13229A4208D213F0010005D17E2B04
:1052400002D8581E18BF012010BD0020FCE700BF87
:105250000020A1070024F40000A0045008B5036852
:105260005F2B4FEA531107D80B4A03F01F0352F884
:105270002120DA40D2070AD4084909484FF4747251
:1052800008F0B3FB4FF47471044808F0A5FB036009
:10529000044B53F8210008BD3874040044F20400A4
:1052A000729504002C74040073B51446421C064623
:1052B0000D4618D0012902D1BBB10CF09FFD01A809
:1052C0000196FFF7CBFF019B094A00EB8300D0F862
:1052D0008010A30043EA45032B430A40134343F4E1
:1052E000A063C0F8803002B070BD0CF093FDE6E71B
:1052F000F0F0FCFF2DE9F84F91F8213005460C46FF
:10530000002B00F0978091F8228029686448654E50
:10531000654A6369814208BF1646B6FBF3F6634BE4
:10532000D3F840331C2B12D1022E95F8223040F2D4
:105330008480227E12F0FD0F7FD172080132D2B23A
:10534000904538BF904643F0080385F8223094F822
:10535000232095F8223062F3000385F82230227C66
:10536000DBB262F3410385F8223094F823701FBB4F
:10537000237E3A46012B94BF00230123012120689C
:10538000FFF792FF3B463A4601216068FFF78CFF2A
:105390003B463946A27EA068FFF786FF237C3A464B
:1053A0000121E06883F00103FFF77EFF01233A4605
:1053B0001946E069FFF778FF94F82130002B3FD0C1
:1053C0004FF0FF336B6294F8211094F812E0207EC6
:1053D000627E00293ED0E768217C94F8249094F8FE
:1053E00020C02B68B9F1000F12D1D4E900BAD4F86B
:1053F0000890E469C3F800B6C3F804A6C3F8089699
:10540000C3F80C46C3F81076C3F8B815C3F8B085D6
:10541000B11E7C29C3F8C0E501D8F1071DD5244988
:10542000244840F2FA4208F0E0FA40F2FA412048FB
:1054300008F0D2FA4FF0020867E76FF3C30384E77E
:10544000E3686B62227C95F8223062F3410385F8B1
:105450002230B8E74FF0FF37BFE7003A18BF01220C
:105460000228C3F82C6512D0032813D0012801D1DB
:1054700042F00202C3F85425C3F8ACC56B6863B1AF
:105480002868BDE8F84FC0F30830EEF7C3BE42F01D
:105490000402EFE742F00602ECE7BDE8F88F00BF38
:1054A00000A004500024F4000020A10700C0FF0069
:1054B0004AFA040072950400431C07B50ED001900F
:1054C00001A8FFF7CBFE019B00EB8300D0F8802002
:1054D000044B134043F00203C0F8803003B05DF882
:1054E00004FB00BFF0F0FCFF2DE9F0410E469046B2
:1054F0001F46044600B151B91249134840F21A221E
:1055000008F073FA40F21A210E4808F065FA90F894
:1055100020508DB94969FFF781FE80B120463146A0
:10552000C4E90187FFF7E6FE0123284684F82150ED
:1055300084F82030BDE8F0816FF07700FAE76FF073
:105540001500F7E77DFA04007295040070B5044673
:1055500050B9254940F27922244808F046FA40F231
:105560007921214808F038FA90F8203043B91E49D3
:1055700040F27D221D4808F038FA40F27D21F0E724
:105580000068C0F30830EEF753FE636843B121466C
:10559000174A51F8043BC3F8082320680CF012FCAA
:1055A0002368D3F80006D3F80456D3F8086694F8B5
:1055B0002230DB0714D4FFF77FFF3046FFF77CFF74
:1055C0002846FFF779FF606AFFF776FF2368D3F874
:1055D0000C06D3F81056FFF76FFF2846FFF76CFF55
:1055E000002384F8203070BD7DFA04007295040019
:1055F0000700F81F2DE9FF410E461746044650B933
:1056000073494FF46372734808F0EFF94FF4637114
:105610006F4808F0E1F990F820306BB10B680BB9D6
:105620004B684BB9B3680BB9F3682BB917F008088E
:105630000BD0636A013308D065494FF46472654842
:1056400008F0D3F94FF46471E2E794F82130002BAD
:1056500040F0AF8063682BB117F0140F04BF012333
:1056600084F8213004F1100596E80F0085E80F005A
:10567000606A411C05D094F822309A0718D50CF0C6
:10568000BDFB3368256823B103F06043B3F1005FCD
:1056900006D1B3687BB103F06043B3F1005F0AD079
:1056A00000236FF00C0084F8213004B0BDE8F081D5
:1056B0000CF0B0FBE5E717F0010318BF0123C5F8B4
:1056C0004C3717F0020318BF0123EC46C5F8143716
:1056D00096E80F008CE80F00039BC5F83C07C5F85F
:1056E0004017C5F80427C5F80837002317F01C0F2A
:1056F000C5F80831D5F8083130D1D5F80035073B69
:1057000018BF012394F8222063F38202072384F850
:105710002220C5F8003594F822301B070DD58223CE
:10572000C5F8843C6368002B46D00023C5F80031DF
:10573000D5F800310123C5F80433B8F1000F11D1B9
:1057400063686BB901232B60D5F80831002BFBD0BF
:105750006246042128460CF0F7FA03E00123D1E762
:1057600001232B606368DBB994F822301F0702D550
:105770000023C5F8843C606A461C05D094F82230AA
:1057800099070AD50CF046FBB8F1000F03D1284663
:10579000211D0CF017FB002087E70CF02FFBF3E72F
:1057A000042317F0040F14BFC5F80833C5F80433F9
:1057B000F1E76FF00F0078E7B8F1000FC2D094F86E
:1057C00022301A07D4D4606A431CD7D1E3E700BF64
:1057D0007DFA04007295040070B5044650B928495A
:1057E0004FF47272274808F000F94FF472712448A0
:1057F00008F0F2F890F822300568180710D5D5F8AF
:105800000433D9070CD5D5F800314BB10023C5F8C6
:105810000031D5F80021C5F8843C0123C5F80833D0
:105820000421284604F110020CF08EFA30B36368AC
:1058300043B9134940F2FF32124808F0D6F840F25B
:10584000FF31D4E7606A421C05D094F822309B07F0
:1058500011D50CF0DFFA94F821301BB12846211D38
:105860000CF0B0FA2046002300F80C3FD4E90131D7
:10587000BDE8704018470CF0C1FAECE770BD00BFFE
:105880007DFA04007295040010B5436904463BB9E3
:105890000020E2684042537843F00103537010BD8A
:1058A00098470028F4D000F1FF03FE2B08D90649E1
:1058B0000648212208F099F82121034808F08CF8C5
:1058C000E36840421870E4E7B9FA040072950400F6
:1058D000F7B504460D46EFF31187402383F3128892
:1058E000BFF36F8F1F4A0428966898BF1E4B127C27
:1058F00094BF53F820301D4B0092452102461C48AE
:1059000008F095FB3DB1EB69C3F308031BB14521DA
:10591000184808F08CFB36B130460CF07AFB034691
:1059200008B1027802B9144B32464521134808F0F9
:105930007EFB29462046FCF75FFB042C08D110496A
:105940001048872208F051F887210D4808F044F8E4
:1059500087F31188BFF36F8F304603B0BDE8F04086
:10596000EEF7DEBBC867002044740400DCFA0400D4
:10597000EAFA040017FB0400D1C604003DFB040052
:105980005AFB04007295040038B50A4B53F82040C6
:10599000013053F82050A54200D838BD606830B1BE
:1059A000037EDB0701D4FFF76FFF0834F3E72368BA
:1059B0009847FAE758740400012270B5334B03206E
:1059C00086B01A70FFF7E0FF0CF041FC0420FFF7EF
:1059D000DBFF2F4C2F4DAC42264624D92E494422C2
:1059E0002E4808F002F844212B4807F0F5FF54F840
:1059F0000C3C059354F8103C049354F8143C039366
:105A000054F8183C029354F81C3C019354F8203C81
:105A1000009354E90A2354E90C0101F02DFD54F8D8
:105A2000303C5E65D7E7AE4204F13004DFD302F0CC
:105A30003FF9174C1A4EAC421BD917496822174838
:105A400007F0D3FF6821CFE7D4E90A23B3F1FF3F82
:105A500008BFB2F1FF3F05D052EA0301206803D12D
:105A600002F00AFB3034E6E73146183002F016FE49
:105A7000F8E7E9D302F06EF9EAF778F9094A137BFF
:105A800023F00103137306B070BD00BF7F760020C2
:105A90007C4C04007C4C0400C6FB0400729504009E
:105AA0007720040040470020D82370B5134E012210
:105AB00003FB0066002386B0CDE904230F22019387
:105AC000CDE9023218234FF4A0720D4D0D4903FBAE
:105AD0000055044602FB00110B4B3046009501F0C7
:105AE000CBFC737B2C7423F004037373074B0134DA
:105AF00003EBC423EE606B6006B070BD6846002007
:105B0000C8670020B09C0020215F0300B0940020F3
:105B10007FB50020FFF738FF314B03F5006282F3B9
:105B2000088883F30A88E0232E4C84F8223020234F
:105B3000E377002323766376A37684F82030626AC5
:105B400042F4E022626284F82330EEF767FAEEF75F
:105B500051FC4FF0FF33A362E362EEF70DFEEEF768
:105B600071FC214801F022FD204B214A93420AD9C1
:105B700020492148CC2207F038FFCC211D4807F0EE
:105B80002BFF1C33F2E7FCD30120FFF7FDFE0220C0
:105B90001A4CFFF7F9FE02F04DF9194B00259C61F4
:105BA000184B4FF46062059301231749CDE9035365
:105BB0002046164BCDE90155009501F05DFC0646E7
:105BC000637B204623F00403637301F037FE28460D
:105BD000FFF76AFF314620460C4AEEF7DDFB00BFB7
:105BE000B094002000ED00E010490020EC420400D9
:105BF00004440400C6FB04007295040040470020E2
:105C0000C867002034A10400F09D0020B9590300AA
:105C100038B50B4C0B4DAC420FD90B490B48252224
:105C200007F0E3FE2521084807F0D6FE2046D4E918
:105C300001120CF00AF91834EDE7F7D3002038BD53
:105C4000D0070020E8070020EAFB0400729504005A
:105C5000F8B504460E4600F11405EFF31187402312
:105C600083F31288BFF36F8F284602F0BDFC40B962
:105C700016498822164807F0B8FE8821134807F015
:105C8000ABFE284602F0D4FC20463146EAF7D4FFAA
:105C900004F10C000CF0FDF928B139462846BDE8A6
:105CA000F84001F0B9BF284602F0ACFC40B9074902
:105CB0004FF49A72064807F098FE4FF49A71DDE7A8
:105CC00087F31188BFF36F8FF8BD00BFB2A5040042
:105CD00072950400002038B50A4C0B4DAC420FD928
:105CE0000A490B48952207F080FE9521074807F0E6
:105CF00073FE20460CF0B4F8002802DB2034EDE7F8
:105D0000F7D338BD70070020D00700200CFC04003A
:105D1000729504002DE9F74305460E4691461C4650
:105D200000F10807EFF31188402383F31288BFF3D3
:105D30006F8F384602F058FC38B92B4988222B481F
:105D400007F053FE8821284822E0384602F070FC14
:105D50002B69FBB133601C68EB692C610133EB618B
:105D600014B96A6993421BD0EB68E41A09D4D5E9E7
:105D700005235A43A24204D9B4FBF3F203FB1244B5
:105D800074B11B491948EA2207F02FFEEA2118488E
:105D900007F022FE59EA04020FD16FF00B043360C2
:105DA000384602F02FFCC8B90F494FF49A720F48D9
:105DB00007F01BFE4FF49A71C5E7CDE900942A461F
:105DC0004146384601F0EEFD044618B9094B9B6880
:105DD0001B693360204603B0BDE8F08388F3118867
:105DE000BFF36F8FF6E700BFB2A504007295040001
:105DF0000CFC0400C86700202DE9F843C368054681
:105E0000CB1A0E461ED4D0E905125143994219D936
:105E1000B3FBF2F102FB1133A3B900F10808EFF371
:105E20001189402484F31288BFF36F8F404602F03B
:105E3000DBFB90B936498822364807F0D6FD882129
:105E4000334808E0344933484FF4897207F0CDFDF8
:105E50004FF48971304807F0BFFD404602F0E8FB7F
:105E60002F69002F3AD1EFF3118384F31288BFF327
:105E70006F8F83F31188BFF36F8F3BB92749A62239
:105E8000244807F0B2FDA6212448E4E72C68A54287
:105E900024D01CB3A36833B920498F221D4807F0D2
:105EA000A4FD8F21F0E7D4E9003213605A60637BD0
:105EB000C4E9007723F002036373A76004F11800BC
:105EC00002F0AEFC2046C4F88C70266101F0B6FCEE
:105ED00049464046BDE8F84301F09EBE2B69404666
:105EE0003360EB692E61013BEB6102F08BFB40B943
:105EF00007494FF49A72074807F077FD4FF49A71FB
:105F00009EE789F31188BFF36F8FBDE8F88300BF68
:105F1000B2A50400729504000CFC040031FC0400DE
:105F200008B50C4B9B6893F90E30002B09DB40241D
:105F3000EFF3118384F31288BFF36F8F08F045FCF1
:105F4000F6E7054905481C2207F04FFD1C210248D1
:105F500007F042FDC86700205CFC04007295040055
:105F60002DE9F341044617461E46EFF3058545B17A
:105F7000514952486F2207F038FD6F214E4807F013
:105F80002BFDEFF31188402383F31288BFF36F8F4B
:105F90004B4802F029FB38B94A498822474807F0A4
:105FA00024FD88214748EAE7454802F041FBE368C1
:105FB000454A9BB1A0689168884224D057EA0603FD
:105FC00029D13F4802F01EFBA0B188F31188BFF32E
:105FD0006F8F6FF00F0002B0BDE8F081916891F90A
:105FE0000E100133E360936835482161A36002F02D
:105FF00009FB50B933494FF49A72304807F0F5FC69
:106000004FF49A71CEE72169EBE788F31188BFF36B
:106010006F8F0020DFE791F90E1090F90E306FF0CE
:106020007E029942A8BF19469142B8BF11468B42E1
:1060300002DD0BF02FFF054622464146CDE90076F2
:106040001F4801F0AFFC0028E3D0EFF31186402396
:1060500083F31288BFF36F8F194802F0C5FA002846
:106060009AD0174802F0E4FAA068C0B12368216909
:106070009C420AD04BB193F90E309942A8BF194601
:106080006FF07E039942B8BF19460BF003FF30B1A1
:1060900031460B4801F0C0FD6FF00A009BE7002D70
:1060A000F6D1074802F0AEFA0028A3D086F3118893
:1060B000BFF36F8FF0E700BF7DFC04007295040012
:1060C000EC670020B2A50400C8670020F8B50546BB
:1060D000EFF3058343B14A49D7224A4807F085FCCC
:1060E000D721474807F078FC8368002B00F08180B7
:1060F000454A926893427FD1C36833B94049EF2241
:10610000404807F072FCEF21EBE7012B03D0013B85
:10611000C3600020F8BDEFF31187402484F3128898
:10612000BFF36F8F394802F05FFA38B938498822D7
:10613000344807F05AFC88213548D3E7334802F049
:1061400077FA2969A8680BF0A5FEEFF3118384F3B1
:106150001288BFF36F8F83F31188BFF36F8F3BB942
:106160002C49A622274807F040FCA6212948B9E778
:106170002C68AC420FD100232448C5E9023302F059
:1061800041FA88BB22494FF49A721E4807F02DFC51
:106190004FF49A71D0E7002CEDD0A36833B91D49B4
:1061A0008F22184807F021FC8F21DFE70026D4E971
:1061B000003213605A60637BC4E9006623F0020377
:1061C0006373A66004F1180002F02AFBAC6094F936
:1061D0000E3020462B61C4F88C6001F02FFB39464D
:1061E0000A4801F019FD94E787F31188BFF36F8F18
:1061F0008FE76FF015008DE74FF0FF308AE700BFA3
:106200007DFC040072950400C8670020EC67002044
:10621000B2A5040031FC040008B5836843B90B49FA
:106220000B488F2207F0E1FB8F21084807F0D4FBD1
:10623000D0E9003213605A600023427BC0E900338A
:1062400022F002024273836008BD00BF31FC0400EB
:10625000729504002DE9F04704460F4691469A4690
:106260009DF8208000F10805EFF31186402383F3A9
:106270001288BFF36F8F284602F0B6F938B94A4941
:1062800088224A4807F0B1FB8821474819E0284690
:1062900002F0CEF9B8F1000F00D06768EFF3118378
:1062A000402282F31288BFF36F8F83F31188BFF30C
:1062B0006F8F43B93E493D48A62207F096FBA621C1
:1062C0003B4807F089FB234653F80C8F984519D0BB
:1062D000B8F1000F16D04046FFF79EFF08F11800F6
:1062E00002F09EFA00234046C8F88C30C8F810909F
:1062F00001F0A4FA3146284601F08EFC0024204625
:10630000BDE8F087BAF1000F14D0082002F0B8FC05
:10631000002841D00122C0F804900260016801F019
:1063200003015FB922680A430260626820606AB9AB
:1063300060600BE04846C9F800A0EFE73A68032A1E
:106340001FD801606168B1B9C4E9000004F114000C
:10635000042102F07FFB04460028CBD1284602F03E
:1063600051F9E0B910494FF49A72104807F03DFB1B
:106370004FF49A7189E70A6802F0030202430A6047
:10638000D6E722F003020A4302603A6802F00302F1
:1063900040EA02033B60D9E76FF00B04DEE786F3C7
:1063A0001188BFF36F8FAAE7B2A5040072950400AD
:1063B00031FC04002DE9F743054690461F4600F1E5
:1063C0000806EFF31189402383F31288BFF36F8F20
:1063D000304602F009F940B920498822204807F0E8
:1063E00004FB88211D4807F0F7FA304602F020F937
:1063F0002C68D4B123686A6823F0030394422046D2
:106400004FF001012B6008BF6B600BF052FD04469A
:10641000304602F0F7F8C0B910494FF49A721048AC
:1064200007F0E3FA4FF49A71DCE758EA0703EFD07C
:1064300049463046CDE9008705F10C0201F0B2FA79
:1064400038B9084B9B681C6903E089F31188BFF3D6
:106450006F8F204603B0BDE8F08300BFB2A50400F3
:1064600072950400C867002008B5836843B90B49DA
:106470000B488F2207F0B9FA8F21084807F0ACFAD1
:10648000D0E9003213605A600023427BC0E9003338
:1064900022F002024273836008BD00BF31FC040099
:1064A0007295040070B50446EFF31186402585F31C
:1064B0001288BFF36F8F2C4802F096F838B92B4939
:1064C00088222B4807F091FA8821284814E02648B2
:1064D00002F0AEF8EFF3118385F31288BFF36F8FEC
:1064E00083F31188BFF36F8F43B922492048A62256
:1064F00007F07BFAA6211F4807F06EFA2568AC4228
:1065000013D095B12846FFF7AFFF05F1180002F050
:1065100087F900232846C5F88C3001F08FF9314601
:10652000BDE87040104801F077BBD4E902329A42CE
:1065300018BF01330221A36004F1100002F08AFAAF
:106540000028ECD1084802F05DF840B907494FF443
:106550009A72074807F049FA4FF49A71B5E786F343
:106560001188BFF36F8F70BDF0670020B2A50400E3
:106570007295040031FC0400F7B5044616461D462A
:10658000EFF305835BB152EA050308D0264927489B
:10659000882207F02AFA8821234807F01DFAEFF332
:1065A0001187402383F31288BFF36F8F204802F0D6
:1065B0001BF838B91F4988221C4807F016FA8821B1
:1065C0001C48EAE71A4802F033F8A368ABB1013B74
:1065D0001748A36002F016F840B916494FF49A72B2
:1065E000124807F002FA4FF49A71E9E787F311882D
:1065F000BFF36F8F002003B0F0BD56EA05030BD147
:106600000B4801F0FFFF0028E7D087F31188BFF3A4
:106610006F8F6FF00F00EEE722463946CDE9006537
:10662000034801F0BFF9E6E79FFC040072950400FF
:10663000F0670020B2A504002DE9F0470446EFF30F
:106640001188402787F31288BFF36F8F2E4801F01F
:10665000CBFF064638B92D4988222D4807F0C5F9E9
:1066600088212A4818E0284801F0E2FF4FF000098D
:106670006FF00A0AEFF3118387F31288BFF36F8F6D
:1066800083F31188BFF36F8F43B922492048A622B4
:1066900007F0ABF9A6211F4807F09EF92568AC4228
:1066A0000ED06DB12846FFF7DFFE05F1180002F0AD
:1066B000B7F82846C5F88CA001F0C0F8B146D9E774
:1066C00000230221A36004F1100002F0C3F978B99D
:1066D000B9F1000F0CD10C4801F094FF70B90B49CF
:1066E0004FF49A720A4807F080F94FF49A71B8E7AC
:1066F0004146BDE8F047044801F08EBA88F311889E
:10670000BFF36F8FBDE8F087F0670020B2A50400EB
:106710007295040031FC040007B5074B4FF400628A
:10672000009306494FF0FF33054800F097FB002027
:1067300003B05DF804FB00BF70740400F0AB0020F0
:10674000184800202DE9F0430446714E714F85B082
:10675000EFF31188402383F31288BFF36F8F304625
:1067600001F042FF40B96C4988226C4807F03DF9BE
:106770008821694807F030F9304601F059FFD4F814
:10678000DC50F5B9022104F1F4000BF0D4FB002831
:106790003BD004F1EC0500220121284601F0BEFDAA
:1067A0000028F8D100234FF0FF3202934FF0FF335F
:1067B0004146CDE90023304604F1E40201F0FAFD40
:1067C000C6E7D4F8E0202B68954208BFC4F8E03053
:1067D000C4F8DC30D4F8F430304643F00203C4F897
:1067E000F430EB68D5F8049023F0040343F0010380
:1067F000EB6001F007FFD0B947494FF49A72474860
:1068000007F0F3F84FF49A71B3E7D4F8F430DD06EB
:10681000C8D5C4F8F4003E4801F0F4FE0028EBD0DF
:1068200088F31188BFF36F8F05B0BDE8F08388F35C
:106830001188BFF36F8FB9F1000F09D1384937487C
:106840004FF4387207F0D1F84FF43871344891E7BB
:106850002846C847EFF31188402383F31288BFF31B
:106860006F8F304601F0C0FE00283FF47CAF304609
:1068700001F0DEFEEB68D90623F0010231D4EA60B4
:10688000EB689A0716D5386823F00203EB6088B1ED
:106890000021036870B14268954230D1036841BB62
:1068A0007A683B60824200D17B60002340F8083B5D
:1068B000FFF7F8FDD4F8F430304623F00203C4F8B3
:1068C000F430C3F3002501F09DFE002894D088F336
:1068D0001188BFF36F8F002D7FF43AAF01F0B2FA49
:1068E00036E723F01103EB6005F11000FFF7DAFD46
:1068F000C6E70B607B68834208BF7960D5E723B1A8
:106900001A68014618461346C4E71A46F9E700BF5D
:10691000FC670020F4670020B2A504007295040013
:10692000C8FC040070B5C3680546C3F340069B0766
:106930000C460DD50122002104F108000BF0EBFA02
:1069400000232360054B65605A681AB9C3E9004407
:10695000304670BD14605C60FAE700BFF467002049
:10696000F8B5C36804469A070F46C3F340063AD405
:106970005B0726D40B680BB983680B60E368DD07FF
:1069800022D5A36853B92949294840F2571207F084
:106990002CF840F25711254807F01EF802263B60FC
:1069A0003D68002D3ED0234B9A68D5F8D8309A42E6
:1069B0000CD0D5F8F430D807C3F3800216D46FF0AA
:1069C000120600233B6027E00126E9E70BF018FBE5
:1069D000D5F8F4300028EED1D907C3F3C002EED5C4
:1069E00052B15B0708D46FF00F06EAE7002AFAD12C
:1069F000C3F3C003002BF6D100232360D5F8E030A9
:106A000063B9C5E9374428460BF0B0FAE36843F0B0
:106A10000403E3603B68A3603046F8BD1C60C5F822
:106A2000E040F0E76FF01506CBE700BFC8FC0400BC
:106A300072950400C867002073B50446EFF3118512
:106A4000402383F31288BFF36F8F194801F0CCFD08
:106A500040B918498822184806F0C7FF8821154810
:106A600006F0BAFF124801F0E3FD00230321201FC6
:106A70000193A4F110060BF05EFA28B1A369304629
:106A800001A90193FFF76CFF094801F0BBFD40B974
:106A900008494FF49A72084806F0A7FF4FF49A711C
:106AA000DDE785F31188BFF36F8F02B070BD00BFC3
:106AB000FC670020B2A504007295040038B50D46AD
:106AC000044640B90B499C220B4806F08EFF9C21DE
:106AD000084806F081FF31B906499D22064806F0B4
:106AE00084FF9D21F4E7102200210CF0EFFF656088
:106AF00038BD00BFC8FC040072950400F8B5C36837
:106B0000064603F00503002B0C4614BF012700279F
:106B100028D0856855B91C491C4840F2C11206F0BE
:106B200064FF40F2C111184806F056FF012200210F
:106B300004F110000BF0EFF920461549FFF7BEFFF6
:106B4000E36843F01003E360F3685B0712D5336832
:106B500023606BB9D5F8E03033B9C5E9374428462E
:106B60000BF004FA3846F8BD1C60C5F8E040F6E7C3
:106B70003460F4E7D5F8DC302360D5F8E030C5F8B0
:106B8000DC40002BEBD1F0E7C8FC04007295040058
:106B90004D1F040038B50446EFF31185402383F3FD
:106BA0001288BFF36F8F134801F01EFD40B91249E0
:106BB0008822124806F019FF88210F4806F00CFFC2
:106BC0000C4801F035FDE4680A4804F01F0401F0A8
:106BD00019FD40B908494FF49A72084806F005FFBC
:106BE0004FF49A71E9E785F31188BFF36F8F204660
:106BF00038BD00BFFC670020B2A5040072950400F8
:106C000037B50C46019051B9224940F27D12224815
:106C100006F0EBFE40F27D111E4806F0DDFE4B68EB
:106C200043B91C494FF4BF721B4806F0DEFE4FF417
:106C3000BF71F1E7EFF31185402383F31288BFF3AF
:106C40006F8F164801F0D0FC38B9154988221248D8
:106C500006F0CBFE88211248DFE7104801F0E8FC7F
:106C6000204601A9FFF77CFE04460C4801F0CAFC4F
:106C700040B90B494FF49A72074806F0B6FE4FF43C
:106C80009A71E8E785F31188BFF36F8F204603B050
:106C900030BD00BFC8FC040072950400FC670020F2
:106CA000B2A50400014601480BF09AB9184800202B
:106CB00070B50C46054650B9314940F2CD12314805
:106CC00006F093FE40F2CD112D4806F085FEC36814
:106CD000DB0508D52A494FF4E7722A4806F085FEFD
:106CE0004FF4E771F0E70BF08BF940B1244940F223
:106CF000CF12244806F079FE40F2CF11E4E744B900
:106D00001F494FF4E8721F4806F06FFE4FF4E87118
:106D1000DAE7EFF31186402383F31288BFF36F8F16
:106D2000194801F061FC38B918498822154806F065
:106D30005CFE88211548C8E7134801F079FC284615
:106D40002146FFF7DBFE05460F4801F05BFC40B92A
:106D50000E494FF49A720B4806F047FE4FF49A71B1
:106D6000E8E786F31188BFF36F8F3DB14FF0FF3234
:106D70004FF0FF3304F11000FFF7FEFB284670BD13
:106D8000C8FC040072950400FC670020B2A5040052
:106D900038B5044650B9224940F22B22214806F06A
:106DA00024FE40F22B211E4806F016FEC368DB05C8
:106DB00008D51B494FF40B721A4806F016FE4FF423
:106DC0000B71F0E7EFF31185402383F31288BFF3D3
:106DD0006F8F154801F008FC38B914498822114812
:106DE00006F003FE88211148DEE70F4801F020FC81
:106DF00020460BF0C2F804460B4801F003FC40B9F2
:106E00000A494FF49A72074806F0EFFD4FF49A7161
:106E1000E9E785F31188BFF36F8F204638BD00BFC7
:106E2000C8FC040072950400FC670020B2A50400B1
:106E300008B550B90749084840F2053206F0D5FDBB
:106E400040F20531034806F0C7FDF82200210CF09E
:106E50003DFE08BDC8FC040072950400F0B589B081
:106E600004460E9D50B92D4940F232322C4806F0AE
:106E7000BCFD40F23231294806F0AEFD41B9274948
:106E800040F23332264806F0B0FD40F23331F2E7EB
:106E9000D0F8F40010F0010008D020494FF44D72F2
:106EA0001F4806F0A2FD4FF44D71E4E7C4E9370036
:106EB00004F1E400C4E9390004F1EC00C4E93B004A
:106EC00055B32879002840F2011008BF0120C4F80A
:106ED000F40000204FF0FF364FF0FF37CDE90330CC
:106EE000CDE90100CDE9066720460E4B009400F085
:106EF0001FFB55B1296811B120460BF087F86B795B
:106F00001BB1237B43F001032373204601F0B4F847
:106F1000C4F8D84009B0F0BD0120D8E7C8FC04008F
:106F2000729504004567030038B50D46044650B914
:106F30000E494FF478720E4806F057FD4FF4787101
:106F40000A4806F049FD41B9084940F2E1320848D3
:106F500006F04BFD40F2E131F2E7302200210CF067
:106F6000B5FD4FF480736560E36038BDC8FC040074
:106F70007295040038B5044650B91B491B4840F2CD
:106F8000F13206F032FD40F2F131174806F024FDEF
:106F9000EFF31185402383F31288BFF36F8F1448FA
:106FA00001F022FB38B913498822104806F01DFD74
:106FB00088211048EAE70E4801F03AFBE4680C48E3
:106FC00004F01F0401F01EFB40B90A494FF49A7205
:106FD000064806F00AFD4FF49A71EAE785F3118836
:106FE000BFF36F8F204638BDC8FC040072950400C3
:106FF000FC670020B2A50400F7B50C4616461D46F6
:10700000019050B92D4940F257422D4806F0EDFC51
:1070100040F25741294806F0DFFC41B927494FF4B7
:107020008B62274806F0E1FC4FF48B61F2E7EFF347
:107030001187402383F31288BFF36F8F214801F03B
:10704000D3FA38B9204988221D4806F0CEFC8821A1
:107050001D48E0E71B4801F0EBFAE36813F01E0F50
:1070600022D155EA060211D1204601A9FFF778FC8A
:107070000446144801F0C6FAC0B913494FF49A7295
:107080000F4806F0B2FC4FF49A71E1E743F00803B1
:10709000E360019B04F11000A36232462B460B49CA
:1070A00001F0FCFA0124E4E70024E2E787F3118809
:1070B000BFF36F8F204603B0F0BD00BFC8FC0400D3
:1070C00072950400FC670020B2A50400396A030031
:1070D00001460148FFF790BF18480020F7B50C465D
:1070E00016461D46019050B92C4940F27A422C4870
:1070F00006F07BFC40F27A41284806F06DFC41B96D
:10710000264940F27B42264806F06FFC40F27B4164
:10711000F2E7EFF31187402383F31288BFF36F8FF9
:10712000204801F061FA38B91F4988221C4806F04E
:107130005CFC88211C48E0E71A4801F079FA2046F7
:107140000AF005FF55EA060311D1204601A9FFF711
:1071500007FC0446134801F055FAB8B912494FF438
:107160009A720F4806F041FC4FF49A71E2E7E36827
:1071700004F1100043F00803E360019B3246A36270
:107180000A492B4601F08AFA0124E3E787F31188C4
:10719000BFF36F8F204603B0F0BD00BFC8FC0400F2
:1071A00072950400FC670020B2A50400396A030050
:1071B00001460148FFF792BF1848002038B5044641
:1071C00050B91D491D4840F29C4206F00EFC40F2A9
:1071D0009C41194806F000FCEFF31185402383F32E
:1071E0001288BFF36F8F164801F0FEF938B91549C0
:1071F0008822124806F0F9FB88211248EAE7104875
:1072000001F016FA20460AF0A2FE20460AF0B5FE6A
:1072100004460B4801F0F6F940B90A494FF49A7256
:10722000064806F0E2FB4FF49A71E6E785F3118811
:10723000BFF36F8F204638BDC8FC04007295040070
:10724000FC670020B2A50400F8B50D46044650B90D
:10725000384940F2AD42384806F0C7FB40F2AD4134
:10726000344806F0B9FB41B9324940F2AE423248E7
:1072700006F0BBFB40F2AE41F2E70AF0C1FE40B1BE
:107280002C4940F2AF422C4806F0AFFB40F2AF4130
:10729000E6E7EFF31186402383F31288BFF36F8F85
:1072A000264801F0A1F938B925498822224806F07C
:1072B0009CFB88212248D4E7204801F0B9F9E36813
:1072C00003F01F03002B14BF0127002712D11B4816
:1072D00001F098F940B91A494FF49A72164806F02D
:1072E00084FB4FF49A71E5E786F31188BFF36F8F43
:1072F0003846F8BD20460AF02AFE20460AF03DFE38
:1073000020462946FFF70EFB04460C4801F07AF9A7
:107310000028E0D086F31188BFF36F8F002CE7D0F0
:107320004FF0FF324FF0FF3305F10800FFF724F96B
:10733000DEE700BFC8FC040072950400FC67002073
:10734000B2A5040008B5836843B90B490B488F22E6
:1073500006F04BFB8F21084806F03EFBD0E90032D7
:1073600013605A600023427BC0E9003322F002021E
:107370004273836008BD00BF31FC040072950400B5
:107380002DE9F8430546EFF31188402787F312886B
:10739000BFF36F8F344801F027F938B93349882299
:1073A000334806F022FB8821304814E02E4801F0D3
:1073B0003FF9EFF3118387F31288BFF36F8F83F3E5
:1073C0001188BFF36F8F43B92A492948A62206F0D6
:1073D0000CFBA621274806F0FFFA2C68A54234D002
:1073E0009CB300262046FFF7ADFF04F1180001F022
:1073F00017FAB1462046C4F88C9000F01FFA013607
:10740000EFF3118387F31288BFF36F8F83F3118833
:10741000BFF36F8F002BD7D02C68A54210D07CB162
:107420002046FFF78FFF04F1180001F0F9F9E1E7BA
:1074300088F31188BFF36F8F00263046BDE8F883CC
:107440004146094800F0E8FBF7E7074801F0DAF8A1
:107450000028EDD105494FF49A72054806F0C5FAA7
:107460004FF49A71A0E700BF00680020B2A50400A5
:107470007295040031FC04002DE9F04385B0984674
:107480000F9B04460F2B0F463BD1254988453CD125
:1074900004F15801C4E91611109900262173042142
:1074A000073222F0070507EB05096173A37349460C
:1074B0002046C4E90666A660E673ECF757FB0E9B10
:1074C000073020F00700E067C4E91D7502930D9BAB
:1074D000A9EB000901930C9B4A46009339464346A9
:1074E0002046ECF715FF0F4B66659B6884F87060CB
:1074F0000BB1D3F880304846C4F8803005B0BDE801
:10750000F08303F110011E29C2D90749074840F250
:107510004B2206F06AFA40F24B21034806F05CFA6F
:10752000215F0300C8670020E9FC04007295040095
:10753000F0B587B00446DDE91276EFF3058555B165
:107540001749184840F21A3206F04FFA40F21A3141
:10755000134806F041FA0595109D04950F9D03957B
:107560000E9D02950D9D01950C9D0095FFF784FFE2
:10757000B6F1FF3F08BFB7F1FF3F05D056EA07035A
:1075800005D1204600F078FD204607B0F0BD3A4610
:10759000334604F11800044901F080F8F4E700BF15
:1075A000E9FC0400729504007720040040F2011306
:1075B0008381002310B50446C0E91D3301F05AFB56
:1075C000014B9C6010BD00BFC867002070B590F9EA
:1075D0000D20437B002A54DBDC0652D12A4A43F0BB
:1075E00080039042437308D128495222284806F06C
:1075F000FCF95221254806F0EFF9D90706D52349B1
:107600005322234806F0F1F95321F3E7214C224697
:1076100052F81C3F216A934207D1C0E9002108605B
:10762000206211E09942F8D01B68002BF5D090F948
:107630000E5093F90E60B542F4D0AE42F2DD5968B7
:10764000C0E9003108605860E569954200D005B98D
:10765000E568A3683BB910490D48EA2206F0C5F970
:10766000EA210D48C7E75A7BD20604D1DA897F2A7E
:1076700001D9AA6932B1AB4202D0284600F03EFFE0
:10768000A56170BDA361FCE7684600200CFD040005
:1076900072950400C86700202EFD040038B590F9EB
:1076A0000D200146002A437B19DA1F4A03F07F03AD
:1076B0009042437308D11D495A221D4806F095F99E
:1076C0005A211A4806F088F9DC0706D517495B22CB
:1076D000174806F08AF95B21F3E70AF09CFC154D88
:1076E0002A4652F81C4FAB68944200D004B9EC68AB
:1076F0008B4210D03BB910490D48EA2206F075F9CB
:10770000EA210D48DEE75A7BD20604D1DA897F2AC6
:1077100001D9A2692AB1A34202D0204600F0EEFEB0
:107720002346AB6138BD00BF684600200CFD040055
:1077300072950400C86700202EFD040008B5836818
:1077400043B9094909488F2206F04FF98F210648AD
:1077500006F042F90AF05FFC437B23F00203437317
:107760000023836008BD00BF31FC04007295040053
:1077700008B5124A936860B1597B11F0090F08D11E
:107780000F491048D22206F030F9D2210C4806F0F9
:1077900023F96FF00A01C3F88C100B49C3F8880075
:1077A0004B6843F080534B60002383F31188BFF391
:1077B0006F8F9368D3F88C0008BD00BFC8670020A6
:1077C0005AFD04007295040000ED00E038B5194C34
:1077D000A168206A0B68814214BF1A4600224968DA
:1077E0000B605960A368216A2AB9134AC3E90021D2
:1077F0000B6023620CE093F90E0092F90E50A84240
:1078000014D0854212DD5168C3E900210B6053603A
:10781000E569094B9D4200D005B9E568A3689D4222
:1078200002D0284600F06AFEA56138BD9142DCD046
:107830001268D9E7C8670020E467002038B504461D
:10784000EFF31185402383F31288BFF36F8F124843
:1078500000F0CAFE40B911498822114806F0C5F867
:1078600088210E4806F0B8F80B4800F0E1FE2046EB
:10787000FFF7ACFE084800F0C5FE40B907494FF4D9
:107880009A72074806F0B1F84FF49A71E9E785F368
:107890001188BFF36F8F38BD04680020B2A50400C3
:1078A0007295040038B50446EFF31185402383F345
:1078B0001288BFF36F8F134800F096FE40B912494B
:1078C0008822124806F091F888210F4806F084F8C3
:1078D0000C4800F0ADFEA36813B12046FFF72EFF61
:1078E000084800F08FFE40B907494FF49A720748E4
:1078F00006F07BF84FF49A71E7E785F31188BFF340
:107900006F8F38BD04680020B2A504007295040092
:1079100070B504460D46EFF31186402383F31288B9
:10792000BFF36F8F1C4800F05FFE40B91B498822EF
:107930001B4806F05AF88821184806F04DF81648FA
:1079400000F076FE002394F87010627B84F87030AB
:1079500069B165B1104800F055FEC0B90F494FF448
:107960009A720F4806F041F84FF49A71E4E712F06A
:10797000280FEFD1A36813B12046FFF7DFFE637B2A
:10798000204623F004036373FFF720FEE2E786F34B
:107990001188BFF36F8F70BD04680020B2A504008A
:1079A000729504002DE9F047DFF8C8A02B4F16466A
:1079B000DDE90898DAF80820294BB84204460D465C
:1079C0001A600AD12749284840F29E2206F00DF895
:1079D00040F29E21234805F0FFFFEFF3118340237F
:1079E00083F31288BFF36F8F384600F0FDFD38B97E
:1079F0001E4988221C4805F0F8FF88211B48EAE749
:107A0000384600F015FEDAF80870314638460AF0BC
:107A10000AFBB8F1FF3F08BFB9F1FF3F06D04A4665
:107A20004346134907F1180000F038FE204600F0E5
:107A3000E9FD40B90D494FF4B7720B4805F0D5FF89
:107A40004FF4B771DAE7054800F0DCFD0028F1D00B
:107A50002846BDE8F047FFF78BBE00BF0468002052
:107A6000086800200CFD040072950400B2A5040013
:107A700077200400C86700202DE9F04104460D4638
:107A8000EFF31187402383F31288BFF36F8F5B48B6
:107A900000F0AAFD38B95A4988225A4805F0A5FFD6
:107AA0008821574817E0554800F0C2FD637B03F07A
:107AB0001F02002A0CBF0126002669D1524A03F09A
:107AC0007F039442637308D150495A224D4805F010
:107AD0008CFF5A214D4805F07FFFD90706D54B4949
:107AE0005B22484805F081FF5B21F3E720460AF05E
:107AF00092FA637B6DB243F08003DA07A573637378
:107B000006D5424953223F4805F06FFF5321E1E774
:107B1000DFF80081424652F81C3F934235D1D8F835
:107B20002010C4E900210C60C8F820400FE0994201
:107B3000F7D01B68002BF4D093F90E008542F6D0E5
:107B4000A842F4DD5968C4E900310C605C60D8F8E3
:107B50001C40944200D00CB9D8F80C40D8F808303A
:107B60009C4202D0204600F0C9FCC8F818402348C7
:107B700000F048FD002839D121494FF49A7221487C
:107B800005F033FF4FF49A718BE7D8F82010D1E756
:107B90009B0729D5A16839B91D491A488F2205F0DC
:107BA00024FF8F211A4896E720466DB20AF033FA77
:107BB000A5730B68994209D14B68C4E900131C6096
:107BC0004C60D4E74A689342F6D01B68002BF3D090
:107BD00093F90E209542F5D0AA42F3DD5A68C4E924
:107BE000003214605C60C2E7A573C0E787F31188B8
:107BF000BFF36F8F3046BDE8F08100BF04680020FE
:107C0000B2A5040072950400684600200CFD040033
:107C100031FC0400C867002038B503460C46D1B9D2
:107C2000EFF30585BDB9154A91699268914212D06A
:107C300000F0E8FC50B912494FF4B772114805F052
:107C4000D4FE4FF4B7710E4805F0C6FE2846BDE8D5
:107C50003840FFF78DBD184600F0D4FC40B9084904
:107C60004FF49A72074805F0C0FE4FF49A71EAE7A4
:107C700084F31188BFF36F8F38BD00BFC867002041
:107C8000B2A5040072950400034648B9EFF30582DB
:107C900032B9064A91699268914201D0FFF768BDF6
:107CA00083F31188BFF36F8F704700BFC867002050
:107CB00010B5EFF31184402383F31288BFF36F8F65
:107CC0001F4800F091FC38B91E4988221E4805F073
:107CD0008CFE88211B480EE0194800F0A9FCEFF348
:107CE000058353B1194940F23B32174805F07DFE38
:107CF00040F23B31154805F06FFE154B9A68D37B77
:107D0000012B08D111494FF44F720F4805F06DFE59
:107D10004FF44F71EEE7013BD373094800F072FC5A
:107D200040B908494FF49A72074805F05EFE4FF4D7
:107D30009A71CFE784F31188BFF36F8F10BD00BF36
:107D400004680020B2A50400729504000CFD040034
:107D5000C867002070B5EFF31186402383F31288C3
:107D6000BFF36F8F2E4800F03FFC38B92D498822B1
:107D70002D4805F03AFE88212A480FE02B4D28486F
:107D800000F056FCAB68DA7B52B9294940F2473221
:107D9000254805F02AFE40F24731254805F01CFE33
:107DA000EFF3058141B122494FF452721E4805F0AC
:107DB0001CFE4FF45271F0E70132DA732A4652F892
:107DC0001C4F944200D004B9EC685A7BD20604D10F
:107DD000DA897F2A01D9A2692AB1A34202D02046BA
:107DE00000F08CFB23460E48AB6100F00BFC40B961
:107DF0000C494FF49A720C4805F0F7FD4FF49A7154
:107E0000BAE786F31188BFF36F8FEFF31180402339
:107E100083F31288BFF36F8FBDE87040FFF734BF64
:107E200004680020B2A5040072950400C867002011
:107E30000CFD0400024B03F11C02C3E9072270474A
:107E4000C867002070B5EFF3058353B1324933485A
:107E50004FF48E6205F0C9FD4FF48E612E4805F097
:107E6000BBFDEFF31186402383F31288BFF36F8FBE
:107E70002B4800F0B9FB38B92A498822274805F079
:107E8000B4FD88212748EAE7274C254800F0D0FBBD
:107E9000A168206A0B68814214BF1A460022496813
:107EA0000B605960A368216A2AB9204AC3E90021FE
:107EB0000B6023620CE093F90E0092F90E50A84279
:107EC00020D085421EDD5168C3E900210B6053605C
:107ED000E569164B9D4200D005B9E568A3689D424F
:107EE00002D0284600F00AFB0D48A56100F08AFB8D
:107EF00060B90C494FF4B772084805F076FD4FF4AD
:107F0000B771BFE78A42D0D01268CDE73046BDE8EE
:107F10007040FFF72DBC00BF0CFD040072950400FB
:107F200004680020B2A50400C8670020E4670020B0
:107F30002DE9F04106460C46EFF3058757B12D4970
:107F40002D484FF4916205F050FD4FF4916129489E
:107F500005F042FD50EA010304D1FFF773FF002052
:107F6000BDE8F081EFF31188402383F31288BFF35B
:107F70006F8F224800F038FB38B9214988221E480B
:107F800005F033FD88211E48E2E71E4D1B4800F036
:107F90004FFBA8681C4B1860FFF780FBA8682346BE
:107FA00032461A49183000F079FBAA680446537B20
:107FB000124843F00403537300F024FB40B9104906
:107FC0004FF4B7720C4805F010FD4FF4B771DAE7C3
:107FD0004046FFF7CDFBAB68D3E90A23B3F1004F6E
:107FE00008BFBA42BBD10AF08BF8201A20EAE07031
:107FF000B6E700BF0CFD0400729504000468002081
:10800000B2A50400C867002008680020772004009B
:10801000F8B506460F46EFF3058454B114491548E8
:1080200040F2B24205F0E1FC40F2B241104805F0E6
:10803000D3FCFFF77DFFB7F1FF3F08BFB6F1FF3F6D
:108040000546304612D04FF47A7647F61120214685
:1080500047F612220023C5FB0601DEF7D9F8B0F17E
:10806000004F71F1000128BF6FF00040F8BD00BF64
:108070000CFD04007295040038B50446EFF3118539
:10808000402383F31288BFF36F8F1B4800F0ACFAD4
:1080900040B91A4988221A4805F0A7FC88211748D8
:1080A00005F09AFC144800F0C3FA637B5B0710D517
:1080B00004F1180000F0B4FB637B204623F00403B6
:1080C0006373FFF783FA2946BDE838400A48FFF793
:1080D000A3BD094800F096FA40B908494FF49A72D6
:1080E000074805F082FC4FF49A71D8E785F31188B0
:1080F000BFF36F8F38BD00BF04680020B2A5040035
:1081000072950400014B9868704700BFC867002053
:108110002DE9F8430446077BEFF31185402383F3F1
:108120001288BFF36F8F754800F05EFA40B974494A
:108130008822744805F059FC8821714805F04CFCF0
:108140006E4800F075FA637B180712D56B4800F093
:1081500059FA40B96A494FF49A726A4805F045FCE9
:108160004FF49A71E9E785F31188BFF36F8FBDE88B
:10817000F883D90943F008027DD16273A36813B173
:108180002046FFF7DBFA04F1180000F049FBA66D6A
:1081900004F15808B04511D04FF0000976B13046CF
:1081A000FFF7CCFA06F1180000F03AFB3046C6F8AB
:1081B0008C90FFF70BFAA66DB045EFD1DFF8588130
:1081C000D8F808309C4273D1EFF30589B9F1000962
:1081D00018BF4FF00109D8F81C604B4A964200D0F6
:1081E0000EB9D8F80C60B34202D0304600F086F9E0
:1081F0002046C8F8186006F0DFFAB9F1000F02D087
:108200004248FFF7D3F9D8F808309C425FD1EFF32A
:108210000586002E5BD1237BDA071FD5374800F097
:10822000F1F9002896D085F31188BFF36F8F86F39C
:108230001188BFF36F8F0423184602DFEFF3118517
:10824000402383F31288BFF36F8F2C4800F0CCF9E2
:1082500000283FF46CAF294800F0EAF9274800F005
:10826000D1F940BB26494FF4B772264805F0BDFB53
:108270004FF4B77161E7264A03F07F0343F0080328
:108280009442637307D123495A221E4805F0ADFB7F
:108290005A21204852E7D90706D51E495B221948C2
:1082A00005F0A3FB5B21F4E7204609F0B4FE65E787
:1082B0004FF000098FE72846FFF75AFA15494FF4A7
:1082C000EE72104805F091FB4FF4EE71E1E70B48B8
:1082D00000F098F900283FF43DAF85F31188BFF313
:1082E0006F8FFB077FF543AF0A4940F28E52054876
:1082F00005F07BFB40F28E51CBE700BF0468002005
:10830000B2A5040072950400E46700201049002023
:10831000684600200CFD0400C86700202DE9F843E2
:10832000064688461746EFF31189402383F31288E7
:10833000BFF36F8F1C4800F057F9054640B91B4941
:1083400088221B4805F051FB8821184805F044FBA2
:10835000154800F06DF93468A6421AD0DCB1204609
:10836000C4F88C802761FFF7E9F904F1180000F0E8
:1083700057FA2046FFF72AF90B4800F043F960B995
:108380000A494FF49A720A4805F02FFB4FF49A718C
:10839000DBE70025F0E72546EEE789F31188BFF318
:1083A0006F8F2846BDE8F88304680020B2A504005A
:1083B00072950400D3B5DDE90667089CCDE9006736
:1083C000FFF7F0FA1CB1034B9B681B69236002B0F6
:1083D000D0BD00BFC86700202DE9F84306460F4610
:1083E0009046EFF31189402383F31288BFF36F8F18
:1083F0001A4800F0F9F840B919498822194805F0DF
:10840000F4FA8821164805F0E7FA144800F010F94C
:108410003468A64217D10025104800F0F3F8A8B937
:108420000F494FF49A720F4805F0DFFA4FF49A7132
:10843000E8E741462046B84705460028ECD1736876
:10844000A342E8D02468002CF3D1E4E789F3118833
:10845000BFF36F8F2846BDE8F88300BF0468002093
:10846000B2A5040072950400427B034612F01F027D
:1084700010D10A4988420DD00949086868B1D989E4
:108480007F2909D893F90E20064B1B689A42B8BF82
:108490000020704700207047104670476846002053
:1084A000E40600200C68002008B568B10E4B984225
:1084B0000AD303F11802904206D21822C01AB0FB68
:1084C000F2F302FB130343B1084909483F2205F0C8
:1084D0008CFA3F21054805F07FFA0122054BC010B8
:1084E0005843054B1A5408BDE849002084FD040098
:1084F00072950400ABAAAAAA8076002070B50D4B35
:108500000D4D1E7CFFF7B0FF06EB460305EBC305E0
:108510000446284600F084F90022084B9A553CB1E5
:10852000621E2846BDE870400549D31700F0B6B872
:1085300070BD00BFC8670020E84900208076002099
:10854000A984030038B5EFF31185402383F3128823
:10855000BFF36F8F1E4800F047F840B91D498822CD
:108560001D4805F042FA88211A4805F035FA1848E6
:1085700000F05EF8194B1A4A9C681068A0420ED1B0
:10858000FFF7BCFF124800F03DF8D8B911494FF48D
:108590009A72114805F029FA4FF49A71E4E7002124
:1085A0001B7C11600F4AD35C002BEBD02046FFF7F9
:1085B0005BFF0028E6D0637BDB0601D1FFF706F9FD
:1085C0002046DDE785F31188BFF36F8F38BD00BF0C
:1085D00004680020B2A5040072950400C86700205A
:1085E0000868002080760020006838B1044B00F055
:1085F00003001B7CC01A18BF012070470120704780
:10860000C8670020002302680360EFF30581074B71
:1086100019B19968497BC90706D4197C9868084341
:10862000831A58425841704701207047C86700209C
:10863000024B1A7C9B68134303607047C867002095
:10864000024B1868984208BF00207047E8060020D7
:10865000034B1B680BB9F9F71DBB0020704700BF27
:108660001068002030B570B10B4B5B6898420AD09F
:10867000036843B1D3E90421D0E90445121941EB61
:108680000501C3E90421D0E9003213605A600023D8
:10869000C0E9003330BD00BFE8060020B3F1FF3F62
:1086A00008BFB2F1FF3F2DE9F84F04469B4615463F
:1086B0001F4600F0A480D0F80090B9F1000F08D058
:1086C00050495148702205F090F970214D4805F04D
:1086D00083F98160EFF31188402383F31288BFF39D
:1086E0006F8F4A48FFF780FF824638B94849882291
:1086F000454805F07AF988214548E8E74348FFF7FF
:1087000097FFBBF1000F434A1FDBFFF7A1FF0646AF
:1087100001354BF1000B3F4A2D184BEBE073D2E9CA
:108720000017C4E904536D1843EB0707FFF788FFF0
:108730000346DFF8E8E0DEF80490EBB9C4E900E9AD
:10874000C9F80040CEF8044028E06FF00103D2E9F8
:1087500000125B1A4FF0FF3161EB02025B1B62EB10
:108760000B02012B72F10001BCBF01234A464FF0FE
:10877000000AC4E90432D9E7D3E9041CD4E904208F
:108780008A4270EB0C0B29DA891A5A686CEB0000EC
:10879000C3E90410C4E9003214605C60FFF750FFC5
:1087A00084420ED11C4B1B685BB9BAF1000F02D199
:1087B000FFF74EFF0646304609F08BFC0021F9F723
:1087C000ABFA1248FFF71EFF88B911494FF49A72AD
:1087D0000D4805F00AF94FF49A718DE7521A60EBD3
:1087E0000C009945C4E90420A8D01B68A5E788F3CC
:1087F0001188BFF36F8F28463946BDE8F88F0025F2
:108800002F46F8E7ACFD04007295040014680020C0
:10881000B2A50400004A002010680020E8060020ED
:1088200070B50446EFF31186402383F31288BFF33B
:108830006F8F1E48FFF7D8FE40B91D4988221D489A
:1088400005F0D3F888211A4805F0C6F81748FFF755
:10885000EFFE23680BB3FFF7F3FE05462046FFF754
:1088600001FF00224FF00043A542C4E9042306D1D2
:10887000FFF7EEFE09F02DFC0021F9F74DFA002478
:108880000A48FFF7BFFE58B909494FF49A720948E0
:1088900005F0ABF84FF49A71D5E76FF01504EFE7E8
:1088A00086F31188BFF36F8F204670BD14680020D7
:1088B000B2A50400729504002DE9F04D0446EFF3D3
:1088C0001186402383F31288BFF36F8F3E48FFF772
:1088D0008BFE40B93D4988223D4805F086F8882145
:1088E0003A4805F079F8DFF8F0803748FFF7A0FE46
:1088F000C8F80040FFF7A4FE4FF0000A04464FF00E
:10890000000B344FD8F80030D7E9001CD81754B109
:10891000D4E90452AB4270EB020E1EDAED1A62EBA0
:108920000002C4E9045200245B184CEB0000C7E9C4
:1089300000302046C8F8004009F0CBFB2146F9F78B
:10894000EBF92148FFF75EFEA8B186F31188BFF36B
:108950006F8FBDE8F04DFFF7F5BD69184CEBE5737F
:108960002046C4E904ABC7E90013FFF77BFE1648B5
:10897000FFF748FE40B915494FF49A72144805F0C4
:1089800034F84FF49A71ABE786F31188BFF36F8F19
:108990002046A3689847EFF31186402383F312889B
:1089A000BFF36F8F0848FFF71FFE002892D00648DC
:1089B000FFF73EFED8F800305B1BC8F80030FFF729
:1089C0003FFE04469EE700BF14680020B2A50400E5
:1089D00072950400004A00201068002070B5EFF383
:1089E0001186402383F31288BFF36F8F1548FFF77A
:1089F000FBFD40B914498822144804F0F6FF882191
:108A0000114804F0E9FF0F48FFF712FEFFF720FEC0
:108A10000F4AD2E90045041945EBE0750948FFF714
:108A2000F1FD40B908494FF49A72084804F0DDFF9F
:108A30004FF49A71E4E786F31188BFF36F8F2046F5
:108A4000294670BD14680020B2A504007295040088
:108A5000004A0020F8B505460E46EFF31187402383
:108A600083F31288BFF36F8F1A48FFF7BDFD40B93B
:108A700019498822194804F0B8FF8821164804F0E3
:108A8000ABFF1448FFF7D4FD2C68A54217D0D4E9FA
:108A9000003213605A60002331462046C4E9003397
:108AA00009F07AFB0B48FFF7ADFD50B90A494FF4C6
:108AB0009A720A4804F099FF4FF49A71DEE7002495
:108AC000F0E787F31188BFF36F8F201E18BF0120D6
:108AD000F8BD00BF18680020B2A50400729504001C
:108AE00070B504460D46EFF31186402383F31288D8
:108AF000BFF36F8F1C48FFF777FD40B91B498822F1
:108B00001B4804F072FF8821184804F065FF1648DE
:108B1000FFF78EFD01212068E5608442A1600CD141
:108B20001148FFF76FFDC0B910494FF49A72104811
:108B300004F05BFF4FF49A71E6E7D0E9003213606E
:108B40005A600023C0E9003309F026FB3146044691
:108B50000548FFF761F8204670BD86F31188BFF322
:108B60006F8F0024F7E700BF18680020B2A504004B
:108B7000729504002DE9F84F4F1E0F4206460D4630
:108B80009A4607D025491722254804F02EFF1721C1
:108B9000224817E0141D3ED241F0040B00F11408E6
:108BA000EFF31189402383F31288BFF36F8F4046A0
:108BB000FFF71AFD40B91B498822194804F015FF38
:108BC0008821184804F008FF4046FFF731FD22468F
:108BD00059463046D04704464046FFF713FD40B99A
:108BE00010494FF49A720E4804F0FFFE4FF49A7148
:108BF000E7E789F31188BFF36F8F64B1204640F82F
:108C0000046B4DB1384207D004493422044804F0C3
:108C1000ECFE3421BCE70020BDE8F88FF1FD040034
:108C200072950400B2A504002DE9F04105460E46F8
:108C3000174609F0E5F930B9074B9B68D3F8804037
:108C400014B9BDE8F081054C3B4632462946204622
:108C5000BDE8F041FFF78EBFC8670020D0070020B5
:108C600002460021014B0248FFF784BFB5D903003B
:108C7000D0070020014BC0F880307047D00700209B
:108C80000146024A0020FFF7CFBF00BFB5D903005D
:108C900001680E4A0346914215D1C169A2F1102222
:108CA000A2F1EF1291420ED18268012A0BD8C2685C
:108CB00012B101698A4206D0586928B19B691B1A12
:108CC0005842584170470120704700BF55AA00FF25
:108CD00070B50D4B9E68A6B13046FFF7D9FF04462C
:108CE00078B9F3686BB935690DB9204670BD28466F
:108CF000FFF7CEFF28B9EB68B34202D12E462D69AB
:108D0000F2E70124F1E700BF1C6800202DE9F041E3
:108D1000444B454C05461B6820468846984718B189
:108D200000242046BDE8F081A4F1140754F8144C47
:108D3000FB68DCB1BC68CCB1002D66D0B8F1000F87
:108D400065D008FB05F6B6FBF5F5A84561D1311DE8
:108D50005FD8B20711D026F0030204321C4603E0AC
:108D60006168914257D2A469002CF9D12F4B2E484B
:108D70001B6898470028D4D0D2E73246EEE7891A1C
:108D8000232904F120051CD80123A360D4E905237D
:108D9000AAB19361A3690BB162695A610023C4E966
:108DA00005333B69DB0703D5FFF792FF002835D178
:108DB0003246002128462C460AF088FED6E7FB60A2
:108DC000E8E702F1200C04EB0C032039C3E90110A1
:108DD000DC6021691648196144F80C00A0F11020EC
:108DE000A0F1EF10D86101B1CB6061695961A06950
:108DF000986141B18B61996901B14B610121236196
:108E0000C4E90121CAE7FB60F5E72C46AEE744461A
:108E1000ACE70446AAE7A0680028B0D0012003F020
:108E2000AFF800BF20070020306800201C0700209A
:108E300055AA00FF70B5464B464C05461B682046B8
:108E40009847002840F08280002D43D054F8143C0D
:108E5000A4F11406002B3DD0B268002A3AD09D42FE
:108E600003D3726813449D4202D3012003F088F8B3
:108E7000A5F120042046FFF70BFF0028F5D155F897
:108E8000183C012BF1D155F8143C45F8180C3BB3B4
:108E90009A682ABB55F81C2C02F120015A680A4432
:108EA0005A6055E905321A6155F8145C2B6903B113
:108EB000DD602022002120460AF008FE286910B15A
:108EC0008368002B2ED033699B0703D5FFF700FF83
:108ED0000028CAD1BDE870401F4B1E481B681847C8
:108EE00055F8100C00282AD0836843BB4268636899
:108EF00013442033636003692361D4E905239AB9DD
:108F0000CBB9436963618269A261B3B19C61A36912
:108F100003B15C61236903B1DC60202200210AF007
:108F2000D5FDD0E72C46E1E79361A369002BE8D09B
:108F300062695A61E5E7F360F7E7F460E7E7F36831
:108F400045F8083C03B15C61F460BCE770BD00BF4C
:108F500020070020306800201C07002038B50C4690
:108F600028220021054615480AF0B0FD144B15488B
:108F70001B6898471449154800F038F8232C1CD971
:108F800015F003031FBF043CE418C3F10403ED18FC
:108F90002246002128460AF099FD084B0C49C3E9F6
:108FA0000054203C9D606C609A6811609A68A1F141
:108FB0001021A1F1EF11D161DA6038BD1C680020E9
:108FC0002407002030680020358E03000D8D03003B
:108FD00055AA00FF014B1B68184700BFF40600208C
:108FE000014B1B68184700BFF0060020024B1860B9
:108FF000024B002019607047F4060020F0060020A4
:1090000010B50A46044619B1024B00211B68984767
:1090100010BD00BFF8060020F8B50D4E0D4C0E4DEA
:1090200033680E48984767782B680C489847336830
:109030000B489847022F08D12478E31F5C425C411B
:109040002B68074898472046F8BD0024F8E700BF82
:1090500020070020446800201C070020880800200A
:10906000740800200E4B0340B3F1607F06D1B1F5C8
:10907000885F14BF6FF0860000207047B3F1707FE7
:109080000BD101F4E043B3F5005F06D111F4E06FBA
:109090000CBF6FF08600002070476FF086007047AD
:1090A0000000C07F8A42F8B506460D4600F01881E0
:1090B00001F0FE41B1F1C06F6BD18D4C22F48751AC
:1090C00021F01F01A14222F0FF0015D089498842FA
:1090D0002CD022F4FF7121F00101B1F1062F2CD028
:1090E00004F5C064A04207D004F57454A14203D033
:1090F000A4F58444A1421DD1D1B221BB8BB122F48D
:10910000FF7323F00103B3F1062F06D07A4922F44E
:10911000FF6323F007038B4203D122F4807225F40E
:109120008075954214BF00200120F8BDD1B251B91D
:10913000824208D0002BE9D1F3E7D1B219B9B2F1DC
:10914000062F40F0D1806B4E25F4FF7121F0010114
:10915000B14225F0FF0411D006F58856B4420DD077
:10916000664F25F47F7626F00306BE4206D0644E95
:10917000B44203D006F57456B142BFD115F0FF01D9
:10918000BCD0604E41F00071B14204BF024625469A
:10919000B4E7B1F1A06F17D102F0FE43B3F1A06FB5
:1091A00040F08C8082EA050333F47E1340F0868021
:1091B0002E0440F18380C5F30540C2F3054290427E
:1091C0008CBF00200120B0E74F4B9D4209D1A3F591
:1091D00000439A4200F084804C4B22F47E10984267
:1091E000A0E7B1F1407F69D102F0FE43B3F1407FC7
:1091F00064D182EA050030F47E145FD131462846FE
:10920000FFF730FF00286DD1414B12F47C1103EAC7
:10921000020318D0B3F1607FC2F305413DD13D4850
:10922000D3B243F0007383423DD003F17E43043B4D
:10923000112B01D83848C45C15F47C1FC5F30543D5
:1092400033D18C426EE7B3F1607F0DD13148D3B298
:1092500043F0007383421ED003F17E43043B112B85
:10926000DDD82E49C95CDAE7B3F1707F19D106F475
:10927000E043B3F5005F03D10121C6F30223994017
:1092800006F4E043B3F5005FD6D10120C6F3022611
:1092900000FA06F4D0E71021C1E7B3F1707FCBD11B
:1092A000EEE70024C8E71024C6E712F47C1F01D1C2
:1092B000A34215D02C0401D58B4281E725F0004351
:1092C00023F47F03B3F1106F0CD102F0FE43B3F12E
:1092D000106F07D11248104040F01060A84221E7FB
:1092E000012022E7002020E7002B7FF416AF18E7CB
:1092F000000300060002000600400006000400060D
:1093000000090006FF0000020093C00400014005B0
:109310000000C07F0300000215FE040015FE0400DB
:109320000000FFF62DE9F047884692461C4600F003
:1093300023FC064600283CD1D8F80070B7F800900E
:1093400009F4E043B3F5804FBB6808BF2AF0010A77
:109350003AEA030325D164B3BAF5006F2CD0AAF51D
:109360000052D2F1000A4AEB020A2A4B24F0FF0213
:109370009A4224D114F0FF0504D0274B45F0007524
:109380009D423BD0534622464846F968FFF78AFE85
:10939000054670B95346224648463969FFF782FEB2
:1093A000A8BB6FF0840600233846C8F8003000F0F0
:1093B000A9FC3046BDE8F0874FF0010AD5E7174B0E
:1093C0009A42D7D0A3F588539A42D3D024F4FF739E
:1093D00023F00103B3F1062FCCD011498A42C9D042
:1093E000104A9342C6D0A2F584429342C2D004F000
:1093F000FE43B3F1407F04D12304C3D56FF086064A
:10940000D1E7B3F1A06FF7D0034B9C42B9E72E46EA
:10941000CFE700BF00030006FF00000200130006B4
:10942000000900060046000670B5114B05461B6892
:1094300010480E469847044618B16FF08F04204636
:1094400070BD6B6933602B7F012B04BF02232B7728
:10945000094B18BF30601B68064818BF6FF09604B0
:1094600098470028EBD0002CE7D06FF09604E6E791
:1094700020070020600800201C07002038B500F0FD
:10948000FE43B3F1407F04460D4602D06FF08600E4
:1094900038BDFFF7E7FD0028FAD114F47C1F12D085
:1094A000C4F30543032B137022D9284A2240B2F19A
:1094B000607F3DD1264AE4B244F0007494422BD13F
:1094C000102BE5D9E2E7214B2340B3F1607F15D1A2
:1094D0001F49E3B243F000738B4202D11023137093
:1094E000D6E703F17E43043B112B04D9002313700C
:1094F0006FF08500CCE71749CB5CD3E7B3F1707F01
:10950000F4D101F4E043B3F5005FEFD10123C1F3DF
:1095100002218B40DBB2C5E704F17E44043C112CF0
:10952000B4D80D4A125D9342B0D8142BB0D9DFE7FE
:10953000B2F1707FAAD105F4E042B2F5005FA5D187
:109540000122C5F30225AA40EDE700BF0000C07F5D
:109550000300000215FE040015FE040000232DE99F
:10956000F34113604768D0F8148004460E4638462D
:10957000114609F0C7F9054688B9384609F0C4F91B
:10958000054660B9FFB277B9B8F1000F05D1A368FD
:1095900023F0031323F47F4363B16FF0860528465D
:1095A00002B0BDE8F0810121606909F085F9002869
:1095B000EDD1F2E74FF6F87362889A4227D8154B3F
:1095C00015481B682779984710B16FF08F05E6E7BB
:1095D00007B901A8314600F08DFA104B05461B680B
:1095E0000D48984710B1002DD9D1EEE7002DD6D106
:1095F0000FCCD6F800C066460FC694E8070086E890
:109600000700002FCBD1019BCCF81430C7E76FF0D7
:109610008505C4E720070020600800201C07002003
:1096200010B5044660B1074B07481B6898472046B1
:1096300008F03AFFBDE81040044B03481B68184788
:1096400010BD00BF20070020600800201C0700207C
:1096500037B50446C0B101A900F08EFA044698B9A6
:109660001F4B20481B6898471F4D38BB0198037F4C
:10967000032B11D109F031F92B680446194898479A
:1096800028B10CB96FF08F04204603B030BD002C18
:1096900008BF6FF08704F7E7022B1BD10323037782
:1096A0000379FF2B19D04369104A03F14043A3F516
:1096B0008053934202D800F0DBFC0446019809F085
:1096C0000CF92B68002818BF044606489847002864
:1096D000DAD0D6E76FF09604F0E76FF08404EDE798
:1096E00020070020600800201C070020FFDFFF3F4C
:1096F0002DE9F04116461F46002288B00388054632
:109700008846CDE9042207963A60002E62D0B6F171
:10971000005F80F09E8023F0FF03B3F5E24F02D09C
:10972000B3F5824F22D1284608F09FFD0446002859
:1097300040F08380EB686BB16A885AB12B8803F4E0
:109740004F41B1F5824F05D1DBB2222B37D02DD856
:10975000122B39D04246002308EB060112F8010B08
:10976000914243EA0003F9D1002B33D0284605AAE1
:1097700004A9FFF7F3FE0446A0B9049B9B6A63B3F8
:10978000049B41465A882846069206AA029203F193
:10979000280201929A6A00925B6A324600F02CFB22
:1097A000044678B30498FFF73BFF46E0273BDBB263
:1097B0001B2BCFD8284921FA03F3DB07CAD5073280
:1097C000B6EBD20FC6D205E040F209239A42F6D199
:1097D000402EBFD86FF086042FE06B681B0A07D1BC
:1097E0000799049808F020FE04460028C8D0D9E75D
:1097F00032464146284607AB00F0A2FA044600284C
:10980000EED0CFE70499069B4A88D2B94B804FF639
:10981000F873069A04989A4218D82B8813B10288D4
:109820009A4210D16B8813B142889A420BD13946C3
:10983000FFF7FAFD04460028B4D1204608B0BDE881
:10984000F0819A42E3D06FF08604ABE76FF08504B5
:10985000A8E76FF08504F0E70102000C38B5044674
:109860000D46FFF7D9FB30B12A462146BDE8384006
:10987000024809F075B86FF0880038BD48680020CC
:1098800070B51D4E1D4C33681D4898472378590705
:1098900044BF23F00403237023789A0705D500F012
:1098A0000FF9237823F002032370164D14482B6818
:1098B0009847336814489847637813B1134809F000
:1098C00052F80023042111486370FFF799FB2B68BD
:1098D0000D48984733680A4898472378DB0705D531
:1098E00009F01BF8237823F0010323702B68044848
:1098F000BDE87040184700BF2007002044680020E2
:10990000740800201C0700208808002048680020F8
:109910002DE9F041FFF780FB18B100242046BDE897
:10992000F081364F36483B689847044620B16FF0C7
:109930008F04FFF7A5FFF1E7324D2B78D80706D447
:1099400008F0E9FF04462B7843F001032B702E4EFC
:109950002B483368984710B1002CE8D0E9E7002C79
:10996000E7D13B682648984704460028DFD12B788A
:10997000990706D400F09CF804462B7843F00203C4
:109980002B7033681E4898470028E5D1002CD0D1B1
:109990003B681B4898470028C9D13368184895F898
:1099A000008098470028C2D13B6818489847044671
:1099B0000028BCD16B7843B918F0010F05D01448CA
:1099C00008F0CBFF022304466B7033680F489847BA
:1099D0000028C1D1002CACD13B6809489847002829
:1099E000A5D12B7806485A075CBF43F004032B70BF
:1099F00033689847002890D099E700BF20070020DF
:109A000074080020446800201C07002088080020FB
:109A10004868002038B5074C074B20461B6898471C
:109A2000064B204693F88055054B1B6898472846FF
:109A300038BD00BF74080020200700204C680020BB
:109A40001C07002000F140431F2B70B505460E4651
:109A50000CD82C22154C02FB0344237F022B02D18D
:109A60006369834218D06FF08B001AE0012108F07F
:109A700023FFB8B10D4B00221C46197F022902D1E9
:109A80005969A94205D00132202A03F12C03F4D1EF
:109A9000E9E72C2303FB0244204608F000FF00B94D
:109AA000346070BD6FF08700FBE700BF4C6800209A
:109AB0000122024B002083F8802570474C6800206B
:109AC0002DE9F0410A4C002526464FF001080327F6
:109AD0002046C4F820802777013508F0E5FC202DCA
:109AE00004F12C04F4D1002386F88035BDE8F08120
:109AF0004C680020F8B506460F46FFF78BFF80B391
:109B000000241B4B22461D46197FD1B13CB90229C6
:109B100005D1196A19B91979002918BF1C460132F3
:109B2000202A03F12C03EFD114B96FF08C0006E06A
:109B3000204608F0B4FE204608F0B6FC10B1002420
:109B40000DE01C46237F7BB90123237736B1094BF7
:109B5000651BAD105D4305F18045356000203C601C
:109B6000F8BD6FF08800EAE76FF09600E7E700BF06
:109B70004C680020A38B2EBA00232DE9F0410B6026
:109B800090B005460E46FFF745FF002800F0AF8075
:109B9000584B59481B689847804668B93146284653
:109BA000FFF750FF10F18C0F0446544F0AD03B686A
:109BB0005148984710B10CB96FF08F04204610B08F
:109BC000BDE8F08131464046FFF794FF044618B1E6
:109BD0003B6849489847F1E70122336801465D61D7
:109BE000336809A85A601C22356809F06FFF00220B
:109BF00000236869CDE90623414A00F14043A3F5FB
:109C000080539342CDE90444039405D9284608F0D3
:109C10004BFC6FF0870420E006AA03A908F0A6FE1B
:109C20000446002837D1039B6A690A93DBB2002BF4
:109C300008BF00220346CDE90000DDE906010E92CF
:109C400009AA00F067F910F18A0F044608D03068BD
:109C50000CBB08F029FC6FF0960400233360A6E7E4
:109C600004A909A800F086F80446A0B9284604997A
:109C700008F0DAFB044670B9DDE9060105AB019393
:109C8000AB6A09AA00936B6A00F044F9044648B134
:109C9000284608F0FEFB306808F006FC14F18C0F33
:109CA000DBD1B6E7059B09ACAB620FCC0FC594E8DE
:109CB000070085E8070033689A68D00413D49A68CF
:109CC000910444BF42F400629A6033681A7F012A0B
:109CD00004BF02221A77306808F0E1FD044600282C
:109CE0003FF465AFB9E742F480629A60E7E76FF04E
:109CF000880463E720070020600800201C0700207C
:109D0000FFDFFF3F10B50B4B04461B680A4898471E
:109D100018B16FF08F04204610BD204608F0DDFD1D
:109D2000064B04461B68044898470028F3D0002CD3
:109D3000F1D1EEE720070020600800201C0700207A
:109D4000194610B4002443680C60084C1A0AB4EB9E
:109D5000132F02D0064B9A4203D15DF8044B00F05A
:109D600029BB6FF086005DF8044B7047004E800001
:109D70004B4E800010B4002443680C60084C1A0A53
:109D8000B4EB132F02D0074B9A4203D15DF8044B7A
:109D900000F010BB6FF086005DF8044B704700BF09
:109DA000004E80004B4E80002DE9F041456804468E
:109DB0002D0A0E461746984606D00E4CA54214D0E2
:109DC0006FF08600BDE8F08105886D0407D4434636
:109DD0003A4631462046BDE8F04108F0D3BC00F0D9
:109DE000DBFD10F1860FEDD1F1E7BDE8F04100F0A9
:109DF000D3BD00BF4B4E80002DE9F04FDFF880B09F
:109E0000D0F804E085B0BBEB1E2F0446DDE90E89D7
:109E10000D4616461F46DDF840A04FEA1E2C1CD00A
:109E2000DFF860E0F44518D0BCF1000F22D1CDE995
:109E3000019ACDF8008000F02FFD10F1860F1BD1A4
:109E40003B46324629462046CDE90F9ACDF8388068
:109E500005B0BDE8F04F08F0FABA3B463246294655
:109E60002046CDE90F9ACDF8388005B0BDE8F04F17
:109E700000F012BD6FF0860005B0BDE8F08F00BFA6
:109E8000004E80004B4E800030B44468240A06D057
:109E9000064DAC4206D030BC6FF08600704730BC37
:109EA00008F01FBB30BC00F0F5BD00BF4B4E80007A
:109EB0002DE9F7430D46DDE90A8916461349426844
:109EC0001F46B1EB122F04464FEA12230ED0104A60
:109ED000934200D0ABB93B46324629462046CDE9F5
:109EE000008900F095FC10F1860F0CD13B463246FC
:109EF00029462046CDE90A8903B0BDE8F04300F0C9
:109F000087BC6FF0860003B0BDE8F083004E800090
:109F10004B4E8000F0B4DFF830C05468DDE90456E1
:109F2000BCEB142F4FEA142702D0064CA74204D1F1
:109F3000CDE90456F0BC00F09BBD6FF08B00F0BC87
:109F4000704700BF4B4E8000004E80002DE9F0436B
:109F5000DFF84890DDB2446845F000754D45DDF806
:109F60002C804FEA1424DDE90767DDE909CE0CD027
:109F700014B1094DAC420CD1CDE90AE8CDE9087C19
:109F80000796BDE8F04308F004BE6FF08500BDE819
:109F9000F0836FF08600FAE74B4E80000500000268
:109FA000F7B5089E0E4FF5B2044645F000754868B7
:109FB000BD424FEA10200DD010B10A4DA8420CD17D
:109FC000009604F1080008F0D9FD08B905232360C4
:109FD00003B0F0BD6FF08500FAE76FF08600F7E799
:109FE000050000024B4E8000F7B5089E0E4FF5B2FB
:109FF000044645F000754868BD424FEA10200DD078
:10A0000010B10A4DA8420CD1009604F1080008F0E6
:10A01000B7FD08B90523236003B0F0BD6FF08500DC
:10A02000FAE76FF08600F7E7050000024B4E80006C
:10A030002DE9F04144681D46DDE9087CDDE906367E
:10A04000240ADDF828E003D0DFF82080444508D159
:10A05000CDE909E5CDE9077C0696BDE8F04101F0C0
:10A060008BB86FF08600BDE8F08100BF4B4E8000DA
:10A070004268044BB3EB122F01D108F047BE6FF0DA
:10A08000850070474B4E800010B50C4C206801F0E5
:10A0900067FE0B4A1368591C11604BB9094A4820E6
:10A0A000D2F8003443F00703C2F80034EAF7B2F8FC
:10A0B0002068BDE8104001F069BE00BF0007002025
:10A0C000D06D00200080045038B5164D286801F08E
:10A0D00047FE154B1C68013C1C60ECB94820EAF7B0
:10A0E000A7F80722114BC3F80823D3F8002422F065
:10A0F0000702C3F80024C3F80041D3F80021C3F8D5
:10A100000441D3F804214FF48072C3F80841D3F816
:10A110000831074BC3F888212868BDE8384001F0B2
:10A1200035BE00BF00070020D06D00200080045025
:10A1300000E100E070B5154D154E2B68B34222D0FA
:10A14000FFF7A2FF01F09AFA124A134B134952F893
:10A15000040B43F8040B8B42F9D101F0DFFA38B15C
:10A1600008F006FC0446FFF7AFFF3CB92E6005E09F
:10A1700000F0BAFE044618B1FFF7A6FF204670BDF6
:10A1800008F06DFEEEE70024F8E700BFFC060020B3
:10A19000117365007C74040000C080511CD3805191
:10A1A000F8B505460E4618461C2117461C4608F011
:10A1B000A5FC6B6821491A0AB1EB132F1BD1204A69
:10A1C000337822611F4A13F00303E26066610CD00A
:10A1D000023303F00303012B26D86B880733DB0817
:10A1E0006360194B23600020F8BD6B880733DB08E0
:10A1F0006360164BF6E7164B9A4212D16A69154B0B
:10A200001344022B13D90023224642F8183FC4E915
:10A21000033362616A69104B9A4201D12023E7E758
:10A2200047B1C4E90067DEE76FF08400DCE76FF058
:10A230008500D9E76FF09600D6E700BF4B4E80004F
:10A2400081AB0300272E0400000000204000815154
:10A25000004E8000FF3F008004C0FF7F0022074BBC
:10A26000C3F81021C3F80C21C3F80021C3F804215E
:10A27000C3F80821C3F81421704700BF00500450F0
:10A2800008B5FFF7EBFF01230360104B0A6832B9F2
:10A29000D3F80C211AB9D3F80821002AF6D00B689C
:10A2A0007BB90B4B99420ED0A3F58473D3F80831D8
:10A2B000002B0CBF4FF0FF306FF00200FFF7CEFF16
:10A2C00008BD0020FAE74FF0FF30F7E700500450D8
:10A2D0000851045070B506460D46F9B14B6913F0AC
:10A2E0000F0408D00F491048552203F07EFB55217A
:10A2F0000C4803F071FB2146012007F00DFD0B48CF
:10A300000B49C0F80065C0F80455FFF7B9FF2146B6
:10A310000546204607F000FD284670BD6FF0010598
:10A32000FAE700BF2EFE04007295040000500450AE
:10A3300000510450034B0449C3F800050348FFF7DC
:10A340009FBF00BF005004500451045004500450FB
:10A3500010B504460021012007F0DEFC064B07493A
:10A36000C3F800450648FFF78BFF00210446084666
:10A3700007F0D2FC204610BD005004500851045094
:10A380000850045038B50C4659B1074D0749C5F877
:10A3900000050748FFF774FF10B9D5F808352360AA
:10A3A00038BD6FF00100FBE700500450105104501D
:10A3B0000C50045070B51C4E44680288B6EB142F44
:10A3C00043884FEA142513D14069184B98420BD0AB
:10A3D00003F5FF437D330344012B02D8B2F5105F30
:10A3E00020D06FF0860016E047F212139A42F7E78A
:10A3F0000F488542F5D102F44F40B0F5824F0BD1A2
:10A4000044F21210073382424FEAD30301D15B00BA
:10A41000013300200B6070BDB2F5885F02D10733B5
:10A42000DB08F6E70223F4E7004E800001C0FF7F5F
:10A430004B4E80002DE9F047804600244FF0100974
:10A440001E4E94B00DF1270525F01F0506F1200AD8
:10A45000012210211A4808F0F6FA2B1900935246EF
:10A46000102320211548CDF8049000F0DFFE0746A8
:10A47000F8B9D6E90C321034013342F10002302C25
:10A48000C6E90C32E4D1B8F1000F04D022464146AF
:10A49000284608F0CBFA2E46084C0FCE0FC496E89B
:10A4A0000F00203584E80F0095E80F00103484E891
:10A4B0000F00384614B0BDE8F08700BF084A0020FE
:10A4C000284A0020F0B5194D194FAB6B8DB0BB4237
:10A4D00029D0184E306801F043FC40230022194671
:10A4E000284608F000FB3021684608F01DFB0446B2
:10A4F00078B96846FFF79EFF044690B930230246BC
:10A500001946684608F0EFFA01220023C5E90C233A
:10A51000AF63306801F03AFC204608F029FA0DB02C
:10A52000F0BD0E24F5E70020F9E700BF084A00203F
:10A53000B4A5B4A5040700202DE9F04F99B00DF1A2
:10A54000570802F10F0982460E46144628F01F08EC
:10A550004FEA191922B1002967D0B2F5803F64D8BB
:10A56000334F344D386801F0FBFBD5E90C3213430F
:10A570000BD15046FFF7A6FF834630B1386801F093
:10A5800005FC584619B0BDE8F08FD5E90C2319EB4E
:10A59000020243F10003B3F5803F14D3302102A837
:10A5A00008F0C2FAB8B902A8FFF744FF83460028B2
:10A5B000E4D130230246194602A808F094FA00229A
:10A5C0000023C5E90C23DFF870A03CB92046FFF753
:10A5D00031FF8346D2E76FF0920BCFE7102C4FF09C
:10A5E00001024FF010015046A14628BF4FF010095C
:10A5F00008F029FA102352462021CDE900830D48A6
:10A6000000F014FE83460028B8D14A463046414641
:10A6100009F04FFAD5E90C32013342F10002C5E9E5
:10A620000C32A4EB09044E44CFE76FF0860BA8E789
:10A6300004070020084A0020284A00202DE9F041A4
:10A64000069C04F0FE45B5F1407F08D0224923481E
:10A650001A2203F0CAF91A211F4803F0BDF9056850
:10A6600095BB14F47C1604600BD0C4F305461C4D56
:10A6700024F47E14AC4246602AD1BDE8F04100F0DB
:10A6800083B8184D2540B5F1607F0DD1164FE5B266
:10A6900045F00075BD4215D005F17E45043D112DF4
:10A6A000E5D8124E765DE2E7B5F1707FDFD10D8817
:10A6B00005F4E047B7F5005FD9D10126C5F30225BF
:10A6C000AE40D4E71026D2E76FF08800BDE8F081F5
:10A6D0006FF08500FAE700BF81FE04007295040068
:10A6E0000002C0030000C07F03000002D7FE040088
:10A6F00010B404684CB16AB1094B24F47E149C4236
:10A700000AD15DF8044B08F06EBA6FF088005DF86E
:10A71000044B70471046FAE76FF08500F7E700BF7B
:10A720000002C003F8B51E46036805460F4603B392
:10A7300011B34168914222D8124A23F47E13934206
:10A7400011D108F0B9FA044678B905F10C01384680
:10A750006A6809F0AEF96B684FF4AA712846336055
:10A7600008F0CCF903E06FF0960400233360204634
:10A77000F8BD6FF08804FAE76FF08604F7E76FF032
:10A780008904F4E70002C0032DE9F0410E461146AA
:10A7900032881D46B2F5105F0446736830D10F2D24
:10A7A0000AD819481A0AB0EB132F07D0174B9A4250
:10A7B00004D06FF0860220E0202DFAD804F59A77B5
:10A7C0002A46384604F58C7809F073F92A46434640
:10A7D00039463046FFF7E4FC024670B9414604F1C1
:10A7E000200000F07FFD024618B1BDE8F04108F0FE
:10A7F000BFB81023A360012323771046BDE8F08182
:10A800006FF08502F9E700BF4B4E8000004E8000DC
:10A810002DE9F0410E46DDE906EC17461C4643B92A
:10A820001B4920221B4803F0E0F82021184803F0C0
:10A83000D3F8BCF1000F06D115492122154803F0C9
:10A84000D4F82121F2E74FF000080588CCF8008009
:10A85000BEF1000F15D025F0FF05B5F5E24F03D18D
:10A86000BDE8F04101F040B9B5F5824F0DD1734616
:10A87000224639463046CDF818C0BDE8F04108F010
:10A8800091BE6FF08600BDE8F0816FF08500FAE7B9
:10A89000E9FE0400729504002DE9F04F8DB00446E6
:10A8A000DDE9167889469246189E039343B93749E5
:10A8B0007822374803F099F87821344803F08CF86F
:10A8C000B8F1000F06D131497922314803F08DF8F3
:10A8D0007921F2E736B92D497A222D4803F085F81F
:10A8E0007A21EAE74FF0000CB0F800E0C6F800C0AB
:10A8F000C8F800C0002F43D04568DFF898B04FEA91
:10A90000152CBBEB152F26D104A9D0F814B0FFF7F6
:10A9100051FD0146C0B9049B9F4219D35FFA8BFBDE
:10A92000594653464A46204600F084F9014658B934
:10A930005846CDE90078039B05AA00F035FB014697
:10A9400010B9BDF81630336008460DB0BDE8F08F81
:10A950006FF08901F8E7BCF1000F14D12EF0FF046D
:10A96000B4F5E24F04D10DB0BDE8F04F08F0AEBD34
:10A97000B4F5824F07D10DB0BDE8F04F08F0CDBD62
:10A980006FF08601E0E76FF08501DDE7E9FE040086
:10A99000729504004B4E80002DE9F04305461646A3
:10A9A00098460F4693B041B92E49EA222E4803F04B
:10A9B0001CF8EA212B4803F00FF833B92949EB22A0
:10A9C000294803F012F8EB21F4E7D0F804C0DFF8CF
:10A9D0009C900488B9EB1C2F4FEA1C2E2DD1428885
:10A9E0000732B2F5C47F4FEAD20937D224F0FF0212
:10A9F000B2F5E24F11D14A4606A908F0FBFC48B96E
:10AA000005ABCDE901834A463B462846009606A998
:10AA1000FFF742FF13B0BDE8F083B4F5105F06D036
:10AA2000B4F5885F03D042F204039C4216D14A4633
:10AA300006A90020FFF780FDE1E7BEF1000F0DD170
:10AA40004AB124F0FF04B4F5E24F07D113B0BDE8DA
:10AA5000F04308F0CFBC6FF08600DBE76FF08500B5
:10AA6000D8E700BFE9FE0400729504004B4E800059
:10AA700030B4074C041961F10005032C75F1000591
:10AA800002D330BC00F090BA6FF0850030BC704744
:10AA9000FF3F00802DE9F84304881E4604F44F432D
:10AAA000B3F5824F9046DDE908270D460CD0B4F58A
:10AAB000885F0ED142462946304608F0FAFF002052
:10AAC000C7F80080BDE8F883E4B2422CF2D0122C23
:10AAD000EFE743880733B2EBD30F4FEAD30921D313
:10AAE000DFF84C80D8F8000001F03AF9284608F069
:10AAF0009AF9044630B94A4630460C4908F0D9FF65
:10AB0000C7F80090284600F03BF80546D8F800004A
:10AB100001F03CF9002D14BF28462046BDE8F8435B
:10AB200007F026BF6FF08900CCE700BF00000020CF
:10AB3000080700206029F8B505460E4618D80E4FC4
:10AB4000386801F00DF9284608F06DF907F010FF9C
:10AB5000044640B909493246284608F0AAFF602158
:10AB6000064807F0CBFF386801F010F92046F8BD21
:10AB70006FF08904FAE700BF0807002000000020FA
:10AB800008B503789B0705D00548602107F0B6FF9C
:10AB9000002008BD08F063F90028F5D00220F8E78E
:10ABA00000000020F7B5224943680446B1EB132F9B
:10ABB000DAB239D1032A03D16FF0840003B0F0BDBB
:10ABC000466901A9F5B2284608F0D7F80028F5D162
:10ABD0006A462146019808F0A5F80028EED10446FF
:10ABE000009FA74219D89DF8043007F0070223F010
:10ABF0001F0343EA820301A88DF804308DF8056035
:10AC0000FFF7BEFF3946284608F0D2F80028D5D114
:10AC100003B0BDE8F04008F0E3B86019FFF78AFB25
:10AC20000028C9D10134DBE76FF08B00C6E700BF15
:10AC30004B4E80002DE9F04F89B007460C46154673
:10AC40001E4608F0CDF878B97B690090C3F3013255
:10AC500062F305108DF8000010F0300007D1B968DC
:10AC600089070FD06FF0860009B0BDE8F08F10287B
:10AC700008D1BDF8023023F4F87343F4A873ADF89B
:10AC8000023081E0F968DFF850C261450AD0DFF890
:10AC90004CC2614512D0DFF848C2614550D1242131
:10ACA000009B01E01421009B61F3933300933B88E8
:10ACB000B3F5105F13D06FF08500D5E7BB685B0478
:10ACC000F9D53B8803F44F41B1F5824FF3D1DBB2A4
:10ACD000122BF0D13821009B61F3933300930023B2
:10ACE0004FF0010B984619469C46D7F808E0DFF86C
:10ACF000F49159F804AB1EEA0A0F08D00BFA0CF3D2
:10AD000043EA080303F07F08012341EA0A010CF13A
:10AD1000010CBCF1070FECD12BB19DF8033068F3A7
:10AD200047038DF803303EEA0101C4D17B88FF2B35
:10AD300011D008D8802B3BD0C02BBCD102230BE014
:10AD4000DBB2F82BB6E7B3F5807F33D0B3F5C07F25
:10AD5000B1D1062300E003239DF8021063F306112E
:10AD60008DF8021018B91EF0030F7FF47BAF3B790A
:10AD7000022B2CD020D8012B7FF474AFBDF8021029
:10AD800063F3C811ADF80210012A39D0032A23D089
:10AD9000002A7FF467AF3B88B3F5105F8BD1182E84
:10ADA00004D0202E02D0102E7FF45CAF474F2BE052
:10ADB0000123D1E70423CFE7032B02D0FF2B7FF43D
:10ADC00051AF0221BDF8023061F3C81357E7BDF857
:10ADD000023043F4C07352E7412E0ED0202E05D02E
:10ADE00006D8102E02D0182E7FF43CAF384F0BE05F
:10ADF000302EFBD0612E7FF435AF0135013EF5E7F3
:10AE0000302E7FF42FAF334F4FF000080F364FEA4C
:10AE10001619C14515D11F2E1CD81C22002101A8CE
:10AE200008F054FE4FF0000A4FF0FF39D04518D11A
:10AE30001F2E04D9BA20FFF78BFA002835D1002045
:10AE400012E704EB080007F065FE00283AD008F18D
:10AE50000108DEE74146204607F0AAFF0028DCD0C3
:10AE600002E707EB0A124FEA0A130692BAF1000F43
:10AE70001ED1009A0792BDF802202B44C2F3C112E2
:10AE800005920DF1040C03F1100E62461868596822
:10AE9000083303C273459446F7D101A904EB0A00B5
:10AEA000FFF718FA38B107F09BFF6FF09200DBE66E
:10AEB000CDF81C90DFE71C2101A807F01FFE0AF166
:10AEC000010AB3E76FF08A00CEE600BF400081516F
:10AED00000000020108404500044400400000209D7
:10AEE0000002C0039887040010B590B01C22002116
:10AEF00001A808F0EBFDF82007F00CFE08B32022B3
:10AF000000200DEB0201FFF717FB0446F8B901A87A
:10AF10004FF4807107F0FCFE0E4B0F4904930F4B6A
:10AF2000CDE901130E4BF821069320230DEB03020C
:10AF3000FFF780FE202104460DEB010007F0DEFD47
:10AF400005E0F92007F0E6FD0028D8D104462046A8
:10AF500010B010BD0010C00400240001014B4E8051
:10AF6000F800FF7F73B5C5B20E46284601A9144606
:10AF700007F003FF88B9BDF80630C3F3C113013BE6
:10AF8000DBB2022B8FBF6FF08600054AD25C054B07
:10AF90009EBF13433360C4E9005002B070BD00BFD0
:10AFA0004AFF0400004B4E802DE9F04385B08846EF
:10AFB00001A9064614461D460C9F07F0DEFE48B95F
:10AFC000B6F1F80348F1FF38022B78F1000804D2FB
:10AFD0006FF0860005B0BDE8F08307F001FF0028A0
:10AFE000F8D1002CF4D09DF8048018F00F0240F046
:10AFF000A280BDF80630C3F3C113013BDBB2022BC4
:10B0000000F29C80554908F03008C95C544BB8F1F7
:10B01000100F43EA0103636038D1524B236020468E
:10B0200002A9FFF7C7F90028D4D1029BBB4200F266
:10B03000918044F2121221880198914204BF0422A7
:10B0400005F8012B0D9A214613609DF804302A78EB
:10B05000C3F3011363F301022A7003AA08BF07F1C7
:10B06000FF3707F05FFE0028B4D12B78039A6E708B
:10B0700062F384032B70238803F44F42B2F5824FAE
:10B0800054D139462846FFF755FDA3E713469146AC
:10B090009DF8071034484908E9B94946204607F0A9
:10B0A00037FE019BC3F38533242B1FD0382B21D0CF
:10B0B000142B49D14FF410522C4BE3609DF806300D
:10B0C0002280C3F30213013B052B40D8DFE803F0D5
:10B0D0002C1624263F29CA0705D5062B31D850F84F
:10B0E000232049EA020949080133D5E74FF41052F9
:10B0F0001F4BE2E747F212121E4BDEE7C0236380CC
:10B10000B8F1000F8BD1B2F5105F02D119F0030F27
:10B1100085D06FF096005DE7FF23F0E74FF4807372
:10B12000EDE74FF4C073EAE78023E8E7B3F5885F03
:10B130007FF450AFA5E76FF088004BE76FF0910008
:10B1400048E76FF0830045E76FF0920042E76FF049
:10B1500098003FE76FF089003CE700BF4AFF04001A
:10B16000004B4E8001108001988704000044400489
:10B170000002C003000002092DE9F0470024058801
:10B18000274E86B091469846DDE911A305F44F425B
:10B190001E4023F00043B2F5824F23F47F0318BF13
:10B1A0002546B3F1106F0F461E4B418846F01066DE
:10B1B000CAF800400CD19E420CD1038823F0FF0353
:10B1C000B3F5E24F0CD06FF0860006B0BDE8F08713
:10B1D0009E4202D0144B9E42F5D16FF08500F4E7F9
:10B1E000EDB2284605AA00F073FBB8B9059B5C6870
:10B1F0004C45E8D1284600F0ABFB0028EDD0109B71
:10B20000224602930F9B394601930E9B05980093AB
:10B21000CDF80CA0434600F0BFFCD6E72046D4E7AB
:10B220000000FFF600000209000001092DE9F341CA
:10B230001D464FF48073284C8046002017460E466A
:10B24000019300F099F901AB23601123234A0121F6
:10B25000C4E9022304F11003636040F61103E361C3
:10B2600004F1200363612123089AE3621C4B46F03A
:10B2700000561A60099A45F0005542F00052C3E9A1
:10B2800001122022C4F81080A6612762A5626162C3
:10B29000DA60BFF35F8F4FF0A3421460BFF35F8F9C
:10B2A000BFF35F8F1361BFF35F8FBFF35F8F032324
:10B2B0005363BFF35F8FBFF35F8F9363BFF35F8F02
:10B2C00007F058FE431C0446FAD0002000F07EF937
:10B2D000204602B0BDE8F081E46D002004000020AB
:10B2E000D46D002070B504460D4619B10A688B680C
:10B2F0001AB953B96FF021063BE033B94B6823F01C
:10B300000802102A01D0202B35D12046256107F0F4
:10B31000A1FE064600282CD1184B04F178012360C9
:10B3200001236360AB6804F114009A069B01DBB251
:10B3300002F0E0421A4342F48032112300F020F878
:10B34000AB6893B92A68A3691A606B68A26943F075
:10B35000005393602268A36992699268DA60A369D6
:10B360001033A36163680133636000221023C4E9D2
:10B370000223304670BD6FF04106FAE7B48704003F
:10B38000026100F11402826000F110024160C260AB
:10B390000A604268034991604268D3604368103391
:10B3A0004360704704000020BFF35F8F094A1368B1
:10B3B000BFF35F8F43F48071BFF35F8F1160BFF302
:10B3C0005F8F23F48073BFF35F8F1360BFF35F8FD2
:10B3D000704700BF0010805108B5FFF7E5FFBFF3CD
:10B3E0005F8F064A1368BFF35F8F43F00103BFF31B
:10B3F0005F8F1360BFF35F8F08BD00BF00108051E7
:10B4000070B50026C0E9006605460C46FEF73CFE16
:10B4100001232B70FFF7C8FFBFF35F8F204BDB6862
:10B42000BFF35F8F9B08013BACB3226842B19A42E5
:10B4300005D9FEF749FE6FF03F002E7070BD134630
:10B44000D4E90115E068002908BF4FF40071002815
:10B4500008BFF1202469BFF35F8F114A9360BFF3E7
:10B460005F8FBFF35F8F1564BFF35F8FBFF35F8F95
:10B470005064BFF35F8FBFF35F8F5163BFF35F8F84
:10B4800044F4802444F00104BFF35F8F1460BFF3E1
:10B490005F8F0020D2E74FF40071F1202546DAE7F4
:10B4A0000010805170B503780D461446002B53D020
:10B4B000BFF35F8F2D4A136BBFF35F8F5908C3F340
:10B4C0004203052B4BD011F0060F02D14FF0FF3095
:10B4D00070BD4368D3B9BFF35F8F5368BFF35F8F0D
:10B4E000032BF3D9224B2349BFF35F8FD2F880603F
:10B4F000BFF35F8FBFF35F8F43F8046BBFF35F8FC2
:10B500008B42F1D1FFF768FF01234360BFF35F8FE8
:10B51000164B9A68BFF35F8F0132B4EB021F21D83C
:10B52000BFF35F8F5A68BFF35F8FB4EB820FCDD844
:10B5300084B1BFF35F8FD3F88020BFF35F8F291DE5
:10B5400005F8012B8D424FEA122204F1FF34EFD0AF
:10B55000002CF5D10020BBE76FF02000B8E76FF0BA
:10B560005100B5E76FF03F00B2E700BF0010805117
:10B57000101080512010805110B50446FEF784FD54
:10B58000104B186800F0ECFB0CB101232370BFF3E3
:10B590005F8F4FF0A3430022DA61BFF35F8FBFF3E9
:10B5A0005F8F4FF0FF321A63BFF35F8FBFF35F8F80
:10B5B0003422DA61BFF35F8F0122034BC3F8042307
:10B5C00010BD00BF080700200080045010B50446DD
:10B5D00038B9FEF779FDBDE81040074B186800F058
:10B5E000D5BB03783BB1FEF76FFD034B186800F045
:10B5F000CDFB0023237010BD0807002038B51A4C7E
:10B60000D4F80051C5B1BFF35F8F4FF0A343996ADF
:10B61000BFF35F8FBFF35F8F4FF0FF321A63BFF34B
:10B620005F8F0023C4F80031D4F800310F4B186845
:10B63000BDE8384008F010BAD4F8083153B100F032
:10B64000B7F807F094FEC4F80851D4F80831012186
:10B65000074BECE707490848502202F0C6F9502191
:10B66000044802F0B9F900BF008004501007002020
:10B670000C0700204DFF04007295040008B5074B2D
:10B68000186808F0D8F9064B186808F0D4F9BDE836
:10B690000840002248201146E8F7DEBD10070020D0
:10B6A0000C07002038B5094B1C7864B1084B4FF0EB
:10B6B000FF311D68284608F0C0F94FF0FF310446FD
:10B6C000284608F0C7F9204638BD00BF7F76002025
:10B6D0001007002038B5074B4FF0FF311D68284692
:10B6E00008F0ABF904464FF0FF31284608F0B2F9F4
:10B6F000204638BD0C07002010B5064CE36C3BB962
:10B70000214651F84C3B986907F04EFE0123E36453
:10B71000014810BD146E0020606E002010B50B4B68
:10B720000B4C236003F5C04363602461FFF7E4FF23
:10B7300050B1236D0020B3F5007FCCBF4FF4806380
:10B740004FF40073A36010BD0E20FCE70020805171
:10B75000146E002010B50446114B186800F000FB71
:10B76000104B1A68236122605A6862609A68A2606E
:10B770000D4A12689A660023A364FEF785FC042232
:10B780000A4BC3F80423204607F0E2FD20B9204607
:10B7900007F0E3FD00B910BDFFF79CFFF3E700BF22
:10B7A00014070020146E0020E0870400008004507D
:10B7B00000487047146E0020042210B50446084B60
:10B7C000C3F80823FEF780FC064A236912689A66CC
:10B7D00000236364044BBDE81040186800F0D6BA3B
:10B7E00000800450E087040014070020244B03402D
:10B7F000B3F5806F2FD017DC402B2ED008DC102B38
:10B800002DD0202B2DD0181E18BF012040007047CE
:10B81000B3F5807F27D0B3F5007F26D0802B08BFFB
:10B820000B2018BF02207047B3F5804F1FD00ADCF1
:10B83000B3F5805F1DD0B3F5005F1CD0B3F5006F8A
:10B8400008BF0620EDE7B3F5004F16D0B3F5803FF3
:10B8500008BF0320E5E7112070470A2070470C203D
:10B860007047092070470820704707207047142050
:10B87000704705207047042070470F20704700BFB5
:10B88000F0FF010070B50F4E0F4C0546306800F018
:10B8900067FA206830B980220C49FEF74DFE70B976
:10B8A000202323602368094A013B2360002452F8C7
:10B8B00023202A60306800F069FA204670BD022417
:10B8C000F8E700BF18070020806E0020846E00207B
:10B8D00012281BD0A0F11203302B2DD826280DD80A
:10B8E0001738C3B20B2B27D81648184100F00100B7
:10B8F000C0F1FF2000F57F007A3070472738C3B2CF
:10B900001148D84000F0010087387047B1F5807FBA
:10B910000ED006D8E0290CBF6FF085006FF08600CE
:10B920007047B1F5C07F0AD040F209239942F2E78F
:10B93000064B0020136070476FF0860070476FF071
:10B9400085007047EEF7FFFF1102000C74890400B8
:10B95000A0F11203DBB21E2B9DBF0348D84000F0BC
:10B9600001000020704700BF2102214270B504464B
:10B97000A4B0466811A80D46FFF7ECFE174B11A8BE
:10B98000196807F00BFD21466B46002211A807F04D
:10B990004DFF044680B911A807F0ECFEDDE9001266
:10B9A0000346284607F04DFE11A807F0A2FF11A894
:10B9B00007F0E5FC044648B111A8FFF7FDFE20465C
:10B9C00006F0D6FF0446204624B070BD11A8FFF74C
:10B9D000F3FE3146684607F091F8F4E784890400E5
:10B9E00070B5D51D1C78ED080646042C0846114696
:10B9F0004FEA450286B002F101021DD10A9C944231
:10BA00001AD1104C104A344044F0106494424FF064
:10BA1000000414D15A1CCDE902526A1C134401AA35
:10BA2000CDE904530194FFF753FF18B9019802A917
:10BA3000FFF79CFF06B070BD6FF08600FAE7204666
:10BA4000F8E700BF0000FFF6000002092DE9F04111
:10BA50000388C76803F44F44B4F5824F08BF1C46FF
:10BA600003F4E0401E4B18BF00248C460025984686
:10BA7000E4B21E78A6421ED1D3E90261B0F5804F30
:10BA800008BF0E461168D3F804E019B9664508BF2F
:10BA9000C2F800E0116871450DD1664503D06FF022
:10BAA0008600BDE8F081142303FB05831B7C43B9AA
:10BAB0006FF08500F5E70135132D03F11403D8D19C
:10BAC000EDE7422C09D1074B9F4206D003F20B133E
:10BAD0009F4202D00A339F42E1D10020E1E700BF3C
:10BAE000F8870400000800062DE9F34105881F4689
:10BAF00005F44F43B3F5824F0E46804641881BD173
:10BB0000EDB2422D3DD8402D13D8A5F11203DBB282
:10BB10001E2B36D81D4A42FA03F3DA0731D4CC1D66
:10BB2000E40864000134089BA34207D26FF0890047
:10BB300024E0CC1DE408F6E700242546284601AAA7
:10BB4000FFF7C6FED0B9D8F80420114BB3EB122F83
:10BB500019D0123DEDB21E2D15D80E4BEB40DB0770
:10BB600011D539460423019A01F8013B304600F013
:10BB70009FF806F0FDFE08B9099B1C6002B0BDE805
:10BB8000F0810024DAE76FF08500F7E7DEFFFFBF02
:10BB9000004E80002100004070B51446C4B01D4620
:10BBA0000FABCDE90121CDE90432039220AB102285
:10BBB0000646002107A8069307F088FF489A63000D
:10BBC00001339A426CD12B78042B69D14A9B9C4259
:10BBD00069D86B1CCDE90743631C1D44304607A997
:10BBE000CDE90945FFF7C2FE0446002855D131A82A
:10BBF000FFF7B0FD2D4B31A8196807F0CFFB0A25E0
:10BC0000002231460BAB31A807F010FE0446002895
:10BC100034D131A807F0AEFD044602460B9901A8C5
:10BC200007F0E6FCDDE90C12234607A807F009FD42
:10BC300031A807F05EFE31A807F0A1FB0446E8B981
:10BC4000013DDDD131A807F0D2FD054631A807F04E
:10BC500091FD03AB0246D5E9000107F0E2FC049B2D
:10BC6000039A0C93059B49990D93069B0BA80B9285
:10BC70000E9307F0BDFC4B9B0B9A1A60DDE9031095
:10BC800006F03CFFDDE9051006F038FF204606F01F
:10BC90006FFE044631A8FFF78FFD204644B070BD0B
:10BCA0006FF08604F9E76FF08904F6E79C890400D9
:10BCB0002DE9F04796B0814603A80E461546576811
:10BCC000FFF748FD254B03A8D3F800A04FF000086C
:10BCD000514607F063FB6B460022294603A807F094
:10BCE000A5FD044618B103A8FFF766FD21E03A461A
:10BCF0004946009807F0D2FCDDE90123294603A854
:10BD000007F063FD03A807F0F4FD03A807F037FB75
:10BD10000628044611D108F10108B8F10A0F04D031
:10BD2000514603A807F03AFBD5E703A8FFF744FD07
:10BD30006A24204616B0BDE8F0870028D3D103A8B6
:10BD400007F055FD05463A460168304607F0B1FE5A
:10BD50003A466968F01907F0ACFEC4E79C89040014
:10BD600008B54FF0FF324FF0FF33FAF7F9F840B162
:10BD700004490548172201F038FE1721014801F057
:10BD80002BFE08BD730005007295040008B5FAF794
:10BD90009DF940B1044905481F2201F026FE1F21EC
:10BDA000014801F019FE08BD7300050072950400FA
:10BDB0002DE9FF47002705460C469246019700F102
:10BDC0000C06EFF31189402383F31288BFF36F8FC2
:10BDD0003046FCF709FC40B918491948882201F09F
:10BDE00004FE8821154801F0F7FD3046FCF720FCE1
:10BDF000AB6828465C4004EA0A02124903EA0A08D2
:10BE0000534001AACDE90237FCF7E6FA019C3CB1A8
:10BE10002046C4F88C700021646EFBF779FDF6E7CC
:10BE2000DDE9023223EA020330464946AB60FBF704
:10BE3000F3FE404604B0BDE8F08700BFB2A50400A1
:10BE400072950400613A04002DE9F04F85B00F4669
:10BE5000DDE90E1B04461646EFF305836BB151EA8C
:10BE60000B030AD0384939484FF4857201F0BDFD03
:10BE70004FF48571344801F0AFFD0391002F4BD092
:10BE800006F001030293FCF73DF904F10C0980462A
:10BE9000EFF3118A402383F31288BFF36F8F484674
:10BEA000FCF7A2FB039938B929498822274801F0F9
:10BEB0009CFD88212648DEE748460391FCF7B8FB45
:10BEC00016F0020F1CBF0023A360A368029A039917
:10BED00003EA070592B1AF4212D1720744BFAB43E8
:10BEE000A3604846FCF78EFBC0B919494FF49A721B
:10BEF000164801F07AFD4FF49A71DBE7002DECD182
:10BF000051EA0B0312D14846FCF77CFB0028ECD029
:10BF10008AF31188BFF36F8F002503E08AF311883D
:10BF2000BFF36F8F284605B0BDE8F08FC8E91A76D9
:10BF30002246CDE9001B48465146FBF733FD002859
:10BF4000EAD1D8F86850EDE7B80005007295040012
:10BF5000B2A5040008B5EFF3058343B106490748CD
:10BF6000382201F042FD3821034801F035FDC0E9D7
:10BF70000233C0E9000008BDB80005007295040056
:10BF800008B5054B044613B10021AFF3008001F062
:10BF900069FA2046E8F7D4FC00000000F8B50E4B23
:10BFA00006461D68AB789B0712D56F6816F8014BE3
:10BFB00029462CB90A20B847002805DB204609E0AD
:10BFC0002046B8470028F1DAAB7843F00403AB70A1
:10BFD0004FF0FF30F8BD00BF905904000CB430B5ED
:10BFE00089B005460C461C22002101A807F06EFD11
:10BFF000022305958DF806300D4B029323462CB194
:10C00000B4F1004F28BF4FF00043013B1D440DAA7F
:10C010000C9901A80695009200F00CF914B1059B4B
:10C0200000221A7009B0BDE8304002B0704700BF6E
:10C03000F1410400242AF0B5044601D8012A40D178
:10C040002E4B162208F0DCF81A5001B10C600020CB
:10C05000F0BD2F463D4615F8010B2028F9D0A0F180
:10C0600009060346042EF4D92B282CD02D282CD1D8
:10C070000126BD1C7B78302B2DD1287840F0200084
:10C08000782824D132F0100021D16B782C46102270
:10C0900002350020392B82BF03F1FF3343F0200328
:10C0A000263B303B9A421AD9A0FB02040CB9C018B7
:10C0B00001D346F002062F462C4617F8013B3D46B9
:10C0C000E8E70746C6E70026D3E70026D3E7002ABD
:10C0D00008BF0822DDE7002A08BF0A22D9E701B11C
:10C0E0000C60F20748BF4042B307B1D5034B222290
:10C0F00008F086F81A504FF0FF30A9E70C00000056
:10C100002DE9F04101260746B24201DCBDE8F0818D
:10C110003B461F4613F8014B002CF7D0252CF8D1D5
:10C120001C780237252CF3D00023DFF804819C46CD
:10C130001D461F2D18D8A4F1200EBEF1100F09D9ED
:10C14000A4F1300EBEF1090F1ED80A24202504FBED
:10C1500003E304E028FA0EFE1EF0010F06D017F8E4
:10C16000014B002CE5D128E07F2D1CD8A4F1300E26
:10C17000BEF1090FE9D9242C10D1BCF1000F46D033
:10C18000B34246D00023EAE724F0040EBEF12A0FA2
:10C19000F8D06C2C09D145F08005E0E724F0040EBE
:10C1A000BEF12A0FEED06C2C22D06C2C1BD8682C40
:10C1B00023D06A2C28D04C2C26D0BCF1000FA5D05F
:10C1C000B445A1D144F020070B68A7F1650CBCF180
:10C1D000020F01D9612F1ED1073323F00703083363
:10C1E00001360B608FE7742CB9D07A2CB7D0E4E716
:10C1F0002C0648BF45F40075CDE7EC0548BF45F473
:10C20000007545F48075AAE745F42075A7E79C46BC
:10C21000B8E76324D6E7692C02D007D8632C03D093
:10C220002F0601D5AC05D7D40433D9E7732CF6E734
:10C23000892801002DE9F04F436893B080460193AF
:10C2400083789807CDE9061216D50B4600250B9288
:10C250001F789FB1252F15D00133059341463846ED
:10C26000019B01359847002880F22A8498F8023013
:10C2700043F0040388F802304FF0FF35284613B02E
:10C28000BDE8F08F5F789A1C252F0592E6D0002438
:10C290002646A246A346BBF11F0F32D8A7F12003C2
:10C2A000102B0AD8DFE803F02409092A0909091B21
:10C2B00009090922092709091900A7F13003092BE7
:10C2C0002DD92A2F39D154B90B9B1BF0400F53F8AD
:10C2D000042B0B9329D0164601E04BF0010B059B74
:10C2E00013F8017B0593002FD5D15BE04BF0020BD7
:10C2F0004BF0040BF3E74BF0080BF0E74BF0100B9F
:10C30000EDE7BBF17F0F3FD8A7F13003092BD8D859
:10C310001BF0400F03D00A2202FB0636DFE70A2299
:10C3200002FB0A3A4BF0200BD9E7B2F1000AF9DA26
:10C33000CAF1000A4BF0280BD1E72E2F05D11BF0D4
:10C34000400F9BD14BF0400BC9E7242F1CD1002C90
:10C3500000F03E81079B1BF0400F0B930AD1524621
:10C360000BA90698FFF7CCFE0B9B1A1DD3F800A073
:10C370000B92B4E732460BA90698FFF7C1FE0B9B60
:10C380001A1D1E680B92AAE76C2F00F00E8100F2B6
:10C390000581682F00F011816A2F00F016814C2F63
:10C3A00000F0138134B1079B22460BA906980B932A
:10C3B000FFF7A6FE002E47F02009B8BF2BF0400B78
:10C3C000A9F16503BCBF00261FFA8BFB022B40F2CC
:10C3D0000481B9F1610F40F05882FF431BF0400F18
:10C3E0000CA84BF4C05407F0200308BF4FF0FF36F1
:10C3F000049331460B9B073323F0070303F1080234
:10C4000093ED000B0B92049A07F059FE0130C3B272
:10C41000B342029301DB029B5E1E01230C9FA346E5
:10C420004FF07009039307F10903122B0DD907F19F
:10C430006303C62B40F20A8107F2E73340F2CE7263
:10C44000934294BF0323042303939DF8342002F006
:10C450000C0312F0010240F014811BF0020F40F0B7
:10C460000D811BF0040400F0F380002B40F00C81E0
:10C4700020231BF4405F20D1029A002E02F14802D3
:10C4800008BF01266A44133A029921B112F8011D2E
:10C49000302900F02E811BF0100F029A18BF32468F
:10C4A000391DC0F22B81B74280F22881BA424BF489
:10C4B000005B40F325817E1C961B1BF40052089202
:10C4C00000F0208127EAE774013403B10134002E23
:10C4D00000F02081721C1444A245CCBFAAEB0404D6
:10C4E00000241BF0090F04D12C44A54240F0178111
:10C4F00000243BB118464146019B0135984700286E
:10C50000FFF6B4AE1BF4006F12D041463020019B01
:10C5100098470028FFF6AAAE049B41460235C3F1B6
:10C520007800019B00F0F80098470028FFF69EAEC7
:10C530001BF0080F05D12C44AC4240F0FC8025468E
:10C540000024089B002B00F0158127EAE77A764249
:10C55000A7EB0A07029B0AF1FF3A05F101094146E0
:10C56000BB4289BF0CAB3020FB1858795645019B64
:10C5700000F3EA809847002807F10107FFF676AE3E
:10C58000BAF1FF3F08D141462E20019B9847002871
:10C59000FFF66CAE05F102094D46DBE7742F3FF460
:10C5A0009EAE7A2F3FF49BAEFCE61BF0800F18BFC7
:10C5B0004BF4007B4BF0800B91E61BF4807F18BF9F
:10C5C0004BF4007B4BF4807B89E64BF4207B86E6C2
:10C5D00026465446B346B24681E6FF431BF0400F61
:10C5E00007F0200308BF0626B9F1650F04930B9BE3
:10C5F00003F1070323F0070303F1080293ED000B97
:10C600000B9211D1711C00224BF4805BC9B213460E
:10C6100011290CA828BF112100F0F2FA0C9FC3B217
:10C62000029302230393FEE6B9F1660F05D14BF4A2
:10C63000005B334601221121EAE7F1B200224FF0FC
:10C6400065090129134638BF0121E1E70223FBE612
:10C65000002B3FF40EAFBAF1030F39DC9DF83430F4
:10C66000A14E13F0080FA14B08BF1E463746B9462E
:10C6700017F8010BA0BBAE1BB14478E023BB2B2302
:10C68000F7E61BBB2D23F4E62022BAF1040F12DDDE
:10C690001BF0080FAAF104040ED12C4441462020BF
:10C6A000019B0135029298470028FFF6DFADA542B5
:10C6B000029AF3D192B1002441461046019B013504
:10C6C00098470028CADAD1E52B22DEE72D22DCE7E5
:10C6D0001BF0080FAAF10304C0D1DEE71446BDE742
:10C6E000049B4146C01A019BC0B298470028BEDA9D
:10C6F000BCE502990139C9B20291C5E6561EDCE6D5
:10C700000026DAE61BF4006F039A0CBF032405240D
:10C710001444DAE61BF0100F18BF0134DCE609936D
:10C720004146019B20209847002805F10105099BFF
:10C73000BFF6DBAE9AE541463020019B01359847B4
:10C740000028BFF6F9AE91E598470028FFF68EADB8
:10C750001BF0100F0BD0BAF1FF3F08D105F1020911
:10C7600041462E20019B98470028FFF67FAD4D469D
:10C770004C442CE241469DF83500019B9847002827
:10C78000FFF674AD002E65DD41462E20019B9847D3
:10C790000028FFF66BAD4FF0010A029B4146D346DD
:10C7A0009A45B7BF0CAB302053445879019B98474A
:10C7B0000028FFF65BAD0AF1010A5645EDDA0235B5
:10C7C0005D44049B4146A9EB0300019BC0B298471E
:10C7D0000028FFF64BAD002F4146019BB6BF2D2030
:10C7E0002B207F4298470028FFF640AD039B042B87
:10C7F0003DD14FF47A794146019B0335B7FBF9F6F9
:10C8000006F13000C0B298470028FFF62FAD09FBB3
:10C8100016774FF064094146019B0135B7FBF9F6E5
:10C8200006F13000C0B298470028FFF61FAD09FBA3
:10C8300016774FF00A094146019B0135B7FBF9F61F
:10C8400006F13000C0B298470028FFF60FAD09FB93
:10C85000167713E01BF0100F01D10135B1E7414607
:10C860002E20019B023598470028AADAFEE4039B9C
:10C870000235032BCDD0039B012BDAD107F1300019
:10C8800005F101094146C0B26CE7A7F16303122B21
:10C8900000F2FF80DFE813F013005700FD00FD00F9
:10C8A000FD00FD005700FD00FD00FD00FD00FD0046
:10C8B0001701F800FD00FD002C00FD00B9000B9BE6
:10C8C00001240CAF1A1D1B680B928DF830301BF041
:10C8D000080F2ED03E19B946B1452CD1EF1BB944F3
:10C8E000AAEB040443E700BF390105003501050048
:10C8F0000B9B1A1D0B921F68AB4B002F08BF1F46E6
:10C900001BF0400F384614BF31464FF0FF3107F09F
:10C91000ACFA0446DBE741462020019B98470028FB
:10C92000FFF6A4AC013EB442F5D35544B246AD1B6C
:10C93000D0E75646F7E7414619F8010B019B9847A7
:10C940000028C9DA92E41BF0800F0B9B35D01BF452
:10C95000007F2DD0073323F0070303F10802D3E94A
:10C9600000010B922BF0100900291FFA89F936DA21
:10C97000404249F4806961EB41010DF1300B0A231B
:10C980005A4607F07EFA19F0400FA0EB0B0B65D06A
:10C9900029F001025E4592B240F3B280002F00F010
:10C9A000A98019F010033446914626D002345CE089
:10C9B0001A1D18680B92C117D4E71A1D1BF4807F4B
:10C9C00019680B9201D10846F5E71BF4007F19BFE7
:10C9D00048B241F3C01108B241F3C031C2E750EA96
:10C9E0000103CAD11BF0400FC7D0002EC5D12BF0D8
:10C9F000110B34461FFA8BF9B34640F2064319EA8D
:10CA000003031CBF013400232FE02BF0100B0A237B
:10CA10001FFA8BFB1BF080040B9A57D01BF400719C
:10CA200015BF0732101D22F007020B900FBF1068D0
:10CA300002F108010B91D2E9000150EA010252D142
:10CA40002BF016091BF0400F1FFA89F94FD0002E6A
:10CA50004DD12BF0170B1FFA8BF9B34619F01003C9
:10CA600052D0002F4ED10BF1010419F0080F5ED106
:10CA700019F0010F06D0A2456EDDAAEB040404EB09
:10CA80000B06544622464DE04BF0100B102378273E
:10CA9000C0E7B9F1780F04D1C7F1780343F0100370
:10CAA000B8E741462520019B98470028FFF6DEABFA
:10CAB00041463846019B98470028FFF6D7AB023520
:10CAC000059BFFF7C5BB08230027A3E7111D1068CE
:10CAD0000B911BF48071B0D01BF400711ABFC0B26F
:10CAE000214680B2A9E72BF0060B1FFA8BF90DF156
:10CAF000300B45E729F0110934461FFA89F97CE724
:10CB00009146ABE75C4651E75C4676E7CDE9022308
:10CB100041462020019B98470028FFF6A7AB029AC8
:10CB2000039B01329245F1DC2C1BA5181446F3B18E
:10CB300041463020019B98470028FFF697AB6FB91C
:10CB40000135A9462E44A6EB09035B4521DC5D4671
:10CB50000CAE5DBBD944C3E65E4693E70235414661
:10CB60003846019B98470028EBDAFFF77FBB40F27D
:10CB7000064319EA030FE4D019F0020F05F101058D
:10CB8000414614BF2B20202019F4806F18BF2D20A0
:10CB9000E7E741463020019B09F101099847002849
:10CBA000D1DAFFF763BB00BF3D010500013D4146FF
:10CBB000019B705D98470028CBDAFFF757BB4146D1
:10CBC0002020019B013598470028FFF64FAB631BDF
:10CBD000002BF4DC74E700BF1FB502AB074A0093DB
:10CBE0004FF0CC3307F031FADDE90201C00840EA2A
:10CBF0004170C90805B05DF804FB00BFCDCCCCCCBA
:10CC00002DE9F04F9DB055EC104BCDE90C322A4682
:10CC1000C5F313030B91290DD20FC5F30A550790E5
:10CC20008DED050A0A9275B922461A431BD13023AD
:10CC30000126056043710A9B43F0020303713046ED
:10CC40001DB0BDE8F08F40F2FF7295424DD1059ABC
:10CC5000002613430A9B079A14BF43F0080343F0CE
:10CC600004031371EBE7059A4FEA83089A46B14D26
:10CC700002F001020992059A48EA9278970001228F
:10CC80001646C5F1000B0892584600F019FAB5F1A6
:10CC9000FF3FACBF8146A0F10109ABEB090B09EBEB
:10CCA00005035846069300F011FA18A9A0F17D0576
:10CCB000584600F02BFA14AB089AA9EB050501932E
:10CCC00012AB02925146009318AA2B46059807F022
:10CCD000FFF8B9F1010F04460D4600F2D880099B18
:10CCE000002B40F0CB8001276FE0059A43F4801AB7
:10CCF000A5F2354502F001024FEA8A080992059A29
:10CD0000134348EA92784FEA82074BD140F2FE7310
:10CD100019420CBF01260026002D3246B1DB284601
:10CD200000F0C8F90346032DC8BF013B184606931F
:10CD300000F0CCF9069B7C3018A95D1B0544184611
:10CD400000F056FA14AB18AA0598019312AB51469D
:10CD5000029600932B4607F0BBF8069B04460D464F
:10CD6000152B00F2888016AB734A38464146009373
:10CD70004FF0CC3307F069F9169B179A9B0843EAEA
:10CD8000827303EB8303BB42DDE9129A0CD1384670
:10CD9000414600F0A3F9069B83428CBF0027012780
:10CDA000002612E00126B7E7099B002B53D1013F73
:10CDB00048F1FF31B81B61F1000100F08FF9069BCB
:10CDC000099F83428CBF002601260D9B002B40F05B
:10CDD0009380DDF82CB04FF000084FF00A0ACDF830
:10CDE0002080CDF81480DDE91201FFF7F5FE149BD9
:10CDF000CDE90E01184615991093FFF7EDFE0E9B35
:10CE000081460F9A98420B461191934180F08E8093
:10CE100020462946FFF7E0FE0AFB09F3109AB8F115
:10CE2000000F14BF002707F001070AFB10480D464A
:10CE3000934214BF002606F001060E9B5FFA88F8A5
:10CE4000044612930F9BCDE91339119B1593089B50
:10CE500001330893C7E7B81C48F1000100F03EF920
:10CE6000069B83428CBF00200120B9EB00006AF1D1
:10CE70000002CDE9120200273E46A6E7129B0127D9
:10CE8000139A013B42F1FF32CDE9123288E7B9F142
:10CE90003E0FF0D84FF0FF33A9F12000C9F1200177
:10CEA00003FA09F203FA00F023FA01F103FA09F395
:10CEB000024327EA03070A4328EA020857EA080759
:10CEC0000CBF012700276BE700FB02FC0133A1FB2D
:10CED000001262448C4275EB020CF5D2069A1344A0
:10CEE0000C9A1344D20F9342B8BF13460B9A9A423E
:10CEF000A8BF1A4693466EE70A210022012308467E
:10CF0000E8E70AFB03F00131A2FB0A230344944241
:10CF100075EB0300F5D2594510DDBBF1000F02D1CE
:10CF200054EA05030AD00123059371E70A2200237E
:10CF30000121ECE7CCFBFFFFCDCCCCCC7EB34FF096
:10CF40000A0A149B159918460F93FFF745FE0F9B8D
:10CF50000AFB00F281460E919A4220D1B8F1000FEF
:10CF600014BF002707F00107DDE91201FFF734FEC7
:10CF700010900F9120462946FFF72EFE0F9B0AFBCB
:10CF80001048109A04460D465FFA88F81292CDE9CF
:10CF900013390E9B1593089B01330893D1E7069B29
:10CFA000089A13449946002F5DD0B8F1050F5AD165
:10CFB00014F001034DD1059A32B9DDE914239D42E5
:10CFC00008BF944262D0059B18194FF00A044FF035
:10CFD00000024FF0010645F100012546A04271EB29
:10CFE000020756D2FBB1B3451DDA0D9B73B106EBB8
:10CFF00009030C9A1A44012A13460B9AB8BF01235D
:10D000009A42A8BF1A46964293460CDD053009F1B4
:10D01000010906F1FF364FF00A024FF0000341F11B
:10D020000001D9F7F5F85E450FFA89F9079BA8BF0B
:10D030005E4636B2B14406F1050809F1FF3798445F
:10D040004FF00009B1452BDB079B0A9A1F601A714C
:10D05000F5E5059B2BB9DDE914239D4208BF9442F9
:10D0600009D00123B0E7059B53B9DDE914239D42A4
:10D0700008BF944204D1099B002BF2D1002EF0D0BE
:10D08000B8F1040F94BF002301239DE74FF004087B
:10D09000F1E705FB02F70136A4FB05423A449DE7A0
:10D0A0000A220023D9F7B4F8303209F1010908F84F
:10D0B000012DC7E7014B5843800C704741340100F4
:10D0C000014B5843000D7047FB2E0B00024B584399
:10D0D000C00C0130704700BF4F93120070B503467B
:10D0E000094A00204FF0CC364FF0333506FB03F4ED
:10D0F00002FB0144A3FB023121449D4275EB010474
:10D1000001D30130F2E770BDCDCCCCCC1A232DE990
:10D11000F04FB0FBF3FA334E03FB1A0389B0044619
:10D120000D4606EB0A1653B9D6E90023C1E90023E0
:10D13000D6E90201C5E9020109B0BDE8F08F2A4A2B
:10D1400002EBC303D3E9008904AB40464946009390
:10D15000D6E9022306F079FF06AB83460F46404628
:10D1600049460093D6E9002306F06FFF002381466D
:10D17000DDE9066216EB0B0652EB070828BF012318
:10D1800033B1049B059A013342F10002CDE9043228
:10D1900020460391FFF79AFF07461A2000FB0AF08A
:10D1A000FFF794FF3F1A32464346484603990097DB
:10D1B00006F066FF0D4A4FEA141C640004F01E03DB
:10D1C00052F82C40DC4004F003042418304641F1AE
:10D1D0000001DDE90423C5E900414146009706F05E
:10D1E0004FFFA7E74857040078560400B4890400AD
:10D1F0002DE9F04F1A2700F11905DFF8E8A089B0F2
:10D2000004460E46B5FBF7F56F434FEA051B0AEBE4
:10D2100005153A1A0AD1D5E90023C1E90023D5E959
:10D220000201C6E9020109B0BDE8F08F2B4B03EB08
:10D23000C203D3E9008904AB404649460093D5E9CF
:10D24000022306F002FF5AF80B206B68013ACDE981
:10D25000020106A963F1000340460091494606F029
:10D26000F4FE8A46029900238146DDE906526D18D4
:10D27000039952EB010828BF012333B1049B059A9F
:10D28000013342F10002CDE904323846FFF71EFFB8
:10D2900007462046FFF71AFF3F1A2A4643464846EC
:10D2A0005146009706F0ECFE0D4A4FEA141C64004C
:10D2B00004F01E0352F82C40DC4004F00304013457
:10D2C0002418284641F10001DDE90423C6E90041A4
:10D2D0004146009706F0D4FEA3E700BF785604004D
:10D2E000088A04001858040010EE902AF0EE407AE4
:10D2F00022F00041B1F1FF4F10B506D810EE100A30
:10D3000020F00043B3F1FF4F04D977EEA07AB0EEDE
:10D31000670A10BDB2F17E5F03D1BDE8104000F096
:10D32000B7B8941704F0020444EAD0748BB9022C05
:10D3300008D0032CEBD1DFED407A9FED407A77EEF9
:10D34000C77AE4E7DFED3E7A9FED3C7A77EE877AA5
:10D35000DDE739B9002802DADFED3A7AEDE7DFEDF3
:10D360003A7AF1E7B1F1FF4F2CD1B3F1FF4F1DD164
:10D37000022CDFED327A0BD0032C10D0012C02D01E
:10D380009FED327AE2E79FED327A77EE677ABEE779
:10D39000B0EE087ADFED2D6A46EE877AB7E7B8EE91
:10D3A000087ADFED2A6A56EE877AB0E7022CC9D0F8
:10D3B000032CC0D0012CDFED277A9FED277A47FEA2
:10D3C000877AA4E7B3F1FF4FC4D05B1AB3F1F45FDF
:10D3D0004FEAE35112DBDFED1C7A9FED207A77EE06
:10D3E000C77A012C1AD0022C1FD0002C8FD09FEDB1
:10D3F0001C7A77EE877A9FED127AA0E7002A01DA8D
:10D400003C3108DB87EEA00AB0EEC00A00F040F81D
:10D41000F0EE407AE5E7DFED107AE2E717EE903ABA
:10D4200003F1004307EE903A71E79FED0D7A77EE36
:10D43000877A9FED037AA8E7DB0F49C06042A20D0F
:10D44000DB0F4940DB0FC9BFDB0FC93FDB0F493F93
:10D45000DB0F49BF00000080000000002EBD3B3301
:10D460002EBDBB3338B5074D074C641BA41024B93F
:10D47000064B0BB1AFF3008038BD013C55F82430AA
:10D480009847F4E7000000000000000000000000E2
:10D4900010EE102A22F00043B3F1A14F12D3B3F1E2
:10D4A000FF4F02D930EE000A7047002A9FED4F0A65
:10D4B000CBBFDFED4F7ADFED4F7A37EE800A37EEE4
:10D4C000C00A70474C498B4211D8B3F1445F0BD26C
:10D4D000DFED4A7AB7EE007A70EE277AF4EEC77A7B
:10D4E000F1EE10FA00F381804FF0FF3315E044496C
:10D4F000F0EEC07A8B424FD8A1F5D001B7EE007A9A
:10D500008B4241D877EEA76A002336EEC77AF0EE59
:10D51000006A77EEA67A87EE270ADFED3A7A591C81
:10D520009FED396ADFED395A60EE006A26EEA67A81
:10D5300007EE276ADFED367A46EE077A9FED356A09
:10D5400007EE876ADFED347A46EE077A9FED336A9D
:10D5500007EE876ADFED327A57EE275ADFED317A30
:10D5600055EE877ADFED305A57EE875ADFED2F7A86
:10D5700055EE877A67EE877A46EE267A67EE807AEE
:10D580001FD130EE670A704777EEC76A012377EE46
:10D59000877A86EEA70AC0E725498B420BD8F7EEBB
:10D5A000086A0223B7EE007A37EEE66A07EEA67A3B
:10D5B00086EE070AB1E7BFEE007A032387EE270A5B
:10D5C000ABE71C49002A1C4801EB830100EB8303F5
:10D5D00093ED007A77EEC77A77EEC07A91ED000A84
:10D5E00030EE670AB8BFB1EE400A70476821A23337
:10D5F000DA0FC93FDA0FC9BFFFFFDF3ECAF2497138
:10D60000FFFF973FD769853C59DA4B3D6BF16E3D83
:10D61000356B883D6E2EBA3D2549123EABAAAA3E17
:10D6200021A215BD95879D3D388EE33DCDCC4C3E66
:10D63000FFFF1B406C8A04005C8A0400704790ED79
:10D64000007AD1ED007AB4EEE77AF1EE10FACCBFB1
:10D65000012000204CBF01230023C01A704710B5E1
:10D660000B781C071FD18B787F2B1CD0B1F90310CE
:10D6700011F5004F17D013781B0714D193787F2B27
:10D6800011D0B2F9032012F5004F0CD00478D0F875
:10D69000C8344CB9891A0B44C0F8C83490F8CC345B
:10D6A000013380F8CC3410BD521A1344F4E710B59E
:10D6B000C278C2F38004C2F3400302F001002344A5
:10D6C0000344C2F3C0029B180CBF0123DBB201204C
:10D6D0004B7010BD00207047F8F7E4BEF8F74CBF60
:10D6E00038B504F011FD4FF47A74A0FB040547F639
:10D6F0001222002304FB0151D8F78AFD38BD06EE43
:10D70000901AB7EE007AF8EEE66AC7EE267AD0ED08
:10D71000006A37EE677A67EE807A47EE267AC0EDC8
:10D72000007A7047F7B503781546022B0ED143688F
:10D73000496840780131023813F8012B0091C1B2D9
:10D740002846E2F795F8012003B0F0BD012B05D182
:10D750004A6841682846FFF782FFF4E7032BF2D1BD
:10D760004F6841784668FB1D0239B279C9B200930F
:10D770002846F31DE2F77CF83A463146EAE700EB2B
:10D78000C100408840087047F8B50346FFF7F7FF2F
:10D79000B0FA80F0C0F11F0003EB800CDCF81060E1
:10D7A000CA00171D0C4606328DB256B9012101FA86
:10D7B00000F0D9680143D960CCF81040DD539D5288
:10D7C000F8BDF1000431585AD85303EBC0009E5203
:10D7D000C5805D52F4E710B500EBC104E3889942BF
:10D7E00002F104010AD1012303FA02F2C36823EA19
:10D7F0000203C360002340F8213010BDA28840F826
:10D80000213000EBC20100EBC300CB808280F4E743
:10D8100008B50346FFF7B3FFB0FA80F21846BDE83B
:10D820000840C2F11F02FFF7D6BF2DE9F843B1FA55
:10D8300081F5C5F11F0900EB8908D8F810200346CF
:10D840000E46C2B10327D8F8104018462146FFF70C
:10D8500096FFB04206D34A461846FFF7BCFF204663
:10D86000BDE8F88303EBC404E088013FC8F810006A
:10D8700001D08242E7D14FF0FF34C5F1200294403D
:10D88000DA681440EBD094FAA4F2B2FA82F2111DD5
:10D8900053F821402146DFE738B50346FFF76FFF15
:10D8A0000D46044611461846FFF769FF0444600020
:10D8B00003EBC50568801846FFF761FF014423F8B4
:10D8C000314038BD38B50C460346FFF758FFA51A5E
:10D8D000511A054403EBC4044800608003EBC20006
:10D8E0006C00448023F8321018461146FFF747FFBA
:10D8F000014423F8315038BD38B50546FFF73FFFE6
:10D900000C46014405EBC1035B88DA070AD42846BC
:10D91000FFF77EFF21462846FFF731FF22182846F1
:10D92000FFF7BAFF35F83410611A05EBC1035B88C5
:10D93000DB070CD42846FFF76BFF35F8341022467E
:10D94000611A2846FFF7A8FF35F83430E41A21465B
:10D950002846BDE83840FFF717BF70B5056809B91C
:10D96000002070BD01F007030B33CC0804EBD30497
:10D97000AB6828469C4228BF1C462146FFF755FF4E
:10D9800006460028ECD001462846FFF7F8FEA042E4
:10D9900007D928463219FFF795FF11462846FFF7A9
:10D9A000F3FE05EBC60210465388043043F0010332
:10D9B0005380D6E71146FFF7D0BF002070470FB461
:10D9C00007B504A951F8040B0191E3F7E5F903B099
:10D9D0005DF804EB04B07047002383F31188BFF3B4
:10D9E0006F8F0423184602DF70470FB407B504A9F0
:10D9F00051F8040B0191E3F7CFF903B05DF804EBA4
:10DA000004B07047F0B564230546042600200A27B9
:10DA100069B9F0BD9A42B2FBF3F40CD2012B0AD0E3
:10DA200048B903FB14220A24B3FBF4F3D2B2013E3B
:10DA3000F0D12E70EDE7303405F8014BB2FBF3F472
:10DA400003FB1422B3FBF7F301390130C9B2C0B2B2
:10DA5000D2B2DBB2DCE7A0F13003DBB2092B02D893
:10DA600000200B707047A0F16103052B02D85738D6
:10DA7000C3B2F5E7A0F14103052B01D83738F7E72A
:10DA80006FF015007047F7B5054601F0010000EB97
:10DA900051069E424FEA510703D90026304603B093
:10DAA000F0BD58B128780DF10701FFF7D4FF002829
:10DAB000F3DB9DF80730013502F8013B01351744CF
:10DAC000BA42EBD015F8010C0DF10701FFF7C3FFC7
:10DAD0000028E2DB9DF807402401E4B2147015F839
:10DAE000020BFFF7B8FF0028D7DB9DF807301C4476
:10DAF00002F8014BE4E7838B13F0070305D10368B9
:10DB0000002B0CBF002003207047022B05D1C08BD7
:10DB1000B0FA80F0400980007047012B05D10368FE
:10DB2000002B0CBF0020052070470020704710B567
:10DB30000C4600B111B96FF0150010BD081D00F0C2
:10DB40002FF80028F9D1A368032BF6D9F3E72DE9C4
:10DB5000F0410D4607461946281D90461E46E3F73C
:10DB600019FC044638B13346424629463846A44695
:10DB7000BDE8F0416047BDE8F08138B50C46054688
:10DB800058B151B10B6843B14B6833B12022002129
:10DB900005F09CFF00202C6138BD6FF01500FBE7FD
:10DBA000034640B1426802F00302022A06D0032A6B
:10DBB00004D0012A05D06FF0150070471A68002ABA
:10DBC000F9D0002098607047704770B4C668046848
:10DBD0000D0C06FB0544806A14FA81F18468246800
:10DBE000A44670BC60472DE9F043064688461746B8
:10DBF0001C46C36A89B01D686D4205F020051CB93A
:10DC0000204609B0BDE8F083AC42A14628BFA94632
:10DC10006A464B4641463046FFF7D7FF0028F0D111
:10DC20006B46484502D1241A8044E8E713F8012BDB
:10DC3000BA4201D10130F4E70120E2E70B6803F5B5
:10DC400080330B60008A1A0CB0EB134F04BFA3EBB8
:10DC500002430B60704738B5C26803680D0C090CAD
:10DC6000044602FB0131806A2D0400F021FB50B90B
:10DC7000E26A29462046E3685279FFF7B4FF00289C
:10DC800018BF6FF0050038BD014610B507220446E5
:10DC9000FF20F2F7B1FBE07110BD0368012B81BFDB
:10DCA000C91801F1FF315B421940084670472DE960
:10DCB000F0410C4605460821C06AFFF7EEFF072237
:10DCC00007462146FF206688B4F80480F2F794FBEB
:10DCD000E379834208D1E8684644C01BB04294BF50
:10DCE00000200120BDE8F0810020FBE738B50546A3
:10DCF0000C46FFF7DCFFA0B1A08898B94FF6FF7380
:10DD000022889A420DD10821E86AFFF7C6FF62888F
:10DD1000EB689B1AB3FBF0F202FB1030B0FA80F014
:10DD2000400938BD0020FCE7F7B504460D46C06A3F
:10DD30000821FFF7B2FF0823074629682046FFF7AE
:10DD400044FF0646002836D12B683B442B60E2682E
:10DD500099B2D21B91422ED11A0C09BF228AA3F587
:10DD6000803102F1FF3203EB0241204608236A466C
:10DD70002960FFF72AFFE8B9E36A5A796B4613F87E
:10DD8000011B8A420CD101300828F8D1636805E0F4
:10DD90002B68BDF802201B0C1B0413442B600AE007
:10DDA00069462046FFF7A2FF0028F1D12946204608
:10DDB000E3F71AFB0646304603B0F0BD2DE9F04309
:10DDC000074690461C4689B01BB9002009B0BDE843
:10DDD000F083FD683B68080C05FB003313FA81F6FD
:10DDE000FB6A1D686D4225400CD0B86A83683146D5
:10DDF000D3F804902B46C8470028E7D1641BE4D031
:10DE00002E44A84422464146684605F052FEFD6A6B
:10DE10000DEB04002A686979121B05F057FEB86AF9
:10DE20002B688268314654686A46A047CEE710B531
:10DE30000A46082341680446FFF7C0FF082102464E
:10DE4000E06AFFF72AFF63681B1A6360104610BD83
:10DE50004FF6FF7313B500220446ADF800308DF87D
:10DE6000063083686846ADF80420ADF80230FFF74D
:10DE70000BFF69462046FFF7DAFF02B010BD2DE91F
:10DE8000F04F082195B00446C06AFFF706FF05462B
:10DE9000636820461B0C1B0403A90393FFF7CEFE07
:10DEA000DDF80CB0E66806AA5E44761B082331460E
:10DEB00020460496FFF789FE021EC0F2A980E36A9D
:10DEC00006AA5979002312F8010B814240F08F8095
:10DED0000133082BF7D1A36862682B449A427ED2A3
:10DEE00059462046FFF7B7FE024691E0BDF81A30CA
:10DEF000360C36041E44049608AA204604A9DDF810
:10DF000010A0FFF711FF0246002840F08180204654
:10DF100008A9FFF7CCFE18B9019B9A45ECD1DAE7C6
:10DF2000636805930AAA204605A9059EFFF7FCFE33
:10DF3000024600286CD1BDF82820BDF820309A4256
:10DF400027D06268059B9A42ECD15645E4D1BDF8D2
:10DF50002430002BE0D0BDF822704FEA1A431B0496
:10DF60001F44A36808A8ADF82230FFF78DFEE36ACE
:10DF7000BDF824901E68764206F02006B9F1000F25
:10DF80000ED1204608A9FFF752FF02460028C3D051
:10DF90003EE020460AA9FFF78AFE0028D1D0D4E748
:10DFA0004E45B04628BFC8460CAA434639462046CF
:10DFB000FFF70BFE024658BB4346A1680CAA204659
:10DFC000FFF7FCFE41460246E06AFFF766FEA368E3
:10DFD0000344A360E2B9A9EB08094744CEE7204611
:10DFE000FFF736FF024600283FF47AAF10E0731BBC
:10DFF000204606A90193FFF779FE00287FF476AF4B
:10E00000204604A9E3F7F0F9024600283FF474AF74
:10E01000104615B0BDE8F08F00231A46E3F7EABBBF
:10E0200013B500240094E3F7B7FC02B010BD0FB4A1
:10E0300007B504A951F8040B0191E2F7ADFE03B056
:10E040005DF804EB04B07047704770B54C68036826
:10E05000A34201D2012070BD8A682244934201D3B9
:10E060000020F8E74E69D1E90325B54203D36FF0EC
:10E070000B038B61F4E71B1B42F8353043680869DA
:10E0800002EBC00253600B6901330B61E2E737B565
:10E090000C46C0B201A91546E3F748FD00280CDB89
:10E0A000019850B121462A46E3F766FD04460198DF
:10E0B000FFF7CAFF204603B030BD6FF01504F9E743
:10E0C0000020E3F7A5BD00221146E3F76FBD03462C
:10E0D00010B508460AB10021116053B1D0B1411EFC
:10E0E00011F8010F80B113F8014BA04201D13D2876
:10E0F000F6D100200EE0013313600AE03D2808D07D
:10E10000B0FA80F0400905E018782F28F6D1002AEF
:10E11000F1D1012010BD10B509B100230B6058B139
:10E1200003461A781C4601332AB13D2A03D02F2A10
:10E13000F7D101B10B60201A10BD0830704710B53F
:10E14000134614460A4681880068FFF769FFA0421B
:10E15000A8BF204610BD2DE9F04F97B004469A465F
:10E160008946019200297CD0DAB1BAFA8AF676099A
:10E17000258F04F1080B0135ADB2A8466F1EBFB262
:10E18000B7F5004F26D04A233946584603AAFFF771
:10E1900047FF002807DA10F1020F08BFB8463D46D6
:10E1A000ECE70126E4E700F158030DEB0300002340
:10E1B00003A900F84C3C4846E0F7A1FB0028EED14B
:10E1C00026B339465846FFF727FF002805DA17B06F
:10E1D000BDE8F08FBEB30020F9E705F57F513F3170
:10E1E000584689B2FFF718FF0028F0DB238FBB42A7
:10E1F000F1D12246013B22F8383F4FF4004102237F
:10E200005846E3F7F7FA00EAE070E0E7B846B8F5F9
:10E21000404F29D0238F04F10805434515D308F555
:10E22000804153462846019A89B2E3F7E3FA002871
:10E23000CDDB002ECFD04846E0F773FB4A460346BD
:10E2400041462846DDE70126E1E7224602234FF456
:10E250000041284622F8388FE3F7CCFA0028DEDAAE
:10E26000B5E76FF01500B2E76FF00B00AFE773B5DD
:10E27000C36B04460363C3B100F108063046E3F7FD
:10E2800011F9054670B902234FF4004130460DF1F3
:10E290000602FFF7C5FE0028B4BF4FF40043BDF8E7
:10E2A00006302387284602B070BD6FF01205F9E7EB
:10E2B0002DE9F04187680446FB680D4616469847ED
:10E2C0000379DB0707D4BB682BB1324629462046C9
:10E2D000BDE8F0411847417933462A462046BDE85B
:10E2E000F041E3F7ABBE70B50446D0F83401A8B1F5
:10E2F0000026451EAE4201DD00200FE0721902EB40
:10E30000D2725210D01CC30004EBC00000898842B6
:10E3100001D2561CEEE702D80433E01870BD551E3A
:10E32000E8E7002310B50446C0F83431D4F85001B2
:10E3300010B9C4F8580110BDD4F8542103689042B4
:10E34000C4F8503108BFC4F8543103F068FFEDE75A
:10E35000034610B5D3E8EF0F00EA0102C3E8E42F4B
:10E36000002CF7D110BD70B504460D46FFF7D9FF5C
:10E370006FF0010104F59C70FFF7EAFFD4F85C31FF
:10E380009B682BB1294662682068BDE87040184739
:10E3900070BD10B50446FFF7C4FF6FF0010104F52E
:10E3A0009C70FFF7D5FFD4F85C315B6823B1D4E9EA
:10E3B0000001BDE81040184710BD37B54FF4205399
:10E3C00000240546016868468DF80040ADF802302B
:10E3D00000F0EEFA18B92868083803B030BD42F6EC
:10E3E0000103296801A88DF80440ADF8063000F05B
:10E3F000DFFA0028EFD02046EFE737B542F60303F7
:10E4000000240546016801A88DF80440ADF80630E7
:10E4100000F0CEFA18B92868083803B030BD20469D
:10E42000FBE7006870471C307047F7B500F11C052A
:10E4300031B1A94203D20025284603B0F0BD0D46F4
:10E44000002642F60307D0F8343100EBC30000F198
:10E450001C040835AC42EED9296801A88DF8046087
:10E46000ADF8067000F0A4FA0028F2D1E4E7034604
:10E4700000F11C0219B1914202D2002070471146EE
:10E48000D3F8342101F1080003EBC2031C33984296
:10E4900028BF0020704713B5FFF7E9FF044618B9FD
:10E4A0000024204602B010BD00238DF8043042F64F
:10E4B0000303016801A8ADF8063000F079FA0028DE
:10E4C000EFD1EDE770B5054616460C4621462846C5
:10E4D000FFF7E1FF044628B13046216800F068FAF2
:10E4E0000028F3D1204670BD38B500F59C75044670
:10E4F0006FF002012846FFF72BFF83070DD504F5C7
:10E50000B270F8F745FC2046FFF70BFF6FF00101F2
:10E510002846FFF71DFF002038BD6FF07700FBE7AE
:10E5200010B5044623780846052B06D8032B0ED8D1
:10E53000023B012B06D9012010BD063B012BFAD866
:10E54000022200E000222146E4F78CF8F3E70122E2
:10E55000F9E7E9F759BA00F59673F0EC016A90ED26
:10E56000E06AD0ED4A7A90ED957A67EE867A56EEBB
:10E57000877AC1ED007AD0ED957A90ED4A6A50ED38
:10E58000016A90EDE07A67EE867A46EE877A9842E5
:10E59000C1ED017A01F10801DFD17047D0E8EF3F0A
:10E5A00043F00103C0E8E23F002AF7D1704710B5FD
:10E5B0000446E4F723FD48B1011D2046EFF7EAF9D0
:10E5C00018B110F1780F08BF002010BD6FF01500D2
:10E5D000FBE710B50446E4F711FD60B1032300F139
:10E5E000280183862046EFF7D5F918B110F1780F8E
:10E5F00008BF002010BD6FF01500FBE770B50646A0
:10E60000E4F7FCFC0D46044678B171B1032300F138
:10E610006401A0F858303046EFF7BCF910B110F1A2
:10E62000780F01D10020E56770BD6FF01500FBE7A2
:10E6300070B50646E4F7E2FC0D46044668B161B1E8
:10E6400000F180013046EFF7A5F910B110F1780F15
:10E6500002D10020C4F8985070BD6FF01500FBE7A0
:10E66000F8B507461646E4F7C9FC0C46054680B1E6
:10E6700000F14C013846EFF78DF920B110F1160F7B
:10E6800000D10020F8BDC5E91146A368A080236031
:10E69000F7E76FF01500F5E710B50446E4F7AEFCB8
:10E6A00070B190F8403033B1436AB0F8B8106FF0F1
:10E6B0007F02204698472046BDE81040E4F7BCBEE4
:10E6C00010BD70B5054691B188B1E4F797FC0446DA
:10E6D00068B1D0F8B0606EB9C0F8B01000F19C011C
:10E6E0002846EEF723FF08B1C4F8B06070BD6FF0A4
:10E6F0001500FBE76FF00F00F8E72DE9F04389B054
:10E70000074691461E46E4F779FC0446A0B399B348
:10E7100096B390F8C03093BB037F9BBB90F84050FA
:10E7200085BB4FF001084FF4403204AB016280F822
:10E7300040802946A0F8B8904662A0F8BA50C0F8C8
:10E74000BC5005A8CDE90623059300F0CAF8B4F83B
:10E75000B81005A800F0CCF8A1893846CDE90155DC
:10E76000BDF81830059A0095EEF7E8FF08B984F86F
:10E770001C8009B0BDE8F0836FF01500F9E76FF079
:10E780000C00F6E76FF00F00F3E705F09FB905F016
:10E7900090B901460068E5F785B908B5E5F7E2F9F3
:10E7A000BDE80840E5F702BA00210120E5F77AB993
:10E7B000436F83F30B887047E5F7CABD61B662B655
:10E7C00080F31188BFF36F8F704772B6002383F315
:10E7D0001188BFF36F8FBFF34F8F30BF62B6BFF3A7
:10E7E0006F8F704772B6002383F31188BFF36F8F6A
:10E7F000BFF34F8F20BF80F31188BFF36F8F62B6D6
:10E80000704740E800F313F4803FD8B208BF6FF0C0
:10E810001500704730B50C684B6885B00A894D8982
:10E820000094013B24F01F04234402F01F0242EA3B
:10E83000451223F01F0369468DF808200393E5F77E
:10E8400037FE05B030BD08B5E6F782F8002008BDF8
:10E850007047C16A8968E6F7FDB892B281600160CD
:10E86000C2808280704703680B6043684B60836896
:10E870008B60704710B50C460121E6F755FB04701C
:10E8800010BD10B5036801211C78E6F769FB20462E
:10E8900010BD10B5036802211C88E6F761FB204615
:10E8A00010BD10B5036804211C68E6F759FB20462B
:10E8B00010BD02688068101A70478388C28881681A
:10E8C000D21A03685B1AD01A704738B50D46144641
:10E8D0001146E6F779FB22462946BDE8384005F0A7
:10E8E000E8B810B50C460121E6F76EFB047010BDC8
:10E8F00010B50C460221E6F767FB0470240A447049
:10E9000010BD30B5054614460A8885B08B78ADF841
:10E91000002000210D220DF103008DF8023005F0DA
:10E92000D5F86A466946284603F064F828B9BDF868
:10E9300000209DF802302280A37005B030BD13B5D1
:10E940000C4601AA0331FFF7DCFF48B90322204639
:10E9500001A905F058FAB0FA80F0400902B010BDE4
:10E960000020FBE770B50D4600210446FFF7D3FBFE
:10E970000D2818D1237B302B13D0312B13D1012339
:10E9800005F8063B04F10C062A4620460123022125
:10E990000234FFF778F8B44205F1FF35F4D10020D6
:10E9A00070BD0023ECE76FF01500F9E70020704719
:10E9B00010B50C46017822788AB08A420FD0694699
:10E9C000E6F7AAFD204605A9E6F7A6FD10220DF1FF
:10E9D00015010DF1010005F016FA0AB010BD012A6B
:10E9E00006D0022A07D072B940886388C01AF4E7BB
:10E9F00040686368FAE71022611C01300AB0BDE884
:10EA0000104005F000BA6FF01500E6E7042A0AD0BE
:10EA1000102A0DD0022A4FF0000315D103700B8885
:10EA2000438001207047012303700B684360F8E7BF
:10EA3000022300F8013B01F1100351F8042B994225
:10EA400040F8042BF9D1ECE718467047012310B5C4
:10EA50000621044600F8013BF4F766F918B9A379DA
:10EA600063F03F03A37110BD0B6803608B88838044
:10EA70008B798371037823F0020303707047007869
:10EA8000C0F34000704738B50446807AE5F7A2FF2E
:10EA90006169054649B1637ADB0704D4C36A20463D
:10EAA0001B689B6898470023636121462846BDE8A0
:10EAB000384003F022BA438A23B9C068B0FA80F024
:10EAC0004009704700207047D0F8A03083B15A7CCD
:10EAD000D1070DD5D2060DD51B7C102B14BF0323F7
:10EAE00004234372807A98428CBF00200120704733
:10EAF0000223F6E70323F4E70F2807D80D280BD8E5
:10EB0000052808BF032018BF02207047132803D030
:10EB10001A2808BF0120F6E70120704770470B68EC
:10EB200003608B8883808B7983717047034610B5AF
:10EB3000D3E8EF0F40EA0102C3E8E42F002CF7D13D
:10EB400010BDD0E8EF3F0B40C0E8E23F002AF8D10B
:10EB500070477047C0F307235370002311719370FF
:10EB6000C1F30723090C10709171000E090AD070CF
:10EB70005371D17170470020704710B503884288E7
:10EB8000934219D8052B17D9B2F5486F14D883884A
:10EB9000B3F5FA7F10D240F67644C088A0F10A019E
:10EBA00089B2A14208D801339BB25343B3EB800F23
:10EBB00034BF0120002010BD0020FCE7002070477A
:10EBC00008B5F0F7D9FC18B1408A003818BF012009
:10EBD00008BDE7F7F1BC70B506460D464FF0FF30B3
:10EBE0004FF0FF31E7F77AFA044668B103210C30A1
:10EBF000E6F7EAF9068085702146BDE870400022FC
:10EC000040F20640E7F71ABC6FF0680070BDC368B9
:10EC1000187808B1E7F72CBD1846E7F79BBD38B563
:10EC20004FF0FF3105464FF0FF30E7F757FA044643
:10EC300068B102210C30E6F7C7F92B882146038022
:10EC40000022BDE8384042F21600E7F7F7BB6FF04C
:10EC5000680038BDF8B507460E464FF0FF304FF05C
:10EC6000FF311546E7F73AFA044678B106210C3031
:10EC7000E6F7AAF93B884680038085802146BDE8F7
:10EC8000F840002242F22200E7F7D8BB6FF068009C
:10EC9000F8BD2DE9F047814688464FF0FF304FF030
:10ECA000FF3117461E469DF820A0E7F717FA0546E4
:10ECB000A0B107210C30E6F787F9B9F8003080F8E9
:10ECC00002800380C7700671A0F805A02946BDE840
:10ECD000F047002242F23200E7F7B0BB6FF0680065
:10ECE000BDE8F087072208B505F08DF8B0FA80F08E
:10ECF000400908BD0B6803608B8883808B79837122
:10ED00007047D0E8AF0F7047F8B50F46144638BBD0
:10ED10004FF0FF304FF0FF31E7F7E0F9054610B351
:10ED200027210C30E6F750F9224606463946FFF710
:10ED3000E1FFC31D04F1100152F8040B8A4243F8AD
:10ED4000040BF9D11022002106F1170004F0BEFED9
:10ED50002946BDE8F840002242F22700E7F76EBBE3
:10ED60006FF01500F8BD6FF06800FBE7037A02460C
:10ED70005B0705D501462E3211F8010BFFF7C4BF22
:10ED8000704738B54FF0FF3105464FF0FF30E7F7D9
:10ED9000A5F9044658B129460C30FFF7A2FD2146DB
:10EDA000BDE83840002242F22D00E7F747BB6FF084
:10EDB000680038BD70B5044686B00E46013001319A
:10EDC000FFF790FF2E34162200210546684604F016
:10EDD0007DFE10226946204605F015F840B110224C
:10EDE000204606F12E0105F00EF8002808BF012587
:10EDF000284606B070BD10B50C4630B919B1F0F711
:10EE00006BFB00B1441C204610BD0024FBE707B596
:10EE100080B906216846F3F787FF40B99DF80530B1
:10EE2000684603F03F038DF80530E7F7D9FF03B0DC
:10EE30005DF804FB6FF01500F9E701207047037AD5
:10EE4000D90704D523F001030372E8F77FB89907C7
:10EE500004D523F002030372E8F72AB9704710B50E
:10EE60000C4631B10020FFF7D2FF08B9012323700F
:10EE700010BD6FF01500FBE700207047D0E8AF0F22
:10EE80007047032808B501D0E8F718FBBDE8084033
:10EE9000E8F728BB0368D90444BF43F480630360E8
:10EEA00003689A0444BF43F400630360704700237F
:10EEB0000B60436813B9C0E90011704719604160E5
:10EEC0007047D0F8B000003818BF01207047D0E874
:10EED000AF0F70472438E9F7B9B8002203680BB9BF
:10EEE000184670478B4210D10B6842B942680360E4
:10EEF000914200D14360002301200B6070471360F2
:10EF00004368994208BF4260F5E71A461B68E6E786
:10EF100010B50446006918B1E5F7FCFE0023236133
:10EF200010BD10B50446D0F8A00028B9207A04F12D
:10EF30007001F0F721FB38B1E278438A2AB913F067
:10EF4000210F14BF0120002010BD13F0240FF8E79B
:10EF50002DE9F843089E8146102E0C4690461F4628
:10EF60002FD84FF0FF304FF0FF31E7F7B7F80546E5
:10EF700058B31C210C30E6F727F80346B9F80020F7
:10EF8000394623F8022B2268C0F80220626800F19B
:10EF90000C045A60B8F8003032464381204604F031
:10EFA00088FD102E05D00021C6F11002A01904F032
:10EFB0008DFD2946BDE8F843002242F21900E7F72B
:10EFC0003DBA6FF01500BDE8F8836FF06800FAE70E
:10EFD00082780346012A06D1C07A28B1D3F8A0006E
:10EFE00010B1007C70470020704710B5837804464C
:10EFF000012B29D1437B072B29D10A0601F07F037E
:10F000000FD5021DD2E8EF0F40F40040C2E8E10F37
:10F010000029F7D12046A37201F0E3FC88B9002053
:10F0200010BD427A9A42FAD2827A9A42F7D2021DEF
:10F03000D2E8EF0F20F40040C2E8E10F0029E9D048
:10F04000F6E7637AA372EBE76FF01500E8E76FF07D
:10F050007F00E5E78378012B0CBF407A00207047E2
:10F0600037B505460C46FFF70AFD2946A8B16846A4
:10F07000FFF7FAFC69460020E9F796FE58B12388AD
:10F08000A0F88C306388A0F88E30A388A0F8903068
:10F09000E388A0F8923003B030BDFFF7ACFE034622
:10F0A000006800909A889B79ADF804208DF80630AE
:10F0B000E0E738B5037A04468B42154615D100F1D6
:10F0C00070010722284604F09EFE80B1E3780722F3
:10F0D00043B904F17E01284604F095FEB0FA80F0B1
:10F0E000400938BD04F17701F5E70020F9E7012078
:10F0F000F7E78378012B0CBF703000207047F8B51C
:10F1000007460D464FF0FF304FF0FF31E6F7E6FFC0
:10F110000646D0B10E210C30E5F756FF04460E220C
:10F12000002104F0D3FC3B88314623802B88002249
:10F1300063806B8842F21300A380AB88E380EB8886
:10F140002381BDE8F840E7F779B96FF06800F8BDB2
:10F15000704710B50446F8F7ABFD234653F84C2B27
:10F16000D2F8B01061B9E164D2F8B41061B9C2E963
:10F170002C33F8F7EFFD2068BDE81040E9F760B9DF
:10F180008B42F6D00968EDE70B60C2F8B430F0E7C7
:10F1900070472DE9F843446B002C55D054F80859BA
:10F1A00005B1083D002701E02C461D46D4E9006862
:10F1B0002EB3F8F77DFD0022D6F8B03004F14C01F3
:10F1C00063B1994232D1E36C42BBD6F8B420C6F8A1
:10F1D000B030914201D1C6F8B430E764F8F7BAFD17
:10F1E00004F13009002200234846F7F7E3F8064609
:10F1F000F8B9D8F804300BB1204698472760E36887
:10F200000BB120469847D8F820300BB120469847DC
:10F21000D5B1AB68002BC7D0083BC5E71360D6F863
:10F22000B430994208BFC6F8B420D6E71A461B6826
:10F23000C6E7B36923B16FF06D02F16920689847A2
:10F240003046E5F767FDCDE7BDE8F88338B5436B99
:10F250000D46BBB1184650F8084904B1083C53F8B4
:10F26000043C9B680BB1294698475CB12046A468D2
:10F27000436824B19B68083C002BF4D1F6E79B68F7
:10F28000002BF0D138BD406B28B1838B08388B42FE
:10F2900001D08068F8E7704710B54AB989B2FFF726
:10F2A000F2FF28B143689B6913B1BDE810401847CD
:10F2B00010BD38B50D460521FFF7E5FF00232946AF
:10F2C0001A46EAF759FA044610B12846E5F722FD36
:10F2D000204638BD406B28B1838908388B4201D065
:10F2E0008068F8E7704770470346006828B159689E
:10F2F000026888421A6008BF5A60704703460020BF
:10F3000003B970471A8A5B681044F9E710B5D468EE
:10F310000231237813B92170012010BD8B42FBD03C
:10F32000038A023B038200201061F6E708B50368F8
:10F330000A8A1868C968EEF75BFC002008BD38B57A
:10F34000054601F10C000C46FFF7A3FA2D680146B3
:10F35000238A2868E26801F090F9002038BD70B473
:10F3600005682A6B52B3136803B1B03BA2F1B00435
:10F370000022114600E0B03B844207D0668D648BCA
:10F38000B14238BF3146A24238BF22461C462BB19B
:10F39000D3F8B030002BEED18442EFD1438D408BB7
:10F3A0008B4201D890420BD9824238BF0246994223
:10F3B000286838BF194670BCEEF790BC1146EDE7DF
:10F3C00070BC704773B51446014605464FF49572FC
:10F3D000206801F056F8207530B92946206801F000
:10F3E00098F920B908232375002002B070BD237A54
:10F3F000B3B1A3F11802534253419B000193638AB6
:10F4000029460093AE68238AE2682068B047002846
:10F4100008DB238A98420CD1002301202375E4E7FE
:10F420000223EBE710F1FF0F03D34042C0B2207577
:10F43000DAE70E20FBE71FB5CDE9012300231A46CA
:10F440000093ECF735FE05B05DF804FBF8B5936862
:10F4500005460F461446166863B9506801210C3002
:10F46000E5F7B2FDA0602B681B78002B14BF0223C8
:10F4700001230370A3681B78012B03D0022B1FD03C
:10F4800000201CE02B681B78002BF9D16068042158
:10F490000C30E5F799FDE06007802A68E368528840
:10F4A0005A806168728D738B088A9A4294BFC0EB50
:10F4B0000200C0EB0300042894BF00200120F8BD27
:10F4C0002B681B78022BDBD1606812210C30E5F72A
:10F4D0007BFDE06007802B68E268591C0232113323
:10F4E00051F8040B994242F8040BF9D16168728D0E
:10F4F000738B088A9A4294BFC0EB0200C0EB0300F2
:10F500001228D9E7D0680431037813B901700120BB
:10F5100070478B42FBD0002091680B8A043B0B8222
:10F52000106170470022036803B970478B420FD106
:10F530000B683AB942680360914200D143600023EE
:10F540000B60704713604368994208BF4260F6E75A
:10F550001A461B68E8E7D0E8EF3F43F00802C0E82E
:10F56000E12F0029F7D1C3F3C00070472DE9F04F18
:10F57000044685B0104690469946FFF7BFFE638B60
:10F58000628D8B46934228BF1346834240F293809C
:10F59000636840460393E5F709FC4FF0000A06460E
:10F5A0004046FFF7ABFE628B638D06F10C079A4273
:10F5B00094BFC0EB0205C0EB03053846FFF77DF9A9
:10F5C000854217D24046FFF799FE628B638D9A42BF
:10F5D00094BFC0EB0205C0EB03058DBB98F80A0091
:10F5E000E5F7F8F900220023FFF733F9064630B9B2
:10F5F000574636E03846FFF760F90546EDE7014625
:10F600004046E5F711FC4046FFF778FE628D638BBC
:10F6100006F10C079A4294BFC0EB0205C0EB03054C
:10F620003846FFF74AF985421FD24046FFF766FE8B
:10F63000628D638B9A4294BFC0EB0205C0EB030559
:10F64000F168328ACDF80090DBF804700A44039820
:10F650005946ABB2B847071E0CDABAF1000F18BF13
:10F660005746384605B0BDE8F08F3846FFF725F914
:10F670000546E5E70E9BB3B9394606F10C00E5F700
:10F68000A3FC4046FFF73AFE638D628BB944934278
:10F6900028BF13468342BA441FFA89F9A8D9AF425A
:10F6A0003FF47EAFA4E7394630460F9A0E9B984749
:10F6B0000028E1D19CE70027D3E700232DE9F3419F
:10F6C00017681446D7F8048001461373064695223E
:10F6D000404600F0D6FE0546207330B9314640461C
:10F6E00001F015F828B908232373002002B0BDE803
:10F6F000F081CDE9005531463846A388A268FFF76E
:10F7000035FF002807DA10F1FF0F32BF0E2040420C
:10F71000C0B22073E9E70120E8E700232DE9F341B7
:10F7200017681446D7F804800146137306469522DD
:10F73000404600F0A6FE0546207330B931464046EB
:10F7400000F0E5FF28B908232373002002B0BDE8CC
:10F75000F081A068798D7A8B038A914294BFC3EBC4
:10F760000103C3EB0203012BEFDD02210C30E5F7AF
:10F770002BFCCDE900558046A38831463846A26867
:10F78000FFF7F4FE031E06DA13F1FF0F2ABF5B42F8
:10F790000E23DBB2D8E70120A8F80030D6E72DE928
:10F7A000F04104468868FFF7A9FD638D628B0D4622
:10F7B000934228BF134683421DD30027E165D1F849
:10F7C00008808F60F8F774FA41462046EAF7D8FDC2
:10F7D000064638B1C5F80880E765F8F7BBFA304649
:10F7E000BDE8F081618D638B2846994228BF194698
:10F7F000EEF760FBF1E76FF07906F0E738B5054604
:10F80000D1E8AF3FDB0716D550F8040C98B1AB6DCB
:10F810008BB90430FFF768FD044660B10146281F2C
:10F82000FFF7BDFF38B155F8043C5A6822609A686A
:10F830005C6002B99C6038BD2DE9F041046B07465D
:10F8400034B354F8B06906B1B03E002307F10408A0
:10F850001D4601E034461646E26D92B905B983B9FA
:10F860004046FFF741FD054650B101462046FFF7EF
:10F8700096FF68B17B682B60BB687D6003B9BD6093
:10F8800023462EB1D6F8B020002AE3D0B03AE1E703
:10F89000BDE8F08170B504460E46002200230846FC
:10F8A000F6F788FD054658B101462046EAF768FD9F
:10F8B000044618B12946304602F01FFB204670BDB1
:10F8C0006FF00104FAE7F8B5054650F8044C071F3D
:10F8D00000F15403D3E8EF1F21F00401C3E8E21F55
:10F8E000002AF7D1FCB1AB6D83B9636873B1201DF9
:10F8F000FFF7FAFC064601463846FFF750FF90B185
:10F9000063683360A368666003B9A660384605F192
:10F910005C01FFF7BFFF30B1384604F10C01BDE8D0
:10F92000F840FFF7B7BFF8BD38B504460D46EAF713
:10F9300027FD30B1294604F16000BDE8384002F0EF
:10F94000D1BA38BD30B50C4685B0054601F10C0082
:10F95000FEF79FFF228A03460292E2682846019240
:10F96000002211460092EAF7F1FE05B030BD30B535
:10F970000C4685B0054601F10C00FEF78AFF228A8D
:10F9800003460292E2681221019200222846009268
:10F990001322EAF7DBFE05B030BD07B5CA680C21BB
:10F9A0001388528800920D22EBF7F4F803B05DF84B
:10F9B00004FB07B50022CB680A211B8800920B22AA
:10F9C000EBF7E8F803B05DF804FB70B5CB680446CC
:10F9D0001E88B3B2162B25D90321EAF7C1FA0546D2
:10F9E00010B302210C30E5F7EFFA6FF00D0303704E
:10F9F0000123294643702046FFF796FF4FF4F97321
:10FA00006383236866851B680433D3E8EF1F41F4E2
:10FA10008031C3E8E21F002AF7D12046FFF79FFCA0
:10FA2000002070BD0420FCE70E20FAE7ECF7C8BA0E
:10FA300008B5EAF781FC08B3026B02B3136803B19F
:10FA4000B03B32F8960C32F8862C904228BF104614
:10FA500043B913E0934228BF1346984238BF184673
:10FA6000A1F1B003D3F8B0105A8B5B8D0029F1D10E
:10FA70009A4228BF1A46904238BF104608BD104629
:10FA8000FCE70A8A0023C968EBF7C6BAFFF7F9BF9B
:10FA9000FFF7F7BFFFF7F5BFFFF7F3BFFFF7F1BFC2
:10FAA000FFF7EFBFFFF7EDBFFFF7EBBFFFF7E9BFD2
:10FAB000FFF7E7BFFFF7E5BF70B5CE6804463388B0
:10FAC0000D469AB2162A06D8002204231146BDE834
:10FAD0007040EBF7A1BA4FF4F97243854283FFF708
:10FAE0003EFC0023314620462A8AF0E710B50C463A
:10FAF000EAF722FC90B1036B43B153F8542CB03BAE
:10FB00009169A14209D0D3F8B030F5E7406828B137
:10FB10008369A34202D00068F9E7104610BD0120B6
:10FB2000704708B5EAF708FC78B1036B6BB1B03BDE
:10FB300003F15802D2E8EF0F20F00800C2E8E10F0D
:10FB40000029F7D1D3F8B030F0E708BD08B504219B
:10FB5000FFF7C0FB20B15430D0E8AF0FC0F3C000B6
:10FB600008BD70B51C460E461546EAF78DF901230F
:10FB7000C0E90365C380047570BD10B5029CA3681D
:10FB800033B1B1F5807F28BF0E21CAB22146984714
:10FB9000A37DE268013BDBB2A37522B11BB920460D
:10FBA000BDE81040104710BD1060918000207047E4
:10FBB000B1F5807F28BF0E21009AC9B2136818479B
:10FBC000B1F5807F28BF0E21009AC9B2136818478B
:10FBD00000207047F0B5076806463D78144689B0A6
:10FBE000E5B97B88B3F5245F04D011D8A3F5205381
:10FBF000032B13D8ADF80A10022220460DF10A019A
:10FC0000EBF714FC70B16FF01502C4F8602106E048
:10FC100003F55643FF339BB2042B1DD9012528461B
:10FC200009B0F0BD7B88022220460DF10A01ADF833
:10FC30000A30EBF7FBFB0028E5D1009003AA132361
:10FC400031467768B847021EDFDB03A92046EBF791
:10FC5000EDFB0028E2D0D6E7ADF80A1002222046DC
:10FC60000DF10A01EBF7E2FB0028CCD17B880222E0
:10FC7000ADF80A300DF10A01E8E7072208B504F0F3
:10FC8000C2F8B0FA80F0400908BD10B50378044608
:10FC9000934207D10130FFF7F0FF002814BF204640
:10FCA000002010BD0020FCE7034610B5D3E8EF0F9D
:10FCB00040EA0102C3E8E42F002CF7D110BD03464F
:10FCC00010B5D3E8EF0F00EA0102C3E8E42F002CDF
:10FCD000F7D110BD0B6803608B8883808B798371AB
:10FCE0007047D0E8AF0F7047F8B599420446DDE998
:10FCF00006070D46089E01D90020F8BD914201D2A9
:10FD00000120FAE760B98FB933882946013B338077
:10FD10002046099B0A9A98473388002BEDD1EBE7E0
:10FD20002168FEF745FE0028EDD0E9E7E368BB4215
:10FD3000E6D1E9E770B50D46064611F8010BE9F783
:10FD40005FF8044610B12C89E8F738FB6B89A342B1
:10FD500007D0EB686C8123B121463046BDE8704086
:10FD6000184770BD08B502210C30E5F72DF96FF08A
:10FD70000D03037001234370002008BD10B5144625
:10FD800002210C30E5F720F963890380002010BDC3
:10FD900010B5144604210C30E5F716F923890380C9
:10FDA000E3894380002010BD10B5144602210C30B9
:10FDB000E5F70AF923890380002010BD10B5144629
:10FDC00004210C30E5F700F923890380638943801F
:10FDD000002010BD08B501210C30E5F7F5F8034609
:10FDE0000020187008BD08B501210C30E5F7ECF8CB
:10FDF00001230370002008BD38B5154600F10C043E
:10FE000004212046E5F7E0F82B890380EB89438045
:10FE10002B7C33B94FF420512046FEF769FD0020BA
:10FE200038BD42F60101F7E738B5154600F10C047C
:10FE300004212046E5F7C8F82B890380EB8943802D
:10FE40002B7C022B04D0032B09D02B68598801E0AE
:10FE500042F602012046FEF74BFD002038BD42F677
:10FE60000301F7E770B51446002500F10C0662683F
:10FE7000EBB29A4205F1010501D8002070BDA268DD
:10FE8000304632F81310FEF733FDF0E7FFF7EABF14
:10FE900030B5144685B0054602210C30E5F794F8DC
:10FEA000A388002203800023CDE902330023CDE99B
:10FEB00000232846A268A189E4F7D6FFA3898342DC
:10FEC00014BF6FF00B00002005B030BD7FB51546A4
:10FED00006460C460C300421E5F776F8AB88002284
:10FEE0000380EB88043C43800023CDE902330023E8
:10FEF000CDE9002321463046AA68E4F7B5FF8442E5
:10FF000014BF6FF00B00002004B070BDF7B5089D62
:10FF100006460C462F6851B973B900232A46089348
:10FF2000E1B23046BC4603B0BDE8F0406047B1F5F1
:10FF3000807F28BF0E24F0E7009313462A46B84777
:10FF4000089423462A4621462F68EAE708B50C3074
:10FF500029B10121FFF7A8FEC043084008BD6FF09A
:10FF60000101FFF7ACFE00F00100F7E738B50C46E1
:10FF700019466BB103F114055B6982B9E268A360AD
:10FF8000954200D1E36000230D681A464B61A847F3
:10FF9000A36853B92046BDE83840EBF7BDBC1360F9
:10FFA000E3689D4208BFE260EDE738BD2DE9F0410E
:10FFB0000C46069D06466FF0040105F11000FFF7A0
:10FFC0007EFEF4B13046EBF751FB014648B383683F
:10FFD00053B10022186805F1140C2BB1634508D108
:10FFE0002B463046FFF7C2FFB4F5807F28BF0E24B2
:10FFF0000FE020B107681A4603463846EDE707468A
:020000024000BC
:10000000F9E7AB892BB923462246294630462F68AB
:10001000B8476B682BB12A463046E1B2BDE8F041E3
:100020001847BDE8F08111F1680F01D0FFF7BEBF9E
:10003000704710B50446FFF789FF38B12146BDE887
:100040001040012211F8010BEBF73EBB10BD38B593
:1000500004461546FFF763FD48B12046EBF7C4FAA6
:1000600028B1037ADB0702D50121FFF7E2FF55B97A
:10007000207A04F17001EBF73FFA20B18560BDE80A
:100080003840EBF76FBB38BDF0B50D4687B0114671
:1000900006461A460C9C5DB983B9276800232246A0
:1000A0003046BC46E9B20C9307B0BDE8F04060476B
:1000B000B5F5807F28BF0E252768EFE703A8FEF778
:1000C000CCFBBDF81030012B08D80023009322464A
:1000D000194630462568A84707B0F0BD022103A89D
:1000E000E4F758FF0346BDF8102033F8027B0021E7
:1000F000974228BF17460097224630462568A847F2
:10010000394603A8E4F746FFDBE738B5BDF81040F1
:100110001546A2420CD84CB16BB1A21A8A42A8BFB4
:100120000A4694B22246591903F0C3FC204638BD52
:100130006FF00600FBE76FF00D00F8E730B585B013
:10014000C96814461D46EBF77DFA00B10089022309
:10015000ADF80E00009329462046BDF820200DF191
:100160000E03FFF7D2FF05B030BD1FB50C46194690
:10017000E36810461C78BDF818203CB11024013308
:10018000069404B0BDE81040FFF7BFBF5B88ADF830
:100190000E30022300930DF10E03FFF7B6FF04B0FB
:1001A00010BD30B51D46002385B014468DF80C30C7
:1001B000EBF71AFA10B1037A8DF80C3001232946B7
:1001C00000932046BDF8202003ABFFF79EFF05B04B
:1001D00030BD2DE9F04114461D46BDF81870E6F714
:1001E000C3F80646DEF79DFB80B2069033463A46DA
:1001F00029462046BDE8F041FFF787BF30B585B0FE
:1002000014461D46FEF7DAFC0223ADF80E000093FB
:1002100029462046BDF820200DF10E03FFF775FF9B
:1002200005B030BD38B5144600F10C05062128464E
:10023000E4F7CAFE23890380E3894380237C002BF3
:1002400042F6010308BF4FF42053838021680B78E6
:100250001BB1022B06D0002038BD28464988FEF786
:1002600047FBF8E7102228460131FEF72EFBF2E7A4
:1002700010600020704738B5154600F10C040421C9
:100280002046E4F7A1FE2B8903806B894380E9684F
:100290000B782BB920464988FEF72AFB002038BD91
:1002A000102220460131FEF710FBF7E70022036819
:1002B0000BB9184670478B4210D10B6842B942689F
:1002C0000360914200D14360002301200B6070471E
:1002D00013604368994208BF4260F5E71A461B68FD
:1002E000E6E7022A10B508D1002300F170011A4692
:1002F000007AEBF74BFA022010BDEBF78DFCFAE722
:1003000038B5144600F10C0502212846E4F75CFEDE
:1003100063890380A1892846FEF7EAFA042104F1E3
:100320001000FFF7C1FC002038BD13B5044610B91A
:10033000002002B010BD00238DF8043042F6030304
:10034000006801A9ADF80630FEF732FB0028EFD1B6
:10035000E36898880028ECD12046EBF769FE01306D
:1003600080B2E6E770B5CC681E46A37988B008462F
:100370008DF80C301546FFF7D8FFADF80D00246856
:1003800023786BB96388ADF80F30052300933146AD
:100390002846BDF8302003ABFFF7B7FE08B070BDAC
:1003A000631C0DF10F02113453F8041BA34242F8F1
:1003B000041BF9D11323E9E71FB5CDE9012300237D
:1003C0001A460093EBF774FE05B05DF804FBEBF7FB
:1003D0009FBF38B5044659B100F170052946007A2F
:1003E000ECF74CF82946207ABDE83840EBF798BD89
:1003F00038BDF8B506460F46EBF75CF839460446BB
:100400003046FEF7DDFB48B344B304F108056FF056
:1004100001012846FFF753FCC20703D53946304691
:10042000ECF72CF86FF002012846FFF748FC830731
:1004300003D539463046EBF773FD2846FFF751FCEC
:1004400060B9234603F8010BC4F80100C3F80300A8
:10045000D5E8EF3FC5E8E20F002AF9D1F8BD10B5A5
:100460000446A0F1170110F8180CFFF7C2FF14F8AA
:100470000C0CA4F10B01BDE81040FFF7BABFFFF769
:10048000D7BA38B54C8AD3070546C4F30E0404D551
:1004900014F0950F2AD04B6843B3900704D514F499
:1004A000957F25D08B681BB3144014F4DE7F0DD0EC
:1004B000EB7A2BB92846FEF734FDD8B9052038BDB4
:1004C00014F0300F04D114F4C07F07D10020F6E7F8
:1004D0002846FEF7BFFD0228F5D8EFE7D5F8A03093
:1004E000002BEBD05B7CDB06E8D5EFE70220E6E7EC
:1004F0000320E4E70F20E2E7F8B514460F46942204
:1005000061680646FFF7BDFF20BB012230466168E7
:10051000ECF71AF808B3A2891B2130460232EAF739
:100520000FFD0546E0B1A1890C300231E4F74CFD26
:1005300020F8027BA289A16803F0BBFAD4E9041277
:1005400028460123FFF70DFB29463046BDE8F84059
:10055000EAF7C2BE4FF0FF30F8BD6FF01500FBE7C1
:100560006FF00B00F8E770B50B460546144629B945
:1005700021462846ECF746FB28B970BD4FF6FF72BE
:10058000914207D121812246284663680021BDE8B7
:1005900070401847E28901339BB29A422381E7D227
:1005A000F1E72DE9F04F89B006461446129F11B9C4
:1005B00013F0030807D03A46002130467B6809B0A3
:1005C000BDE8F04F1847C14642F6010AC3F387035E
:1005D00002EB8305AC4207D13A464146304609B0AA
:1005E000BDE8F04FFFF7BFBF3A7C6388002A14BF15
:1005F00052464FF42052ADF802201022ADF80830D8
:100600001FFA83F83B68B4F800B000210DEB02003C
:1006100001938DF8009003F059FA01AB06933A4626
:1006200030467B68CDF80CD0ADF81CB003A99847D4
:1006300004340028CED109B0BDE8F08F73B504466C
:100640000D46F7F735FB29462046FFF74FFA0146DE
:1006500020B902B0BDE87040F7F77CBB4668204681
:10066000EAF7BAFEF7F776FB2EB100230E211A4601
:1006700020460095B04702B070BDF7B50D46044660
:1006800016461F46EAF7F2FF014628B133462A46CE
:1006900020460097EDF774FA03B0F0BD2DE9F04164
:1006A00005468846EAF7A0FF0446E0B1037ADB0777
:1006B00019D500F10C073846FFF713FB10F00106BF
:1006C00011D1B8F1000F0FD06FF002013846FFF7DB
:1006D000F6FA10F0020F284609D0FFF722FA01219E
:1006E0002046FFF7A6FC01263046BDE8F081FFF763
:1006F00016FA0028F8D02846FFF728FA0028F3D089
:100700006FF002013846FFF7DAFA2846E5E70120E4
:1007100070470120704707207047D0E8AF0F0841AD
:1007200000F00100704738B50A46034609B90120B8
:1007300038BD488A10F0240FF9D0197D5D7B147CF8
:10074000A94228BF29468C4201D90020F0E784063F
:1007500008D4507C197AC0070BD4187A003818BF17
:100760000120E5E70521181DFFF7D7FF0028F0D18C
:10077000EBE70029E9D00521181DFFF7CEFF18B9D6
:10078000197A01390129E0D9527CD207CFD4E4E7A4
:1007900001238B40DB43D0E8EF2F1A40C0E8E12F64
:1007A0000029F8D1704707207047072070470720BD
:1007B0007047012303FA01F1CA4330B5D0E8EF3F97
:1007C00003EA0204C0E8E54F002DF7D1194214BF37
:1007D0000120002030BD01238B40D0E8EF2F1A43C9
:1007E000C0E8E12F0029F8D1704708B50E21FFF7C6
:1007F000F2FF002008BD38B504210446EDF7DEFC09
:10080000054698B110210C30E4F7DEFB04F1270314
:1008100004F1370253F8041B934240F8041BF9D14A
:1008200020462946EDF7D4FB002038BD0820FCE720
:1008300038B5CD6804460B210430FFF7A9FF2B46DD
:1008400004F1170205F1100153F8040B8B4242F832
:10085000040BF9D1D4F8EC30DB783BB92046042105
:10086000FFF7B9FFBDE83840FFF7C5BF002038BD2E
:1008700070B504460025D0F8EC60031DD3E8EF2FD7
:10088000C3E8E15F0029F9D104F5A070F6F796FC02
:100890002572D4E8EF3FC4E8E25F002AF9D1F3788B
:1008A0002BB92046BDE870400B21FFF794BF70BD07
:1008B00070B500F1700605460C46072230460968FF
:1008C00003F0A1FAB8B963681A682A679A88A5F88C
:1008D00074209B7985F87630D5F8A0305BB1A2689A
:1008E000934208D062681168C3F801109188A3F898
:1008F00005109279DA7170BD2DE9F84FDDF82C8082
:10090000044692461F46BDF82890EDF737FB054692
:1009100000285AD0061DB9F1000F27D15AEA070363
:1009200024D103213046FFF7F8FED0B30121304631
:10093000FFF7F3FEA8B32C7D6B7B05F147019C42CA
:1009400028BF1C462246404603F0B3F80F2C06D8B9
:100950000021C4F1100208EB040003F0B7F83046A0
:100960000121FFF738FF0120BDE8F88FD4F8A0304F
:10097000F3B904F1700B5A462020217AEEF784FD7A
:10098000C4F8A00030B95A460120217AEEF77CFD68
:10099000C4F8A000B9F1000F0AD15AEA070704D041
:1009A00006E0D4F8A030002BE3D0D4F8A01071B941
:1009B0000F213046FFF7B1FE20B10222062120466A
:1009C000E8F7BAF92846FFF753FF0020CCE74B8A37
:1009D0009B06EDD50C7C1E312246B4E76FF08500F6
:1009E0007047F7B5C3780446002B5FD1EDF7C6FA20
:1009F000054600285DD0061D03213046FFF78DFE19
:100A000020B16FF00F04204603B0F0BD0121304645
:100A1000FFF783FE0028F4D10F21201DFFF77DFE94
:100A200028B1204603B0BDE8F040EDF757BFD4F839
:100A3000A03083B904F170073A462020217AEEF7FE
:100A400023FDC4F8A00030B93A460420217AEEF71D
:100A50001BFDC4F8A000D4F8A0100029E1D04B8AF7
:100A600013F0240FDDD0A27A022A09D9487CC007EE
:100A7000D7D5032A04D09B06D3D50B7C102BD0D11D
:100A80000B7C2046009301F11C0201F11E0314317E
:100A9000FEF75EFA04460028B5D128460B21FFF781
:100AA0009AFE01213046FFF796FEACE76FF0150481
:100AB000A9E76FF07F04A6E770B504460820EDF7BC
:100AC00013FA0546E8B1061D08213046FFF760FE1F
:100AD000002C3CD00721FFF75BFE234605F197026F
:100AE00004F1200153F8040B8B4242F8040BF9D1B6
:100AF0000A213046FFF711FE70B109213046FFF799
:100B00006AFE0720EDF7F0F9044610B3EDF70AFB93
:100B10000146F0B1204617E010213046FFF7FDFDF9
:100B200009210028EAD13046FFF7F7FD0028E8D078
:100B3000D5F8EC30DB78002BE3D12846EDF740FC0C
:100B400001460028DDD02846EEF7C6F8D9E70B218C
:100B5000F9E770BD70B50446A0F1EC0650F8543BBF
:100B6000E83CD3F8A050F6F729FB03212046FFF715
:100B7000D4FDA0B108213046EEF71AF83DB16B8ADA
:100B800013B16B7C9B0702D52846EEF74FFD30462C
:100B9000BDE870404FF4BC72002102F097BF012104
:100BA0002046FFF7BAFD0028E4D10F212046FFF7C9
:100BB000B4FD0028DED1E1E707B500210088EEF79B
:100BC00063FE019010B101A8EEF784FE03B05DF85A
:100BD00004FB02888378002042EA03431B0B42F3A4
:100BE0000B0283F4006392B2A3F5006362F30F007B
:100BF0009BB282B063F31F4002B0704738B54FF02C
:100C0000FF3105464FF0FF30E5F768FA044668B15A
:100C100002210C30E4F7D8F92B882146038000220A
:100C2000BDE8384042F28A00E5F708BC6FF0680082
:100C300038BD70B506460C464FF0FF304FF0FF311F
:100C4000E5F74CFA0546D8B105210C30E4F7BCF9BC
:100C50003288028094F903200271A278C2700022C7
:100C6000827022788270617811B142F00202827043
:100C70002946BDE87040002242F28D00E5F7DEBB58
:100C80006FF0680070BD38B54FF0FF3105464FF08A
:100C9000FF30E5F723FA044668B102210C30E4F78F
:100CA00093F92B88214603800022BDE8384042F2A8
:100CB0008E00E5F7C3BB6FF0680038BDF8B5074696
:100CC0000C464FF0FF304FF0FF311646E5F706FABD
:100CD0000546002840D01C210C30E4F775F93A880D
:100CE00002802278C6708270627802F0030202717C
:100CF000617811F0300FC1F3011208BFFF22427179
:100D0000A27829468271E278C271227902726279F0
:100D10004272A2798272E279C272227A0273E27C12
:100D2000C275227D0276627D4276A27D8276E27D68
:100D3000C276D4F80920C0F80D20D4F80D20C0F8F0
:100D40001120B4F81120A0F81520BDE8F8400022C9
:100D500042F29000E5F772BB6FF06800F8BD38B55D
:100D60004FF0FF3105464FF0FF30E5F7B7F9044685
:100D700068B102210C30E4F727F92B882146038063
:100D80000022BDE8384042F28C00E5F757BB6FF017
:100D9000680038BD70B506460D464FF0FF304FF085
:100DA000FF31E5F79BF9044688B104210C30E4F7E4
:100DB0000BF93388214603802B78002283706B78EF
:100DC000C370BDE8704042F29400E5F737BB6FF0A6
:100DD000680070BD70B506460C464FF0FF304FF00E
:100DE000FF31E5F77BF90546002835D017210C3097
:100DF000E4F7EAF832880280227882706288A0F8EC
:100E00000320A288A0F80520E288A0F80720228904
:100E1000A0F80920E268C272C2F30721120C017324
:100E2000427322698273C2F30721120CC1730274E8
:100E3000227D29464274627D8274A27DC274E27D65
:100E40000275227E4275627E8275BDE87040002286
:100E500042F29300E5F7F2BA6FF0680070BD37B563
:100E60000446002142F2890001AAE5F7E7FA0028CA
:100E70006DD10198C3685A781D7822705A886280B3
:100E80001A7922715A7962719A7902F00102A2717B
:100E90009A79C2F34002E271DA7902F00102227219
:100EA0005A7A22739A7A6273DA7AA2735A7A2AB1D8
:100EB0001A7A02F00102C2F10202D2B262729A7A86
:100EC0002AB11A7A12F0020F14BF01220222A27272
:100ED000DA7A2AB11A7A12F0040F14BF0122022220
:100EE000E2729A8902F00102E273DA8902F00102E9
:100EF00022741A7CC2F3400262741A7CC2F380022C
:100F0000A274B3F81120C2F34002E274B3F81120C6
:100F1000C2F380022275B3F81120C2F3C0026275D9
:100F2000B3F81320E282B3F815202283B3F8172018
:100F30006283B3F81920A283DA7EA2771B7FE3775E
:100F40000023238484F82230E3F7E4FE284603B02C
:100F500030BD10B5431E00F11002073013F8011F19
:100F600012F8014D83421C701170F7D110BDF0B51D
:100F70000E4614461D4697B00146202205A81C9F28
:100F8000EFF73AF9202231460DA8EFF735F921465F
:100F9000102201A88DF85450EFF72EF93B4641225C
:100FA00005A901A8EFF7E2F9044610B93846FFF7A2
:100FB000D0FF204617B0F0BD2DE9F04316461D4680
:100FC00097B00446DDE91F98102205A8219FEFF78E
:100FD00013F91022314609A8EFF70EF9102229461D
:100FE0000DA8EFF709F903221E9911A8EFF704F9EC
:100FF000494611F8013BD9F801008DF847308B883C
:101000000622129012A8ADF84C30EFF7F5F84146E1
:1010100011F8013B06228DF84E30D8F801300DF161
:101020004F00CDF84F308B88ADF85330EFF7E4F830
:101030002146102201A8EFF7DFF83B46412205A91F
:1010400001A8EFF793F9044610B93846FFF781FF7E
:10105000204617B0BDE8F083F8B5069F0469C9B211
:10106000EFF31186402585F31288BFF36F8F0C25AF
:1010700069430C44A56C05F0070CBCF1010F0BD1C2
:10108000A76486F31188BFF36F8FC4E91023436808
:101090005B5898470020F8BD05F0C005AF4286F3C5
:1010A0001188BFF36F8F0CBF6FF077004FF0FF30E8
:1010B000F1E713B580240094FFF7CEFF02B010BD16
:1010C0000069CBB200EB4310002110471046F5F742
:1010D000E9B900F0CFBC00F0CEBC8022EFF7FCB93C
:1010E00040F272607047084608B51146F8F7B6FB43
:1010F000002818BF6FF0040008BD08B5F8F708FC19
:10110000002818BF6FF0040008BD2DE9F3411C460C
:101110000023904682682360A3600D4653696946A8
:1011200001AA9847019B5A1E019223B96FF015003E
:1011300002B0BDE8F0810098A26847682168676046
:1011400085B9A8EB02030668B34228BF334603FB08
:1011500007111A442160A26002689A4206D808303A
:101160000090DFE76B1AB3FBF7F3ECE70020DFE753
:1011700013460022FFF7C9BF2DE9F047002483681A
:1011800086B0884691465B6902AA01A99847A246A3
:101190002546029BAB4202D806B0BDE8F087002688
:1011A000019F07EBC5077B6804933A680AEB0603C7
:1011B000B24202D89A460135EBE7494603940593BB
:1011C00003A8C0470028E7D0049B01361C44ECE785
:1011D00070B5037B04460BB100F05FFC0026A068ED
:1011E00000B970BDB0F5007F28BF4FF40070054610
:1011F0000246D4E90010EFF79DFB63682B4463605F
:1012000023680BB12B442360A3685B1BA360002BF6
:10121000E5D0237B0136002BE1D0304600F03EFCC8
:101220000028DCD00120DCE708460021EFF7A6BB50
:10123000084611461A4609B1EFF7A0BB6FF015003A
:10124000704743682C330B60012313607047436879
:1012500000209B6AC1E900307047F5F723B94FF0D1
:10126000FF324FF0FF33F5F787B9F0B58FB0446820
:10127000D0F810C00020DDE914658DF800100121C0
:10128000CDE90950CDF801008DF80500D007CDE972
:101290000716CDE90B1602F08007CDF818D00D9592
:1012A00014D59CF81C201BBAD107049357BFBDF876
:1012B0001130CDF80130ADF801309DF813304EBF3C
:1012C00005238DF80330042307930B9306AB029399
:1012D000211D0AAB7FB1002D14BF02220122CDE9EE
:1012E000032302230593206883681C68002302AA55
:1012F000A0470FB0F0BD0122CDE9032302230593DF
:10130000206883681C6804ABF1E71FB501230193D3
:101310000DF10F030093002305211A46FFF7A5FFE7
:1013200008B99DF80F0005B05DF804FB2DE9FF41F9
:10133000064615461C4601270DF10F08002305211E
:101340001A463046CDE90087FFF78FFF40B99DF878
:101350000F30DB0704D528462146F6F759FEEDE7A6
:1013600004B0BDE8F0812DE9F3471F4643680D1E28
:10137000064690469B6A4EDBEA199A424BD80069B2
:10138000FFF76DFF4FF000090FB93C463CE0B7F5A1
:10139000807FBA4628BF4FF4807A2A460AEB0503BD
:1013A000002D03F1FF334FEA1323B8BF05F1FF020D
:1013B000B3EB222F08D06B42DBB25FFA85FA58BF3D
:1013C000C3F1000ACAF5807A002380220621304644
:1013D000CDE90099FFF749FF0446A8B92B468122C1
:1013E00002213046CDE9008AFFF73FFF044658B995
:1013F000012200233046FFF799FFA7EB0A070446B6
:10140000D04455440028BFD03069FFF726FF20465E
:1014100002B0BDE8F0876FF01504F8E7F7B51E4697
:1014200043680D1E044617469B6A14DBAA199A42AC
:1014300011D80069FFF713FF2B4601220321204634
:10144000CDE90076FFF711FF05462069FFF705FF9C
:10145000284603B0F0BD6FF01505F9E7F7B544680D
:10146000054694F840309A0746D5076900F04CFECF
:101470004FF47A76A0FB060C002347F6122206FBF7
:1014800001C1D4F7C5FEBB69C31A13D4628FA68FFE
:101490009B1AB3420EDA47F6122740F2E7300021DA
:1014A000F61A4FF47A720023E6FB0701D4F7B0FE78
:1014B000F6F7AEFD94F8403013F004031CD18022FF
:1014C000AB212846CDE90033FFF7CFFEA8B994F849
:1014D00040309B0710D540F2E73147F612250E4603
:1014E0000146E48F4FF47A72E5FB04610023304635
:1014F000D4F78EFEF6F78CFD002003B0F0BD4368F4
:1015000000205B68DB680B607047436802EA0100FB
:101510005B6821EA020158600020996070474368C7
:1015200000205B6859607047436800205B689960E1
:10153000704743685A68136821EA03000B40506003
:10154000002093607047F3F7CFB930B5436813605C
:10155000057A446804EBC504A34202D36FF001008E
:1015600030BD5C798C4201D00833F0E70020F7E70A
:1015700043681B68D3F83031704743681B68D3F861
:101580008004C3F88004704742681368D3F84C01A4
:1015900050B10020926A12780A70C3F84C01D3F857
:1015A0004C2101229A6270474FF0FF30704713B50B
:1015B00001AA0446FFF7C9FF002805DB019B22684A
:1015C00019791868EFF79EFE02B010BD38B50546D0
:1015D00000220121C620E2F73FFEC620E2F71AFEF4
:1015E0006C680121E068FFF7E2FF6B6819686369C6
:1015F000C1F82435E28BA38BA07E1343228C1343C6
:10160000628C1343627E9BB20243207E02431343EB
:10161000C1F86C3569680B68D3F8002242F4802267
:10162000C3F800220822C3F800254A6A0121C3F842
:101630003C270022C3F840271965D3F83011002950
:10164000FBD0C3F800256D680021E8682C68FFF71F
:10165000AEFF0823C4F800352A7A52B9AB6AC4F841
:1016600004370123C4F80837C4F84C21D4F84C21BE
:10167000A362002038BD002201214A20E2F7ECBD20
:1016800010B50B6813B91846136005E003685C6871
:101690001CB114600368186810BD083303600B6840
:1016A000013B0B60EDE713B501AA0446FFF74DFFC0
:1016B000002805DB019B226819791868EFF722FEE4
:1016C00002B010BD10B504460068D0B1037DC3B1AF
:1016D00049B101210830EFF757FF23681869BDE8C9
:1016E000104000F0A3BB12B98388DB0409D4006961
:1016F00000F09CFB20680021BDE810400830EFF7A7
:1017000043BF10BD10B5012200210446FFF7DAFFE8
:10171000A36933B9636004F11000BDE81040F4F729
:10172000C1BE10BD10B50069C36A8B420AD1826A7E
:1017300093420AD190F8944054B92830FFF7E2FF61
:10174000204610BD6FF07700FBE76FF01500F8E75B
:101750006FF00F00F5E738B505690446A96605F195
:101760005000F4F79FFE002285F89420206911466E
:10177000BDE838402830FFF7A5BFF0B5046906463C
:10178000D4F880204568D4F8883085B0A2BB002BFF
:1017900054D02D8EE06F9D4228BF1D46D4F8847032
:1017A000D4F8843063B1D4F888204AB107F060429D
:1017B000B2F1005F04D0082D28BF0825D4F89C7032
:1017C000E26FC4F8905022B1D4F88020002A18BFEC
:1017D0002A46019223B1D4F88830002B18BF2B463B
:1017E000694600900022204603930297F3F702FF18
:1017F000014620BB05B0F0BDE16FD4F88470084607
:101800002D8EBBB1934228BF13469D4228BF1D4673
:101810000029C5D001F06043B3F1005FC0D0082DAE
:1018200028BF0825D4F898002A4602F042F9D4F8D7
:101830009800B5E7954228BF1546E9E719463046B6
:1018400005B0BDE8F040FFF786BF0123F0B587B0D3
:101850008DF80230022300278DF804306B44039387
:101860000E4601AB0DF10301054602910493059765
:10187000F2F78AFF041E0BDB3146284603AAF2F773
:101880005FFD041E07DA28469DF80310F2F760FF9B
:10189000204607B0F0BD3C46FAE708B50220EEF757
:1018A0004FFF002008BD08B5F3F7FCF908BD012182
:1018B000F0F772BB0021F0F76FBB10B54FF0FF30AF
:1018C0004FF0FF31F0F78AFB044628B9BFF7C0F9A3
:1018D000044618B1F0F78AFB204610BDF0F786FBEE
:1018E0002046E3F7B5FEF7E738B50B8A0D463BB166
:1018F00001F10C00FCF7C5FF012818D0022803D025
:101900006FF01504204638BD4FF0FF304FF0FF3127
:10191000F0F764FB04460028F4D1E868D4F758FFD8
:101920000446F0F763FBACB1F0F7E6FCEAE74FF0F2
:10193000FF304FF0FF31F0F751FB04460028E1D1B2
:10194000E868F0F78BFD0446F0F750FB002CD9D186
:10195000F0F7D2FC2846E3F7DDF90024D2E7F0F7F0
:10196000FBBC10B532220021044602F0AFF8202360
:1019700023708023A3706FF03F0363710423A3726D
:101980000C2323732823A3730223E3736FF03F0315
:1019900023746FF01F0323750423A3756FF07D0379
:1019A0002376172363763C23A3766FF00303E37655
:1019B0000923237707236377302384F820306FF0DF
:1019C0003F0384F82130792384F822307E2384F881
:1019D0002330802384F82630072384F827306FF0E3
:1019E000650384F82C30102384F82F300C2384F8FE
:1019F000313010BD08B50323DCF7CEFE002008BD52
:101A000008B5F1F7B5F9002008BD08B5F7F780FF74
:101A100048B1002383F31188BFF36F8F0423184666
:101A200002DF6FF0040008BD684620F007018D4614
:101A300001B5D3F7F1FDBDE8014085467047684622
:101A400020F007018D4601B5D3F7A8FABDE80140A3
:101A500085467047684620F007018D4601B5D3F7EB
:101A60008FFABDE801408546704708B5DCF76BFA90
:101A7000002008BD70470020F1F75ABA7047D2F72E
:101A800021B908B5D3F7FCFF30B1EFF30580033877
:101A9000032894BF0020012008BD70470120704733
:101AA00003460020184700F0C1B9024610B511687E
:101AB00091B1B1FA81F3C3F11F000123834021EA00
:101AC0000303D2E8EF4F8C4204D1C2E8EC3FBCF1F3
:101AD000000FF6D1EBD110BD6FF00B00FBE710B596
:101AE0000368CB40DB0710D401238B40026843EA34
:101AF0000201D0E8EF4F944204D1C0E8EC1FBCF1E2
:101B0000000FF6D1F2D1002010BD6FF01500FBE7F9
:101B100010B504460846F2F7F9FA04EB4004A08A2F
:101B2000C0F3401010BD10B504460846F2F7EEFAB7
:101B300004EB4004A08A10F01C0018BF012010BD67
:101B400010B504460846F2F7E1FA04EB4004A08A17
:101B5000C0F3400010BD10B50446FFF7F1FF10B10F
:101B60002046FFF7D5FF00F0010010BD10B5044678
:101B70000846F2F7CBFA04EB4004A08A400B10BDF4
:101B800070B5044608461646F2F7C0FA083034F835
:101B900010300D46DA0509D5C3F3432304EBC30225
:101BA0003146284654F8333052689847A3682BB121
:101BB00031462846E268BDE87040184770BD2DE9FF
:101BC000F3411746DDE90858019001A80C461E466E
:101BD000F2F7DEFA019B391E18BF012100EB8300EA
:101BE000231E18BF0123002E43EA410314BF0C211A
:101BF0000021002D43EA010314BF4FF4706100215E
:101C0000B8F1000F43EA010314BF4FF44031002143
:101C1000D0F880200B4322EA030304B124780FB1EB
:101C20003F787F001C430EB13678B6003C438DB13F
:101C3000297809023443B8F1000F03D098F80080E6
:101C40004FEA0848214341EA0801C0F8801002B079
:101C5000BDE8F0812946EDE71FB50DF10F030193B3
:101C600000238DF80F101A4619460093FFF7A7FFBF
:101C700005B05DF804FB2DE9F047002504468846D1
:101C800017462E464FF00109AA46BE420CD1D4F8A1
:101C9000443133B10023C4F84431D4F8443145F41D
:101CA00000352846BDE8F087F0B2F2F79DFAA0F5BE
:101CB00080739B0809FA03F318EA030F05D0225832
:101CC0001AB144F800A022581D430136DDE738B5AB
:101CD00004460D46FFF71CFFB0B12046FFF730FF6A
:101CE00090B92046FFF742FF012322688340C2F8E3
:101CF0001833236800B203EB8003D3F8102522F0D9
:101D00000302C3F8102538BD2846BDE8384000213D
:101D1000FFF7A2BFF2F7AABAC9B2F3F76DBA70B56E
:101D20000126A2F58074A40806FA04F4054614EA14
:101D3000010008D0A85830B100213046A950AA5857
:101D40001A6822431A6070BD00232DE9F34104464E
:101D50000D460193904601AB4FF48072FFF7DFFF11
:101D60004FF4827229462046FFF7D9FF4FF4847260
:101D7000074629462046FFF7D2FF064630B1B8F1A4
:101D8000000F1DD017B13E46D4F80C374FF4A672A1
:101D90002946204601ABFFF7C2FF30B1B8F1000F72
:101DA00003D016B90FB1D4F80C374FF4B4722946EA
:101DB000204601ABFFF7B3FF019802B0BDE8F08108
:101DC0004646E3E770B54B7F04460D467BB10123E1
:101DD00064264360002202212046FFF7B5FF20B9A8
:101DE0000120FFF760FE013EF4D100236B77AB7F4B
:101DF0005B0744BF0023C4F8003570BD07B50190F0
:101E000001A8F3F72BFA0123019A9340436003B032
:101E10005DF804FB07B5019001A8F3F71FFA012351
:101E2000019A9340836003B05DF804FB08B1E3F7C7
:101E30003BB9704740B1C368587810F001001EBF2D
:101E40001878B0FA80F04009704710B400F10C0423
:101E5000C0E90344002444615DF8044BDEF71EBF73
:101E60008169C26842EA010313F003030FD10361E1
:101E70004369013B03FB0122002B01DA002070477C
:101E80000169013B116081690261521AF4E76FF048
:101E90001500704790F90E308B4201D0F5F7ECBD7C
:101EA0000020704703460020C3E90033C3E9020065
:101EB000704710B5044630B10268930703D04468F8
:101EC00009B100F0ACF9204610BD0023C0E9003391
:101ED000836000F10C03C0E9033300F11403C0E98F
:101EE00005337047012307B5009300230A461946BE
:101EF000F4F7B0F903B05DF804FB002307B50A4618
:101F000000931946F4F7A6F903B05DF804FB00212D
:101F10000068FFF7CEBF5AB18A4209D300F110031F
:101F2000C0E90212C0E90000C0E904330020704794
:101F30006FF015007047012302688B4022EA03030B
:101F4000036022FA01F000F001007047704710B5FD
:101F5000032104460C30FFF7EEFF30B104F110000E
:101F6000F6F75EFCB0FA80F0400910BD20B1002207
:101F7000E4301146F6F7D2B9704770B5C36804462D
:101F8000C3F340069B0716D4856802210C30FFF787
:101F9000D2FF80B1D5F8DC206AB194421DD122680D
:101FA0009EB9D5F8E030C5F8DC209C4201D1C5F8D7
:101FB000E02000232360E36813F01F001EBF43F0FE
:101FC0000203E36040F0020070BD3260D5F8E0200B
:101FD000944208BFC5F8E060EBE716461268DBE7FD
:101FE00010B5F4F70DFE041E08DDEFF31180402359
:101FF00083F31288BFF36F8FF5F746FE204610BDBE
:10200000EFF30580003818BF012070476FF05700CC
:10201000704700207047D0E9003213605A600023F7
:10202000C0E90033704738B504460D46F5F736FB76
:10203000637B43F002036373E5B1A5602B689D42A7
:1020400009D16B68C4E900531C606C6012E06A68D7
:102050009A42F6D01B68002BF3D094F90E2093F926
:102060000E108A42F3D09142F1DD5A68C4E9003281
:1020700014605C6038BD01211838F5F749BC10B513
:102080000446F5F70FFC04F11800BDE81040F6F720
:10209000C7BB38B5054604680020AC4200D138BD46
:1020A000002CFCD02046FFF7EAFF2046F5F7C6FBE0
:1020B0002C680120A542F1E708B5C3171F3043F192
:1020C0000003400940EAC360C117F5F731FF400142
:1020D00008BD08B50246F6F7B3FA70B1D0E904318D
:1020E0009B1A61EBE272B3F1004F72F1000104DA66
:1020F000002AACBF1846002008BD6FF00040FBE787
:1021000008B5F6F76BFC08BDF6F768BCB3F1FF3F06
:1021100008BFB2F1FF3F70B506461D46144614D005
:102120001A4316D0002B08DBF6F758FC041941EBD4
:102130000501C6E90041304670BD6FF001031C1B6C
:102140004FF0FF3363EB0501F3E74FF0FF34214617
:10215000EFE70024FBE7B3F1FF3F08BFB2F1FF3F19
:10216000F8B5074616461C4610D054EA020311D0B3
:10217000F6F734FCB0420A46A14103460AD2F31AEC
:1021800064EB0204C7E900343846F8BD4FF0FF3372
:102190001C46F7E70023FBE72DE9F041846805467C
:1021A0000E46D4B16378012B22D114F8533C9A0720
:1021B00011D5A4F160073846FFF761FF082E0CBF68
:1021C0006FF003030023E36214F8533CDB0602D1F3
:1021D0003846F5F733FB002323700020EB68A86036
:1021E000C3F38632164366F39433EB60BDE8F081A7
:1021F000022BF0D12378002BEDD054F8048CB8F1E9
:10220000000FE8D004F11400F6F70AFB0023A4F154
:10221000140739464046E362F4F7F2FCDBE720B1ED
:10222000011F50F8040CF3F713BD704770B5A0FB05
:10223000015424B92846F6F713FD064610B90026C6
:10224000304670BD2A46214601F040FCF8E7704751
:1022500000207047704710B5044608B1F6F7D0FE6D
:102260002046BDE81040F6F7BBBE0346C068E0B1AB
:102270005888D0B11B8803F44F42B2F5824F09D180
:10228000DBB2272B2AD008D8172B0FD0222B34D023
:10229000122B16D06FF085007047302B2FD0413BAA
:1022A000012BF7D8FF2839D100207047C028FBD078
:1022B000E128F9D0B0F5807F0CBF00206FF08600D8
:1022C000704720F02003C02BEED020F08003B3F540
:1022D000807FE9D040F209239842EDE7E928E3D076
:1022E000EF28E1D040F21B139842DDD040F2991361
:1022F0009842D9D040F23B23EEE7E928F1E720F0FD
:102300002003C02BD0D020F04003B3F5807FCBD08A
:10231000B0F5C07FC8D0B0F5007FCDE7B0F5E07F65
:10232000CAE73AB1002918BF00232121D21A184464
:1023300001F0CCBB70472DE9F04F9B46002389B0DC
:102340008DF81B30159B9146DDE912A7002B0D4639
:102350000B460CBF4FF400624FF4806207A9DDF812
:102360005080F6F7DFFF0446D0B9079E2846318833
:102370000DF11B02F7F782F8044688B99DF81B306F
:10238000BB421FD8CDE90338CDE901BACDF80090A2
:102390002B46D6E909123046F7F7D8FD044608B1B6
:1023A000C8F800703A4621465046D8F80030FFF78A
:1023B000B8FF0798F7F7A6FC002C18BF204609B015
:1023C000BDE8F08F6FF08904EAE741F206239842F6
:1023D0001AD8B0F5905F09D241F2010398420CD0AF
:1023E000B0F5885F09D06FF0850070476923A0F5CC
:1023F000905080B2C340DB07F5D511F0070F0CBF3A
:1024000000206FF086007047B0F5105FEBD121F02F
:102410004003802B06D0B1F5807F0CBF00206FF009
:10242000860070470020704770B5446A05460E4626
:102430003CB90120F6F7CEFD686228B12046AE62B5
:1024400070BD6FF08A00FBE76FF08C00F8E7F8B51D
:102450001E460F4615460388C2B103F4E043B3F5A8
:10246000805F02D0B3F5005F10D1089BE9001960CE
:102470000088FFF7AAFF044630B92A46394630469D
:1024800001F017FB079B1D602046F8BD6FF0850427
:10249000FAE710B50446406A10B1A16AFFF7DBFE07
:1024A0000020C4E9090010BD38B50546FFF7F1FF6B
:1024B0002B7F0446012B0ED0023B012B0ED82B6A3A
:1024C000012B18BF6FF096042C220021284601F042
:1024D000FDFA204638BD2B6A002BF2E76FF0960418
:1024E000F2E738B5049D1446AA420BD8184601F00D
:1024F000E0FA00212A1B204401F0E8FA0020059BA5
:102500001C6038BD6FF08900FBE77FB50E461D46A5
:102510001446BAB1002301222B6003A9F6F702FF8B
:1025200070B9CDE9004503983346D0E90912F7F7B1
:10253000ABFC04460398F7F7E5FB002C18BF2046D8
:1025400004B070BD6FF08900FAE7F0B50F461E4683
:10255000154685B00AB3002303A91A463360F6F77F
:10256000E1FE044638B9039803885B0406D4F7F704
:10257000C9FB6FF08604204605B0F0BDCDE90056DA
:102580003B46D0E90912F7F793FC04460398F7F7A6
:10259000B9FB002C08BF0446EDE76FF08904EAE7B9
:1025A00010B50368044653B100F0CFF9002323604F
:1025B000A38823F4FF7323F00103A38010BD184602
:1025C000FCE72DE9FF41984600230C4601680546CB
:1025D00017460393A9BB4FF4AA72083001F076FAAC
:1025E000B8F1000F20463B4614BF4FF480624FF411
:1025F000006203A9F6F796FE044620BB039E384608
:1026000031882A1DF6F73AFF0446E0B96B79314666
:1026100068F300036B7100972846D6E90923B8F1E7
:10262000000F0BD0F7F7BCFC044660B90398F7F72E
:1026300069FB0446204604B0BDE8F081F7F7D4FCFE
:10264000F2E76FF088042846FFF7AAFF0398F7F730
:1026500059FBEFE70123FFF7B4BF38B5046805461F
:1026600064B112B90024204638BD00F057F9044681
:102670000028F7D02846FFF793FFF4E76FF08804AF
:10268000F1E72DE9F0411746026805460E469846E7
:1026900082B14279D2070DD502795AB1BA4216D821
:1026A00000F045F9044638B9A6B92846BDE8F0411E
:1026B000FFF776BF6FF088040023C8F800702B7115
:1026C00046B92846FFF76CFF2046BDE8F0816FF061
:1026D0008904F1E721463A463046D8F80030FFF742
:1026E00020FE2846FFF75CFF002C08BF0446EBE7FE
:1026F0001FB501240394089C0294079C0194069C36
:102700000094FFF718FE04B010BD2DE9F047054610
:102710009A46002388B0079325F0004323F47F03F3
:10272000B3F1106F0846DDE910961746DDF84880D2
:102730001CD12B464FF4804207A9F6F7F3FD04465F
:10274000B0B9CDE90368CDE901A9079800972B46F8
:10275000D0E90912F7F76CFC044648B90798F7F777
:10276000D1FA0446204608B0BDE8F0876FF0860431
:1027700031464846F7F772F80798C8F80060F7F74F
:10278000C1FAEFE703461B88084603F4E043B3F5BC
:10279000805F114602D0B3F5005F01D1F7F75EB854
:1027A0006FF0850070477FB5002203880A60CDE98D
:1027B0000122428806460D46002A69D0028802F4AA
:1027C000E042B2F5804F63D023F0FF03B3F5E24F50
:1027D00002D0B3F5824F04D13046FFF746FD0446E0
:1027E000D8B9304602AA01A9F6F7B8FE0446002877
:1027F00043D1019B9B6A9BB10199304601F12803AB
:10280000D1E90912F7F7D0FA0446002839D1294650
:102810000198F6F709FE044678BB204604B070BD67
:1028200073681B0A22D13088718800F4E043B3F545
:10283000805F15D0B3F5005F12D020F0FF03B3F531
:10284000E24F22D1C0B242280ED10831C90803910B
:1028500003990198FFF7E8FD04460028CCD00CE06E
:10286000FFF7B3FD044640B90731EFE7304603A94F
:10287000F7F780FA04460028EAD00198F6F7D0FE70
:10288000CBE70198FFF705FEF7E76FF08504F4E763
:102890006FF08604C1E71C22002101F017B9037F05
:1028A000022B06D1036A5A1C03D0013303620020B5
:1028B00070476FF09600704703466FF0404208463D
:1028C000591E914207D338B103F1404393428CBF64
:1028D00000200120704701207047034668B1017F46
:1028E0008A1E012A0BD80329026A03D1012A01D1C9
:1028F000FFF7DABD1AB1013A1A62002070476FF093
:102900009600704700207047C0B2FF280CBF6FF0E0
:10291000860000207047F7F70DBC70470368052B51
:1029200002D10830F7F7E4BE6FF08600704710B4AC
:102930000468052C04D15DF8044B0830F7F7F2BEAB
:102940006FF086005DF8044B70470368052B02D1D9
:10295000083000F017B9002070470020F7F7B2BD2B
:102960000020F7F7E9BD002000F006B9DCF75CBCF9
:102970000A2840DCC31C22DA10F1400F47D010F1C6
:102980003F0F2BDA10F1410F44D010F1550F44D016
:1029900010F1490F08BF6FF0840018BF6FF0860078
:1029A000704709282AD8DFE800F0052929081629E8
:1029B0003829292F6FF09800704700207047C31CFA
:1029C0000D2B1BD8DFE803F0072F1A1C1A1A1A1A4E
:1029D0001A1A1D1A1A1D6FF08500704710F1210F89
:1029E0001ED00BDB10F1200F1DD010F1100F08BF0F
:1029F0006FF09400D1E764380928D2D96FF08600CF
:102A000070476FF0940070476FF08C0070476FF064
:102A1000840070476FF0890070476FF09300704733
:102A20006FF0880070476FF09200704710B5013862
:102A30000A44914200D110BD10F8013F11F8014B3A
:102A400063400370F5E70144814200D1704711F8FB
:102A5000013D1A440A70120AF6E730B5002503F565
:102A60008073013A002A0DDAFF2BDAB28CBF002105
:102A7000012152EA050003D0FF2B94BF0020012062
:102A8000401A30BD845C1C448B5C013AE41A230A72
:102A9000E4B2FF332543E5E7002313B58DF8073093
:102AA0008B4206D19DF80700B0FA80F0400902B0D1
:102AB00010BDC45C9DF80720013322438DF8072028
:102AC000EEE78B4230B50CD8002421469C4203D15E
:102AD000081E18BF012030BD155D0555294301347E
:102AE000F4E70020F7E710B58B4294BFC4184418F0
:102AF000A04200D110BD00F8012BF9E700231A46CF
:102B000082B001908B4201D102B070470198C2544B
:102B10000133F7E707B501A9F7F734FC003818BF10
:102B2000012003B05DF804FBF7B506460D46202DE5
:102B30002F46A8BF202700216846F8F761FC04460D
:102B400070B93A4631466846F8F7ACFC10F1520FBE
:102B5000044608D0431CF4D0684600F0EFFB34B1C3
:102B6000204603B0F0BD684600F0E8FBE3E7EC1B4D
:102B70003E44F5D02546DAE700207047F7F75EBD02
:102B8000F7F75CBD08B54FF4AA71FFF7B7FF002057
:102B900008BDF0B504461F460D461646D9B04FF4A1
:102BA000AA72002103A800F091FF214633462A466D
:102BB000009703A8F7F742FD044670B9DDE95E12FD
:102BC00003A8F7F795FD044638B9DDE9612360995C
:102BD00003A8F7F7A7FD044610B103A8FFF7D2FF3B
:102BE000204659B0F0BD2DE9F041044680680F46FB
:102BF0009042154609D3201A1C3000F05AFFA368F2
:102C00005B1BA3600020BDE8F081237F43B904F182
:102C1000200000F0D4FA18B1BDE8F041FFF7A8BEDB
:102C2000A26832F0100309D0A01A39461C3000F017
:102C300040FFA3681F44ED1A0023A360A3686E1E23
:102C400026F00F068BBB102204F10C0104F12000CA
:102C500000F023FA0028DFD110222077A26046B1CD
:102C60003246394604F1200000F017FA0028D3D18B
:102C7000207704F12008404600F0F6FA0028CBD176
:102C8000404600F04EFB0028C6D1102104F10C0094
:102C9000FFF734FFAA1BB5D0B91904F10C0000F0FE
:102CA00008FFA3685B1B3344ABE7002ED8D1237F1A
:102CB000002BDED02A46EFE738B543680446102BD8
:102CC00021D8037F00F120053BB9284600F077FAB0
:102CD00018B1BDE83840FFF74BBEA2680C34102A8B
:102CE00007D021462846C2F1100200F0D6F900288C
:102CF000EFD12146284600F001FA0028E9D1284604
:102D000000F00FFBE5E76FF0860038BDF7F74ABF2C
:102D1000CA0448BF41F480618B0448BF41F400619C
:102D200081607047C0F30253013B10B5052B21D8D9
:102D3000DFE803F0030B0B0B1B13012300F0300043
:102D40002028136013D0002010BD0B8844F212110C
:102D50008B420CBF04230223F0E70B8844F21211CC
:102D60008B4214BF03230623E8E70323E6E702337D
:102D70001360E8E76FF09800E6E713B50C46F7F745
:102D800001FBC31C0FD0013009D004224FF0FF33E8
:102D900021460DEB0200019301F035F830B96FF0D8
:102DA0008B0002B010BD6FF08400FAE70020F8E756
:102DB00030B589B0054618220C4601A8002100F064
:102DC00085FE012344EA052401A9BA20079405934E
:102DD000F7F780FA002818BF6FF0920009B030BDF5
:102DE000F7B5BA2001A9F7F7CDFA044610B10020D3
:102DF00003B0F0BD019D2F0AEDB2AC4205D1BA205F
:102E0000F7F7A6FA0028F2D008E0E6193046F7F7FF
:102E10009FFA30B13046FFF77DFE10B96FF0920097
:102E2000E6E70134E9E738B503780446033303F0F5
:102E30000303012B0FD86FF0210038BD60782844C0
:102E4000F7F778FA48B901352378C3F382039D4236
:102E5000F4D30020F1E70025F6E70220EDE708B5FE
:102E6000F820FFF757FE18B9F920FFF753FE10B10D
:102E70006FF0920008BDF820F7F75CFA0028F7D150
:102E8000F920F7F757FA0028F4D0F1E74368A3F1E7
:102E90001001914241D8012243F80C2C53F8042C24
:102EA00042F0200243F8042C53F8082C42F0005260
:102EB00043F8082C836800F11402A3F11001914239
:102EC0002FD8012243F80C2C53F8042C42F0200296
:102ED00043F8042C53F8082C42F0005243F8082C15
:102EE000C36803F15402BFF35F8F4FF0A3431A602E
:102EF000BFF35F8FC2680432BFF35F8F1A61BFF305
:102F00005F8FBFF35F8F03225A63BFF35F8FBFF3FF
:102F10005F8F9A63BFF35F8F7047103242F80C2CBB
:102F2000B7E7103242F80C2CC9E738B5BFF35F8F12
:102F30004FF0A344E569BFF35F8FBFF35F8F1023AA
:102F40006363BFF35F8F012000F088FDBFF35F8FE5
:102F500000236363BFF35F8FBFF35F8FE36BBFF348
:102F60005F8F5B06F8D425B1BFF35F8FE561BFF3D8
:102F70005F8F38BD08B5F8F795FB30B9BFF35F8FA9
:102F80004FF0A343986ABFF35F8FBFF35F8F4FF09B
:102F9000A342D36BBFF35F8F10F0240F03F0230322
:102FA00004D0FFF7C2FF6FF01F0008BD4FF0FF30E5
:102FB000002BFAD1BFF35F8F1063BFF35F8F18460A
:102FC000F3E710B59EB0024646F611031AA901A810
:102FD000F8F7D6F90023039A10211360039A01A889
:102FE0009360039B1AAA10330393FFF74FFFFFF779
:102FF000C1FF431C0446FAD001A87421FFF77EFDEF
:1030000020461EB010BD38B502690546146914B1DA
:103010005069A047044605F11400F8F7D7FA204696
:1030200038BD08B5826803465AB902681169426A18
:10303000114206D0FFF7E7FF002808BF6FF05300EA
:1030400008BD03F11400702103F17802FFF71EFFA1
:103050000020F5E773B5064601A8F8F713FC04460F
:1030600078B906F11400F8F787FA0198FFF7A9FF7D
:10307000044648B93269D3681BB150699847054680
:1030800018B9204602B070BD05463046FFF7BBFFB9
:10309000002814BF04462C46F3E710B5047D034610
:1030A0004CB3B2F1807F06D3FFF7ADFF002808BF15
:1030B0006FF03F0010BD4468062C06D9FFF7A3FF50
:1030C000002808BF6FF04400F4E70AB90020F1E7D8
:1030D0008069016099698A60186899698069C06827
:1030E000C8609969103199615968013159609968CE
:1030F00011449960EAE76FF02000DBE710B4037D2C
:10310000002B57D08368C3B9836900F124021A6089
:10311000036882691B68013343F0005393600468BD
:1031200082692368A4690133E4681B0203F4F8533D
:103130002343D360836910338361036882681C680A
:10314000131923EA040384699B1A54F8042C42EAF5
:10315000032244F8042C826952F8084C234443F0BB
:10316000005342F8083C03681A68C368134423EA12
:103170000203C2691160C269C1689160C26902F14B
:103180001001C161C1688B420AD000211161C16880
:10319000C2695B1A43F080439360C3691033C36113
:1031A0000368DA68436A23EA020343625DF8044B6A
:1031B000FFF737BF6FF020005DF8044B704738B55C
:1031C000037D0446002B49D103685B69002B48D07E
:1031D000FFF740FF054600283ED1214651F8783BD5
:1031E000626A9B6904F114001B68F8F7C9F80123AF
:1031F000636023699A689AB9A2691B68136023699E
:10320000A2695B6843F0005393602268A3699269E6
:103210009268DA60A3691033A36163680133636065
:10322000236AA269C43313602368A2695B6943F00F
:10323000005393602268A36992695268DA60A369B7
:1032400022681033A3616368013363601269636AA3
:10325000134363620023A360284638BD6FF0200546
:10326000FAE76FF04705F7E738B5027D0346002A15
:1032700040D00268816894688C4206D9FFF7C3FE8B
:10328000002808BF6FF0530038BD5468B1FBF4F557
:1032900004FB151434B1FFF7B6FE002808BF6FF029
:1032A0004500F1E7416AD06801435962D3E907015B
:1032B000C431526901601868D96940690F32886069
:1032C000D96922F00F0201F11000D8611868406935
:1032D00090420AD00C611868D9694069121A42F00C
:1032E00080428A60DA691032DA611846BDE83840F7
:1032F000FFF797BE6FF02000C6E738B5037D05469F
:1033000063B1FFF737FE431C044605D02846FFF79C
:103310007AFE002818BF0446204638BD6FF020040E
:10332000FAE710B5037D04462BB12046FFF7E5FF11
:10333000431CFAD010BD6FF02000FBE710B50378F6
:1033400004461BB1F6F7C0FE00232370002010BD19
:103350000368D868C0F300407047036803F58053E2
:103360005B6A13F4A02F14BF0120002070470222D3
:1033700003689A6070470368D868F8F737BA02465E
:1033800008B51046FFF7E4FF0028FAD1BDE8084071
:103390001046FFF7F0BF03685A50704703699966FB
:1033A00070470369986E7047C0F30B03482B4B605E
:1033B00028BF482310F4003F8B6008BF0023CB6078
:1033C00010F4803308BFC1E9013300F47003B3F592
:1033D000700F14BF00238B6800284FF0010C4FF0D2
:1033E00008028B60B8BF0023C1E905C2B8BFC1E9BC
:1033F000053370472DE9F04F4FF0000B91461E4604
:10340000448805888BB005F44F4300940734B3F526
:10341000824F82460F464FF01C0259464FEAD408AD
:1034200003A818BF5D46CDF808B000F04FFBC845B3
:10343000C6F800B041D8B4F5847F41D26A46494607
:103440005046F8F703FB044640BBEDB2284600990E
:1034500001AAF8F73DFA044600BBA5F14103012B90
:1034600020D8424602A9F7F767F820BB414602A8D8
:10347000FFF712FB38BB412D05D1B8F1200F02D167
:1034800002A800F051FA4246384602A900F011FBAA
:10349000202102A8FFF732FBC6F8008020460BB0BF
:1034A000BDE8F08F4A463946019800F048FA0028F6
:1034B000EED0FFF75DFA0446F0E76FF08904EDE720
:1034C0006FF08504EAE76FF09304E7E72DE9F34135
:1034D000DDF820801E46438842450F46154601937D
:1034E00015D8294601AAF8F7B1FA044658B92B466F
:1034F0003A4641463046FFF7E4FA58B10A9B019A32
:103500001A60099B1D60204602B0BDE8F0816FF093
:103510008904F8E76FF08604F5E72DE9F0411F46CE
:103520000588438894B0029305F44F43B3F5824F66
:10353000064614461346D0F80C800A4603A84FF0FE
:10354000410118BF0025FFF7BCFA18B31A9B9C4233
:1035500023D83046214602AAF8F778FA0646A8B9D9
:10356000E9B21229029D01D0302906D12A464046EF
:10357000009403ABF8F734FA90B92246384603A911
:1035800000F097FA1C9B1D601B9B1C60304614B01A
:10359000BDE8F0816FF08606F8E76FF08906F5E781
:1035A0000646F3E78B4238B505460C46104607D36E
:1035B0000A46294600F07DFA0020049B1C6038BDB5
:1035C0006FF08900FBE7F8B50668054696420C46A1
:1035D000A2EB060701DDE1F7A3F93946204600F02A
:1035E0003FF832466968E019BDE8F84000F056B887
:1035F000FFF7E9BFF8B507461646D2E900208A4230
:103600000C460BDB551A294600F02AF822463946AB
:1036100070682844BDE8F84000F04BBA891A394474
:10362000F8E770B514460E461D4621461A46FFF7C8
:10363000E1FF2146304605F10802BDE87040FFF782
:10364000D9BF70B5054616461C461A46FFF7BBFFA4
:103650002246314605F10800BDE87040FFF7B3BFD0
:1036600038B503460C46A9B1580706D00022013CE4
:1036700003F8012B01D05907F9D124F00F052A4690
:103680000021184600F022FA034600214219234483
:103690009A4200D138BD02F8011BF9E78B18991A3C
:1036A00012B110F00F0F01D100F003BA0978013AFE
:1036B000C9B200F8011BF2E770B506460D46144684
:1036C000FFF76FFE013D026844EA052430462243BD
:1036D0000421BDE87040FFF75EBE73B50546D0E932
:1036E0000146CDE90023FFF75CFE03689DF800204A
:1036F00013F0805FE8689DF8073004EB061416D0DD
:1037000002F03F0242F0200243F00103A0F1080161
:10371000201A8DF800208DF80730FFF7A1FF083C34
:10372000082269462046FFF7B9FF02B070BDA41B0E
:1037300003F03F0342F0010243F02003A0F108012F
:1037400004F108008DF800208DF80730FFF788FF9E
:10375000E6E710B50446FFF724FEC2684AB142F41A
:1037600020222046BDE81040002142F40062FFF70D
:1037700012BE10BDC06870472DE9F8430A680C46B8
:1037800012F4700F15D1D0E90159D1F80880FFF774
:1037900008FE03682046DB0048BF63684FF000075F
:1037A00044BFA9EB0303ED1800F0B0F80646B7429A
:1037B00001DBBDE8F883414628466268FFF76EFFEB
:1037C00063684D4498440137F1E770B50C461E46D6
:1037D0001046D1E9012505EB42052946FFF75EFFBA
:1037E00062683046A918BDE87040FFF757BF38B58A
:1037F0000446FFF7D6FDD4E9013501684268C900E7
:1038000042BFE168691A5B18002112B904F1140083
:1038100038BDD00707D50B2901D9E1F781F804EBB2
:103820008100436101312B445210EEE72DE9F04F46
:10383000044685B00E4691460193FFF7B2FDD4E9E8
:10384000018BD4F848A005468768BAF1000F07D06D
:103850002046F7F7B1FF1025284605B0BDE8F08FE8
:10386000F7F74AFF326811064CBFC26842687168B8
:10387000914204DD2046F7F79FFF0D25ECE7E1605C
:103880003268204649EA02092A6949EA0202FFF73A
:1038900013FF2A68D20003D5E268ABEB0202904422
:1038A0003FB931462046FFF767FF2B696BB900250A
:1038B000D2E7FB0748BF019B4FEA670744BF43F8C5
:1038C0002A800AF1010AD844EAE702A800F043F886
:1038D000054618B12046F7F76FFFBDE72046DDE942
:1038E0000223FFF7FAFE08210DEB0100FFF706F9AE
:1038F000DDE710B50446FFF72CFFBFF35F8F03220F
:103900002046BDE810400821FFF745BD0368024688
:1039100013F4700F06D1806828B1D368506893FB08
:10392000F0F0704700207047037823F0070303701E
:10393000C37F03F07F0343F04003C37770470B4618
:10394000D0E901108A42084402D31A4600F019B89F
:103950006FF04000704710B50446F7F7CDFE43699D
:1039600063B12046F7F78EFF50B9D4E90032134314
:10397000F7D0201DBDE81040F7F784BF6FF00200BC
:1039800010BD2DE9F0470446104639B12246002308
:10399000164612F8015B35B98B4202D16FF0530421
:1039A00035E00133F4E78B42F8D04A1E9A4201D148
:1039B000022DF3D9A25CD2072FD5FF2415EA040209
:1039C00028D1E443A1EB0308C718FFF78CF8E5B250
:1039D00008EB070A424639460020F6F7ADFD0446DB
:1039E000E8B93B7881462B403B703B4613F8012BEE
:1039F000534549EA0209F9D1002342463146384687
:103A0000FFF72BF8B9F1000FE4D00028E2DA2046E6
:103A1000BDE8F0876400E4B2D0E76624F7E702244B
:103A2000F5E7F2F753BB4FF0FF324FF0FF33F2F7F9
:103A300097BAFEF737BAF8F78DBA07B54FF0FF33EC
:103A40004FF0FF32CDE90023002200F02FF803B041
:103A50005DF804FB00F026B800F020B8FEF72CBBA0
:103A600010B54B68D0E91A4212F0010F03EA0403C3
:103A700001D09C4210D17BB18366520744BF8A6853
:103A80001A430B6848BF8A6043660123086080F8C8
:103A900070301830F4F7C4FE002010BD4FF0FF3234
:103AA000F8F786B90A460021F8F782B95200F8F70C
:103AB000CBB90A44431E914200D1704710B511F8AA
:103AC000014B914203F8014FF9D110BD0244034666
:103AD000934200D1704703F8011BF9E7022B10B5A0
:103AE00009D092080368013A0C6840F8044B41F889
:103AF000043BF7D110BD029B022B09D0920803684A
:103B0000013A0C6840F8044B41F8043BF7D1F1E767
:103B100002440C78037800F8014B824201F8013B23
:103B2000F7D1E7E7F8B50F46164604461D46984715
:103B30000028314638460CDAA847002802DA3C460D
:103B40002046F8BD31462046A8470028F8DA34461A
:103B5000F6E7A8470028F2DC31462046A8470028AF
:103B6000F5DAEDE72DE9F04F144697B082070646E7
:103B7000029319D1A30717D1271F18BF01270023CC
:103B8000039304FB01F8062906EB040B06EB08037C
:103B900004932AD8049B5B4510D8039B002B40F06C
:103BA000228117B0BDE8F08F0227E8E73B462246A6
:103BB000414628460097FFF791FF11E05D4610E06F
:103BC000A5EB04082946029B4046984700280ADDD9
:103BD000002FEBD12B68D8F800202A60C8F80030FD
:103BE0004546AE42ECD3A344D4E74FEA5109A8EBD3
:103BF0000408072904FB0969B04422D0282941D9C7
:103C0000CD08029B3046654306EB45027119FFF76C
:103C100089FF494609EB0502029B8246481BFFF7D4
:103C200081FF42468146029BA8EB0501A8EB4500B7
:103C3000FFF778FF02464946029B5046FFF772FFA6
:103C4000814617BB3368D9F800203260C9F80030CC
:103C5000D946C2465D460023C1455BD8059331462F
:103C6000029B484698470028059B2DDC08D1A7B940
:103C70002B68D9F800202A60C9F8003025440123B8
:103C8000A144E9E74246B246D5E73B4622464946CB
:103C900030460097FFF722FFDAE73B4622464946C7
:103CA00028460097FFF71AFFE8E70BD117BBD8F8B3
:103CB0000030DAF80020C8F80020CAF80030AAEB7B
:103CC000040A0123A8EB0408C14523D80593314613
:103CD000029B404698470028059BE6DA97B9D9F839
:103CE0000030D8F80020C9F80020C8F80030A8EB50
:103CF0000408C4E73B462246514640460097FFF77A
:103D0000EDFEDCE73B462246414648460097FFF77A
:103D1000E5FEECE713BB049B5B457FF63EAF5D46DB
:103D200018E03B462246414628460097FFF7D6FE5C
:103D30000FE0A5EB04082946029B4046984700285F
:103D40000ADD002FEDD12B68D8F800202A60C8F8D2
:103D500000304546AE42ECD3A344DCE7A9EB050BAB
:103D6000AA1B5A45A8BF5A4632B13B46A9EB0201ED
:103D700030460097FFF7B2FE049BAAEB0805A3EBC1
:103D80000A02121BAA4228BF2A4632B104993B46B6
:103D900048460097891AFFF7A1FE049B5D45D84667
:103DA000A3EB050004D93346A84606465D461846EF
:103DB000A54221D9039B072BB5FBF4F10DD816AA18
:103DC00002EBC303B8FBF4F243F8406C43F83C2C1D
:103DD000039B013303930646D3E6029B2246FFF77B
:103DE000C1FEA0450BD8039B16AA013B039302EB2F
:103DF000C30353E91001EEE7A0457FF6CEAE30468F
:103E0000B8FBF4F1E7E70139024410B5904201D163
:103E1000002005E0037811F8014FA34201D0181BE0
:103E200010BD0130F2E710B56AB10139841810F8FD
:103E3000012B11F8013F9A4203D1A04201D0002A80
:103E4000F5D1D01A10BD1046FCE710B50139044673
:103E500032B111F8013F013A00F8013B002BF7D1D4
:103E60000021FFF733FE204610BD0246014410B585
:103E70008A42134603D01C780132002CF8D1181A5C
:103E800010BD2DE9F047C3F137090746884603F016
:103E90001F055FFA89F916464FF0000A3846414679
:103EA0002A465346D2F7B4F94346D4B23A46884636
:103EB0000746092C84BF4C44E4B2AA4204F1300402
:103EC00073EB0A0306F8014BE8D23046BDE8F087F1
:103ED0002DE9F04F061889B09946154641EB0104CB
:103EE00004AB3046DDF84CB021460093A9F1410AFD
:103EF000D2E9002300F0A9F806AB07468846304611
:103F000021460093D5E9022300F09FF80022DDE965
:103F10000463841951EB0306069B28BF0122D5E9EF
:103F20000001D218079B43F10003381848EB010148
:103F3000B84271EB0801E968039138BF0120A96814
:103F400028BF0020CDF800A014EB010C039946EB2C
:103F5000010110EB0C0041F10001A04271EB060CD5
:103F600034BF4FF0010C4FF0000CCDE906231CEBE1
:103F7000020243F1000300F083F8129BC3E9000141
:103F8000149B012BDDE9062329D1D5E90201D5E9EE
:103F900000C5201ACDF800A066EB0101674578EB5B
:103FA000050534BF01250025401B61F10001844255
:103FB00076EB010534BF01250025521B63F1000398
:103FC00000F05EF8DDE90623CBE90001204631462A
:103FD000CDF800A000F054F809B0BDE8F08F17EB61
:103FE000070E48EB080C201946EB0601BE457CEB9A
:103FF000080834BF01270027C71941F10008D5E997
:10400000000186457CEB010C34BF01200020D5E97E
:104010000215381A68F1000C401A6CEB0501921871
:104020005B41A74278EB060534BF012500255219F4
:1040300043F10003874278EB010834BF01250025D6
:10404000521BA9F140050095B8E7F0B50F460446AC
:10405000A0FB0201059EA7FB02524919A3FB0445E0
:10406000A7FB037342F10002611845F10004D21965
:1040700043F10003121943F10003C6E90023F0BD28
:10408000F0B5059CC4F14007C4F12006A4F1200559
:10409000E04002FA06F6BB4022FA05F5BA40334387
:1040A000C4F120062B4301FA06F6A4F120053043A3
:1040B00021FA05F5E140284319431043F0BD2DE9ED
:1040C000F04357EC106B3B463446FE0F40F2FF774F
:1040D000C3F30A55C3F31303067154EA030C07D064
:1040E000BD420CD146F0080606710020BDE8F08301
:1040F000002D64D0BD425FD146F00406F4E7002DE8
:104100005AD10125A5F2FF35002905605ADB0C299B
:104110005ADCC1F10D050126AD0005F1FF3EA5F108
:10412000210CC5F1210706FA0CFC26FA07F706FA5E
:104130000EF64CEA070CB7194CEB0C09D7F1000846
:1041400069EB490E013F49F1FF39274009EA0309AC
:10415000BE427CEB090910DBC5F12009B5F120074F
:1041600024FA05F503FA09F958BF43FA07F745EAB7
:10417000090558BF3D43ED0703D5A619344643EB67
:104180000C0304EA080403EA0E0300F112050D26ED
:104190000846C2F127024FF0300E04F00F01240947
:1041A00006F1FF3C6F1E44EA03741B11B1B9B04223
:1041B0000CDA66463D46F0E743F48013A2E72C464E
:1041C0002B46A1E70021E0E70D21DEE785F800E0BE
:1041D0001CF1010166463D46DFD187E70929C8BFCA
:1041E0008918B04201F13001B8BF30462970EFE7BD
:1041F000D1E9043293421EBF5A1C0A6118707047FD
:0C42000001480068704700008063002047
:08420C00F2A6FD7F0100000095
:1042140001500200000000000D1C0300000000001B
:1042240000000000EC420400115C030000000000E8
:10423400D55C0300000000000000000024430400DB
:104244000000000008430400000000004043040094
:10425400BD2D0300000000006B1A040000000000E4
:10426400000000005C4304000000000078430400E8
:1042740069080300000000009B180400000000000F
:10428400794902000000000000000000944304008B
:10429400B1F10100000000001967030000000000F4
:1042A40000000000CC43040000000000B043040000
:1042B4000121020000000000C554020000000000BB
:1042C400011A0400000000000B1A040000000000A2
:1042D40000000000E8430400ED5A02000000000062
:0842E400E520020000000000CB
:1042EC001AF004007C5E0400E04C04005C07002023
:1042FC002C6600207505030000000000A3F20400EA
:10430C00085F0400B44C040064070020C066002061
:10431C007112030000000000AFF204001C5F0400E7
:10432C00B44C040066070020CC6600207112030018
:10433C0000000000BAF20400305F0400B44C04002A
:10434C0068070020D86600207112030000000000EE
:10435C0041F00400000000007C4C04005E070020CB
:10436C0000000000FB10040000000000CEF204006E
:10437C005C5F0400FC4C04006A070020E46600202B
:10438C00CD15040000000000ACF704000000000094
:10439C00686004006E070020F0660020DD21030039
:1043AC000000000049F0040000000000844C0400F0
:1043BC006007002000000000E1080300000000007E
:1043CC00DFF40400C45F0400D84C04006C07002028
:1043DC002C060020DD15030000000000EBF10400AA
:1043EC00A45E04009C4C040062070020A066002020
:0843FC00010B030000000000AA
:1044040000000000A9E7030000000000A9E7030082
:1044140000000000A9E7030000000000A9E7030072
:1044240000000000A9E7030000000000A9E7030062
:1044340000000000A9E7030000000000A9E7030052
:1044440000000000A9E7030000000000A9E7030042
:1044540000000000A9E7030000000000A9E7030032
:1044640000000000A9E7030000000000A9E7030022
:1044740000000000A9E7030000000000A9E7030012
:1044840000000000A9E7030000000000A9E7030002
:1044940000000000A9E7030000000000A9E70300F2
:1044A40000000000A9E7030000000000A9E70300E2
:1044B40000000000A9E7030000000000A9E70300D2
:1044C40000000000A9E7030000000000A9E70300C2
:1044D40000000000A9E7030000000000A9E70300B2
:1044E40000000000952E030000000000A9E703006F
:1044F40000000000A9E7030000000000A9E7030092
:1045040000000000A9E7030000000000A9E7030081
:1045140000000000A9E7030000000000A9E7030071
:1045240000000000A9E7030000000000A9E7030061
:1045340000000000A9E7030000000000A9E7030051
:1045440000000000A9E7030000000000A9E7030041
:1045540000000000A9E7030000000000A9E7030031
:1045640000000000A9E7030000000000A9E7030021
:1045740000000000A9E7030000000000A9E7030011
:1045840000000000A9E7030000000000A9E7030001
:1045940000000000A9E7030000000000A9E70300F1
:1045A40000000000A9E7030000000000A9E70300E1
:1045B40000000000A9E7030000000000A9E70300D1
:1045C40000000000A9E7030000000000A9E70300C1
:1045D40000000000A9E7030000000000A9E70300B1
:1045E40000000000A9E7030000000000A9E70300A1
:1045F40000000000A9E7030000000000A9E7030091
:1046040000000000A9E7030000000000A9E7030080
:1046140000000000A9E7030000000000A9E7030070
:1046240000000000A9E7030000000000A9E7030060
:1046340000000000A9E7030000000000A9E7030050
:1046440000000000FDB5030000000000A9E703001E
:104654002C060020D957030000000000A9E703003E
:1046640000000000A9E7030000000000A9E7030020
:1046740000000000A9E7030000000000A9E7030010
:1046840000000000A9E7030000000000A9E7030000
:1046940000000000A9E7030000000000A9E70300F0
:1046A40000000000A9E7030000000000A9E70300E0
:1046B40000000000A9E7030000000000A9E70300D0
:1046C40000000000A9E7030000000000A9E70300C0
:1046D40000000000A9E7030000000000A9E70300B0
:1046E40000000000A9E7030000000000A9E70300A0
:1046F40000000000A9E7030000000000A9E7030090
:1047040000000000A9E7030000000000A9E703007F
:1047140000000000A9E7030000000000A9E703006F
:1047240000000000A9E7030000000000A9E703005F
:1047340000000000A9E7030000000000A9E703004F
:1047440000000000A9E7030000000000A9E703003F
:1047540000000000A9E7030000000000A9E703002F
:1047640000000000A9E7030000000000A9E703001F
:1047740000000000A9E7030000000000A9E703000F
:1047840000000000A9E7030000000000A9E70300FF
:1047940000000000A9E7030000000000A9E70300EF
:1047A40000000000A9E7030000000000A9E70300DF
:1047B40000000000A9E7030000000000A9E70300CF
:1047C40000000000A9E7030000000000A9E70300BF
:1047D40000000000A9E7030000000000A9E70300AF
:1047E40000000000A9E7030000000000A9E703009F
:1047F40000000000A9E7030000000000A9E703008F
:1048040000000000A9E7030000000000A9E703007E
:1048140000000000A9E7030000000000A9E703006E
:1048240000000000A9E7030000000000A9E703005E
:1048340000000000A9E7030000000000A9E703004E
:1048440000000000A9E7030000000000A9E703003E
:1048540000000000A9E7030000000000A9E703002E
:1048640000000000A9E7030000000000A9E703001E
:1048740000000000A9E7030000000000A9E703000E
:1048840000000000A9E7030000000000A9E70300FE
:1048940000000000A9E7030000000000A9E70300EE
:1048A40000000000A9E7030000000000A9E70300DE
:1048B40000000000A9E7030000000000A9E70300CE
:1048C40000000000A9E7030000000000A9E70300BE
:1048D40000000000A9E7030000000000A9E70300AE
:1048E40000000000A9E7030000000000A9E703009E
:1048F40000000000A9E7030000000000A9E703008E
:1049040000000000A9E7030000000000A9E703007D
:1049140000000000A9E7030000000000A9E703006D
:1049240000000000A9E7030000000000A9E703005D
:1049340000000000A9E7030000000000A9E703004D
:1049440000000000A9E7030000000000A9E703003D
:1049540000000000A9E7030000000000A9E703002D
:1049640000000000A9E7030000000000A9E703001D
:1049740000000000A9E7030000000000A9E703000D
:1049840000000000A9E7030000000000A9E70300FD
:1049940000000000A9E7030000000000A9E70300ED
:1049A40000000000A9E7030000000000A9E70300DD
:1049B40000000000A9E7030000000000A9E70300CD
:1049C40000000000A9E7030000000000A9E70300BD
:1049D40000000000A9E7030000000000A9E70300AD
:1049E40000000000A9E7030000000000A9E703009D
:1049F40000000000A9E7030000000000A9E703008D
:104A040000000000A9E7030000000000A9E703007C
:104A140000000000A9E7030000000000A9E703006C
:104A240000000000A9E7030000000000A9E703005C
:104A3400784304007115040000000000A9E7030096
:104A440000000000A9E7030000000000A9E703003C
:104A540000000000A9E7030000000000A9E703002C
:104A640000000000A9E7030000000000A9E703001C
:104A740000000000A9E7030000000000A9E703000C
:104A840000000000A9E7030000000000A9E70300FC
:104A940000000000A9E7030000000000A9E70300EC
:104AA40000000000A9E7030000000000A9E70300DC
:104AB40000000000A9E7030000000000A9E70300CC
:104AC40000000000A9E7030000000000A9E70300BC
:104AD40000000000A9E703007C040020471504003F
:104AE40000000000A9E7030000000000A9E703009C
:104AF40000000000A9E7030000000000A9E703008C
:104B040000000000A9E7030000000000A9E703007B
:104B140000000000A9E7030000000000A9E703006B
:104B2400DD500300A11A040000000000A9E70300FF
:104B340000000000A9E7030000000000A9E703004B
:104B440000000000A9E7030000000000A9E703003B
:104B540000000000A9E7030000000000A9E703002B
:104B640000000000A9E7030000000000A9E703001B
:104B740000000000A9E7030000000000A9E703000B
:104B840000000000A9E7030000000000A9E70300FB
:104B940000000000A9E7030000000000A9E70300EB
:104BA40000000000A9E7030000000000A9E70300DB
:104BB40000000000A9E7030000000000A9E70300CB
:104BC40000000000A9E7030000000000A9E70300BB
:104BD40000000000A9E7030000000000A9E70300AB
:104BE40000000000A9E7030000000000A9E703009B
:104BF40000000000A9E7030000000000A9E703008B
:104C040000000000A9E7030000000000A9E703007A
:104C140000000000A9E7030000000000A9E703006A
:104C240000000000A9E703007F1A0400A11A040091
:104C340000000000A9E7030000000000A9E703004A
:104C440000000000A9E7030000000000A9E703003A
:104C540000000000A9E7030000000000A9E703002A
:104C640000000000A9E70300040400204715040025
:084C740000000000A9E70300A5
:084C7C00E71004000000000035
:104C8400090903003112040029120400C9080300B1
:104C9400B9080300D10803001D14040067130400BD
:104CA400090A0300010A03004F120400431204001E
:104CB40079100300FF1404000B1504001F150400F1
:104CC4002915040033150400710F0300A50E030019
:044CD40000000000DC
:084CD800FD170300251704007D
:104CE000CD050300DB100400B31004000000000039
:0C4CF000A504030000000000000000000C
:0C4CFC0089150400891403007B150400D6
:104D080005000000AD96020006000000A1DF0200C9
:084D18000400000061A202008A
:104D20000000000099E60300000000000000000001
:104D30000000000000000000000000000000000073
:104D40000000000000000000000000000000000063
:104D50000000000000000000000000000000000053
:104D600021F80100D1F4010000000000D5D60300B5
:104D70000000000000000000ADF70100000000008E
:104D8000B5F5010059F3010095F90100000000009C
:104D9000EDF3010085F50100E5F2010000000000DF
:104DA00000000000B90B040000000000000000003B
:104DB00000000000000000000000000000000000F3
:104DC00000000000000000000000000000000000E3
:104DD00000000000000000000000000000000000D3
:104DE00000000000000000000000000000000000C3
:104DF00000000000C9C40200000000000000000024
:104E000000000000000000000000000000000000A2
:104E10000000000000000000000000000000000092
:104E2000B85C040008000000585D040005000000A4
:104E300030A104000300000063DB04000300000055
:104E40000AC20400030000009AD504000300000019
:104E500079EF04000300000063EF0400030000008A
:104E600039C204000300000099D1040003000000CF
:104E70006CE2040003000000F9AA04000300000033
:104E8000F7CC04000300000092CF040003000000F0
:104E900029E9040003000000DED70400030000003D
:104EA00042C00400030000000BAB0400030000003C
:104EB000C9F7040003000000B7F704000300000076
:104EC00083C104000300000061E704000300000048
:104ED000D2EF0400030000001DA504000300000041
:104EE00033F004000300000027FE0400030000006C
:104EF00013AB04000300000083F50400030000006E
:104F0000ADF5040003000000ADA80400030000009C
:104F100062F004000300000011F904000300000027
:104F200082A704000300000027F80400030000002B
:104F3000C2BE040003000000D7BF0400030000004D
:104F40000BC004000300000007AB040003000000D6
:104F50008FF8040003000000E7FB040003000000DA
:104F600034B9040003000000ECA4040003000000B6
:104F700086C10400030000001AC004000300000002
:104F8000F8F1040003000000E9F40400030000004D
:104F900082A5040003000000D9F204000300000011
:104FA00080C104000000000000000000B1510200B8
:104FB0002D5402000000000009DF04000100000081
:104FC00000000000D1FB0300000000000000000012
:104FD00060E204000100000000000000E5BA0200E9
:104FE000000000000000000058E204000100000082
:104FF0000000000049B402008DC302000000000060
:1050000021E90400010000000000000075F6020024
:1050100075F402000000000066E2040001000000D8
:105020000000000001B8020091BA02000000000078
:105030001CA1040026A104008B920400BBA0040064
:10504000C3A00400D3A00400E3A00400F1A0040066
:10505000FFA004000DA104008B9204008B920400B9
:1050600099A00400A3A00400ADA004007DA004004A
:105070008BA004008B9204006BA0040075A00400B8
:105080008B920400011202050003000001545555E3
:10509000545555555555150100000000000160009C
:1050A0003000000000000000000000006000600010
:1050B0000000000000000000DECB0400E3CB040091
:1050C000E7CB0400EBCB0400EFCB0400F3CB0400F0
:1050D000F7CB0400FBCB0400FFCB040003CC04009F
:1050E00007CC04000BCC04000FCC040013CC04004C
:1050F00017CC04001BCC04001FCC040023CC0400FC
:1051000000A0105000820D50000405500500000062
:105110000400000001000000010208030402000175
:1051200002020303252627010204010204030102EF
:1051300003032804BE119042B400EE03500B010299
:10514000040102044C018604E80B0304020001027E
:10515000030300000028000000200102FFFFFFFF02
:10516000FF030F141E28323C506478010203030130
:10517000010002070001020401000100000101001A
:105180000001000100000100010000000102080F01
:10519000141E28323C506478020B000001000B0002
:1051A00002000A00050009000A00080014000700B8
:1051B0001E000600320005004B00040064000300DE
:1051C00096000200FA000100F4010000010203034E
:1051D00002030100F401FA00960064004B00320063
:1051E0001E0014000A000500020001000C0802174E
:1051F0000D01010209090101060209181803010144
:10520000090903038503020123020224091004048F
:1052100005050B0B040B2B1B1B159A9A1C021D1664
:10522000130501490D150508061B1B0F01010000A0
:10523000FEFEFEFEFEFEFEFEFEFEFEFEFEFEFEFE8E
:10524000FEFEFEFEFE16FEFEFEFEFEFEFEFEFEFE66
:10525000FE1F1FFEFE26FEFEFEFEFE30FEFEFE329E
:10526000FEFE32FEFE35FEFE3E3EFEFEFEFE3B3BF9
:105270006000BE0290062C01CE05D0122804BE119B
:1052800090426400AE02500672050813DA43000132
:10529000020201020400A201B003BE05EE024806AC
:1052A000A209C405F40B241226FEFEFEFE2E3630A3
:1052B000FEFEFE32FEFEFEFEFE35FEFEFEFEFEFEA3
:1052C000FEFEFEFE2E01020303010203030102049F
:1052D00012FEFEFEFEFEFEFEFEFEFEFE03030303C6
:1052E0000303030303030303030303030314FEFE87
:1052F00016FEFEFEFEFEFEFE23FEFEFEFEFEFEFE91
:10530000FEFEFEFE2E363039FEFE32FEFEFEFEFEB4
:1053100035FEFEFEFEFEFEFEFEFEFE2E0102030335
:105320002804BE11904272050813DA432C00CE0106
:10533000D002041040002804BE1190422C00CE017F
:10534000D002B400EE03500B6400AE025006B4006D
:10535000EE03500B01020303010204002804BE11F6
:1053600090422804BE119042010203030001020290
:1053700001020400010302003C1600200200000BA1
:105380000100000007000000000000000000000015
:10539000000000000406080A0C0E10121416181C57
:1053A0001E20222426282A2C2E30323436383A3C2D
:1053B0003E40424446484A4C4E021A50000000000B
:1053C00028000000180000005001000050010000FB
:1053D00000000000F023000024130000E867000034
:1053E000187900001C0C7805A43814370000000060
:1053F0004006000040060000400600004006000095
:10540000000098086B0358029C1800000000000080
:105410000000000000000000F02300002413000042
:105420003CF000003CF000000000000048A3000039
:1054300014A0000068A600003CA5000000000000C9
:105440000000000000000000000000000000400616
:105450000C03600934080000000000000000000098
:10546000E3A3C300B80000200200000BA216002036
:105470000200000C061700200200000B0617002097
:105480000100000C041700200100000C010208FFBD
:105490007F00200018000A800720029801AA8000DF
:1054A00001020304020304040102030401010102D6
:1054B0000101010102030402E4E1D8D2C6C9B4B17A
:1054C0009C93878D6C6378724E4B272D1B1E36394B
:1054D00000206020406080010204030102040001FA
:1054E00002000504000808000000000000000000A1
:1054F000000001010101010101010101010102029C
:105500000202020203030404050506060707080851
:10551000090A0B0C0D0E0F10111213141516171883
:10552000191A1B0010010000D20000003001000019
:10553000D800000001000000E400000002000000AC
:10554000EA00000002000000EC0000000300000080
:10555000EE00000004000000F00000000500000064
:10556000F200000006000000F40000000700000048
:10557000F600000008000000F7000000090000002D
:10558000F80000000A000000F90000000B00000015
:10559000FA0000000D000000FB0000000F000000FA
:1055A000FC00000011000000FD00000013000000DE
:1055B000FE00000015000000FF00000018000000C1
:1055C000000000001B000000010000001F000000A0
:1055D000020000002300000003000000280000007B
:1055E000040000002D000000050000003300000052
:1055F0000600000039000000070000003F00000026
:105600000800000000100200FA000000000100087D
:10561000120000000000000001030062746C6500CD
:10562000000000000000000000000000000000007A
:10563000000000000000000000000000000000006A
:105640000000000000000000000000000001000059
:105650000338FDD870470000000000000000000083
:105660000338FDD870470000000000000000000073
:105670000338FDD870470000010000000000000062
:1056800005000000000000001900000000000000FC
:105690007D0000000000000071020000000000001A
:1056A000350C000000000000093D00000000000073
:1056B0002D31010000000000E1F5050000000000B0
:1056C00065CD1D0000000000F902950000000000FB
:1056D000DD0EE90200000000514A8D0E00000000BE
:1056E0009573C24800000000E941CC6B0100000046
:1056F0008D49FD1A07000000C16FF28623000000EB
:10570000C52EBCA2B1000000D9E9AC2D7803000081
:105710003D9160E45811000031D6E275BC5600009E
:10572000F52E6E4DAEB10100C9EA268367780800F8
:10573000ED95C28F055A2A00A1EDCCCE1BC2D30035
:1057400025A4000A8BCA220400000000000000000B
:105750000000000000000010000000000000000039
:10576000B9340332B7F4AD1410DB1AB30892540EF7
:105770000D307D951447BA1A66088F4D26ADC66D5B
:10578000F598BF85E2B74511CA96853D92BD1DEBE0
:10579000FCA11860DCEF52163C92AE220BB8C1B4EB
:1057A000839D2D5B0562DA1C304C7E8F4E8BB25B85
:1057B00016F4529F8B56A512FBD4827643ED8AF0E5
:1057C0008FE7F9311565191850F19BD94A13EEB4DA
:1057D000284CF0A686C1251F035FC270CB9E4916D8
:1057E000E642889C44EB2014B0650836AD6EA58572
:1057F00085F0CA14E2FD031A0B899979D5B13D09E8
:10580000D8DA973A35EBCF10AC363F5E73BB38CF62
:105810003E6752FA44AFBA150100000000000000D4
:105820000000000000000020345065C05FC9A6528F
:10583000BB13CBAEC440C21806C8DF7100D5A87C2C
:10584000F56F0FDA58FC27136E4756357D24206517
:1058500002C7E768E48CA41DE9E60268D7CD396188
:105860007977FCC2405BEF16798CDE43FFA751F9D4
:1058700091F3B278F5BDBE11E857E9D6E8BEE87BF2
:10588000B054AC8F848D751BEA23A499E9F9D38BAE
:10589000B7A3714061DA3E15CEE33ECB73F94808F9
:1058A0008C97B427D51B7010A2BFEFB9EB853215CA
:1058B0004DB44DB49BBB6F1996B6076CF8E7EEADCF
:1058C00036D9B4F59135AE13222218AF4E6A684D21
:1058D00091DAAA3D4F40741E9FBD9EE006A1C0987C
:1058E00057C2A7FDA40E90170E7D497173E3208F58
:1058F000B220D87605143B12853D7434811343B031
:10590000AD297A5F27F4351CFDF701000000000087
:10591000FDF40100A1F201000400000000000000FD
:105920000000000000000100B0430400010000007E
:105930000000010000600A00B04304000200000003
:1059400000600B0000600A00B04304000300000088
:1059500000C0150000900000B0430400600000206B
:105960000000000006000100020000007059040061
:105970000000000070BF040002000000E04F1600AD
:105980000000002078BF040021000000E0EF0220AA
:10599000F4030020094A02000000000051E803005F
:1059A00094590400B0590400FB01000000000000FD
:1059B000F0B5002094590400C45904002E000000E2
:1059C0000000000004CF002094590400D8590400BE
:1059D0000201000000000000D8CF002027CC040006
:1059E00045CC040060CC040070CC04007DCC0400E5
:1059F00086CC04008DCC040094CC04009BCC040025
:105A0000A3CC04007DCC0400ABCC0400BDCC0400CE
:105A1000D2CC0400E5CC04000E030000E56B0200CC
:105A20000F040000116D02001A010000F15702007E
:105A3000050400004958020013010000955F0200B0
:105A40003E0100004D5B0200011200001DEB03004F
:105A50000A1E000053EB0300FF0100008D5B0200F3
:105A60003E0100006D5B0200050400009558020035
:105A700008040000BD610200300300003D61020027
:105A800010010000C1590200020100001977020054
:105A900001120000CD6802000A1E00000FEC030096
:105AA00003090000115A0200040B0000D15B020040
:105AB000060A0000296B0200070A000031590200A3
:105AC0000C05000005590200050C00002D6A0200BB
:105AD000210800005D5902002C1F00003DF9020062
:105AE00038220000B1FA02002D4B000029FC020010
:105AF0002F2100004DFF02002E0300005D00030077
:105B000030150000B9000300310F000091FC0200C5
:105B1000320800000DFE020094590400285B0400C6
:105B20000301000000000000F4D0002019D504009B
:105B300026D5040046D504003AD5040051D504000A
:105B400068D5040078D504001CD504008CD5040069
:105B500094590400605B0400000000000000000095
:105B600048D4002094590400745B0400FB01000039
:105B70000000000070D4002051F1030091F10300F7
:105B8000000000000000000000000000E199020099
:105B90000000000000000000000000000000000005
:105BA00002020100CBF9030004040100F9AD020078
:105BB0000606010039AD02000804010025AC020010
:105BC0000A020100B3F903000C0401009BF9030071
:105BD0000E040100F9AA0200200401005DAA0200DF
:105BE000100401006DA90200120201006FF9030008
:105BF0001604010065AE02001801010015A802009C
:105C00001E000400B5FA03005202000045F903002B
:105C10000104020099B0020003020200B9FA030075
:105C20000501020083FA0300070402008DFA030055
:105C30000901020091FA03000B00020095FA03002B
:105C40000D00020099FA03000F0002009DFA030004
:105C500021020200A1FA030011010200A5FA0300CB
:105C600013000200A9FA030017040200ADFA0300B2
:105C700019000200B1FA03001B0203003FF3030006
:105C80001D02050009A60200230403002DF30300F2
:105C900094590400A05C0400FD0100000000000015
:105CA000DCDA002094590400B45C0400F201000026
:105CB00000000000D8E10020A88A04006B01040065
:105CC00000000000A48A040000000100A08A040073
:105CD0006503040000000000D8050020000001005A
:105CE000988A04000000000000000000000000008E
:105CF00000000000948A04003D0104007DBD020004
:105D0000E005002000000300908A04006503040001
:105D100000000000D005002000000100888A040077
:105D2000A30104004DB902000000000000000300C0
:105D3000848A04006503040000000000C8050020F8
:105D4000000001007C8A04009DC2020000000000E7
:105D50000000000000000100C88A04006B0104007C
:105D600000000000C48A040000000100C08A040092
:105D70006503040000000000000600200000010090
:105D8000B88A0400D30104000000000000000000F5
:105D900000000100B48A0400650304000000000054
:105DA000F805002000000100AC8A0400FD01040099
:105DB00000000000000000000000010099E802005F
:105DC000550B04000DF1020000000000000000006F
:105DD00025EE0200000000000000000000000000AE
:105DE000000000000000000000000000AF070400F9
:105DF0000600000051E20200060000003108040025
:105E00001000000051E7020010000000B5F0020091
:105E1000010000001707040010000000AB07040099
:105E20000A0000005DE1020010000000F9EE02002F
:105E300007000000A707040010000000A9EA020004
:105E40000100000051E502004000000035E00200C2
:105E500010000000EB07040001000000945904004A
:105E60006C5E0400800700000000000004E80020D1
:105E7000350403004D05030000000000B5060300D3
:105E80007104030027F00400D7100400D3100400AD
:105E90002DF004001000000001FF0000650100006B
:105EA00000100000CC43040000127A000001000042
:105EB0004043040005000100000000000100000054
:105EC00000000000404304000000010000008000CA
:105ED0008000000000000100C2281700000001003F
:105EE00000000100120000000100000000FF00009F
:105EF00000A0105000820D50000405507F000000EB
:105F0000FFFF0100FF0700007F00000000A010500D
:105F1000040400200000000000000000FFFF00005B
:105F200000820D507C0400200000000001000000F1
:105F3000FF07000000040550000000000000000002
:105F40000200000000A0105000820D500004055017
:105F50007F000000FFFF0100FF07000000600C5001
:105F60000000000000000000885F040000C2010083
:105F70000000D6010000000000000040000000000A
:105F80006F7100206E71002000600C50945F04005F
:105F9000010000009C5F04000400000024000000D9
:105FA00026000002250600012706000300A010506D
:105FB00000820D50000405507F000000FFFF01002B
:105FC000FF0700000048E80100000000000000009A
:105FD00000000000FFFFFFFF0000FF0000000000C6
:105FE00000000000FFFFFFFF0100000101000000B2
:105FF00077160400FFFF00000860040000000000A6
:10600000FFFFFFFF0000000000A004501460040028
:10601000010000001C6004000300000041000004B7
:106020004200000544000006404304000500010052
:1060300000A0105000820D50000405507F000000A9
:10604000FFFF0100FF0700004043040009000000BB
:10605000244304000A00000040430400070000003D
:10606000244304000E00000049200300BB18040074
:10607000E9180400080000021000000418000006DF
:10608000200000082800000A3000000C3800000E34
:10609000480040025000400458004006600040089C
:1060A0006800400A7000400C7800400E88008002B2
:1060B0009000800498008006A0008008A800800A54
:1060C000B000800CB800800EC800C002D000C00430
:1060D000D800C006E000C008E800C00AF000C00C0C
:1060E000F800C00E080100031001000518010007A8
:1060F000200100092801000B3001000D3801000FBC
:106100004801400350014005580140076001400923
:106110006801400B7001400D7801400F8801800339
:106120009001800598018007A0018009A801800BDB
:10613000B001800DB801800FC801C003D001C005B7
:10614000D801C007E001C009E801C00BF001C00D93
:10615000F801C00F100208041802080620020808FF
:106160002802080A3002080C3802080E50024804BF
:1061700058024806600248086802480A7002480C43
:106180007802480E9002880498028806A0028808C7
:10619000A802880AB002880CB802880ED002C8048F
:1061A000D802C806E002C808E802C80AF002C80C13
:1061B000F802C80E10030805180308072003080991
:1061C0002803080B3003080D3803080F5003480557
:1061D00058034807600348096803480B7003480DDB
:1061E0007803480F9003880598038807A00388095F
:1061F000A803880BB003880DB803880FD003C80527
:10620000D803C807E003C809E803C80BF003C80DAA
:10621000F803C80F18041006200410082804100AF8
:106220003004100C3804100E580450066004500856
:106230006804500A7004500C7804500E98049006BC
:10624000A0049008A804900AB004900CB804900E22
:10625000D804D006E004D008E804D00AF004D00C3A
:10626000F804D00E18051007200510092805100B9A
:106270003005100D3805100F5805500760055009FE
:106280006805500B7005500D7805500F9805900764
:10629000A0059009A805900BB005900DB805900FCA
:1062A000D805D007E005D009E805D00BF005D00DE2
:1062B000F805D00F200618082806180A3006180C12
:1062C0003806180E600658086806580A7006580CFA
:1062D0007806580EA0069808A806980AB006980CEA
:1062E000B806980EE006D808E806D80AF006D80CDA
:1062F000F806D80E200718092807180B3007180DC4
:106300003807180F600758096807580B7007580DB1
:106310007807580FA0079809A807980BB007980DA1
:10632000B807980FE007D809E807D80BF007D80D91
:10633000F807D80F2808200A3008200C3808200E4B
:106340006808600A7008600C7808600EA808A00A47
:10635000B008A00CB808A00EE808E00AF008E00CAD
:10636000F808E00E2809200B3009200D3809200F0D
:106370006809600B7009600D7809600FA809A00B0F
:10638000B009A00DB809A00FE809E00BF009E00D75
:10639000F809E00F300A280C380A280E700A680C39
:1063A000780A680EB00AA80CB80AA80EF00AE80C21
:1063B000F80AE80E300B280D380B280F700B680D0B
:1063C000780B680FB00BA80DB80BA80FF00BE80DF9
:1063D000F80BE80F380C300E780C700EB80CB00EBD
:1063E000F80CF00E380D300F780D700FB80DB00F9F
:1063F000F80DF00F0000803F0000000011FB7F3F10
:10640000900E493C43EC7F3FB00AC93C98D37F3F94
:106410002CC3163D0FB17F3F2FFB483DAB847F3F20
:10642000742B7B3D6D4E7F3F05A9963D580E7F3FF7
:1064300080B6AF3D6DC47E3F36BDC83DB0707E3F77
:106440002EBCE13D24137E3F73B2FA3DCCAB7D3FC1
:1064500086CF093EAC3A7D3F8340163EC9BF7C3FA4
:10646000B6AB223E283B7C3FA2102F3ECDAC7B3FFB
:10647000CF6E3B3EBE147B3FC2C5473E02737A3FA0
:106480000115543E9DC7793F135C603E9812793FD9
:106490007F9A6C3EF853783FCCCF783EC58B773FE0
:1064A000C07D823E07BA763F938E883EC6DE753F3A
:1064B000229A8E3E0BFA743F31A0943EDD0B743F5E
:1064C00086A09A3E4714733FE59AA03E5213723F4E
:1064D000128FA63E0809713FD47CAC3E73F56F3F26
:1064E000EF63B23E9ED86E3F2A44B83E93B26D3FF2
:1064F0004A1DBE3E5E836C3F15EFC33E0C4B6B3FA7
:1065000053B9C93EA7096A3FCA7BCF3E3CBF683F2B
:106510004136D53ED86B673F80E8DA3E880F663F4C
:106520004F92E03E59AA643F7533E63E5A3C633FC2
:10653000BBCBEB3E98C5613FEA5AF13E2146603F36
:10654000CBE0F63E05BE5E3F275DFC3E532D5D3F32
:10655000E4E7003F1A945B3F3D9C033F6AF2593FDA
:10656000824B063F5348583F9BF5083FE595563F01
:106570006B9A0B3F31DB543FDA390E3F4918533FDA
:10658000CDD3103F3D4D513F2A68133F1F7A4F3FF7
:10659000D9F6153F029F4D3FC07F183FF8BB4B3FD8
:1065A000C6021B3F12D1493FD17F1D3F65DE473FE9
:1065B000CBF61F3F03E4453F9967223F00E2433F8C
:1065C00025D2243F70D8413F5636273F67C73F3F0B
:1065D0001594293FF9AE3D3F4AEB2B3F3B8F3B3FA4
:1065E000DE3B2E3F4268393FBB85303F233A373F81
:1065F000C9C8323FF304353FF304353FC9C8323FC1
:10660000233A373FBB85303F4268393FDE3B2E3F60
:106610003B8F3B3F4AEB2B3FF9AE3D3F1594293F63
:1066200067C73F3F5636273F70D8413F25D2243FAA
:1066300000E2433F9967223F03E4453FCBF61F3F0B
:1066400065DE473FD17F1D3F12D1493FC6021B3F48
:10665000F8BB4B3FC07F183F029F4D3FD9F6153F17
:106660001F7A4F3F2A68133F3D4D513FCDD3103F16
:106670004918533FDA390E3F31DB543F6B9A0B3FD9
:10668000E595563F9BF5083F5348583F824B063FE0
:106690006AF2593F3D9C033F1A945B3FE4E7003F99
:1066A000532D5D3F275DFC3E05BE5E3FCBE0F63ED1
:1066B0002146603FEA5AF13E98C5613FBBCBEB3EB5
:1066C0005A3C633F7533E63E59AA643F4F92E03E21
:1066D000880F663F80E8DA3ED86B673F4136D53E8B
:1066E0003CBF683FCA7BCF3EA7096A3F53B9C93E4A
:1066F0000C4B6B3F15EFC33E5E836C3F4A1DBE3EA5
:1067000093B26D3F2A44B83E9ED86E3FEF63B23ECF
:1067100073F56F3FD47CAC3E0809713F128FA63EE3
:106720005213723FE59AA03E4714733F86A09A3EEB
:10673000DD0B743F31A0943E0BFA743F229A8E3EDB
:10674000C6DE753F938E883E07BA763FC07D823E97
:10675000C58B773FCCCF783EF853783F7F9A6C3E1D
:106760009812793F135C603E9DC7793F0115543EF6
:1067700002737A3FC2C5473EBE147B3FCF6E3B3E9D
:10678000CDAC7B3FA2102F3E283B7C3FB6AB223ED8
:10679000C9BF7C3F8340163EAC3A7D3F86CF093E61
:1067A000CCAB7D3F73B2FA3D24137E3F2EBCE13D5E
:1067B000B0707E3F36BDC83D6DC47E3F80B6AF3DF4
:1067C000580E7F3F05A9963D6D4E7F3F742B7B3D54
:1067D000AB847F3F2FFB483D0FB17F3F2CC3163D5D
:1067E00098D37F3FB00AC93C43EC7F3F900E493CB1
:1067F00011FB7F3F000000000000803F900E49BC6D
:1068000011FB7F3FB00AC9BC43EC7F3F2CC316BDD0
:1068100098D37F3F2FFB48BD0FB17F3F742B7BBDCB
:10682000AB847F3F05A996BD6D4E7F3F80B6AFBD5F
:10683000580E7F3F36BDC8BD6DC47E3F2EBCE1BD46
:10684000B0707E3F73B2FABD24137E3F86CF09BE7F
:10685000CCAB7D3F834016BEAC3A7D3FB6AB22BE8B
:10686000C9BF7C3FA2102FBE283B7C3FCF6E3BBEF2
:10687000CDAC7B3FC2C547BEBE147B3F011554BEA5
:1068800002737A3F135C60BE9DC7793F7F9A6CBEEE
:106890009812793FCCCF78BEF853783FC07D82BE46
:1068A000C58B773F938E88BE07BA763F229A8EBEFD
:1068B000C6DE753F31A094BE0BFA743F86A09ABE27
:1068C000DD0B743FE59AA0BE4714733F128FA6BE3E
:1068D0005213723FD47CACBE0809713FEF63B2BE65
:1068E00073F56F3F2A44B8BE9ED86E3F4A1DBEBEA8
:1068F00093B26D3F15EFC3BE5E836C3F53B9C9BE03
:106900000C4B6B3FCA7BCFBEA7096A3F4136D5BE51
:106910003CBF683F80E8DABED86B673F4F92E0BE6D
:10692000880F663F7533E6BE59AA643FBBCBEBBE0A
:106930005A3C633FEA5AF1BE98C5613FCBE0F6BED0
:106940002146603F275DFCBE05BE5E3FE4E700BF19
:10695000532D5D3F3D9C03BF1A945B3F824B06BFA6
:106960006AF2593F9BF508BF5348583F6B9A0BBFDB
:10697000E595563FDA390EBF31DB543FCDD310BF1A
:106980004918533F2A6813BF3D4D513FD9F615BFF3
:106990001F7A4F3FC07F18BF029F4D3FC6021BBFEB
:1069A000F8BB4B3FD17F1DBF12D1493FCBF61FBF74
:1069B00065DE473F996722BF03E4453F25D224BFE8
:1069C00000E2433F563627BF70D8413F159429BF98
:1069D00067C73F3F4AEB2BBFF9AE3D3FDE3B2EBFC3
:1069E0003B8F3B3FBB8530BF4268393FC9C832BF90
:1069F000233A373FF30435BFF304353F233A37BF1B
:106A0000C9C8323F426839BFBB85303F3B8F3BBF6F
:106A1000DE3B2E3FF9AE3DBF4AEB2B3F67C73FBF82
:106A20001594293F70D841BF5636273F00E243BF37
:106A300025D2243F03E445BF9967223F65DE47BF67
:106A4000CBF61F3F12D149BFD17F1D3FF8BB4BBFD3
:106A5000C6021B3F029F4DBFC07F183F1F7A4FBF2A
:106A6000D9F6153F3D4D51BF2A68133F491853BF12
:106A7000CDD3103F31DB54BFDA390E3FE59556BF19
:106A80006B9A0B3F534858BF9BF5083F6AF259BFBA
:106A9000824B063F1A945BBF3D9C033F532D5DBF65
:106AA000E4E7003F05BE5EBF275DFC3E214660BFB8
:106AB000CBE0F63E98C561BFEA5AF13E5A3C63BF4F
:106AC000BBCBEB3E59AA64BF7533E63E880F66BF69
:106AD0004F92E03ED86B67BF80E8DA3E3CBF68BFAC
:106AE0004136D53EA7096ABFCA7BCF3E0C4B6BBF70
:106AF00053B9C93E5E836CBF15EFC33E93B26DBF01
:106B00004A1DBE3E9ED86EBF2A44B83E73F56FBF85
:106B1000EF63B23E080971BFD47CAC3E521372BF22
:106B2000128FA63E471473BFE59AA03EDD0B74BFDB
:106B300086A09A3E0BFA74BF31A0943EC6DE75BFA4
:106B4000229A8E3E07BA76BF938E883EC58B77BF5A
:106B5000C07D823EF85378BFCCCF783E981279BF83
:106B60007F9A6C3E9DC779BF135C603E02737ABF0B
:106B70000115543EBE147BBFC2C5473ECDAC7BBFA2
:106B8000CF6E3B3E283B7CBFA2102F3EC9BF7CBFCF
:106B9000B6AB223EAC3A7DBF8340163ECCAB7DBF48
:106BA00086CF093E24137EBF73B2FA3DB0707EBF1C
:106BB0002EBCE13D6DC47EBF36BDC83D580E7FBFC3
:106BC00080B6AF3D6D4E7FBF05A9963DAB847FBFBC
:106BD000742B7B3D0FB17FBF2FFB483D98D37FBF08
:106BE0002CC3163D43EC7FBFB00AC93C11FB7FBFED
:106BF000900E493C000080BF0000000011FB7FBFE9
:106C0000900E49BC43EC7FBFB00AC9BC98D37FBF8C
:106C10002CC316BD0FB17FBF2FFB48BDAB847FBF18
:106C2000742B7BBD6D4E7FBF05A996BD580E7FBFEF
:106C300080B6AFBD6DC47EBF36BDC8BDB0707EBF6F
:106C40002EBCE1BD24137EBF73B2FABDCCAB7DBFB9
:106C500086CF09BEAC3A7DBF834016BEC9BF7CBF9C
:106C6000B6AB22BE283B7CBFA2102FBECDAC7BBFF3
:106C7000CF6E3BBEBE147BBFC2C547BE02737ABF98
:106C8000011554BE9DC779BF135C60BE981279BFD1
:106C90007F9A6CBEF85378BFCCCF78BEC58B77BFD8
:106CA000C07D82BE07BA76BF938E88BEC6DE75BF32
:106CB000229A8EBE0BFA74BF31A094BEDD0B74BF56
:106CC00086A09ABE471473BFE59AA0BE521372BF46
:106CD000128FA6BE080971BFD47CACBE73F56FBF1E
:106CE000EF63B2BE9ED86EBF2A44B8BE93B26DBFEA
:106CF0004A1DBEBE5E836CBF15EFC3BE0C4B6BBF9F
:106D000053B9C9BEA7096ABFCA7BCFBE3CBF68BF23
:106D10004136D5BED86B67BF80E8DABE880F66BF44
:106D20004F92E0BE59AA64BF7533E6BE5A3C63BFBA
:106D3000BBCBEBBE98C561BFEA5AF1BE214660BF2E
:106D4000CBE0F6BE05BE5EBF275DFCBE532D5DBF2A
:106D5000E4E700BF1A945BBF3D9C03BF6AF259BFD2
:106D6000824B06BF534858BF9BF508BFE59556BFF9
:106D70006B9A0BBF31DB54BFDA390EBF491853BFD2
:106D8000CDD310BF3D4D51BF2A6813BF1F7A4FBFEF
:106D9000D9F615BF029F4DBFC07F18BFF8BB4BBFD0
:106DA000C6021BBF12D149BFD17F1DBF65DE47BFE1
:106DB000CBF61FBF03E445BF996722BF00E243BF84
:106DC00025D224BF70D841BF563627BF67C73FBF03
:106DD000159429BFF9AE3DBF4AEB2BBF3B8F3BBF9C
:106DE000DE3B2EBF426839BFBB8530BF233A37BF79
:106DF000C9C832BFF30435BFF30435BFC9C832BFB9
:106E0000233A37BFBB8530BF426839BFDE3B2EBF58
:106E10003B8F3BBF4AEB2BBFF9AE3DBF159429BF5B
:106E200067C73FBF563627BF70D841BF25D224BFA2
:106E300000E243BF996722BF03E445BFCBF61FBF03
:106E400065DE47BFD17F1DBF12D149BFC6021BBF40
:106E5000F8BB4BBFC07F18BF029F4DBFD9F615BF0F
:106E60001F7A4FBF2A6813BF3D4D51BFCDD310BF0E
:106E7000491853BFDA390EBF31DB54BF6B9A0BBFD1
:106E8000E59556BF9BF508BF534858BF824B06BFD8
:106E90006AF259BF3D9C03BF1A945BBFE4E700BF91
:106EA000532D5DBF275DFCBE05BE5EBFCBE0F6BEC9
:106EB000214660BFEA5AF1BE98C561BFBBCBEBBEAD
:106EC0005A3C63BF7533E6BE59AA64BF4F92E0BE19
:106ED000880F66BF80E8DABED86B67BF4136D5BE83
:106EE0003CBF68BFCA7BCFBEA7096ABF53B9C9BE42
:106EF0000C4B6BBF15EFC3BE5E836CBF4A1DBEBE9D
:106F000093B26DBF2A44B8BE9ED86EBFEF63B2BEC7
:106F100073F56FBFD47CACBE080971BF128FA6BEDB
:106F2000521372BFE59AA0BE471473BF86A09ABEE3
:106F3000DD0B74BF31A094BE0BFA74BF229A8EBED3
:106F4000C6DE75BF938E88BE07BA76BFC07D82BE8F
:106F5000C58B77BFCCCF78BEF85378BF7F9A6CBE15
:106F6000981279BF135C60BE9DC779BF011554BEEE
:106F700002737ABFC2C547BEBE147BBFCF6E3BBE95
:106F8000CDAC7BBFA2102FBE283B7CBFB6AB22BED0
:106F9000C9BF7CBF834016BEAC3A7DBF86CF09BE59
:106FA000CCAB7DBF73B2FABD24137EBF2EBCE1BD56
:106FB000B0707EBF36BDC8BD6DC47EBF80B6AFBDEC
:106FC000580E7FBF05A996BD6D4E7FBF742B7BBD4C
:106FD000AB847FBF2FFB48BD0FB17FBF2CC316BD55
:106FE00098D37FBFB00AC9BC43EC7FBF900E49BCA9
:106FF00011FB7FBF00000080000080BF900E493C65
:1070000011FB7FBFB00AC93C43EC7FBF2CC3163DC8
:1070100098D37FBF2FFB483D0FB17FBF742B7B3DC3
:10702000AB847FBF05A9963D6D4E7FBF80B6AF3D57
:10703000580E7FBF36BDC83D6DC47EBF2EBCE13D3E
:10704000B0707EBF73B2FA3D24137EBF86CF093E77
:10705000CCAB7DBF8340163EAC3A7DBFB6AB223E83
:10706000C9BF7CBFA2102F3E283B7CBFCF6E3B3EEA
:10707000CDAC7BBFC2C5473EBE147BBF0115543E9D
:1070800002737ABF135C603E9DC779BF7F9A6C3EE6
:10709000981279BFCCCF783EF85378BFC07D823E3E
:1070A000C58B77BF938E883E07BA76BF229A8E3EF5
:1070B000C6DE75BF31A0943E0BFA74BF86A09A3E1F
:1070C000DD0B74BFE59AA03E471473BF128FA63E36
:1070D000521372BFD47CAC3E080971BFEF63B23E5D
:1070E00073F56FBF2A44B83E9ED86EBF4A1DBE3EA0
:1070F00093B26DBF15EFC33E5E836CBF53B9C93EFB
:107100000C4B6BBFCA7BCF3EA7096ABF4136D53E49
:107110003CBF68BF80E8DA3ED86B67BF4F92E03E65
:10712000880F66BF7533E63E59AA64BFBBCBEB3E02
:107130005A3C63BFEA5AF13E98C561BFCBE0F63EC8
:10714000214660BF275DFC3E05BE5EBFE4E7003F11
:10715000532D5DBF3D9C033F1A945BBF824B063F9E
:107160006AF259BF9BF5083F534858BF6B9A0B3FD3
:10717000E59556BFDA390E3F31DB54BFCDD3103F12
:10718000491853BF2A68133F3D4D51BFD9F6153FEB
:107190001F7A4FBFC07F183F029F4DBFC6021B3FE3
:1071A000F8BB4BBFD17F1D3F12D149BFCBF61F3F6C
:1071B00065DE47BF9967223F03E445BF25D2243FE0
:1071C00000E243BF5636273F70D841BF1594293F90
:1071D00067C73FBF4AEB2B3FF9AE3DBFDE3B2E3FBB
:1071E0003B8F3BBFBB85303F426839BFC9C8323F88
:1071F000233A37BFF304353FF30435BF233A373F13
:10720000C9C832BF4268393FBB8530BF3B8F3B3F67
:10721000DE3B2EBFF9AE3D3F4AEB2BBF67C73F3F7A
:10722000159429BF70D8413F563627BF00E2433F2F
:1072300025D224BF03E4453F996722BF65DE473F5F
:10724000CBF61FBF12D1493FD17F1DBFF8BB4B3FCB
:10725000C6021BBF029F4D3FC07F18BF1F7A4F3F22
:10726000D9F615BF3D4D513F2A6813BF4918533F0A
:10727000CDD310BF31DB543FDA390EBFE595563F11
:107280006B9A0BBF5348583F9BF508BF6AF2593FB2
:10729000824B06BF1A945B3F3D9C03BF532D5D3F5D
:1072A000E4E700BF05BE5E3F275DFCBE2146603FB0
:1072B000CBE0F6BE98C5613FEA5AF1BE5A3C633F47
:1072C000BBCBEBBE59AA643F7533E6BE880F663F61
:1072D0004F92E0BED86B673F80E8DABE3CBF683FA4
:1072E0004136D5BEA7096A3FCA7BCFBE0C4B6B3F68
:1072F00053B9C9BE5E836C3F15EFC3BE93B26D3FF9
:107300004A1DBEBE9ED86E3F2A44B8BE73F56F3F7D
:10731000EF63B2BE0809713FD47CACBE5213723F1A
:10732000128FA6BE4714733FE59AA0BEDD0B743FD3
:1073300086A09ABE0BFA743F31A094BEC6DE753F9C
:10734000229A8EBE07BA763F938E88BEC58B773F52
:10735000C07D82BEF853783FCCCF78BE9812793F7B
:107360007F9A6CBE9DC7793F135C60BE02737A3F03
:10737000011554BEBE147B3FC2C547BECDAC7B3F9A
:10738000CF6E3BBE283B7C3FA2102FBEC9BF7C3FC7
:10739000B6AB22BEAC3A7D3F834016BECCAB7D3F40
:1073A00086CF09BE24137E3F73B2FABDB0707E3F14
:1073B0002EBCE1BD6DC47E3F36BDC8BD580E7F3FBB
:1073C00080B6AFBD6D4E7F3F05A996BDAB847F3FB4
:1073D000742B7BBD0FB17F3F2FFB48BD98D37F3F00
:1073E0002CC316BD43EC7F3FB00AC9BC11FB7F3FE5
:1073F000900E49BC00020000F463040074600400B5
:10740000C001000000A0105000820D500004055083
:107410007F000000FFFF0100FF07000008000000E0
:1074200002000000040000000100000000A0105055
:1074300000820D50000405507F000000FFFF010096
:10744000FF0700007CFB04008AFB04009EFB040095
:10745000ADFB0400B9FB0400144204002442040004
:107460007C42040084420400E4420400EC42040034
:10747000BFFC0400000100008813000000388A40AF
:107480008F409440A140A640AC401548CB40AE4050
:10749000A3400038003800380038CE40ED409D4110
:1074A00049415641324137413C414141B941BE41D8
:1074B000D7410E42FA418D411B42804162426A42ED
:1074C000774274436E4366437F432E482446003818
:1074D000003800380038AF48D548F34863457D454B
:1074E00085439D45A845BB45E345ED45CF45FC4556
:1074F00015468C466E4695468E4600380038003854
:107500002842003800380038003800380038003889
:107510000038003800380038003800381949194957
:10752000194919491949194919491949194919494B
:10753000003800380038003800380038003800388B
:10754000003800380038003800380038003800387B
:10755000003800380038003800380038003800386B
:10756000003800380038003800380038003800385B
:107570000038003800380038003800388C090038EE
:10758000FFFFFF000000000010270081878A001A1B
:107590007B627AA678797A8D00307B627AA77879D7
:1075A0007A8D003078207B6279217A220C10865007
:1075B00082A2808182A28287828D001A003072208E
:1075C00095407AAC797B003078247B627AA8847904
:1075D0007A8D00307224A7407B2479257A26856233
:1075E00086A87284868D11A68584116286A78586F9
:1075F00084208621862286509A5086A6867286A886
:107600008685868D8462868D781086A67270001AB3
:1076100000307ABB7879003000830030001C001CF9
:10762000001C001C001B7C22001D1310D040001AFF
:10763000001C001C001C001B7C22001D001B7C2267
:10764000001D1310DA40001A000C016A3427001ADA
:10765000006E1027001A7B62782479257A260C1098
:1076600086500E1022590E101A59848FC50811B871
:1076700085850410295911A284871AA2111111209D
:10768000071890A2801A9020001919A272871AA6D2
:107690001970001B7C201AA21A8013100B410E10C7
:1076A0001D590410335986A21A72868D001A0030B3
:1076B000870811B8858211A284871AA2111111209E
:1076C000031890A2801A9020001915A281871AA28F
:1076D00015151520031890A2801A90200019074153
:1076E0008650052408250426F540865004240625E6
:1076F0000526F54086500C2406250B26F5408650BD
:107700000B2408251A26F55000AB0C1A00300DA7E3
:1077100002720AAC060D0EA703720BAC060E0262D3
:107720000CA872030C8D00307DBB0203048F05A6EC
:10773000707003628650042072210E229A500070ED
:10774000108A0E240B250E26F35002728650042058
:1077500072210D229A5002721027108A0D240A25D8
:107760000D26F35005A70D0E05200C2105229A5079
:10777000007005BB030505A60E05003002628650A9
:10778000042072210D229A500070108A0D240A25BF
:107790000D26F35000300DA70D0E05A67070027275
:1077A00086500C200D2105229A50007005BB030560
:1077B00005A60E05003002620DA7027203620EA735
:1077C000037201BB0D0E00BB02030D200E218022AF
:1077D00082AC8081812082213910A941006201A8F8
:1077E0000180018D012408250626B15000300324B4
:1077F000062508268650F340032405250A268650D0
:10780000F350026286500A2072210A229A503810E0
:10781000003906200A210B229A500BA60B0C0BA84C
:107820000B050B8D38100039003002620A8E0A8F6A
:107830000B8E0B8F072787500EA8720B0C200E2182
:107840000D229A500A200E210E229A500062865074
:1078500003240D251A2608210E221A5102620081E6
:1078600007271A2072211A229A5000AB0A1A0030F8
:1078700086500DBB08060DA6040D032406250E2612
:10788000F3500E2007210E229A500EA7050E0E8DE2
:107890000E240D250B26F34086500A2408250D26BC
:1078A000F35002200D210E229A500E240C250B2697
:1078B000F340865007200A210D229A5003240C25FC
:1078C0000E26F35005A60D0E058D0030865001A73B
:1078D00000720AB9010006240A250426F55077A78C
:1078E000047238100030011877A7040138100030F6
:1078F0000420042104229A5077A704723810003C17
:10790000001977A704013910003C0030A0A27210C2
:10791000685380A2811090A2911002109653081013
:107920005B541410FB5439108134001A000C86503B
:1079300033A2041002102D440810D74414105B45E4
:1079400058522620782148522621001C7A20CC4209
:1079500058522620782148521D2079214A5226204B
:1079600026211D22001E7A20CC42585278247925E7
:107970007D527A20CC4211208421485211201010CF
:107980007A590E10364901218526006886AC860199
:107990002EA67070C1522E2236102C2235A7868258
:1079A000006CC80811B83581EA5026201121001C4E
:1079B000262002101254112126220718B12002108D
:1079C00015540810C7541410515580210019E35262
:1079D00026202621D0501122BC520068C152006CD2
:1079E0002320361026201B220318001E8021001998
:1079F0002621001A001B0B102320001F001A2CBA8E
:107A000073742CBA2C2C2CA72C742DA7018677A765
:107A10002D2C001AA122DC5202108D530810545450
:107A20001410F65480A2807290A29072808D908D76
:107A3000001A003082A2821082A2827282A8108272
:107A4000001A2C2013211622071880A2818280217F
:107A50009020B22200193222DC5229A2322828A218
:107A6000323131A2292525A2293030A2312222A289
:107A7000312F2FA2301F1FA2302E2EA22F1C1CA28E
:107A80002F2D2DA22E1919A22E2C2CA22D1616A2A6
:107A90002D132FA6117030A6127031A6137013A6E5
:107AA0002C7011201121081802108D530810545405
:107AB0001410F654A020B121001926A62F7027A675
:107AC000307028A63170001A1120842148521D20E0
:107AD000822148528A0811B885831420112111226D
:107AE000001C05188024B1208421001E00192020CC
:107AF0001D211D22001C05188024B1208421001E98
:107B00000019E352262026211922001EDA501122E4
:107B1000BC5219222620BC5277A22872F81082107B
:107B200077A7850177108620CC4285A6850183A69C
:107B3000830183A6830113A272101DA619701EA6CD
:107B40001A701FA613702C43585278210810E04475
:107B5000818F918F001A003077A701003810013A09
:107B6000001A00305852042168530210395408108A
:107B7000F0543810053A001A003058522620782167
:107B80004A52001A00305852151075536E53262071
:107B900002214A5200302DA2A1A12EA2A12D80A225
:107BA000812D90A2912E001A2FA205102EA2808066
:107BB0002CA280332EA22E802DA290902EA62E2CA9
:107BC0002EA62F2E2CA72D2E2CA22C722C8D001A17
:107BD00030A691912CA681812DA230911A10E243FA
:107BE00031A2A1A11810C5432EA2818131A2313149
:107BF0002CA22C2D31A231332FBA2E742EA62F3168
:107C000031A62C2CD1432EA681312FA781312CA255
:107C10002C2D2EA22E2F31A62C2C2EBA2E742DA256
:107C20002D2D2FA22E2E2DA62D2D80A72F3131A741
:107C30002C80A0A230A12FA22E3190A72F2D001AA8
:107C40002EA281812CA22C2DCD4331A67092ED4322
:107C500031A77092ED4330A2A1A12FA231A131A290
:107C600030822FA22F3031A731812FA72F9130A240
:107C70003131A0A231A12CA2813030A231302EA608
:107C80002C2C31A22F2F2EA6302E80A7312E2CA7E0
:107C90002C802EA2913031A22F2C90A7312E001AC9
:107CA000B0A2A0A0001A2EA670921B442EA770921C
:107CB0001B442DA2A2B231A2A1A12CA281B22FA25B
:107CC000A13131A282312DA2912D2FA22E2F2EA2D1
:107CD000A1A22C21F543AAC3E7D3EAE32CA604749E
:107CE00077A72C00381477A604707814001A2DA2F8
:107CF00005102EA633332FA62D2D2EA22E2E2FA605
:107D00002F2D2EA22E332FA22F2F30A62F2F2EA6AF
:107D10002E2F2FA62E3077A22F72001A90A77090C8
:107D2000908D001A2DA2A1A180A281A190A2912DD7
:107D3000001A2FA205102EA280802CA280332EA222
:107D40002E802CA22C802DA2909030A280902EA666
:107D50002E2C2DA62D302EA62F2E2CA72D2E001A20
:107D60002CA281A12DA281812EA62D912DA22D2D97
:107D7000A0A22C2C2CA22C2E2EA22E2E1810854424
:107D80002FA2A03387442FBAA0042EA62E2C80A6A3
:107D90002E2F2CA6A02C2DA22DA02CA22C8090A69C
:107DA0002C2D001A702398448223984431A6839284
:107DB0002FA282A130A2A1A130A2313031A28181B3
:107DC00032A22F2F29A6313231A63191A0A229A1AA
:107DD00031A22F312EA6812F32A630322FA691301C
:107DE00032A281322FA22F2E2CA2812F2DA22991D7
:107DF00080A632312CA62C2D32A62FA031A22C2900
:107E000029A2328090A63129001A30A2A1A12DA268
:107E1000A2A22CA281A22FA282A12DA2912D30A2DA
:107E200092302EA2A1A22C21A04472C494D496E434
:107E3000006877A772043714006C001A2DA27287AD
:107E40002CA22D8177A7812C391081362CA22D915F
:107E500077A7912C39109136001A003077A605705B
:107E6000001A90A68090001A80A281A190A291A1F0
:107E7000001A31A272102CA280802DA290902EA602
:107E80002C2D2FA22C2D2FA2332F2FA62F312EA732
:107E90002E2F2E8D001A2CA6819130A281812DA229
:107EA00091912EA2A1A12CA22C2C2EA62E2E2FA673
:107EB000302D2DA7302D2CA72C2F2EA72F2E90A2A2
:107EC0002D2F80A22C2EA0A22E2F001A2EA670825B
:107ED0002E452EA770822E452FA2A1922EA2A12E52
:107EE00030A2819131A22E2F32A6912E2EA7812E63
:107EF0002CA6812F2FA6912F32A22C322CA22E2F0E
:107F00002EA630312FA7303130A72C2F31A7322E9B
:107F100080A22E3090A22F31A0A23031001A2CA2C4
:107F2000A2812DA2A2912FA2A1922EA2A1822C21E8
:107F300032450DC528D52BE5001A80A77080808DAD
:107F4000001A5852022407257D522620CC52E650B2
:107F50008750262072210A229A50381000390620B4
:107F60000A210B229A500BA60C0B0BA80B070B8DAA
:107F7000381000390030E65087500A8E0A8F0B8E79
:107F80000B8F0DA8720B0C200D2135229A500A2060
:107F90002B229A50EA50585208222B2302243525CE
:107FA00026262653E6500081262072212C229A5044
:107FB00000AB0A2C0030E6502BA872062B8DEA503D
:107FC000585202242B257D520820CC42000C00641C
:107FD00035A60A0CE65087503520722135229A507A
:107FE0000BA7073506200B210B229A5038100039B9
:107FF0000030000C006435A60A0CE65087500B8F49
:108000003520722135229A50EA50585208220B230B
:10801000022435250D2626530030585226200B21E8
:1080200048521D2006214A52262026211D22001ECC
:108030001D2008214A52262026211D22001E0D2027
:10804000CC42E65087500B200C210A229A5082A77E
:108050000882828D0030585208220C2378240A2589
:108060002626265300682620062100AB818000AB1F
:108070009190003058520620021050540810F354CA
:1080800014105F5506240B257D521D2008214A52ED
:10809000262026211D22001E1120CC5211240A2543
:1080A0007D520D20CC42E65087500A200D212B2214
:1080B0009A50EA50CF550BA62B700D240B257D52FC
:1080C0000820CC428650000800B8797917A70173C0
:1080D000179E179E0BA2781017A217100C200E22C5
:1080E00080A60B7090A2721082A6907092A67070FB
:1080F00068460E227AA882927A8D00300E210C22D8
:1081000011A6819112A7819113A2111114A212122A
:1081100015A6829216A7829215A2151216A2111602
:1081200011A7131481A2131412A2171114A6151665
:1081300015A7151682A2141416A2151513A613124C
:1081400092A2160B91A2111312103B46001B0A10AB
:1081500040460C210E22424606217A5608217C56C2
:1081600036A2060B36A236870AA608360A8D0030DC
:10817000E650875091A2918736A2768736A2913633
:1081800081A2818781A6368181A28172818D91A68B
:108190007070001A02248F46062408217A56EA508D
:1081A0001410C447F34606217A560A8FEA50141079
:1081B000C9471C4735A2811034A2911031A2353530
:1081C00036A2343433A2041035A2313634A27210F0
:1081D00033A2333531A7363136A6343331A73136A1
:1081E000318D39108134001A31A2911036A2041059
:1081F00031A2313133A2721036A2363131A7313378
:1082000036A6363333A2363633A2333634A233336E
:1082100035A2343635A2353134A2313335A2357228
:10822000358D33A7007333A73374339E339E339E4B
:10823000352433253526F55035A2351034A2343592
:1082400033A2343433A2333633A63331338D722024
:108250003810052081A23480818D7D1081A7008196
:10826000001A000C8650D00811B8080132A2041080
:1082700032A6323284210C20A5570C212D2088579C
:108280001120AE57071880222D21C0205D57802174
:10829000AE5700190C210C2088C75DD768E7D05075
:1082A000112217570A20B9570030001B0C200B1061
:1082B0002D206847000C86500821B6569C5632A2E5
:1082C000041032A63232920811B80A0602210C209C
:1082D000A5570C212D2088571120AE570318802256
:1082E0002D21C0205D578021AE5700190821212083
:1082F000A55721212D2088572120AE570318802211
:108300002D21C0205D578021AE5700190C2121225C
:108310000C205D5788C75DD768E7DA5011221757E0
:10832000212217570C20B95777A680703E100039CC
:1083300000AB0B90003031A6918136A7918131A21C
:10834000318236A2369233A670B2734731A691813C
:1083500036A7918131A2319236A2368233A770B20C
:10836000734734A2A1A233A2B13335A6313631A767
:10837000313636A7343333A6343380A2313690A257
:108380003533A0A23633B0A23531001A31A691811F
:1083900036A7918134A2313133A2313631A2A1B155
:1083A00036A2A1A131A6313136A6363636A73633EC
:1083B00034A7343180A23136A0A2363390A23334B0
:1083C000B0A23134001A80A2811090A29110A0A214
:1083D0007210B0A28090001A31A6918190A791816D
:1083E00080A63170A0A6A1A1B0A2B132001A35A218
:1083F000721035A835A180A2813590A29135808D6B
:10840000908D001A082558527D520A20CC425852AD
:108410000821DB5708205F550822062302240A257D
:108420002626265377A626703E100B3900AB0B2765
:108430000030918F2CA291872DA272872CA22C2C18
:108440002EA72C2D2CA22C332CA72C2D2DA22E2E7A
:108450002FA22E2C2DA22D2F2FA22F2F2FA22D2F6A
:108460002FA22F722F8D30A70074309E309E2F24A4
:1084700030252F26F5502FA22F872DA22F2D2FA28A
:108480002D2D2FA22F2C2FA72F2E2F8D3910913469
:1084900081A22D72818D7C1081A7008177A7810038
:1084A00037109134001A000C7B62865078231BA68B
:1084B0007D721B9E341043481B9E83241B257A2605
:1084C000F5507A207A211B229A501BA71B831B8D03
:1084D0003910003D001A00305852782078211C22B3
:1084E0009A501CA61C041C209A501CA61C051C8D0E
:1084F0001C23195877A67A703D1000307AA7007AAD
:1085000000301DA77D721EA61D701E9E83241E2591
:108510007A26F550381000301EA77A723910003DC7
:108520001FA283101DB91D0020A6757021A2721014
:1085300022A6212122239E5824A6287025A67570E4
:10854000A85823A72821238D39106B4822A6222161
:108550005C481DA71D721D9E1F239E5826A21F2822
:1085600027A2262828A72721288D381099482AA62F
:10857000727029A2272728A72921288D381087481B
:1085800029A229292AA62A727D481EA7202A28A6C0
:10859000247025A61E70A8582BA6287024A22B2B69
:1085A00020A62A7026A22B2627A2272474487AA266
:1085B00026727A8D001A003023A28372238D232421
:1085C0001D252326F55028A22310001A25A7257261
:1085D0003810001A28A22828A84806100038585237
:1085E000022407257D522620CC5200680AA60C8062
:1085F0000AAC0A01381000392AA67206E6502BA8E8
:10860000722A2AAC2B0187500A2006212B229A506D
:108610002BA7072B2BAC2B012A202B210B229A50A6
:1086200038100039003006100038E65087500A8EA6
:108630000A8F0B8E0B8F2AA60A0B2AAC2A01381040
:108640000039EA50585208222A2302240B252326F7
:108650002653E6502AA60C232AAC2A0100AB0A2A8C
:108660000030061000385852E65087502AAC0D0FE3
:108670002AA62A0F2A2007212A229A502AA6062A49
:108680002AAC2A012BAC0A0F2BA62B0F2B202A2158
:108690002B229A502BBB2B0C2ABB2A0CEA50585287
:1086A00008222A230A242B250D26265300300038C1
:1086B00085A9010F001A11BA010F85A78511001AAB
:1086C000007001A67070007001A77D72001A007022
:1086D00009A67070007009BB7D0F7D2109620081C1
:1086E000001A81620081001A0F210F260068868E11
:1086F000C15236108636006C021050590310875252
:1087000011A6267012A6277013A62870E65036A868
:10871000850F368D01213626EA508742900811B820
:10872000868615D418E4112012541D201121001C36
:10873000125411211D220318C120001E1254802141
:10874000001926A6117027A6127028A613702620DD
:108750002621001C001C001C001B7C22001D262161
:1087600013106B491122BC522621E7D3EAE3001A09
:1087700000680F8E006C2CA20F10875902108759C9
:10878000A0A2A02C15108959001A80A2802C90A2BA
:10879000902C001AFA1ED65F0001010000020200B0
:1087A000001400000028000000400000010000004C
:1087B000020000000F000000100000001000000088
:1087C000200000001000000010000000D08704000E
:1087D0001100000011280000110800000100000035
:1087E000E48704000000000000000000000000001A
:1087F000000000000000000030000000C000000089
:1088000018000000310000000000000030000000EF
:10881000E00000001C000000390000000000000023
:1088200030000000000100002000000041000000B6
:10883000000000003000000040010000280000009F
:108840005100000000000000300000008001000026
:108850003000000061000000000000003000000057
:108860000002000040000000810000000000000045
:1088700017000000C00000001800000031000000D8
:108880000000000017000000E10000001D000000D3
:108890003B00000000000000170000000001000085
:1088A0002000000041000000000000001200000055
:1088B000C0000000180000003100000001000000AE
:1088C00012000000E00000001C0000003900000061
:1088D0000100000012000000000100002000000064
:1088E00041000000010000001200000040010000F3
:1088F00028000000510000000100000012000000EC
:108900008001000030000000610000000100000054
:108910001200000009020000420000008500000073
:108920000100000041000000FF00000020000000E6
:10893000200000000000000041000000C001000015
:108940003800000038000000000000004200000075
:10895000FF000000200000002000000000000000D8
:1089600042000000C0010000390000003900000092
:10897000000000000000100020000000B3FF040011
:10898000C0000000888904002600001000000000DC
:10899000003000000C00000000000000A08904006E
:1089A00022000010000C0000003100000C0000004C
:1089B00000000003000000000000000000000000B4
:1089C0000000000000000040955969595555545564
:1089D00015555556040515411054554045515544FB
:1089E0004045504450555545004000404004449691
:1089F000655556554540455451411540559155557D
:108A00005555405105010000544554544555050441
:108A10000010041014044000000001405555154199
:108A200054040000440001000000004041000044E4
:108A30005044455054005555545565510040004030
:108A40000100000100050100115451515455550514
:108A50000000000000000000000000006937AC3199
:108A600068212233B40F14336821A2333863ED3EFA
:108A7000DA0F493F5E987B3FDA0FC93F00002A2B8F
:108A800000002A2B000003280000292B0000292BBE
:108A900000000328000002290000052A0000052A22
:108AA0000000032800000118000000280000012A2F
:108AB0000000012A000003280000002A0000002A0C
:108AC00000000328000000180000002825633A2059
:108AD00052616E67696E672064617461206F7665AC
:108AE000727772697474656E2025690A0025633A8D
:108AF00020436F6E6E656374696E670A0025633A82
:108B0000204572726F72207768696C6520726561AA
:108B100064696E67205241532066656174757265A1
:108B200020626974732028657272202564290A0006
:108B300025633A2052656164205241532066656185
:108B40007475726520626974733A20307825780AEA
:108B50000025633A2043532070726F636564757219
:108B6000657320656E61626C65643A0A202D20632E
:108B70006F6E6669672049443A2025750A202D20CA
:108B8000616E74656E6E6120636F6E666967757283
:108B90006174696F6E20696E6465783A2025750A84
:108BA000202D20545820706F7765723A202564205C
:108BB00064626D0A202D207375626576656E74207F
:108BC0006C656E6774683A2025752075730A202DD0
:108BD000207375626576656E7473207065722065AA
:108BE00076656E743A2025750A202D2073756265AE
:108BF00076656E7420696E74657276616C3A2025B4
:108C0000750A202D206576656E7420696E74657214
:108C100076616C3A2025750A202D2070726F63658D
:108C20006475726520696E74657276616C3A202590
:108C3000750A202D2070726F6365647572652063FC
:108C40006F756E743A2025750A202D206D61786944
:108C50006D756D2070726F636564757265206C65EB
:108C60006E6774683A2025750A0025633A204353DD
:108C70002070726F636564757265732064697361D7
:108C8000626C65642E0A0025633A2043532070729B
:108C90006F6365647572657320656E61626C6520D3
:108CA0006661696C65642E202848434920737461AD
:108CB00074757320307825303278290A0025633A9C
:108CC0002052656D6F7465204353204641452074E2
:108CD00061626C652065786368616E676520636FAB
:108CE0006D706C657465642E0A0025633A205265C8
:108CF0006D6F746520435320464145207461626C5A
:108D0000652065786368616E6765206661696C657A
:108D1000642E202848434920737461747573203091
:108D20007825303278290A0025633A2052415320B1
:108D3000646973636F76657279206661696C6564D6
:108D40002028657272202564290A0025633A205282
:108D500041532073657276696365206973206E6F75
:108D60007420617661696C61626C65207965740A52
:108D70000025633A2044726F7070656420737562D9
:108D80006576656E7420726573756C74732E2057EA
:108D9000616974696E6720666F722072616E6769BF
:108DA0006E6720646174612066726F6D2070656506
:108DB000722E0A0025633A204E6F7420656E6F751F
:108DC0006768206D656D6F727920746F2073746FA2
:108DD0007265207374657020646174612E2028258B
:108DE00064203E202564290A0025633A2050726FD2
:108DF0006365647572652025752061626F727465A4
:108E0000640A0025633A20446973636F6E6E65637C
:108E10007465642028726561736F6E203078253028
:108E20003258290A0025633A20436F6E6E656374D9
:108E3000696E67206661696C65642C207265737465
:108E4000617274696E67207363616E6E696E670A22
:108E50000025633A204661696C656420746F207256
:108E6000657374617274207363616E6E696E6720DE
:108E700028657272202569290A0025633A20546802
:108E80006520646973636F766572792070726F63B1
:108E90006564757265207375636365656465640AEE
:108EA0000025633A20524153205252455120616CB3
:108EB0006C6F6320696E6974206661696C656420FB
:108EC00028657272202564290A0025633A20436FC1
:108ED000756C64206E6F742072656C6561736520BB
:108EE00074686520646973636F7665727920646164
:108EF00074612028657272202564290A0025633A6E
:108F000020435320736563757269747920656E61BF
:108F1000626C65642E0A0025633A20435320736512
:108F200063757269747920656E61626C6520666133
:108F3000696C65642E2028484349207374617475F8
:108F40007320307825303278290A0025633A20438F
:108F500053206361706162696C697479206578631C
:108F600068616E676520636F6D706C657465642EF3
:108F70000A0025633A2050656572204353206361DF
:108F800070733A20636F6E666967733D25752C2098
:108F90006D61785F636F6E73656375746976653D47
:108FA00025752C20616E74656E6E61733D25752C80
:108FB0002070617468733D25750A0025633A20505E
:108FC00065657220435320636170733A2072656651
:108FD0006C6563746F723D25752C205254545F414B
:108FE000415F4E3D25752C205254545F41415F70C6
:108FF0007265636973696F6E3D25752C2050485901
:109000005F324D3D25750A0025633A205065657233
:1090100020435320636170733A20776974686F75D9
:10902000745F4641453D25752C206D6F64655F3347
:109030003D25752C20636873656C5F33633D257532
:109040000A0025633A204353206361706162696CB2
:109050006974792065786368616E67652066616907
:109060006C65642E202848434920737461747573BD
:10907000203078253032782C20706172616D732039
:109080002570290A0025633A204765742072616EB5
:1090900067696E672064617461206661696C6564EC
:1090A0002028657272202564290A0025633A204D24
:1090B00054552065786368616E6765206661696CE8
:1090C00065642028657272202564290A0025633AA8
:1090D000204D54552065786368616E67652073750F
:1090E000636365737320282575290A007075626CA7
:1090F0006963007075626C69632D69640072616EEA
:10910000646F6D2D69640030782530327800253029
:1091100032583A253032583A253032583A253032D2
:10912000583A253032583A253032582028257329AC
:109130000025633A2053656375726974792066610E
:10914000696C65643A202573206C6576656C202512
:1091500075206572722025642025730A0025633A04
:10916000205365637572697479206368616E676501
:10917000643A202573206C6576656C2025750A009D
:1091800025633A2046696C74657273206D6174635F
:109190006865642E20416464726573733A20257398
:1091A00020636F6E6E65637461626C653A2025643E
:1091B0000A0025633A20436F6E6E65637465642010
:1091C000746F202573202865727220307825303224
:1091D00058290A0025633A20496E76616C6964203B
:1091E000616E74656E6E6120706174682E0A003164
:1091F0002028525454292C206E6F207375626D6F95
:10920000646500322028504252292C206E6F207352
:1092100075626D6F646500332028525454202B20F2
:10922000504252292C206E6F207375626D6F6465F9
:109230000032202850425229202B207375626D6F16
:10924000646520312028525454290032202850428D
:109250005229202B207375626D6F6465203320289E
:10926000525454202B20504252290033202852546B
:1092700054202B2050425229202B207375626D6F91
:109280006465203220285042522900496E76616C74
:1092900069640025633A20435320636F6E666967F3
:1092A000206372656174696F6E20636F6D706C65A9
:1092B00074652E0A202D2069643A2025750A202D18
:1092C000206D6F64653A2025730A202D206D696E2C
:1092D0005F6D61696E5F6D6F64655F7374657073F8
:1092E0003A2025750A202D206D61785F6D61696EC9
:1092F0005F6D6F64655F73746570733A2025750ADE
:10930000202D206D61696E5F6D6F64655F726570A1
:1093100065746974696F6E3A2025750A202D206D79
:109320006F64655F305F73746570733A2025750AEA
:10933000202D20726F6C653A2025730A202D207233
:1093400074745F747970653A2025730A202D206348
:10935000735F73796E635F7068793A2025730A20B2
:109360002D206368616E6E656C5F6D61705F726504
:109370007065746974696F6E3A2025750A202D2016
:109380006368616E6E656C5F73656C656374696F4D
:109390006E5F747970653A2025730A202D2063680A
:1093A00033635F73686170653A2025730A202D204E
:1093B000636833635F6A756D703A2025750A202DE6
:1093C00020745F6970315F74696D655F75733A20F1
:1093D00025750A202D20745F6970325F74696D6590
:1093E0005F75733A2025750A202D20745F666373BC
:1093F0005F74696D655F75733A2025750A202D20AD
:10940000745F706D5F74696D655F75733A20257563
:109410000A202D206368616E6E656C5F6D61703A25
:109420002030782530385825303858253034580ABF
:109430000A0025633A20435320636F6E66696720F4
:109440006372656174696F6E206661696C65642E14
:10945000202848434920737461747573203078253F
:10946000303278290A0025633A204572726F7220E3
:109470007768656E20726563656976696E672072CC
:10948000616E67696E6720646174612077697468D2
:109490002072616E67696E6720636F756E746572A6
:1094A0002025642028657272202564290A0025631E
:1094B0003A2052616E67696E67206461746120644E
:1094C000726F7070656420617320706565722072C0
:1094D000616E67696E6720636F756E746572206474
:1094E0006F65736E2774206D61746368206C6F63A1
:1094F000616C2072616E67696E67206461746120BF
:10950000636F756E7465722E2028706565723A20DF
:1095100025752C206C6F63616C3A202575290A0033
:1095200025633A20416C6C207375626576656E74B4
:109530007320696E2072616E67696E6720636F7554
:109540006E74657220257520776572652061626F83
:10955000727465640A00434D414B455F534F555249
:1095600043455F4449522F7372632F6D61696E2EBC
:109570006300415353455254494F4E204641494C94
:1095800020402025733A25640A00324D00314D00F9
:1095900025633A205374617274696E672043686171
:1095A0006E6E656C20536F756E64696E6720496ED0
:1095B00069746961746F722053616D706C650A0023
:1095C00044495354414E43455F4353565F484541D8
:1095D0004445522C757074696D655F6D732C7261B2
:1095E0006E67696E675F636F756E7465722C616E0E
:1095F00074656E6E615F706174682C696666745F15
:109600006D2C70686173655F736C6F70655F6D2C36
:109610007274745F6D0A0050484F4E4543535F4467
:10962000495354414E43455F4845414445522C758A
:109630007074696D655F6D732C72616E67696E67BA
:109640005F636F756E7465722C616E74656E6E61AA
:109650005F706174682C7261775F626573745F64B8
:10966000697374616E63655F6D2C706565725F61AF
:109670006464726573730A0025633A20436F6E73E6
:109680006F6C652055415254206973206E6F7420B1
:1096900072656164790A0025633A20426C756574CD
:1096A0006F6F746820696E6974206661696C6564A7
:1096B0002028657272202564290A0025633A204615
:1096C00061696C656420746F2072656164206C6FE1
:1096D00063616C204353206361706162696C6974DB
:1096E0006965732028657272202564290A00256344
:1096F0003A204C6F63616C20435320636170733A6E
:1097000020616E74656E6E61733D25752C207061ED
:109710007468733D25752C206D6F64655F333D253E
:10972000752C205048595F324D3D25752C206368BB
:1097300073656C5F33633D25750A0025633A2053DA
:10974000657474696E6773206C6F6164206661690B
:109750006C65642028657272202564290A002563DF
:109760003A205363616E6E696E672066696C74653A
:1097700072732063616E6E6F74206265207365740E
:109780002028657272202564290A0025633A204644
:10979000696C746572732063616E6E6F74206265AC
:1097A000207475726E6564206F6E20286572722059
:1097B0002564290A0025633A205363616E20696E8F
:1097C0006974206661696C65642028657272202561
:1097D00064290A0025633A205363616E6E696E67DF
:1097E000206661696C656420746F207374617274A3
:1097F0002028657272202569290A0025633A2046CF
:1098000061696C656420746F20656E637279707431
:1098100020636F6E6E656374696F6E202865727267
:10982000202564290A0025633A204661696C656435
:1098300020746F207265616420636F6E6E6563745F
:10984000696F6E207365637572697479202865721B
:1098500072202564290A0025633A2054696D6564E5
:10986000206F75742077616974696E6720666F7206
:109870002070616972696E672F656E6372797074AA
:10988000696F6E0A0025633A204661696C65642041
:10989000746F207374617274204D54552065786321
:1098A00068616E67652028657272202564290A0048
:1098B00025633A2054696D6564206F757420776163
:1098C0006974696E6720666F72204D545520657803
:1098D0006368616E67650A0025633A20416E6472B1
:1098E0006F69642052616E67696E67204F4F422036
:1098F0007365747570206661696C65642028657293
:1099000072202564290A0025633A20576169746929
:109910006E6720666F7220416E64726F69642052B8
:1099200041532073657276696365202825642F256D
:1099300064290A0025633A204661696C65642074D5
:109940006F20636F6E666967757265206465666116
:10995000756C742043532073657474696E6773204B
:1099600028657272202564290A0025633A20436F16
:10997000756C64206E6F74206765742052415320AB
:1099800066656174757265732066726F6D207065AF
:1099900065722028657272202564290A0025633AC1
:1099A000205241532052524551205265616C2D7412
:1099B000696D652072616E67696E672064617461AC
:1099C00020737562736372696265206661696C6594
:1099D000642028657272202564290A0025633A20D4
:1099E00052415320525245512072616E67696E6731
:1099F0002064617461206F76657277726974746532
:109A00006E20737562736372696265206661696C4A
:109A100065642028657272202564290A0025633A4E
:109A20002052415320525245512072616E67696E37
:109A30006720646174612072656164792073756266
:109A4000736372696265206661696C65642028656C
:109A50007272202564290A0025633A20524153205E
:109A600052524551204F6E2D64656D616E642072B7
:109A7000616E67696E6720646174612073756273DB
:109A80006372696265206661696C6564202865722D
:109A900072202564290A0025633A2052415320523E
:109AA0005245512043502073756273637269626539
:109AB000206661696C6564202865727220256429BE
:109AC0000A0025633A204661696C656420746F2042
:109AD00065786368616E67652043532063617061D8
:109AE00062696C69746965732028657272202564E7
:109AF000290A0025633A20506565722072657175E8
:109B00006972657320612072656D6F7465204353BF
:109B100020464145207461626C653B20737461721C
:109B200074696E672065786368616E67652E0A00E8
:109B300025633A204661696C656420746F207374F4
:109B40006172742072656D6F7465204353204641C5
:109B500045207461626C652065786368616E676535
:109B60002028657272202564290A0025633A204363
:109B7000616E6E6F7420636F6E74696E75652077A9
:109B80006974686F75742074686520726571756991
:109B90007265642072656D6F746520435320464181
:109BA00045207461626C650A0025633A2050656542
:109BB0007220737570706F727473204353207769CD
:109BC00074686F7574204641453B2072656D6F74F3
:109BD00065204641452065786368616E6765206948
:109BE00073206E6F742072657175697265642E0AD8
:109BF0000025633A204661696C656420746F2063B8
:109C0000726561746520435320636F6E66696720D7
:109C100028657272202564290A0025633A2046616E
:109C2000696C656420746F2073746172742043538F
:109C300020536563757269747920286572722025D6
:109C400064290A0025633A2043532070726F6365CC
:109C50006475726520706172616D65746572733AC6
:109C6000206D61785F6C656E3D25752C20696E7482
:109C7000657276616C3D25752C20636F756E743D41
:109C800025752C207375626576656E743D393832A2
:109C9000302075732C20706565725F616E74656E1F
:109CA0006E613D332C205048593D25730A002563D1
:109CB0003A204661696C656420746F207365742076
:109CC00070726F63656475726520706172616D6535
:109CD000746572732028657272202564290A002534
:109CE000633A2057616974696E6720666F7220411C
:109CF0006E64726F6964204C4C2070726F6365648F
:109D00007572657320746F20736574746C650A00D6
:109D100025633A204661696C656420746F20717513
:109D20006575652043532070726F63656475726555
:109D300020656E61626C6520286572722025642939
:109D40000A0025633A2054696D6564206F7574209C
:109D500077616974696E6720666F72204353207063
:109D6000726F63656475726520656E61626C6520F3
:109D7000636F6D706C6574696F6E0A0025633A20BD
:109D800043532070726F63656475726520656E6100
:109D9000626C652073746F70706564206F6E20480C
:109DA000434920737461747573203078253032789C
:109DB0000A0025633A2043532070726F636564750F
:109DC000726520636F6C6C6973696F6E3B2072659E
:109DD000747279696E6720696E2031207365636FD4
:109DE0006E64202825642F2564290A0025633A2003
:109DF00043532070726F63656475726520656E6190
:109E0000626C65206B65707420636F6C6C6964694B
:109E10006E67207769746820416E64726F69640AA6
:109E20000025633A204661696C656420746F206583
:109E30006E61626C652043532070726F6365647558
:109E40007265732061667465722072657472792020
:109E500028657272202564290A0053544F5000254A
:109E60003032583A253032583A253032583A253077
:109E700032583A253032583A253032580025633A64
:109E8000204661696C656420746F20717565756525
:109E90002043532070726F63656475726520646936
:109EA0007361626C652028657272202564290A003E
:109EB00025633A2054696D6564206F75742077615D
:109EC0006974696E6720666F722043532070726FE9
:109ED0006365647572652064697361626C65206393
:109EE0006F6D706C6574696F6E0A0025633A20436C
:109EF000532070726F636564757265206469736165
:109F0000626C65206661696C65642028484349205D
:109F100073746174757320307825303278290A00A3
:109F200050484F4E4543535F53544F505045442C77
:109F3000256C6C642C25730A0025633A20496E69F0
:109F4000746961746F72206D6561737572656D659A
:109F50006E742073746F7070656420627920504352
:109F600020636F6D6D616E640A0050484F4E45432B
:109F7000535F53544F505F4552524F522C256C6CD7
:109F8000642C25640A0044495354414E43455F43C1
:109F900053562C256C6C642C256C642C25752C2553
:109FA0002E36662C252E36662C252E36660A005057
:109FB000484F4E4543535F44495354414E43452C0B
:109FC000256C6C642C256C642C25752C252E36662E
:109FD0002C25730A0025633A204C61746573742044
:109FE00064697374616E636520657374696D61740F
:109FF0006573206F6E20616E74656E6E6120706196
:10A0000074682025753A20696666743A20252E32D8
:10A01000662C2070686173655F736C6F70653A20A1
:10A02000252E32662C207274743A20252E3266203A
:10A030006D65746572730A0025633A20416E64721F
:10A040006F6964205241532073657276696365209D
:10A05000646973636F76657279206661696C6564A3
:10A060002028657272202564290A004861742073D3
:10A0700068617065005820736861706500416C67A5
:10A080006F726974686D2023336200416C676F7270
:10A090006974686D20233363004C4520314D205096
:10A0A0004859004C4520324D20504859004C45201D
:10A0B000324D2032425420504859004141206F6EA9
:10A0C0006C790033322D62697420736F756E646928
:10A0D0006E670039362D62697420736F756E64691E
:10A0E0006E670033322D6269742072616E646F6D29
:10A0F0000036342D6269742072616E646F6D0039B0
:10A10000362D6269742072616E646F6D0031323871
:10A110002D6269742072616E646F6D00496E69749E
:10A120006961746F72005265666C6563746F72006A
:10A130006170705F6D61696E0025633A2054696DCE
:10A140006564206F75742077616974696E67206635
:10A150006F722025730A005458204F4F42207772A7
:10A160006974650025633A2025730A004F4F422029
:10A17000777269746520726573706F6E7365002500
:10A18000633A205265666C6563746F72204F4F426C
:10A1900020696E6469636174696F6E2073756273A0
:10A1A0006372697074696F6E2072656D6F76656435
:10A1B0000A005258204F4F4220696E6469636174EF
:10A1C000696F6E0025633A20416E64726F69642086
:10A1D000726573706F6E64657220646964206E6F5F
:10A1E00074207265706F727420424C452043532076
:10A1F000737570706F72740A0025633A204F4F4276
:10A20000206361706162696C697479207265737032
:10A210006F6E73653A20435320736563757269747A
:10A2200079206C6576656C2025752073656C656397
:10A230007465640A00416E64726F696420726573AC
:10A24000706F6E6465722061646472657373202838
:10A250006269672D656E6469616E290025633A2025
:10A26000416E64726F696420726573706F6E6465AD
:10A2700072207265706F72746564206E6F207573E2
:10A2800061626C65204353207365637572697479EC
:10A29000206C6576656C0A0025633A204F707469FE
:10A2A0006F6E616C204F4F4220636F6E66696775F9
:10A2B000726174696F6E20726573706F6E73652062
:10A2C00072656365697665640A0025633A205265A4
:10A2D000666C6563746F72205258206368617261A6
:10A2E000637465726973746963206973206D69733F
:10A2F00073696E670A0025633A205265666C656370
:10A30000746F722052582076616C75652068616E9A
:10A31000646C65206973206D697373696E670A00E8
:10A3200025633A205265666C6563746F72205458D9
:10A330002063686172616374657269737469632014
:10A340006973206D697373696E670A0025633A202B
:10A350005265666C6563746F722054582076616C28
:10A3600075652068616E646C65206973206D697322
:10A3700073696E670A0025633A205265666C6563EF
:10A38000746F722054582043434344206973206DF6
:10A39000697373696E670A0025633A205258204F2B
:10A3A0004F42207772697465206661696C6564202C
:10A3B0002841545420657272203078253032782933
:10A3C0000A0025633A20545820696E6469636174F9
:10A3D000696F6E2043434344207772697465206639
:10A3E00061696C6564202841545420657272203084
:10A3F0007825303278290A007265666C6563746F5F
:10A4000072207365727669636520646973636F7621
:10A410006572790025633A205265666C6563746FD6
:10A4200072204F4F422073657276696365206469BC
:10A4300073636F76657265640A00545820696E64B0
:10A4400069636174696F6E2073756273637269709A
:10A4500074696F6E0025633A205265666C6563749B
:10A460006F72204F4F4220696E6469636174696F37
:10A470006E7320656E61626C65640A004F4F422006
:10A480006361706162696C69747920726573706F61
:10A490006E7365004E6F7264696320696E697469DA
:10A4A00061746F72206164647265737320286269DD
:10A4B000672D656E6469616E290025633A20416EDF
:10A4C00064726F69642052616E67696E67204F4FD6
:10A4D00042206E65676F74696174696F6E20636F87
:10A4E0006D706C6574650A00010002007265666C2F
:10A4F0006563746F725F6F6F6200574553545F54AA
:10A500004F504449522F7A65706879722F6C696296
:10A510002F686561702F686561702E6300636270DB
:10A5200072696E74665F7061636B61676500574541
:10A5300053545F544F504449522F7A657068797272
:10A540002F696E636C7564652F7A65706879722FF8
:10A550006B65726E656C2E68004661696C6564207F
:10A56000746F207265626F6F743A207370696E6EDB
:10A57000696E6720656E646C6573736C792E2E2E20
:10A580000A007379735F6765746F70740057455381
:10A59000545F544F504449522F7A65706879722F36
:10A5A0006C69622F7574696C732F6F6E6F66662E9F
:10A5B0006300574553545F544F504449522F7A65B6
:10A5C000706879722F696E636C7564652F7A657037
:10A5D0006879722F7370696E6C6F636B2E680057A9
:10A5E0004553545F544F504449522F7A65706879EF
:10A5F000722F6C69622F7574696C732F6E6F74693A
:10A6000066792E630025633A204E5653206E6F7490
:10A6100020696E697469616C697A65640A002563F2
:10A620003A20436F756C64206E6F74206F627461A2
:10A63000696E20666C61736820706172616D65740B
:10A640006572730A0025633A20556E737570706FDA
:10A650007274656420777269746520626C6F636BD5
:10A660002073697A650A0025633A20536563746F25
:10A67000722073697A6520257520746F6F206C6174
:10A680007267652C206D6178696D756D2069732026
:10A69000257A750A0025633A20556E61626C652043
:10A6A000746F20676574207061676520696E666FDE
:10A6B0000A0025633A20496E76616C6964207365EF
:10A6C00063746F722073697A650A0025633A2043C8
:10A6D0006F6E66696775726174696F6E20657272FC
:10A6E0006F72202D20736563746F7220636F756EB7
:10A6F000740A0025633A20256420536563746F72E1
:10A7000073206F662025642062797465730A0025C2
:10A71000633A20616C6C6F63207772613A20256424
:10A720002C2025780A0025633A2064617461207723
:10A7300072613A2025642C2025780A0025633A208E
:10A74000474320446F6E65206D61726B65722066B1
:10A750006F756E640A0025633A204E6F20474320D0
:10A76000446F6E65206D61726B657220666F756EE9
:10A77000643A2072657374617274696E67206763EE
:10A780000A0066735F6E76730025633A20002530F9
:10A7900032782000202020007C00256300455749A6
:10A7A00044574553545F544F504449522F7A657073
:10A7B0006879722F7375627379732F736574746916
:10A7C0006E67732F7372632F73657474696E67732A
:10A7D0002E630025633A207365742D76616C756570
:10A7E000206661696C7572652E206B65793A20254B
:10A7F00073206572726F72282564290A0025633AF6
:10A800002053697A65206F6620434F4E4649475F63
:10A81000464C4153485F46494C4C5F42554646457D
:10A82000525F53495A450A0025633A204E656761D5
:10A8300074697665206F6666736574206E6F742028
:10A84000616C6C6F7765640A0A0025633A20496E73
:10A85000636F72726563742073697A65206F72200A
:10A860006F666673657420616C69676E6D656E7482
:10A870002C20657870656374656420257A780A0AEF
:10A880000025633A2046696C6C20746F20646576FD
:10A89000202570206661696C6564206174206F6694
:10A8A00066736574203078257A780A0A00666C61D0
:10A8B0007368002A2A2A20426F6F74696E67206EBF
:10A8C000524620436F6E6E6563742053444B20766E
:10A8D000332E332E312D202A2A2A0A002A2A2A2012
:10A8E0005573696E67205A6570687972204F5320DE
:10A8F00076342E332E39392D202A2A2A0A00425442
:10A90000204741545420444D20575100574553543B
:10A910005F544F504449522F6E72662F73756273A5
:10A9200079732F626C7565746F6F74682F676174CB
:10A93000745F646D2E630025633A20556E737570E5
:10A94000706F727465642055554944207479706540
:10A950002E0A0025633A204E6F20737061636520D4
:10A96000666F72206E6577206174747269627574A7
:10A97000652E0A0025633A204E6F2073706163656F
:10A9800020666F72206174747269627574652064E8
:10A990006174612E0A0025633A20556E696E6974F0
:10A9A00069616C697A656420555549442E0A002511
:10A9B000633A204E6F20737061636520666F72206A
:10A9C0006120555549442E0A0025633A204174748C
:10A9D00072696275746573206E6F74206C6F636B3F
:10A9E00065640A0025633A20474154542064697322
:10A9F000636F766572206661696C65642C20657290
:10AA0000726F723A2025642E0A0025633A20556E33
:10AA1000657870656374656420636F6E6E206F6225
:10AA20006A6563742E2041626F7274696E672E0AC4
:10AA30000025633A204E6F7420656E6F756768203D
:10AA40006D656D6F727920666F72207365727669BD
:10AA50006365206174747269627574652E0A0025DD
:10AA6000633A204E6F7420656E6F756768206D6560
:10AA70006D6F727920666F72207365727669636597
:10AA80002061747472696275746520646174612EEA
:10AA90000A0025633A204E6F7420656E6F756768F3
:10AAA000206D656D6F727920666F72206E657874A7
:10AAB0002061747472696275746520646573637271
:10AAC0006970746F722061742068616E646C6520B7
:10AAD00025752E0A0025633A20446973636F7665F5
:10AAE00072206661696C65642C206572726F723ABF
:10AAF0002025642E0A0004081162745F6761747473
:10AB00005F646D000204106E72665F62745F73634F
:10AB1000616E0063735F64650025633A2052616E65
:10AB200067696E67206461746120636F6D706C6526
:10AB30007465642077697468206D697373696E67E2
:10AB4000207365676D656E74730A0025633A205241
:10AB5000616E67696E672044617461206E6F74690D
:10AB60006669636174696F6E207265636569766595
:10AB70006420696E76616C696420726F6C6C696EBA
:10AB8000675F7365676D656E745F636F756E74651F
:10AB9000722025640A0025633A204E6F2073757079
:10ABA000706F727420666F72207265636569766972
:10ABB0006E67207365676D656E7473206F757420A2
:10ABC0006F66206F726465722C206578706563749F
:10ABD000656420636F756E7465722025642C207225
:10ABE0006563656976656420636F756E7465722050
:10ABF00025640A0025633A2052616E67696E6720FA
:10AC000064617461206F7574206275666665722078
:10AC10006E6F74206C6172676520656E6F75676812
:10AC200020666F72206E657874207365676D656E3F
:10AC3000740A0025633A2053756273637269626512
:10AC400020746F206363635F68616E646C652025A8
:10AC500064206661696C65642C20657272202564CD
:10AC60000A0025633A204F6E2D64656D616E642085
:10AC700072616E67696E672064617461206E6F74C3
:10AC8000696669636174696F6E2072656365697670
:10AC9000656420776974686F7574206173736F637E
:10ACA0006961746564205252455120636F6E74650A
:10ACB00078742C20756E7375627363726962696E45
:10ACC000670A0025633A2052616E67696E672064E7
:10ACD000617461206E6F74696669636174696F6E17
:10ACE00020726563656976656420776974686F753D
:10ACF0007420726571756972656420627566666537
:10AD000072206F722063616C6C6261636B2C2075C2
:10AD10006E7375627363726962696E670A00256398
:10AD20003A20556E6578706563746564204F6E2DAA
:10AD300064656D616E642052616E67696E67204460
:10AD4000617461206E6F74696669636174696F6EA6
:10AD50002072656365697665640A0025633A204F51
:10AD60006E2D64656D616E642052616E67696E67F9
:10AD70002044617461206E6F7469666963617469EF
:10AD80006F6E2072656365697665642061667465BF
:10AD900072206C617374207365676D656E740A0050
:10ADA00025633A204F6E2D64656D616E642052619B
:10ADB0006E67696E672044617461206E6F746966A6
:10ADC00069636174696F6E20726563656976656435
:10ADD00020696E76616C6964206C656E6774680AC0
:10ADE0000025633A205265616C2D74696D6520728F
:10ADF000616E67696E672064617461206E6F74694B
:10AE00006669636174696F6E2072656365697665F2
:10AE10006420776974686F7574206173736F6369F8
:10AE200061746564205252455120636F6E74657879
:10AE3000742C20756E7375627363726962696E67D4
:10AE40000A0025633A205265616C2D74696D652096
:10AE500052616E67696E672044617461206E6F7421
:10AE6000696669636174696F6E207265636569768E
:10AE7000656420696E76616C6964206C656E6774C8
:10AE8000680A0025633A2052656365697665642027
:10AE900052616E67696E672044617461205265611A
:10AEA000647920496E6469636174696F6E207769A3
:10AEB000746820696E76616C69642073697A650ACA
:10AEC0000025633A2052616E67696E672064617481
:10AED00061207265616479206E6F7469666963616F
:10AEE00074696F6E20726563656976656420776941
:10AEF00074686F7574206173736F636961746564DE
:10AF0000205252455120636F6E746578742C207501
:10AF10006E7375627363726962696E670A00256396
:10AF20003A2052616E67696E672044617461204FF8
:10AF30007665727772697474656E20496E646963B0
:10AF40006174696F6E2073697A65206572726F72C1
:10AF50000A0025633A2052616E67696E672064615A
:10AF60007461206F7665727772697474656E206E95
:10AF70006F74696669636174696F6E207265636579
:10AF80006976656420776974686F7574206173737E
:10AF90006F636961746564205252455120636F6E1E
:10AFA000746578742C20756E737562736372696250
:10AFB000696E670A0025633A204E6F2072656164EE
:10AFC0002063616C6C6261636B2070726573656E87
:10AFD000740A0025633A20526561642076616C75BD
:10AFE00065206572726F723A2025640A0025633A03
:10AFF00020524153204350206E6F7469666963612B
:10B0000074696F6E2072656365697665642077691F
:10B0100074686F7574206173736F636961746564BC
:10B02000205252455120636F6E746578742C2075E0
:10B030006E7375627363726962696E670A00256375
:10B040003A20526563656976656420636F6D706C44
:10B050006574652072616E67696E672064617461F2
:10B0600020726573706F6E736520776974682069EC
:10B070006E76616C6964206C656E6774683A202531
:10B08000640A0025633A2052656365697665642029
:10B09000636F6D706C6574652072616E67696E6751
:10B0A000206461746120726573706F6E73652077C0
:10B0B00069746820756E6578706563746564207264
:10B0C000616E67696E6720636F756E7465722025A7
:10B0D000640A0025633A2041434B2072616E676920
:10B0E0006E6720646174612077726974652066619F
:10B0F000696C65642C206572722025642E20456E73
:10B1000064696E6720646174612072656365697645
:10B11000652070726F6365737320686572652C209B
:10B12000706565722077696C6C206A75737420682D
:10B1300061766520746F207761697420666F722074
:10B1400074696D656F75742E0A0025633A20526527
:10B1500063656976656420726573706F6E736520D0
:10B160006F70636F6465207769746820696E7661BB
:10B170006C6964206C656E6774683A2025640A0007
:10B1800025633A20556E6578706563746564205256
:10B190006573706F6E736520636F6465207265639D
:10B1A00065697665642025640A00574553545F54E9
:10B1B0004F504449522F6E72662F737562737973C4
:10B1C0002F626C7565746F6F74682F736572766922
:10B1D0006365732F7261732F727265712F72617361
:10B1E0005F727265712E630025633A2041434B20E4
:10B1F00052616E67696E6720446174612072657484
:10B2000075726E656420616E206572726F722025A2
:10B21000642E20546869732073686F756C642068AD
:10B22000617665206E6F20696D706163742C207388
:10B230006F20636F6E74696E75652E0A0025633A20
:10B2400020526563656976656420756E6B6E6F77F5
:10B250006E205241532D4350206F70636F64653AE6
:10B260002025640A0025633A204661696C656420E4
:10B27000746F20756E737562736372696265207492
:10B280006F205241532D43503A2025640A00256314
:10B290003A204661696C656420746F20756E737521
:10B2A0006273637269626520746F206F6E64656D8E
:10B2B000616E642072616E67696E6720646174619B
:10B2C0003A2025640A0025633A204661696C65646A
:10B2D00020746F20756E7375627363726962652086
:10B2E000746F207265616C2D74696D652072616E7A
:10B2F00067696E6720646174613A2025640A0025DD
:10B30000633A204661696C656420746F20756E73C2
:10B31000756273637269626520746F2072616E6713
:10B32000696E6720646174612072656164793A2096
:10B3300025640A0025633A204661696C65642074BF
:10B340006F20756E73756273637269626520746FC6
:10B350002072616E67696E672064617461206F7628
:10B3600065727772697474656E3A2025640A0025E7
:10B37000633A20436F756C64206E6F74206C6F634A
:10B38000617465206D616E6461746F7279204F6EB7
:10B390002D64656D616E642072616E67696E6720F1
:10B3A000646174612063686172616374657269735A
:10B3B0007469630A0025633A20436F756C64206EDC
:10B3C0006F74206C6F63617465206D616E6461746D
:10B3D0006F7279204F6E2D64656D616E64207261AD
:10B3E0006E67696E6720646174612064657363725F
:10B3F0006970746F720A0025633A20436F756C643C
:10B40000206E6F74206C6F63617465206D616E6473
:10B4100061746F7279204F6E2D64656D616E64206A
:10B4200072616E67696E6720646174612043434393
:10B430000A0025633A20436F756C64206E6F742098
:10B440006C6F63617465205265616C2D74696D6504
:10B450002072616E67696E67206461746120636841
:10B460006172616374657269737469630A0025634C
:10B470003A20436F756C64206E6F74206C6F63614B
:10B480007465205265616C2D74696D652072616E02
:10B4900067696E67206461746120646573637269B3
:10B4A00070746F720A0025633A20436F756C6420D4
:10B4B0006E6F74206C6F63617465205265616C2DD2
:10B4C00074696D652072616E67696E67206461746E
:10B4D00061204343430A0025633A20436F756C643F
:10B4E000206E6F74206C6F63617465206D616E6493
:10B4F00061746F72792072616E67696E6720646132
:10B50000746120726561647920636861726163743B
:10B51000657269737469630A0025633A20436F7525
:10B520006C64206E6F74206C6F63617465206D6154
:10B530006E6461746F72792072616E67696E6720E4
:10B5400064617461207265616479206465736372FB
:10B550006970746F720A0025633A20436F756C64DA
:10B56000206E6F74206C6F63617465206D616E6412
:10B5700061746F72792072616E67696E67206461B1
:10B580007461207265616479204343430A00256336
:10B590003A20436F756C64206E6F74206C6F63612A
:10B5A0007465206D616E6461746F72792072616E72
:10B5B00067696E672064617461206F766572777267
:10B5C000697474656E206368617261637465726921
:10B5D000737469630A0025633A20436F756C6420B5
:10B5E0006E6F74206C6F63617465206D616E646151
:10B5F000746F72792072616E67696E67206461741E
:10B6000061206F7665727772697474656E20646507
:10B610007363726970746F720A0025633A20436F16
:10B62000756C64206E6F74206C6F63617465206D3F
:10B63000616E6461746F72792072616E67696E67A2
:10B640002064617461206F766572777269747465C5
:10B650006E204343430A0025633A20436F756C64B0
:10B66000206E6F74206C6F63617465206D616E6411
:10B6700061746F7279205241532043502063686196
:10B6800072616374657269737469630A0025633A51
:10B6900020436F756C64206E6F74206C6F636174EF
:10B6A00065206D616E6461746F7279205241532020
:10B6B00043502064657363726970746F720A002569
:10B6C000633A20436F756C64206E6F74206C6F63F7
:10B6D000617465206D616E6461746F72792052418E
:10B6E00053204350204343430A0025633A20436FCD
:10B6F000756C64206E6F74206C6F63617465206D6F
:10B70000616E6461746F72792052415320466561A5
:10B7100074757265732063686172616374657269C0
:10B72000737469630A0025633A20436F756C642063
:10B730006E6F74206C6F63617465206D616E6461FF
:10B74000746F727920524153204665617475726539
:10B75000732064657363726970746F720A00256385
:10B760003A204E6F20706565722073746570206496
:10B770006174612070726F76696465642E0A0025B9
:10B78000633A20547269656420746F20706172732B
:10B790006520656D707479207065657220737465BD
:10B7A0007020646174612E0A0025633A204E6F2078
:10B7B0006C6F63616C2073746570206461746120C8
:10B7C00070726F76696465642E0A0025633A2054AE
:10B7D0007269656420746F20706172736520656D95
:10B7E000707479206C6F63616C2073746570206471
:10B7F0006174612E0A0025633A20456D70747920CA
:10B800007065657220737465702064617461206274
:10B81000756620776865726520737465707320772C
:10B820006572652065787065637465642E0A00250D
:10B83000633A204C6F63616C20737465702064619F
:10B8400074612061707065617273206D616C666FE8
:10B85000726D65642E0A0025633A2050656572207A
:10B8600073746570206461746120617070656172C9
:10B8700073206D616C666F726D65642E0A002563BE
:10B880003A204D69736D61746368206F66206C6F38
:10B8900063616C20616E64207065657220737465ED
:10B8A00070206D6F646520256420213D2025640A89
:10B8B0000025633A20456E636F756E74657265642A
:10B8C000207A65726F2D6C656E677468207374657D
:10B8D0007020646174612E0A0025633A205065650A
:10B8E0007220737465702061626F727465640A00FF
:10B8F00025633A2050656572206F72206C6F63611A
:10B900006C2062756666657273206E6F7420667552
:10B910006C6C7920647261696E6564206174207456
:10B92000686520656E64206F662070617273696E51
:10B93000672E0A007261735F727265710025633A47
:10B940002072302F61313A2020307825303878202D
:10B950002072312F61323A2020307825303878201B
:10B960002072322F61333A20203078253038780A1F
:10B970000025633A2072332F61343A202030782535
:10B98000303878207231322F69703A202030782593
:10B99000303878207231342F6C723A20203078257C
:10B9A0003038780A0025633A2020787073723A2084
:10B9B000203078253038780A0025633A20735B25DB
:10B9C00032645D3A20203078253038782020735B4F
:10B9D0002532645D3A202030782530387820207375
:10B9E0005B2532645D3A202030782530387820207D
:10B9F000735B2532645D3A20203078253038780A30
:10BA00000025633A2066707363723A2020307825EF
:10BA10003038780A0025633A204661756C74696E87
:10BA20006720696E737472756374696F6E206164E8
:10BA3000647265737320287231352F7063293A2040
:10BA40003078253038780A0025633A20556E6861D1
:10BA50006E646C6564204952516E3A2025640A0078
:10BA600025633A202A2A2A2A2A205553414745206D
:10BA70004641554C54202A2A2A2A2A0A0025633A8C
:10BA80002020204469766973696F6E206279207A7C
:10BA900065726F0A0025633A202020556E616C693B
:10BAA000676E6564206D656D6F7279206163636593
:10BAB00073730A0025633A202020537461636B205E
:10BAC0006F766572666C6F772028636F6E74657829
:10BAD000742061726561206E6F742076616C696498
:10BAE000290A0025633A2020204E6F20636F707270
:10BAF0006F636573736F7220696E737472756374AC
:10BB0000696F6E730A0025633A202020496C6C65CA
:10BB100067616C206C6F6164206F66204558435FDD
:10BB200052455455524E20696E746F2050430A009E
:10BB300025633A202020496C6C6567616C20757321
:10BB400065206F662074686520455053520A0025B1
:10BB5000633A202020417474656D707420746F20E6
:10BB60006578656375746520756E646566696E6574
:10BB70006420696E737472756374696F6E0A002550
:10BB8000633A202A2A2A2A2A204255532046415520
:10BB90004C54202A2A2A2A2A0A0025633A202020E7
:10BBA000537461636B696E67206572726F720A000D
:10BBB00025633A202020556E737461636B696E674C
:10BBC000206572726F720A0025633A20202050723D
:10BBD00065636973652064617461206275732065B3
:10BBE00072726F720A0025633A2020204246415249
:10BBF00020416464726573733A20307825780A00B6
:10BC000025633A202020496D707265636973652051
:10BC10006461746120627573206572726F720A00CC
:10BC200025633A202020496E737472756374696FBE
:10BC30006E20627573206572726F720A0025633A16
:10BC4000202020466C6F6174696E672D706F696E7D
:10BC500074206C617A7920737461746520707265E8
:10BC6000736572766174696F6E206572726F720AA5
:10BC70000025633A202A2A2A2A2A204D5055204698
:10BC800041554C54202A2A2A2A2A0A0025633A20A0
:10BC90002020537461636B696E67206572726F72E6
:10BCA0002028636F6E746578742061726561206D01
:10BCB00069676874206265206E6F742076616C69B4
:10BCC00064290A0025633A202020446174612041E0
:10BCD00063636573732056696F6C6174696F6E0A74
:10BCE0000025633A2020204D4D4641522041646496
:10BCF000726573733A20307825780A0025633A20FC
:10BD00002020496E737472756374696F6E2041638D
:10BD1000636573732056696F6C6174696F6E0A0096
:10BD2000574553545F544F504449522F7A657068B9
:10BD300079722F617263682F61726D2F636F726504
:10BD40002F636F727465785F6D2F6661756C742EEA
:10BD5000630052657365727665642045786365702B
:10BD600074696F6E20280053707572696F75732047
:10BD7000696E746572727570742028495251200082
:10BD800025633A20535053454C20696E20746872E5
:10BD9000656164206D6F646520646F6573206E6FEC
:10BDA0007420696E646963617465205053500A00A1
:10BDB00025633A202A2A2A2A2A204841524420462A
:10BDC00041554C54202A2A2A2A2A0A0025633A205F
:10BDD0002020427573206661756C74206F6E20762A
:10BDE0006563746F72207461626C65207265616452
:10BDF0000A0025633A202020446562756720657635
:10BE0000656E740A0025633A2020204661756C74C3
:10BE100020657363616C6174696F6E20287365655A
:10BE20002062656C6F77290A0025633A20415243EE
:10BE3000485F4558434550542077697468207265BF
:10BE400061736F6E2025780A0A0025633A202A2A3A
:10BE50002A2A2A204465627567206D6F6E69746FA7
:10BE60007220657863657074696F6E202A2A2A2AA9
:10BE70002A0A0025633A202A2A2A2A2A2025732002
:10BE8000256429202A2A2A2A2A0A00574553545F62
:10BE9000544F504449522F7A65706879722F6172FD
:10BEA00063682F61726D2F636F72652F636F727499
:10BEB00065785F6D2F6972715F6D616E6167652E68
:10BEC00063006D70750025633A204661696C656496
:10BED00020746F20616C6C6F63617465206E657790
:10BEE000204D505520726567696F6E2025750A0ACE
:10BEF0000025633A20506172746974696F6E202561
:10BF0000753A2073616E69747920636865636B208C
:10BF10006661696C65642E0A0025633A20496E7675
:10BF2000616C696420756E6465726C79696E6720F6
:10BF3000726567696F6E20696E6465782025750A81
:10BF400000574553545F544F504449522F7A6570FF
:10BF50006879722F617263682F61726D2F636F72DF
:10BF6000652F6D70752F61726D5F6D70752E63003A
:10BF7000464C4153485F30005352414D5F300057AB
:10BF80004553545F544F504449522F7A6570687935
:10BF9000722F6C69622F6C6962632F7069636F6CBA
:10BFA0006962632F6173736572742E6300657869CB
:10BFB0007400574553545F544F504449522F7A658B
:10BFC000706879722F6C69622F6E65745F62756636
:10BFD0002F6275662E63006E65745F62756600572A
:10BFE0004553545F544F504449522F7A65706879D5
:10BFF000722F6C69622F6E65745F6275662F627551
:10C00000665F73696D706C652E63006E65745F6248
:10C0100075665F73696D706C6500736F6300000017
:10C020000000000000FFFFFFFFFFFF000000000016
:10C030000030313233343536373839616263646504
:10C04000660062745F7270610025633A20496E7306
:10C05000756666696369656E74206E756D6265727A
:10C06000206F6620617267756D656E74730A0025B6
:10C07000633A2049676E6F72696E67206964656E06
:10C080007469746965732073746F72656420696E76
:10C0900020666C6173680A0025633A20496E7661F8
:10C0A0006C6964206C656E67746820494420616423
:10C0B000647265737320696E2073746F7261676553
:10C0C0000A0062742F25732F25303278253032789C
:10C0D0002530327825303278253032782530327864
:10C0E00025752F25730062742F25732F2530327824
:10C0F0002530327825303278253032782530327844
:10C100002530327825750025633A2073657474698B
:10C110006E67735F7375627379735F696E6974209C
:10C120006661696C65642028657272202564290A3D
:10C130000062742F25730025633A204661696C659F
:10C140006420746F207361766520494420286572ED
:10C1500072202564290A0025633A20556E61626CBD
:10C160006520746F20736574757020616E2069643A
:10C17000656E7469747920616464726573730A0012
:10C1800062740062745F73657474696E67730042F1
:10C1900054204C572057510002FB349B5F80000015
:10C1A000800010000000000000574553545F544FBA
:10C1B000504449522F7A65706879722F7375627393
:10C1C00079732F626C7565746F6F74682F686F7305
:10C1D000742F6275662E6300574553545F544F5059
:10C1E0004449522F7A65706879722F696E636C7555
:10C1F00064652F7A65706879722F626C7565746FEB
:10C200006F74682F6275662E680062745F6275666F
:10C210000025633A206D616C666F726D6564206104
:10C2200064766572746973696E67206461746120F5
:10C230002575202F2025750A0062745F6461746182
:10C240000025633A204461746120627566666572F8
:10C25000206F766572666C6F7720286C696E6B2034
:10C260007479706520307825303278290A0025638A
:10C270003A20546F6F20736D616C6C2028257520F7
:10C28000627974657329206576656E74203078252F
:10C290003032780A0025633A20556E61626C652061
:10C2A000746F206C6F6F6B20757020636F6E6E20E3
:10C2B000776974682068616E646C652025750A0072
:10C2C00025633A204572726F72207768696C652029
:10C2D0007570646174696E6720746865207363614A
:10C2E0006E6E657220282564290A0025633A205560
:10C2F0006E61626C6520746F206C6F6F6B7570205F
:10C30000636F6E6E20666F722068616E646C65206C
:10C3100025750A0025633A20556E6B6E6F776E2087
:10C32000636F6E6E2068616E646C652030782530B6
:10C33000345820666F72207472616E736D69742058
:10C34000706F776572207265706F72740A00256372
:10C350003A204861726477617265206572726F720B
:10C360002C20686172647761726520636F64653A3E
:10C370002025640A0025633A20436F756C64206EA3
:10C380006F74207375626D69742072785F776F7255
:10C390006B3A2025640A0025633A20696E74657241
:10C3A00076616C20657863656564732074686520C8
:10C3B00076616C69642072616E67652025752075F1
:10C3C000730A0025633A206C6174656E6379206599
:10C3D000786365656473207468652076616C696450
:10C3E0002072616E6765203078253034780A002528
:10C3F000633A20737570765F74696D656F7574202C
:10C4000065786365656473207468652076616C691E
:10C41000642072616E6765203078253034780A00B8
:10C4200025633A20556E68616E646C65642065769C
:10C43000656E7420307825303278206C656E20254A
:10C44000753A2025730A0025633A20556E68616E9F
:10C45000646C65642076656E646F722D73706563BD
:10C4600069666963206576656E74203078253032A0
:10C4700078206C656E2025753A2025730A002563A7
:10C480003A20496E76616C6964204843492065769C
:10C49000656E742073697A6520282575290A002540
:10C4A000633A20496E76616C6964204C45206D6565
:10C4B0007461206576656E742073697A652028251D
:10C4C00075290A00574553545F544F504449522F21
:10C4D0007A65706879722F7375627379732F626CE5
:10C4E0007565746F6F74682F686F73742F686369F4
:10C4F0005F636F72652E630025633A20496E766133
:10C500006C69642062756620747970652025750AEF
:10C510000025633A20496E76616C6964204843497E
:10C520002041434C207061636B65742073697A65A8
:10C5300020282575290A0025633A2041434C2064B0
:10C54000617461206C656E677468206D69736D61DC
:10C550007463682028257520213D202575290A004F
:10C5600025633A20556E61626C6520746F206669A0
:10C570006E6420636F6E6E20666F722068616E64F9
:10C580006C652025750A0025633A20556E6B6E6F29
:10C59000776E2062756620747970652025750A00B3
:10C5A00025633A204E6F20636F6D6D616E6420735A
:10C5B000656E7420666F7220636D6420636F6D70AA
:10C5C0006C657465203078253034780A0025633A2C
:10C5D000204F70436F6465203078253034782063B5
:10C5E0006F6D706C6574656420696E7374656164E9
:10C5F000206F6620657870656374656420307825E7
:10C600003034780A0025633A20657674206E756DA3
:10C610005F68616E646C657320283D257529207400
:10C620006F6F206C617267652028257A75203E2027
:10C630002575290A0025633A204E6F20636F6E6EC0
:10C64000656374696F6E20666F722068616E646CDA
:10C65000652025750A0025633A207061636B657457
:10C660007320636F756E74206D69736D6174636898
:10C670000A0025633A204661696C656420746F2066
:10C680007365742072657175697265642073656382
:10C690007572697479206C6576656C0A0025633A59
:10C6A000204E6F206368616E676520746F20656E31
:10C6B0006372797074696F6E207374617465202879
:10C6C000656E637279707420307825303278290A6B
:10C6D00000756E6B6E6F776E005B305D0053444388
:10C6E0000025633A20484349207472616E73706F6D
:10C6F00072743A2025730A0025633A204964656EF6
:10C700007469747925733A2025730A0025633A20E9
:10C710004964656E746974795B25645D3A2025739C
:10C720000A0025633A204843493A207665727369C6
:10C730006F6E2025732028307825303278292072BA
:10C7400065766973696F6E203078253034782C20D7
:10C750006D616E75666163747572657220307825DF
:10C760003034780A0025633A204C4D503A207665E3
:10C770007273696F6E2025732028307825303278E7
:10C780002920737562766572203078253034780AF6
:10C79000005A65706879720025633A20556E6162AF
:10C7A0006C6520746F2073656E6420746F206472F2
:10C7B000697665722028657272202564290A002531
:10C7C000633A206F70636F64652030782530347869
:10C7D0002073746174757320307825303278202589
:10C7E000730A0025633A204661696C656420746FA2
:10C7F000207265616420444C45206D61782064613D
:10C800007461206C656E0A0025633A2074785F6F4E
:10C8100063746574732065786365656473207468F8
:10C82000652076616C69642072616E67652025758C
:10C830000A0025633A2074785F74696D6520657815
:10C840006365656473207468652076616C69642033
:10C8500072616E67652025750A0025633A204E6F68
:10C860002070656E64696E672063656E7472616CBA
:10C8700020636F6E6E656374696F6E0A0025633A9C
:10C8800020436F6E6E656374696F6E2063726561BD
:10C8900074696F6E2074696D656F75742074726948
:10C8A0006767657265640A0025633A204661696CB2
:10C8B000656420746F207265737461727420696E90
:10C8C00069746961746F720A0025633A20556E6558
:10C8D0007870656374656420737461747573203057
:10C8E00078253032782025730A0025633A204E6F70
:10C8F0002070656E64696E6720636F6E6E20666F70
:10C900007220706565722025730A0025633A204EF7
:10C910006F6E2D4C452063617061626C6520636FA2
:10C920006E74726F6C6C6572206465746563746597
:10C9300064210A0025633A204E756D206F662043FE
:10C940006F6E74726F6C6C657227732041434C205C
:10C950007061636B65747320213D2041434C2062FC
:10C96000745F636F6E6E5F747820636F6E7465784A
:10C9700074732028257520213D202575290A00255E
:10C98000633A2041434C2042522F45445220627565
:10C990006666657273206E6F7420696E6974696172
:10C9A0006C697A65640A0025633A2056656E646F87
:10C9B000722048434920657874656E73696F6E73A1
:10C9C000206E6F7420617661696C61626C650A002B
:10C9D00025633A20485720506C6174666F726D3A37
:10C9E0002025732028307825303478290A002563E3
:10C9F0003A2048572056617269616E743A20257357
:10CA00002028307825303478290A0025633A2046DA
:10CA100069726D776172653A202573202830782518
:10CA2000303278292056657273696F6E2025752E15
:10CA30002575204275696C642025750A0025633AC6
:10CA4000204661696C656420746F207265616420A2
:10CA5000737570706F727465642076656E646F7242
:10CA600020636F6D6D616E64730A0025633A204622
:10CA700061696C656420746F2072656164207375F0
:10CA800070706F727465642076656E646F72206674
:10CA9000656174757265730A0025633A204E6F20D4
:10CAA000494420616464726573732E204170702064
:10CAB0006D7573742063616C6C2073657474696E3A
:10CAC00067735F6C6F616428290A0025633A204808
:10CAD000434920647269766572206973206E6F74B1
:10CAE0002072656164790A004254205258205751DF
:10CAF0000025633A204843492064726976657220B4
:10CB00006F70656E206661696C65642028256429F4
:10CB10000A0025633A204F7574206F6620636F6D9D
:10CB20006D616E6420627566666572730A002563C6
:10CB30003A20556E61626C6520746F20616C6C6F79
:10CB400063617465206275666665720A0025633AE2
:10CB500020556E657870656374656420484F535442
:10CB60005F4E554D5F434F4D504C455445445F50CB
:10CB700041434B4554532C207374617475732030BA
:10CB800078253032782025730A0025633A20556EC7
:10CB9000636C65617265642070656E64696E6720A0
:10CBA00073656E745F636D640A0091FBFBF3F4FBC5
:10CBB000FBFBFBEA00090909090102090909090946
:10CBC00009090909090907090909090906090909DA
:10CBD0000909090909090909090909090905312E7C
:10CBE000306200312E3100312E3200322E300032D0
:10CBF0002E3100332E3000342E3000342E310034EC
:10CC00002E3200352E3000352E3100352E320035D3
:10CC10002E3300352E3400362E3000362E310036BD
:10CC20002E3200362E33005374616E6461726420BC
:10CC3000426C7565746F6F746820636F6E74726F89
:10CC40006C6C65720056656E646F722073706563FC
:10CC50006966696320636F6E74726F6C6C657200D5
:10CC60004669726D77617265206C6F6164657200F0
:10CC700052657363756520696D61676500726573E0
:10CC80006572766564006E5246353178006E5246A4
:10CC9000353278006E5246353378006E5246353460
:10CCA0004878006E524635344C7800496E74656C95
:10CCB00020436F72706F726174696F6E004E6F7295
:10CCC0006469632053656D69636F6E647563746F27
:10CCD00072004E58502053656D69636F6E647563C2
:10CCE000746F727300457370726573736966205355
:10CCF000797374656D730062745F6863695F636FF5
:10CD000072650025633A20636D6420646973616C09
:10CD10006C6F7765640A00574553545F544F504415
:10CD200049522F7A65706879722F737562737973BF
:10CD30002F626C7565746F6F74682F686F73742FD2
:10CD400069642E630025633A204661696C6564203E
:10CD5000746F2064697361626C65206164647265DC
:10CD60007373207265736F6C7574696F6E0A00253A
:10CD7000633A205265736F6C76696E67206C6973D5
:10CD8000742073697A652065786365656465642ECF
:10CD900020537769746368696E6720746F20686FC9
:10CDA00073742E0A0025633A204661696C6564201D
:10CDB000746F20636C656172207265736F6C75743B
:10CDC000696F6E206C6973740A0025633A204661AE
:10CDD000696C656420746F206164642049524B2043
:10CDE000746F20636F6E74726F6C6C65720A0025CD
:10CDF000633A205365742070726976616379206D9F
:10CE00006F646520636F6D6D616E64206973206E61
:10CE10006F7420737570706F727465640A00256397
:10CE20003A204661696C656420746F2073657420D4
:10CE300070726976616379206D6F64650A0025639D
:10CE40003A2044697361626C696E67206164647240
:10CE5000657373207265736F6C7574696F6E20668D
:10CE600061696C65642028657272202564290A0056
:10CE700025633A204661696C656420746F20726591
:10CE80006D6F76652049524B2066726F6D20636F1F
:10CE90006E74726F6C6C65720A0025633A204F6E77
:10CEA0006C792072616E646F6D2073746174696354
:10CEB000206964656E746974792061646472657355
:10CEC0007320737570706F727465640A0025633A1D
:10CED00020496E76616C696420696E70757420708B
:10CEE0006172616D65746572730A0025633A20464C
:10CEF00061696C656420746F20726561642070756F
:10CF0000626C696320616464726573730A002563EF
:10CF10003A205265616420537461746963204164EE
:10CF20006472657373657320636F6D6D616E6420E9
:10CF30006E6F7420617661696C61626C650A0025B0
:10CF4000633A204661696C656420746F2072656184
:10CF500064207374617469632061646472657373BF
:10CF600065730A0025633A204E6F207374617469FB
:10CF700063206164647265737365732073746F7288
:10CF8000656420696E20636F6E74726F6C6C65727D
:10CF90000A0062745F69640025633A20556E657803
:10CFA00070656374656420656E64206F66206275C9
:10CFB000666665720A00030502000A574553545F0E
:10CFC000544F504449522F7A65706879722F696EB8
:10CFD000636C7564652F7A65706879722F737973E5
:10CFE0002F627974656F726465722E680025633AEA
:10CFF000204661696C656420746F2067656E657298
:10D0000061746520454343206B65792025640A00DF
:10D0100025633A204661696C656420746F206578E9
:10D02000706F727420454343207075626C69632091
:10D030006B65792025640A0025633A204661696C96
:10D04000656420746F206578706F72742045434367
:10D050002070726976617465206B65792025640A99
:10D060000025633A204661696C656420746F206412
:10D07000657374726F7920454343206B657920494D
:10D08000442025640A0025633A204661696C656482
:10D0900020746F20696D706F7274207468652070E1
:10D0A000726976617465206B657920666F72206B9A
:10D0B00065792061677265656D656E742025640A07
:10D0C0000025633A20526177206B65792061677291
:10D0D00065656D656E74206661696C6564202564A4
:10D0E0000A0025633A204661696C656420746F20EC
:10D0F00064657374726F7920746865206B6579203C
:10D1000025640A0025633A207073615F696D706F52
:10D1100072745F6B657928292072657475726E650B
:10D1200064207374617475732025640A0025633A62
:10D13000204275737920706572666F726D696E67D3
:10D1400020616E6F746865722045434448206F709B
:10D1500065726174696F6E0A00E69D350E480103C1
:10D16000CCDBFDF4AC1191F4EFB9A5F9E9A7832C60
:10D170005E2CBE97F2D203B0208BD28915D08E1CC4
:10D18000742430ED8FC24563765C15525ABF9A32D3
:10D19000636DEB2A65499C80DC62745F65636300A4
:10D1A000574553545F544F504449522F7A65706825
:10D1B00079722F7375627379732F626C7565746FF2
:10D1C0006F74682F686F73742F636F6E6E2E6300B9
:10D1D00025633A204661696C65642072656164204C
:10D1E00072656D6F74652066656174757265732014
:10D1F000282564290A0025633A20504859203078B0
:10D2000025303278206E6F7420737570706F727471
:10D2100065640A0025633A204661696C6564204CA8
:10D2200045205365742050485920282564290A0058
:10D2300025633A204661696C656420746F207365CC
:10D24000742064617461206C656E20282564290A4D
:10D250000025633A20556E657870656374656420B7
:10D260006669727374204C32434150206672616D5E
:10D27000650A0025633A20556E65787065637465AC
:10D2800064204C3243415020636F6E74696E756147
:10D2900074696F6E0A0025633A204E6F7420656EC4
:10D2A0006F7567682062756666657220737061636A
:10D2B0006520666F72204C32434150206461746176
:10D2C0000A0025633A20556E65787065637465645D
:10D2D0002041434C20666C616773202830782530EC
:10D2E0003278290A0025633A2041434C206C656E50
:10D2F000206D69736D6174636820282575203E2058
:10D300002575290A0028756E6B6E6F776E290025CA
:10D31000633A206E6F207472616E736974696F6E08
:10D320002025730A0025633A204572726F722077B8
:10D3300068696C652072656D6F76696E6720636FD2
:10D340006E6E20757365722066726F6D20736361F7
:10D350006E6E657220282564290A0025633A2049EB
:10D360006E76616C69642028257529206F6C6420B5
:10D3700073746174650A0025633A20636F6E6E20D2
:10D380002570206661696C656420746F2065737414
:10D3900061626C6973682E205246206E6F697365F6
:10D3A0003F0A0025633A206E6F2076616C69642025
:10D3B0002825752920737461746520776173207343
:10D3C00065740A0025633A20696E636F6D7061743D
:10D3D00069626C652068616E646C652025750A0061
:10D3E00025633A2054696D656F75742064697363B1
:10D3F00061726465642E204E6F20626C6F636B698E
:10D400006E6720696E2073797377712E0A00256329
:10D410003A20466174616C206572726F7220282513
:10D4200064292E20446973636F6E6E656374696E40
:10D43000672025700A0025633A20466F756E6420C8
:10D4400076616C696420636F6E6E656374696F6E7C
:10D4500020282570292077697468206164647265CA
:10D46000737320257320696E202573207374617493
:10D4700065200A0025633A202A636F6E6E20736868
:10D480006F756C6420626520756E72656665726585
:10D490006E63656420616E6420696E697469616C95
:10D4A000697A656420746F204E554C4C0A002563E0
:10D4B0003A204E6F206275666665727320746F2025
:10D4C00063616E63656C20636F6E6E656374696F14
:10D4D0006E2C207265747279696E6720696E2031D6
:10D4E00030206D730A0025633A2053656E64204C2A
:10D4F0004520706172616D2075706461746520668D
:10D5000061696C65642028657272202564290A00AF
:10D51000000001010101010203646973636F6E6E13
:10D52000656374656400646973636F6E6E656374CC
:10D530002D636F6D706C657465007363616E2D6231
:10D5400065666F72652D696E6974696174696E676D
:10D5500000696E6974696174696E672D66696C74BF
:10D5600065722D6C697374006164762D636F6E6EE5
:10D5700065637461626C65006164762D6469722D07
:10D58000636F6E6E65637461626C6500646973637A
:10D590006F6E6E656374696E670062745F636F6E51
:10D5A0006E00574553545F544F504449522F7A658B
:10D5B000706879722F7375627379732F626C7565F9
:10D5C000746F6F74682F686F73742F6C326361703F
:10D5D0002E630025633A204E6F20617661696C618D
:10D5E000626C65204C3243415020636F6E746578E5
:10D5F0007420666F7220636F6E6E2025700A00259E
:10D60000633A20556E61626C6520746F20616C6CAA
:10D610006F636174652062756666657220666F72FD
:10D62000206F70203078253032780A0025633A2048
:10D63000457870656374696E6720757020746F201B
:10D64000256420726566732C20676F742025640A38
:10D650000025633A20616C726561647920686176A7
:10D66000652076696577206F6E2025700A00256336
:10D670003A20546F6F20736D616C6C204C324341C3
:10D6800050207369676E616C696E67205044550A5B
:10D690000025633A204C32434150206C656E67741C
:10D6A00068206D69736D6174636820282575202179
:10D6B0003D202575290A0025633A20496E76616C64
:10D6C0006964206964656E742076616C7565206993
:10D6D0006E204C32434150205044550A0025633A95
:10D6E00020496E76616C6964204C4520636F6E6ED4
:10D6F00020706172616D207273702073697A652089
:10D7000028257520213D20257A75290A0025633AB0
:10D7100020496E76616C6964204C4520636F6E6EA3
:10D720002075706461746520706172616D2072652E
:10D73000712073697A652028257520213D20257A7E
:10D7400075290A0025633A204E6F7420636F6E6E50
:10D7500065637465640A0025633A2052656A6563EF
:10D7600074696E6720756E6B6E6F776E204C3243F6
:10D7700041502050445520636F6465203078253037
:10D7800032780A0025633A20546F6F20736D616C04
:10D790006C204C32434150205044552072656365E3
:10D7A000697665640A0025633A2049676E6F72697D
:10D7B0006E67206461746120666F7220756E6B6E97
:10D7C0006F776E206368616E6E656C20494420300F
:10D7D00078253034780A00636F6E6669670062747A
:10D7E0005F6C326361700025633A204661696C6545
:10D7F0006420746F207375626D6974206174745F46
:10D8000074785F64657374726F795F776F726B3A67
:10D810002025640A0025633A20556E61626C6520FC
:10D82000746F2063726561746520555549443A20D0
:10D8300073697A652025750A0025633A20556E6163
:10D84000626C6520746F2063726561746520555544
:10D8500049443A2073697A652025640A0057455384
:10D86000545F544F504449522F7A65706879722F33
:10D870007375627379732F626C7565746F6F7468FA
:10D880002F686F73742F6174742E630025633A20C0
:10D89000415454204D545520657863656564656432
:10D8A0002C206D61782025752C2077616E7465645D
:10D8B00020257A750A0025633A204E6F2061766133
:10D8C000696C61626C652041545420636F6E7465AD
:10D8D000787420666F7220636F6E6E2025700A0068
:10D8E00025633A204E6F20617661696C61626C65D8
:10D8F00020415454206368616E6E656C20666F72BF
:10D9000020636F6E6E2025700A0025633A20556EE5
:10D9100061626C6520746F2066696E6420415454A6
:10D92000206368616E6E656C0A0025633A2041547D
:10D9300054206368616E6E656C206E6F7420636F37
:10D940006E6E65637465640A0025633A20457272E1
:10D950006F72207369676E696E6720646174610A13
:10D960000025633A2052616E206F7574206F662027
:10D9700054582062756666657273206F7220636FFB
:10D980006E74657874732E0A0025633A20476F74AD
:10D99000206572722025642C206E6F742063616C88
:10D9A0006C696E67204154542063620A0025633A13
:10D9B000204661696C656420746F2072652D7375F3
:10D9C000626D69742025733A2025640A0025633A44
:10D9D00020556E61626C6520746F2063726561749E
:10D9E0006520636F6E6669726D205044550A00258C
:10D9F000633A20556E61626C6520746F20637265B6
:10DA00006174652065727220727370205044550AEB
:10DA10000025633A20546F6F20736D616C6C204158
:10DA20005454205044552072656365697665640AD4
:10DA30000025633A20556E68616E646C6564204110
:10DA4000545420636F6465203078253032780A00A2
:10DA500025633A20496E76616C6964206C656E209E
:10DA6000257520666F7220636F64652030782530DD
:10DA700032780A0025633A20556E61626C65207425
:10DA80006F20637265617465207273702050445515
:10DA90000A0025633A204E6F204154542063686188
:10DAA0006E6E656C20666F72204D545520257A7518
:10DAB0000A0025633A204E6F2070656E64696E67B8
:10DAC0002041545420726571756573740A00256392
:10DAD0003A20556E61626C6520746F2063726561D7
:10DAE000746520726574727920504455202825751C
:10DAF000290A0025633A20446973636F6E6E65637B
:10DB000074696E67206661696C656420286572724D
:10DB1000202564290A0025633A2041545420546981
:10DB20006D656F757420666F7220646576696365D4
:10DB30002025732E20446973636F6E6E656374696C
:10DB40006E672E2E2E0A006174745F74785F6465B0
:10DB50007374726F795F776F726B5F68616E646CFC
:10DB600065720062745F6174740025633A20434DEE
:10DB7000414320757064617465206661696C6564F9
:10DB80002025640A0025633A204661696C6564209B
:10DB9000746F206465636F64652076616C756520C1
:10DBA0002865727220257A64290A0025633A204686
:10DBB00061696C656420746F2073617665204461CF
:10DBC00074616261736520486173682028657272B0
:10DBD000202564290A00574553545F544F50444947
:10DBE000522F7A65706879722F7375627379732F0B
:10DBF000626C7565746F6F74682F686F73742F67CC
:10DC00006174742E630025633A206661696C6564F3
:10DC100020746F2073746F726520534320286572DF
:10DC200072202564290A0025633A20756E61626CB2
:10DC30006520746F20736176652053433A206E6FC0
:10DC400020636667206C6566740A0025633A205578
:10DC50006E61626C6520746F206465636F6465201B
:10DC6000616464726573732025730A0025633A202A
:10DC7000496E76616C6964206C6F63616C206964C5
:10DC8000656E7469747920256C750A0025633A20E5
:10DC9000556E61626C6520746F20726573746F726B
:10DCA000652053433A206E6F20636667206C65667B
:10DCB000740A0025633A20546F6F206D616E7920DD
:10DCC000436C69656E742043686172616374657248
:10DCD000697374696320436F6E66696775726174F6
:10DCE000696F6E2E2053656520434F4E4649475F4E
:10DCF00042545F53455454494E47535F4343435F37
:10DD000053544F52455F4D41580A0A0025633A204B
:10DD10004E6F20737061636520746F2073746F722F
:10DD20006520436C69656E7420537570706F7274F2
:10DD300065642046656174757265730A0025633AEF
:10DD400020556E61626C6520746F20726573746F0C
:10DD500072652043463A206E6F20636667206C65CB
:10DD600066740A0025633A204368616E67652D6119
:10DD70007761726520737461747573206E6F74209F
:10DD8000666F756E6420696E2073657474696E6762
:10DD9000732C2064656661756C74696E67207065AC
:10DDA00065722073746174757320746F2063686189
:10DDB0006E67652D756E61776172650A0025633A3D
:10DDC0002052656164206261636B2062616420633C
:10DDD00068616E67652D61776172652076616C752B
:10DDE000653A20307825782C2064656661756C74FE
:10DDF000696E672070656572207374617475732035
:10DE0000746F206368616E67652D756E61776172EE
:10DE1000650A0025633A206661696C656420746F49
:10DE20002064656C657465205343202865727220F8
:10DE30002564290A0025633A204661696C656420DF
:10DE4000746F20636C6561722053432025640A005F
:10DE500025633A204E6F20737061636520746F20D4
:10DE600073746F726520434343206366670A00251D
:10DE7000633A204661696C656420746F2073746F27
:10DE8000726520436C69656E7420466561747572B5
:10DE900065732028657272202564290A0025633A7B
:10DEA00020556E61626C6520746F20696D706F72B1
:10DEB0007420746865206B657920666F7220414517
:10DEC0005320434D41432025640A0025633A2043F3
:10DED0004D4143206F7065726174696F6E20696E89
:10DEE0006974206661696C65642025640A00256395
:10DEF0003A20434D41432066696E6973682066612C
:10DF0000696C65642025640A0062742F6363630092
:10DF100025633A20496E76616C6964206B65790AE5
:10DF20000025633A204661696C656420746F207334
:10DF3000746F7265204343437320286572722025F5
:10DF400064290A0025633A2052656164206D657476
:10DF5000686F64206E6F74207365740A0025633ADD
:10DF6000204661696C656420746F2072656164206D
:10DF700061747472696275746520257020286572F9
:10DF80007220257A64290A0025633A20496E766159
:10DF90006C69642072656164206C656E6774683AB0
:10DFA00020257A640A0025633A20434343202570E4
:10DFB000206E6F74207772697461626C650A002547
:10DFC000633A20534320726573746F726520696EE3
:10DFD0006469636174696F6E206661696C65640A67
:10DFE0000025633A20556E6B6E6F776E205555494C
:10DFF0004420747970652025750A0025633A205005
:10E0000061727365206572720A0025633A20496E59
:10E0100076616C69642064617461206C656E202592
:10E02000750A0025633A205061727365206572722B
:10E03000206461740A0025633A2050617273652080
:10E04000657272206365700A0025633A2050617220
:10E05000736520657272206363630A0025633A204A
:10E06000506172736520657272207363630A0025C4
:10E07000633A205061727365206572722063706626
:10E080000A0025633A20496E76616C696420666FE8
:10E09000726D61742025750A0025633A204261641F
:10E0A00020706565723A2041545420726561642D78
:10E0B00062792D75756964207273703A20696E7685
:10E0C000616C6964204154545220504455206C6561
:10E0D0006E2025750A0025633A20496E76616C69C9
:10E0E000642068616E646C650A0025633A204261B1
:10E0F0006420706565723A204154542072656164F1
:10E100002D62792D75756964207273703A204861AB
:10E110006E646C6520307825303478206973206F08
:10E12000757473696465207265717565737465646F
:10E130002072616E6765203078253034782D307814
:10E14000253034782E2041626F7274696E672072B8
:10E150006561642E0A0025633A20496E636F72720E
:10E16000656374206C656E6774682C2063616E63F0
:10E17000656C696E672077726974650A0025633A79
:10E1800020496E636F7272656374206F6666736593
:10E1900074206F72206461746120696E20726573EF
:10E1A000706F6E73652C2063616E63656C696E675A
:10E1B0002077726974650A0025633A204661696CAC
:10E1C000656420746F20756E737562736372696223
:10E1D000652028657272202564290A0025633A208B
:10E1E000496E76616C69642064617461206C656E4F
:10E1F000202575203E2025750A0025633A204661BA
:10E20000696C656420746F20736574207365637531
:10E210007269747920666F7220626F6E6465642023
:10E220007065657220282564290A0025633A2063F9
:10E230006F6E6E20257020706172616D7320257085
:10E24000207265737562206661696C65642028655B
:10E250007272202564290A0062742F686173680055
:10E2600062742F63660062742F73630062745F6769
:10E270006174740025633A20556E61626C65207488
:10E280006F2066696E6420534D50206368616E6E26
:10E29000656C0A0025633A204E6F20617661696CD7
:10E2A00061626C6520534D5020636F6E74657874A5
:10E2B00020666F7220636F6E6E2025700A002563E2
:10E2C0003A204E6F206B657973207370616365200F
:10E2D000666F722025730A0025633A20556E6B6EB7
:10E2E0006F776E2070616972696E67206D65746802
:10E2F0006F6420282575290A0025633A2046616944
:10E300006C656420746F20737461727420656E6331
:10E3100072797074696F6E0A0025633A20466169EC
:10E320006C656420746F2067656E6572617465202A
:10E3300044484B65790A0025633A20556E61626C4A
:10E340006520746F20676574206B65797320666F34
:10E35000722025730A0025633A2043616C63756C53
:10E36000617465204C544B206661696C65640A00D9
:10E3700025633A2043616C63756C617465206C6F32
:10E3800063616C2044484B657920636865636B204A
:10E390006661696C65640A0025633A2052656D6F99
:10E3A0007465206973207573696E672044656275B2
:10E3B00067205075626C6963206B65790A0025637C
:10E3C0003A20526563656976656420696E76616C92
:10E3D0006964207075626C6963206B65790A002539
:10E3E000633A2052656D6F7465207075626C696365
:10E3F000206B65792072656A65637465640A00251F
:10E40000633A2043616C63756C61746520636F6E61
:10E410006669726D206661696C65640A0025633AFD
:10E42000204E657720617574682072657175697218
:10E43000656D656E74733A20307825782C2072658E
:10E4400070616972696E670A0025633A20556E73C0
:10E450007570706F72746564206175746820726580
:10E4600071756972656D656E74733A2030782578C0
:10E470002C20726570616972696E670A0057455396
:10E48000545F544F504449522F7A65706879722F07
:10E490007375627379732F626C7565746F6F7468CE
:10E4A0002F686F73742F736D702E630025633A208D
:10E4B0005075626C6963206B65792072652D6765A4
:10E4C0006E65726174696F6E2072657175657374C3
:10E4D000206661696C656420282564290A0025632B
:10E4E0003A205075626C6963206B65792067656EB0
:10E4F00065726174696F6E2074696D656F75740AF9
:10E500000025633A2054686520696E2D70726F672C
:10E51000726573732070616972696E6720686173D8
:10E52000206265656E2064656C65746564210A000F
:10E5300025633A20534D5020646F6573206E6F74CD
:10E5400020616C6C6F7720612070616972696E6701
:10E55000206661696C7572652061742074686973E6
:10E5600020706F696E742E204B6E6F776E2069730A
:10E570007375652E20446973636F6E6E656374698D
:10E580006E6720696E73746561642E0A0025633AB4
:10E59000205075626C6963206B6579206E6F742002
:10E5A000617661696C61626C650A0025633A20548A
:10E5B0006F6F20736D616C6C20534D50205044552B
:10E5C0002072656365697665640A0025633A2053A5
:10E5D0004D5020636F6D6D616E642028636F6465BC
:10E5E0002030782530327829207265636569766538
:10E5F000642061667465722074696D656F75740A54
:10E600000025633A2052656365697665642072650A
:10E6100073657276656420534D5020636F64652086
:10E620003078253032780A0025633A20556E6861CB
:10E630006E646C656420534D5020636F64652030B8
:10E6400078253032780A0025633A20556E65787057
:10E65000656374656420534D5020636F646520309A
:10E6600078253032780A0025633A20496E76616C4D
:10E670006964206964656E746974792025730A0081
:10E6800025633A2020666F722025730A0025633ABD
:10E69000205265667573696E67206E6577207061BC
:10E6A0006972696E672E20546865206F6C64206201
:10E6B0006F6E64206D75737420626520756E706175
:10E6C000697265642066697273742E0A0025633A64
:10E6D0002070616972696E67206661696C6564208B
:10E6E000287065657220726561736F6E20307825C1
:10E6F00078290A0025633A20534D502054696D65EE
:10E700006F75742028666C6167733A3078253038ED
:10E710007820616C6C6F7765645F636D64733A3009
:10E720007825303878290A000005061F1F2918129D
:10E730000308020305080A00080103040105040593
:10E740000906070101060608000001000100030197
:10E7500000030202010002000000000002030100A9
:10E760000362745F736D7000574553545F544F508C
:10E770004449522F7A65706879722F737562737984
:10E78000732F626C7565746F6F74682F686F737424
:10E790002F6B6579732E630025633A204661696C9F
:10E7A000656420746F20726561642076616C7565A4
:10E7B000202865727220257A64290A0025633A2090
:10E7C000556E61626C6520746F2066696E642064AA
:10E7D000656C65746564206B65797320666F722063
:10E7E00025730A0025633A204661696C65642074CC
:10E7F0006F20616C6C6F63617465206B6579732049
:10E80000666F722025730A0025633A20496E76618F
:10E810006C6964206B6579206C656E67746820256F
:10E820007A6420213D20257A750A0025633A204428
:10E83000726F7070696E67206B65797320666F7296
:10E840002025732C206E6F205343204C544B0A001C
:10E8500025633A2053746F726564206B6579732069
:10E86000666F7220257320646F206E6F74206D6157
:10E870007463682063757272656E7420636F6E6670
:10E88000696720666C616773206F722076657273AA
:10E89000696F6E0A0025633A20546865206B6579BC
:10E8A0007320666F722025732061726520646F7714
:10E8B0006E67726164656420746F20756E61757433
:10E8C00068656E746963617465642061732074683F
:10E8D0006579206E6F206C6F6E676572206D65655F
:10E8E000742061757468656E7469636174696F6EB4
:10E8F00020726571756972656D656E74730A0025A5
:10E90000633A204661696C656420746F2073617698
:10E9100065206B6579732028657272202564290A49
:10E920000062742F6B6579730062745F6B65797335
:10E930000025633A204661696C656420746F20612C
:10E940006C6C6F63617465206E65772072656173AE
:10E9500073656D626C79206275666665720A002562
:10E96000633A20417474656D7074656420646F75DA
:10E97000626C652066726565206F6E2072656173DA
:10E9800073656D626C79206275666665720A002532
:10E99000633A205468652062756666657220776107
:10E9A00073206E6F7420696E20746865206C6973C3
:10E9B000740A0025633A20526561642052656D6FC8
:10E9C000746520537570706F727465642043617054
:10E9D0006162696C6974696573206661696C6564FC
:10E9E000202873746174757320307825303258296B
:10E9F0000A0025633A20436F756C64206E6F7420A3
:10EA00006C6F6F6B757020636F6E6E656374696F8A
:10EA10006E2068616E646C65207768656E20726533
:10EA20006164696E672072656D6F74652043532061
:10EA30006361706162696C69746965730A0025635A
:10EA40003A20526561642052656D6F7465204641BD
:10EA500045205461626C65206661696C656420774D
:10EA6000697468207374617475732030782530324E
:10EA7000580A0025633A20436F756C64206E6F74EA
:10EA8000206C6F6F6B757020636F6E6E6563746959
:10EA90006F6E2068616E646C65207768656E2072A9
:10EAA000656164696E672072656D6F7465204641AB
:10EAB00045205461626C650A0025633A20556E6BEF
:10EAC0006E6F776E20636F6E6E656374696F6E2014
:10EAD00068616E646C65207768656E2070726F6324
:10EAE000657373696E67207375626576656E7420F1
:10EAF000726573756C74730A0025633A2050726FE7
:10EB000063656475726520737461747573206973CD
:10EB100020696E636F6E73697374656E74207769B4
:10EB20007468207375626576656E742073746174A1
:10EB300075732E2044697363617264696E67207314
:10EB400075626576656E7420726573756C74730A90
:10EB50000025633A2044697363617264696E6720BB
:10EB60007061727469616C20726573756C74732066
:10EB7000776974686F75742073746570206461744C
:10EB8000610A0025633A204E6F20627566666572E1
:10EB900020616C6C6F636174656420666F722074B1
:10EBA000686520726573756C742072656173736536
:10EBB0006D626C790A0025633A204F7665722D7775
:10EBC00072697474656E20696E636F6D706C6574C4
:10EBD00065204353207375626576656E7420726597
:10EBE00073756C74730A0025633A204E6F74206548
:10EBF0006E6F756768207265617373656D626C799D
:10EC00002062756666657220737061636520666F49
:10EC100072207375626576656E7420726573756CAB
:10EC2000740A0025633A204E6F2072656173736524
:10EC30006D626C79206275666665722077617320FB
:10EC4000616C6C6F636174656420666F72207468B8
:10EC500069732043532070726F6365647572652C0D
:10EC600020706F737369626C792064756520746FAE
:10EC700020616E206F75742D6F662D6F72646572E2
:10EC8000207375626576656E7420726573756C7439
:10EC900020636F6E74696E7565206576656E740AA3
:10ECA0000025633A20446973636172646564206F70
:10ECB00075742D6F662D6F72646572207061727449
:10ECC00069616C204353207375626576656E7420AC
:10ECD000726573756C74730A0025633A205265631C
:10ECE000656976656420696E636F6E7369737465B8
:10ECF0006E74206E756D626572206F6620616E7431
:10ED0000656E6E612070617468732066726F6D202D
:10ED100074686520636F6E74726F6C6C65723A20F4
:10ED200025642C2070726576696F7573206E756D21
:10ED3000626572207761733A2025640A0025633A80
:10ED400020435320436F6E666967206661696C6576
:10ED500064202873746174757320307825303258BC
:10ED6000290A0025633A20436F756C64206E6F7426
:10ED7000206C6F6F6B757020636F6E6E6563746966
:10ED80006F6E2068616E646C65207768656E2072B6
:10ED9000656164696E6720435320636F6E666967BF
:10EDA00075726174696F6E0A0025633A205365635A
:10EDB000757269747920456E61626C65206661695F
:10EDC0006C6564207769746820737461747573204E
:10EDD0003078253032580A0025633A2043616E2787
:10EDE00074206C6F6F6B757020636F6E6E2068613E
:10EDF0006E646C65207768656E2072656164696E0B
:10EE00006720536563757269747920456E61626C21
:10EE10006520436F6D706C657465206576656E74F2
:10EE20000A0025633A2050726F636564757265202D
:10EE3000456E61626C65206661696C656420776906
:10EE4000746820737461747573203078253032587B
:10EE50000A0025633A2043616E2774206C6F6F6B44
:10EE6000757020636F6E6E2068616E646C652077CC
:10EE700068656E2072656164696E672050726F63A9
:10EE8000656475726520456E61626C6520436F6DC7
:10EE9000706C657465206576656E740A0025633A4A
:10EEA0002044652D616C6C6F636174696E672061CD
:10EEB0002064616E676C696E67207265617373654B
:10EEC0006D626C79206275666665720A00000102E7
:10EED0000303010002030300020103030200010314
:10EEE0000302010003030102000303000103020205
:10EEF00001000302020003010202030001020203F7
:10EF000001000202010300020200030201010300EA
:10EF100002010100020301010200030101020300DA
:10EF200001010302000101030102000001030200CC
:10EF300000030201000002030100000201030000BF
:10EF400001020300000001020201000202000201AE
:10EF500001020001010201000001020000000101A4
:10EF600001000062745F6373006C888391AAF5A549
:10EF70003860370BDB5A6083BE62745F63727970EE
:10EF8000746F0025633A204661696C656420746F74
:10EF900020696D706F727420414553206B65792034
:10EFA00025640A0025633A204661696C6564207413
:10EFB0006F20636F6D70757465204D41432025642B
:10EFC0000A0000070E091C1B1215383F3631242396
:10EFD0002A2D63616368655F6E72667800574553DA
:10EFE000545F544F504449522F7A65706879722F9C
:10EFF000647269766572732F636C6F636B5F636FA6
:10F000006E74726F6C2F636C6F636B5F636F6E7483
:10F01000726F6C5F6E72662E6300636C6F636B4021
:10F02000313065303030006866636C6B006C66634D
:10F030006C6B00636C6F636B5F636F6E74726F6C8D
:10F04000007073612D726E67007272616D2D636F57
:10F050006E74726F6C6C6572403530303462303073
:10F060003000666C6173685F6E72665F7272616DAC
:10F070000025633A2052657365742070696E206EB6
:10F080006F742072656164790A00574553545F5468
:10F090004F504449522F7A65706879722F696E63B8
:10F0A0006C7564652F7A65706879722F6472697601
:10F0B0006572732F6770696F2E680025633A20436D
:10F0C0006F756C646E277420636F6E666967757206
:10F0D000652072657365742070696E0A0025633A55
:10F0E000204661696C656420746F206578697420BE
:10F0F00044504420282564290A0025633A2057619A
:10F100006974696E6720756E74696C20666C6173D2
:10F11000682069732072656164790A0025633A206A
:10F120004661696C656420746F207761697420752D
:10F130006E74696C20666C617368206973207265F7
:10F1400061647920282564290A0025633A204A450C
:10F150004445432049442072656164206661696CBE
:10F1600065643A2025640A0025633A20446576697F
:10F17000636520696420253032782025303278207C
:10F180002530327820646F6573206E6F74206D6156
:10F1900074636820636F6E6669672025303278205B
:10F1A0002530327820253032780A0025633A204213
:10F1B0005020636C656172206661696C65643A20F9
:10F1C00025640A0A0025633A20556E61626C652049
:10F1D000746F20656E74657220342D6279746520B9
:10F1E0006D6F64653A2025640A0A006D78323572C5
:10F1F00036343335664030007370695F6E6F72006D
:10F20000D810200C00000000574553545F544F5055
:10F210004449522F7A65706879722F696E636C75F4
:10F2200064652F7A65706879722F64726976657289
:10F23000732F6770696F2F6770696F5F7574696C82
:10F24000732E6800574553545F544F504449522F12
:10F250006D6F64756C65732F68616C2F6E6F72646F
:10F2600069632F6E7266782F68616C2F6E72665FAD
:10F270006770696F2E6800574553545F544F504470
:10F2800049522F7A65706879722F64726976657257
:10F29000732F6770696F2F6770696F5F6E72667822
:10F2A0002E63006770696F40313061303030006725
:10F2B00070696F406438323030006770696F403574
:10F2C000303430300000010405020608090F756172
:10F2D000727440633630303000756172745F6E72E4
:10F2E00066785F75617274650025633A20466169CE
:10F2F0006C656420746F20616C6C6F636174652051
:10F300004750494F5445206368616E6E656C2066B6
:10F310006F722057414B450A0025633A20466169C8
:10F320006C656420746F20636F6E666967757265C3
:10F330002057414B452070696E0A0025633A2043EF
:10F3400053204750494F20706F72742025732070EE
:10F35000696E202564206973206E6F742072656168
:10F3600064790A0025633A205570646174652065EC
:10F370007863656564732063757272656E7420626C
:10F3800075666665720A0025633A2048616C662DD1
:10F390006475706C6578206E6F7420737570706F13
:10F3A000727465640A0025633A20536C61766520A7
:10F3B0006D6F6465206973206E6F74207375707053
:10F3C0006F72746564206F6E2025730A0025633A9E
:10F3D000204C6F6F706261636B206D6F6465206994
:10F3E00073206E6F7420737570706F727465640A29
:10F3F0000025633A20576F72642073697A65732021
:10F400006F74686572207468616E20382062697458
:10F410007320617265206E6F7420737570706F72E7
:10F420007465640A0025633A204672657175656EDD
:10F4300063696573206C6F776572207468616E20F4
:10F44000313235206B487A20617265206E6F7420EE
:10F45000737570706F727465640A0025633A204694
:10F4600061696C656420746F20696E697469616C90
:10F47000697A65206E726678206472697665723A80
:10F480002025640A0025633A2057616974696E6714
:10F4900020666F722057414B452061636B6E6F771A
:10F4A0006C6564676D656E742074696D6564206F4A
:10F4B00075740A0025633A2054696D656F75742070
:10F4C00077616974696E6720666F72207472616E0D
:10F4D0007366657220636F6D706C6574650A007386
:10F4E0007069403461303030007370695F6E7266ED
:10F4F000785F7370696D00574553545F544F5044A3
:10F5000049522F7A65706879722F647269766572D4
:10F51000732F74696D65722F6E72665F67727463A4
:10F520005F74696D65722E630025633A2043616ED6
:10F530006E6F74207772697465204C454420677043
:10F54000696F0A0025633A2043616E6E6F74206311
:10F550006F6E666967757265204C454420677069F7
:10F560006F0A0025633A204C454420696E64657833
:10F57000206F7574206F66207468652072616E67F5
:10F58000650A00646B5F627574746F6E735F616EA1
:10F59000645F6C6564730025633A2052657365741B
:10F5A00074696E672073797374656D0A006661749F
:10F5B000616C5F6572726F720025633A20536F66EB
:10F5C0007444657669636520436F6E74726F6C6C0A
:10F5D0006572204153534552543A2025732C2025FF
:10F5E000640A00536F667444657669636520436FEF
:10F5F0006E74726F6C6C6572206275696C642072D7
:10F6000065766973696F6E3A200025633A20456E0E
:10F6100074726F707920736F75726365206465769C
:10F62000696365206E6F742072656164790A0025D4
:10F63000633A204661696C656420746F2072656767
:10F6400069737465722072616E6420736F75726382
:10F650006520282564290A00574553545F544F50AC
:10F660004449522F7A65706879722F696E636C75A0
:10F6700064652F7A65706879722F64726976657235
:10F68000732F656E74726F70792E680057455354EE
:10F690005F544F504449522F6E72662F73756273D8
:10F6A00079732F626C7565746F6F74682F636F6EFA
:10F6B00074726F6C6C65722F6863695F64726976CF
:10F6C00065722E630025633A20416C6C6F63617430
:10F6D0006564206D656D6F727920746F6F206C6F3B
:10F6E000773A20257A75203C2025750A0057455326
:10F6F000545F544F504449522F6E72662F696E63A7
:10F700006C7564652F6D70736C2F6D70736C5F77A3
:10F710006F726B2E680025633A204576656E742003
:10F7200062756666657220746F6F20736D616C6CB4
:10F730002E20257A75203E2025750A0025633A2063
:10F74000556E6578706563746564206D73675F746A
:10F750007970653A2025752E205468697320696692
:10F760002D656C7365206E656564732061206E6520
:10F7700077206272616E63680A0025633A20556ED5
:10F780006B6E6F776E206572726F72207768656E30
:10F790002070726F63657373696E67206863692098
:10F7A0006D6573736167652025640A0062745F6824
:10F7B00063695F7364630062745F7364635F68634B
:10F7C000695F6472697665720062745F7364635F17
:10F7D00063727970746F0025633A204D50534C204A
:10F7E0004153534552543A2025732C2025640A0076
:10F7F000574553545F544F504449522F6E72662FF1
:10F800007375627379732F6D70736C2F696E697481
:10F810002F6D70736C5F696E69742E63004D505369
:10F820004C20576F726B006D70736C5F696E6974FA
:10F830000025633A20556E737570706F727465643D
:10F84000204846434C4B206576656E743A2025640B
:10F850000A00574553545F544F504449522F6E721B
:10F86000662F647269766572732F6D70736C2F6387
:10F870006C6F636B5F636F6E74726F6C2F6E72660A
:10F88000785F636C6F636B5F6D70736C2E63006E7B
:10F890007266785F636C6F636B5F6D70736C00573B
:10F8A0004553545F544F504449522F6E72662F6433
:10F8B0007269766572732F6D70736C2F666C6173ED
:10F8C000685F73796E632F666C6173685F73796EBE
:10F8D000635F6D70736C2E630025633A206D7073E7
:10F8E0006C5F74696D65736C6F745F736573736956
:10F8F0006F6E5F6F70656E206661696C65643A203B
:10F9000025640A0025633A2074696D656F75740A71
:10F9100000666C6173685F73796E635F6D70736CA2
:10F9200000574553545F544F504449522F6D6F64F4
:10F93000756C65732F68616C2F6E6F726469632FCD
:10F940006E7266782F68616C2F6E72665F67706981
:10F950006F74652E6800574553545F544F504449A7
:10F96000522F6D6F64756C65732F68616C2F6E6FAD
:10F97000726469632F6E7266782F6472697665723D
:10F98000732F7372632F6E7266785F6770696F741E
:10F99000652E630000071823232323232323232317
:10F9A00023232323000102574553545F544F5044EF
:10F9B00049522F6D6F64756C65732F68616C2F6E83
:10F9C0006F726469632F6E7266782F68616C2F6E38
:10F9D00072665F677274632E6800574553545F54B4
:10F9E0004F504449522F6D6F64756C65732F686179
:10F9F0006C2F6E6F726469632F6E7266782F6472FB
:10FA000069766572732F7372632F6E7266785F67A3
:10FA10007274632E6300574553545F544F504449EA
:10FA2000522F6D6F64756C65732F68616C2F6E6FEC
:10FA3000726469632F6E7266782F68616C2F6E72C4
:10FA4000665F7272616D632E6800574553545F5450
:10FA50004F504449522F6D6F64756C65732F686108
:10FA60006C2F6E6F726469632F6E7266782F686197
:10FA70006C2F6E72665F7370696D2E680057455308
:10FA8000545F544F504449522F6D6F64756C6573C9
:10FA90002F68616C2F6E6F726469632F6E72667867
:10FAA0002F647269766572732F7372632F6E72663C
:10FAB000785F7370696D2E6300574553545F544FE0
:10FAC000504449522F7A65706879722F6B65726E57
:10FAD000656C2F6465766963652E6300556E6B6E89
:10FAE0006F776E206572726F720025633A203E3E1A
:10FAF0003E205A455048595220464154414C2045D9
:10FB000052524F522025643A202573206F6E2043B5
:10FB100050552025640A0025633A204661756C74AF
:10FB200020647572696E6720696E74657272757093
:10FB3000742068616E646C696E670A0A0025633A16
:10FB40002043757272656E74207468726561643AE0
:10FB500020257020282573290A00574553545F54E7
:10FB60004F504449522F7A65706879722F6B6572D5
:10FB70006E656C2F666174616C2E63004350552076
:10FB8000657863657074696F6E00556E68616E6448
:10FB90006C656420696E746572727570740053745C
:10FBA00061636B206F766572666C6F77004B657270
:10FBB0006E656C206F6F7073004B65726E656C20A4
:10FBC00070616E696300574553545F544F50444908
:10FBD000522F7A65706879722F6B65726E656C2F23
:10FBE000696E69742E63006F7300574553545F54F8
:10FBF0004F504449522F7A65706879722F6B657245
:10FC00006E656C2F6B686561702E630057455354A9
:10FC10005F544F504449522F7A65706879722F6B48
:10FC200065726E656C2F6D656D5F736C61622E63BE
:10FC300000574553545F544F504449522F7A6570D2
:10FC40006879722F6B65726E656C2F696E636C7567
:10FC500064652F6B73636865642E68005745535461
:10FC60005F544F504449522F7A65706879722F6BF8
:10FC700065726E656C2F69646C652E630057455321
:10FC8000545F544F504449522F7A65706879722FEF
:10FC90006B65726E656C2F6D757465782E63005799
:10FCA0004553545F544F504449522F7A65706879D8
:10FCB000722F6B65726E656C2F73656D2E630073AA
:10FCC0007973776F726B7100574553545F544F507F
:10FCD0004449522F7A65706879722F6B65726E6530
:10FCE0006C2F776F726B2E6300574553545F544FE0
:10FCF000504449522F7A65706879722F6B65726E25
:10FD0000656C2F7468726561642E630057455354A7
:10FD10005F544F504449522F7A65706879722F6B47
:10FD200065726E656C2F73636865642E630057455A
:10FD300053545F544F504449522F7A65706879721A
:10FD40002F6B65726E656C2F696E636C7564652FC1
:10FD50006B7468726561642E6800574553545F5434
:10FD60004F504449522F7A65706879722F6B6572D3
:10FD70006E656C2F696E636C7564652F6B7377614C
:10FD8000702E6800574553545F544F504449522FCA
:10FD90007A65706879722F6B65726E656C2F746905
:10FDA0006D65736C6963696E672E630057455354C4
:10FDB0005F544F504449522F7A65706879722F6BA7
:10FDC00065726E656C2F74696D656F75742E630056
:10FDD000574553545F544F504449522F7A657068C9
:10FDE00079722F6B65726E656C2F706F6C6C2E6301
:10FDF00000574553545F544F504449522F7A657011
:10FE00006879722F6B65726E656C2F6D656D706FA2
:10FE10006F6C2E6300141400001C2030401C200066
:10FE2000001C203040004063726163656E005745DE
:10FE300053545F544F504449522F6E72662F73755E
:10FE4000627379732F6E72665F736563757269741E
:10FE5000792F7372632F647269766572732F637280
:10FE60006163656E2F636F6D6D6F6E2F7372632F9D
:10FE700063726163656E2F6C69625F6B6D752E6373
:10FE800000574553545F544F504449522F6E726689
:10FE90002F7375627379732F6E72665F7365637506
:10FEA000726974792F7372632F64726976657273E5
:10FEB0002F63726163656E2F63726163656E707329
:10FEC000612F7372632F63726163656E5F7073611C
:10FED0005F6D61632E6300141400001C2030401C11
:10FEE0002000001C2030400040574553545F544FC1
:10FEF000504449522F6E72662F7375627379732F57
:10FF00006E72665F73656375726974792F7372635D
:10FF10002F647269766572732F63726163656E2FE9
:10FF200063726163656E7073612F7372632F6372A6
:10FF30006163656E5F7073615F6B65795F6D616E44
:10FF40006167656D656E742E63000103025745534A
:10FF5000545F544F504449522F6E72662F7375622E
:10FF60007379732F6E72665F7365637572697479E6
:10FF70002F7372632F647269766572732F63726177
:10FF800063656E2F737873796D63727970742F73F4
:10FF900072632F706C6174666F726D2F626172652F
:10FFA0006D6574616C2F696E7465727275707473AF
:10FFB0002E6300FFFFFFFF000000010000000000B3
:10FFC00000000000000000FFFFFFFFFFFFFFFFFF3A
:10FFD000FFFFFFFFFFFFFF00000000FFFFFFFFFF2D
:10FFE000FFFFFFBCE6FAADA7179E84F3B9CAC2FCB7
:10FFF0006325516B17D1F2E12C4247F8BCE6E5636B
:020000025000AC
:10000000A440F277037D812DEB33A0F4A13945D8CC
:1000100098C2964FE342E2FE1A7F9B8EE7EB4A7C42
:100020000F9E162BCE33576B315ECECBB640683762
:10003000BF51F5FFFFFFFF000000010000000000BE
:1000400000000000000000FFFFFFFFFFFFFFFFFFB9
:10005000FFFFFC5AC635D8AA3A93E7B3EBBD5576F5
:100060009886BC651D06B0CC53B0F63BCE3C3E270F
:10007000D2604B574553545F544F504449522F6EF2
:1000800072662F7375627379732F6E72665F736514
:100090006375726974792F7372632F7574696C73E9
:1000A0002F6E72665F73656375726974795F6D75C3
:1000B00074657865732E6300574553545F544F50F1
:1000C0004449522F7A65706879722F6B65726E653C
:1000D0006C2F6576656E74732E6300FC517AE95857
:1000E0002C6FFB6D359F173E08C8C17BE95B9500FF
:1000F000FFFFFFFF1F00FFC1FBE84C90728BE7B3CF
:10010000518963AB232300647261676F6F6E2F6C3C
:100110006962732F73636865642F7372632F7363EF
:100120006865645F68616C5F74696D65725F677252
:1001300074632E6300696E66006E616E00286E75D2
:040140006C6C2900BA
:10014400FFFFFFFFFF1F00001F0000000000000072
:100154007FFE0000E40700001D40000000000000D6
:100164000000000000000000FFFFFFFF1FFF1B0056
:10017400BAABBABA10101010A0354D00FF00000041
:10018400C4090000000000000050085000000000F6
:10019400000000000C000000010000FF7F000000D0
:1001A40000000000AAAAAAAA55555555010000004E
:1001B4002DB2010000000000DFB1010000000000CA
:1001C4000FB201000000000047B20100000000006F
:1001D400F7B101000000000051D000000000000051
:1001E40051D0000000000000A7B101000000000091
:1001F40059B1010000000000AC370100FF0000000D
:10020400845E010001000101010300001E001E02C2
:10021400000000000000000012007C007E00E001ED
:1002240003007E000A1E001E000000000000000003
:1002340000000000000000000000000000000000BA
:1002440000000000000000000000000000000000AA
:10025400000000000000000000000000000000009A
:10026400000000000000000000000000000000008A
:10027400000000000000000000000000000000007A
:10028400000000000000000000000000000000006A
:10029400000000000000000000000000000000005A
:1002A400000000000000000000000000000000004A
:1002B400000000000000000000000000000000003A
:1002C400000000000000000000000000000000002A
:1002D400000000000000000000000000000000001A
:1002E400000000000000000000000000000000000A
:1002F400416902000000000000000000000000004E
:1003040000000000000000000000000000000000E9
:1003140000000000000000000000000000000000D9
:1003240000000000000000000000000000000000C9
:1003340000000000000000000000000000000000B9
:1003440000000000000000000000000000000000A9
:100354000000000000000000000000000000000099
:100364000000000000000000000000000000000089
:100374000000000000000000000000000000000079
:100384000000000000000000000000000000000069
:10039400000000000000000094430400000000007E
:1003A4000000000081F101000000000000010000D5
:1003B4000000000000000000000000000000000039
:1003C4000000000000000000000000000000000029
:1003D40000000000670000000000000000000000B2
:1003E4000000000000000000000000000000000009
:1003F40000000000000000000000000000000000F9
:1004040000000000000000000000000000000000E8
:1004140000000000000000000000000000000000D8
:1004240000000000000000000000000000000000C8
:1004340000000000000000000000000000000000B8
:1004440000000000000000000000000000000000A8
:100454000000000000000000000000000000000098
:10046400FDF60100085904000000000029F5010010
:10047400C5F3010095F30100FFFFFFFFFFFFFFFF3E
:10048400A0EF00200000040BA0EF0020A4FA00203D
:1004940000000011A4FA0020C9080200190A020091
:1004A400E5060200BBD903001C590400FD1E02002E
:1004B40000000000000000000000000057E10300FD
:1004C400000000003BE103001129020000000000CD
:1004D400000000000000000047E8030000000000E6
:1004E4000000000000C010500000000000000000E8
:1004F40000000000000000000000000000000000F8
:1005040000000000000000000000000000000000E7
:1005140000000000000000000000000000000000D7
:1005240000000000000000000000000000000000C7
:1005340000000000000000000000000000000000B7
:1005440000000000000000000000000000000000A7
:1005540000000000000000000001000000A00D5099
:100564000000000000000000000000000000000087
:100574000000000000000000000000000000000077
:100584000000000000000000000000000000000067
:100594000000000000000000000000000000000057
:1005A4000000000000000000000000000000000047
:1005B4000000000000000000000000000000000037
:1005C4000000000000000000000000000000000027
:1005D40000000000000000001553020000000000AD
:1005E4000000000000000000396C02000000000060
:1005F4000000000000000000415D02000000000057
:100604000000000000000000D97B02000000000090
:100614000000000000000000A57A020000000000B5
:10062400000000000000000031860200000000000D
:100634000000000000000000D97F0200000000005C
:100644000000000064050020640500200000000094
:1006540000000000A40B012000000002A40B0120F4
:1006640029A0020099B102000DB1020000000000AF
:100674000000000099A60200C7F80300FDF703007C
:10068400E59C0200000000000000000055A40200E8
:100694000000000000000000D3030400000000007C
:1006A4000000000000000000808A04000000020036
:1006B4008C8A040000000A009C8A040000002000C8
:1006C4000000000000000000000000000000000026
:1006D400E302040000000000B08A040000000200ED
:1006E400BC8A04000000020008060020080600205E
:1006F40000000000000000000E0000001C060020A6
:100704001C06002075ED02000000000000A004504B
:1007140000000000000000000000000000000000D5
:1007240000000000000000000000000000000000C5
:100734000000000000000000000000002860040029
:100744000100000064060020640600200000000090
:100754000100000074060020740600207C060020BE
:100764007C06002000000000010000008C06002030
:100774008C060020000000000000000000000000C3
:100784000000000000000000000000000000000065
:100794000000000000000000CC4304000000000042
:1007A400000000007871002070710020C91B030054
:1007B40000000000FF0000000090D003FF000000D4
:1007C4000F00000071020000E8060020E806002087
:1007D4005522040051220400CD3A0400677420001D
:1007E400FC0700204C08002024080020800A002078
:1007F400700A00201008002038080020233A040062
:10080400273A0400333A04000250EADA308883B805
:100814009F604F15F30300408E0250EADA3088835C
:10082400B89F604F15F30200408E0250EADA308818
:0C08340083B89F604F15F30100408E0157
:1008400000000000000000000000000000000000A8
:0408500000000000A4
:100854007007002070070020000000004CE1002019
:10086400000000000100000038000000000000004B
:10087400900700209007002000000000F88F00205F
:100884000000000001000000B800000000000000AB
:10089400B0070020B00700200000000084E1002021
:1008A40000000000030000001C0000000000000025
:1008B40000000000F0B3002000020000000000006F
:0808C40000000000000000002C
:1008CC00E8070020E80700200000000000000000FE
:1008DC000E000000FC070020FC07002000000000B8
:1008EC00000000000E00000010080020100800207E
:1008FC0000000000000000000E0000002408002092
:10090C002408002000000000000000000E00000081
:10091C00380800203808002000000000000000000B
:10092C000E0000004C0800204C08002000000000C5
:10093C00000000000E00000060080020600800208D
:10094C0000000000000000000E00000074080020F1
:10095C007408002000000000000000000E000000E1
:10096C00880800208808002000000000000000001B
:10097C000E0000009C0800209C08002000000000D5
:10098C00000000000E000000B0080020B00800209D
:10099C0000000000000000000E000000C408002051
:1009AC00C408002000000000000000000E00000041
:1009BC00D8080020D808002000000000010000002A
:1009CC00E8080020E8080020F0080020F0080020CB
:1009DC0000000000010000000009002000090020B8
:1009EC00080900200809002000000000FFFFFFFF9D
:1009FC0018090020180900202009002020090020D7
:100A0C000000000001000000300900203009002027
:100A1C003809002038090020000000000100000007
:100A2C0048090020480900205009002050090020E6
:100A3C000000000001000000600900206009002097
:100A4C006809002068090020000000000100000077
:100A5C0078090020780900208009002080090020F6
:100A6C000000000001000000900900209009002007
:100A7C0098090020980900200100000001000000E6
:100A8C00A8090020A8090020B0090020B009002006
:100A9C000000000001000000C0090020C009002077
:100AAC00C8090020C8090020000000000100000057
:100ABC00D8090020D8090020E0090020E009002016
:100ACC000000000001000000F0090020F0090020E7
:100ADC00F8090020F80900200000000001000000C7
:100AEC00080A0020080A0020100A0020100A002022
:100AFC000000000001000000200A0020200A002055
:100B0C00280A0020280A0020000000000100000034
:100B1C00380A0020380A0020400A0020400A002031
:100B2C000000000001000000500A0020500A0020C4
:100B3C00580A0020580A00200000000001000000A4
:080B4C00680A0020680A00207D
:100B5400700A0020700A002000000000000000005D
:100B6400800A0020800A002000000000000000002D
:100B74000000000000000000000000009C0A0020AB
:0C0B84009C0A0020A40A0020A40A002003
:100B9000000000000000000000000000B80A002073
:100BA000B80A0020C00A0020C00A0020000000008F
:100BB000030003001000000000000000645B04005C
:100BC00064DA0020000000000000000000000000C7
:100BD000EC0A0020EC0A0020F40A0020F40A0020AD
:100BE000000000000300030010000000419C020010
:100BF000905C0400D4E00020000000000000000031
:100C000000000000200B0020200B0020280B0020FB
:100C1000280B00200000000003000300000000007B
:100C200000000000B459040090CF00200000000034
:100C30000000000000000000540B0020540B0020B6
:100C40005C0B00205C0B0020000000000100010094
:100C500010000000997E0200505B040048D4002080
:100C6000000000000000000000000000880B0020D1
:100C7000880B0020900B0020900B0020000000004B
:100C8000030003000000000000000000185B0400E7
:100C900000D4002000000000000000000000000060
:100CA000BC0B0020BC0B0020C40B0020C40B002098
:100CB000000000000C000C00040000009155020030
:100CC000A0590400B4CD0020000000000000000086
:100CD00000000000F00B0020F00B0020F80B0020BB
:100CE000F80B0020000000000300030004000000D7
:100CF00000000000A45C0400B0E700200000000039
:100D00000000000000000000240C0020240C002043
:100D10002C0C00202C0C0020000000000100010021
:100D200002000000000000005C5E040084EF002070
:100D3000000000000000000000000000580C00202F
:100D4000580C0020600C0020600C00200000000007
:100D5000010001000000000000000000C85904006C
:040D6000DCD00020C3
:040D640015E015E0A1
:040000032000405148
:00000001FF
